ts,underlying,expiry,ok,strikes,quoted,spot,secs,error
2026-10-05 09:15:03.408432+05:30,NIFTY,2026-10-06,True,41,70,22515.8,2.47,
2026-10-05 09:15:05.464529+05:30,NIFTY,2026-10-13,True,41,82,22519.95,2.05,
2026-10-05 09:15:07.204478+05:30,NIFTY,2026-10-19,True,41,70,22518.7,1.74,
2026-10-05 09:15:09.330728+05:30,BANKNIFTY,2026-10-27,True,41,82,54895.1,1.8,
2026-10-05 09:15:11.139538+05:30,BANKNIFTY,2026-11-23,True,41,69,54925.6,1.81,
2026-10-05 09:15:13.238442+05:30,SENSEX,2026-10-08,True,41,75,72307.89,1.77,
2026-10-05 09:15:15.021154+05:30,SENSEX,2026-10-15,True,41,74,72325.09,1.78,
2026-10-05 09:15:17.155180+05:30,FINNIFTY,2026-10-27,True,41,27,24743.1,1.8,
2026-10-05 09:15:19.223063+05:30,MIDCPNIFTY,2026-10-27,True,41,82,13695.4,1.74,
2026-10-05 09:16:06.703469+05:30,NIFTY,2026-10-06,True,41,82,22548.65,1.72,
2026-10-05 09:16:09.516881+05:30,NIFTY,2026-10-13,True,41,82,22543.75,2.81,
2026-10-05 09:16:11.284045+05:30,NIFTY,2026-10-19,True,41,82,22540.55,1.77,
2026-10-05 09:16:13.065694+05:30,BANKNIFTY,2026-10-27,True,41,82,55070.45,1.78,
2026-10-05 09:16:14.849167+05:30,BANKNIFTY,2026-11-23,True,41,80,55082.3,1.78,
2026-10-05 09:16:16.585849+05:30,SENSEX,2026-10-08,True,41,82,72330.06,1.74,
2026-10-05 09:16:18.377086+05:30,SENSEX,2026-10-15,True,41,82,72331.47,1.79,
2026-10-05 09:16:20.127566+05:30,FINNIFTY,2026-10-27,True,41,43,24785.0,1.75,
2026-10-05 09:16:21.937572+05:30,MIDCPNIFTY,2026-10-27,True,41,81,13679.75,1.81,
2026-10-05 09:17:06.739871+05:30,NIFTY,2026-10-06,True,41,82,22545.15,1.75,
2026-10-05 09:17:08.485468+05:30,NIFTY,2026-10-13,True,41,82,22544.25,1.74,
2026-10-05 09:17:10.220273+05:30,NIFTY,2026-10-19,True,41,82,22549.1,1.73,
2026-10-05 09:17:11.970116+05:30,BANKNIFTY,2026-10-27,True,41,82,55174.05,1.75,
2026-10-05 09:17:13.736050+05:30,BANKNIFTY,2026-11-23,True,41,82,55172.5,1.76,
2026-10-05 09:17:15.456747+05:30,SENSEX,2026-10-08,True,41,82,72352.96,1.72,
2026-10-05 09:17:17.225223+05:30,SENSEX,2026-10-15,True,41,82,72356.7,1.77,
2026-10-05 09:17:18.956429+05:30,FINNIFTY,2026-10-27,True,41,49,24832.8,1.73,
2026-10-05 09:17:20.865920+05:30,MIDCPNIFTY,2026-10-27,True,41,82,13681.75,1.91,
2026-10-05 09:18:06.679609+05:30,NIFTY,2026-10-06,True,41,82,22559.25,1.69,
2026-10-05 09:18:08.419693+05:30,NIFTY,2026-10-13,True,41,82,22557.75,1.74,
2026-10-05 09:18:10.214398+05:30,NIFTY,2026-10-19,True,41,82,22559.7,1.79,
2026-10-05 09:18:12.413274+05:30,BANKNIFTY,2026-10-27,True,41,82,55127.0,2.2,
2026-10-05 09:18:14.436450+05:30,BANKNIFTY,2026-11-23,True,41,82,55110.0,2.02,
2026-10-05 09:18:16.159879+05:30,SENSEX,2026-10-08,True,41,82,72366.84,1.72,
2026-10-05 09:18:17.859779+05:30,SENSEX,2026-10-15,True,41,82,72361.91,1.7,
2026-10-05 09:18:19.599467+05:30,FINNIFTY,2026-10-27,True,41,77,24799.05,1.74,
2026-10-05 09:18:21.311094+05:30,MIDCPNIFTY,2026-10-27,True,41,82,13685.3,1.71,
2026-10-05 09:19:06.654944+05:30,NIFTY,2026-10-06,True,41,82,22554.05,1.67,
2026-10-05 09:19:08.414900+05:30,NIFTY,2026-10-13,True,41,82,22554.8,1.76,
2026-10-05 09:19:10.130069+05:30,NIFTY,2026-10-19,True,41,82,22552.55,1.71,
2026-10-05 09:19:11.866732+05:30,BANKNIFTY,2026-10-27,True,41,82,55072.8,1.74,
2026-10-05 09:19:13.569754+05:30,BANKNIFTY,2026-11-23,True,41,82,55055.25,1.7,
2026-10-05 09:19:15.276040+05:30,SENSEX,2026-10-08,True,41,82,72339.21,1.7,
2026-10-05 09:19:17.008882+05:30,SENSEX,2026-10-15,True,41,82,72337.88,1.73,
2026-10-05 09:19:18.717169+05:30,FINNIFTY,2026-10-27,True,41,76,24795.75,1.71,
2026-10-05 09:19:20.446764+05:30,MIDCPNIFTY,2026-10-27,True,41,82,13687.35,1.73,
2026-10-05 09:20:06.691322+05:30,NIFTY,2026-10-06,True,41,82,22551.35,1.7,
2026-10-05 09:20:08.436875+05:30,NIFTY,2026-10-13,True,41,82,22552.45,1.74,
2026-10-05 09:20:10.144088+05:30,NIFTY,2026-10-19,True,41,82,22553.4,1.71,
2026-10-05 09:20:11.886519+05:30,BANKNIFTY,2026-10-27,True,41,82,55170.7,1.74,
2026-10-05 09:20:13.626849+05:30,BANKNIFTY,2026-11-23,True,41,82,55164.05,1.74,
2026-10-05 09:20:15.369424+05:30,SENSEX,2026-10-08,True,41,82,72356.08,1.74,
2026-10-05 09:20:17.080431+05:30,SENSEX,2026-10-15,True,41,82,72356.77,1.71,
2026-10-05 09:20:18.792212+05:30,FINNIFTY,2026-10-27,True,41,77,24821.85,1.71,
2026-10-05 09:20:20.522409+05:30,MIDCPNIFTY,2026-10-27,True,41,82,13676.55,1.73,
2026-10-05 09:21:06.699811+05:30,NIFTY,2026-10-06,True,41,82,22537.35,1.71,
2026-10-05 09:21:08.438249+05:30,NIFTY,2026-10-13,True,41,82,22536.7,1.74,
2026-10-05 09:21:10.161913+05:30,NIFTY,2026-10-19,True,41,82,22533.2,1.72,
2026-10-05 09:21:11.903015+05:30,BANKNIFTY,2026-10-27,True,41,82,55083.5,1.74,
2026-10-05 09:21:14.721369+05:30,BANKNIFTY,2026-11-23,True,41,82,55076.65,2.82,
2026-10-05 09:21:16.860135+05:30,SENSEX,2026-10-08,True,41,82,72305.49,2.14,
2026-10-05 09:21:18.635789+05:30,SENSEX,2026-10-15,True,41,82,72294.0,1.77,
2026-10-05 09:21:20.406467+05:30,FINNIFTY,2026-10-27,True,41,76,24784.4,1.77,
2026-10-05 09:21:22.170512+05:30,MIDCPNIFTY,2026-10-27,True,41,82,13666.5,1.76,
2026-10-05 09:22:06.724853+05:30,NIFTY,2026-10-06,True,41,82,22513.25,1.74,
2026-10-05 09:22:08.482816+05:30,NIFTY,2026-10-13,True,41,82,22513.3,1.76,
2026-10-05 09:22:10.224772+05:30,NIFTY,2026-10-19,True,41,82,22513.4,1.74,
2026-10-05 09:22:11.982463+05:30,BANKNIFTY,2026-10-27,True,41,82,55036.3,1.76,
2026-10-05 09:22:13.733968+05:30,BANKNIFTY,2026-11-23,True,41,82,55040.35,1.75,
2026-10-05 09:22:15.489435+05:30,SENSEX,2026-10-08,True,41,81,72243.96,1.75,
2026-10-05 09:22:17.232608+05:30,SENSEX,2026-10-15,True,41,82,72248.83,1.74,
2026-10-05 09:22:18.975297+05:30,FINNIFTY,2026-10-27,True,41,77,24778.4,1.74,
2026-10-05 09:22:20.731401+05:30,MIDCPNIFTY,2026-10-27,True,41,82,13656.75,1.75,
2026-10-05 09:23:06.690161+05:30,NIFTY,2026-10-06,True,41,82,22528.5,1.7,
2026-10-05 09:23:08.452386+05:30,NIFTY,2026-10-13,True,41,82,22531.9,1.76,
2026-10-05 09:23:10.184966+05:30,NIFTY,2026-10-19,True,41,82,22534.05,1.73,
2026-10-05 09:23:11.968046+05:30,BANKNIFTY,2026-10-27,True,41,82,55115.95,1.78,
2026-10-05 09:23:13.732880+05:30,BANKNIFTY,2026-11-23,True,41,82,55122.55,1.76,
2026-10-05 09:23:15.484599+05:30,SENSEX,2026-10-08,True,41,82,72313.04,1.75,
2026-10-05 09:23:17.232267+05:30,SENSEX,2026-10-15,True,41,82,72313.08,1.75,
2026-10-05 09:23:18.953378+05:30,FINNIFTY,2026-10-27,True,41,75,24805.15,1.72,
2026-10-05 09:23:20.702610+05:30,MIDCPNIFTY,2026-10-27,True,41,82,13671.15,1.75,
2026-10-05 09:24:06.666617+05:30,NIFTY,2026-10-06,True,41,82,22536.45,1.68,
2026-10-05 09:24:09.451331+05:30,NIFTY,2026-10-13,True,41,82,22534.65,2.78,
2026-10-05 09:24:11.179663+05:30,NIFTY,2026-10-19,True,41,82,22537.7,1.73,
2026-10-05 09:24:12.906385+05:30,BANKNIFTY,2026-10-27,True,41,82,55119.6,1.73,
2026-10-05 09:24:14.631974+05:30,BANKNIFTY,2026-11-23,True,41,82,55123.6,1.72,
2026-10-05 09:24:16.345505+05:30,SENSEX,2026-10-08,True,41,82,72315.17,1.71,
2026-10-05 09:24:18.073778+05:30,SENSEX,2026-10-15,True,41,82,72319.46,1.73,
2026-10-05 09:24:19.783485+05:30,FINNIFTY,2026-10-27,True,41,76,24806.3,1.71,
2026-10-05 09:24:21.507697+05:30,MIDCPNIFTY,2026-10-27,True,41,82,13660.85,1.72,
2026-10-05 09:25:06.891582+05:30,NIFTY,2026-10-06,True,41,82,22548.1,1.91,
2026-10-05 09:25:08.615967+05:30,NIFTY,2026-10-13,True,41,82,22549.85,1.72,
2026-10-05 09:25:10.471522+05:30,NIFTY,2026-10-19,True,41,82,22551.35,1.85,
2026-10-05 09:25:12.232036+05:30,BANKNIFTY,2026-10-27,True,41,82,55148.6,1.76,
2026-10-05 09:25:13.944638+05:30,BANKNIFTY,2026-11-23,True,41,82,55148.4,1.71,
2026-10-05 09:25:15.671104+05:30,SENSEX,2026-10-08,True,41,82,72375.17,1.73,
2026-10-05 09:25:17.397961+05:30,SENSEX,2026-10-15,True,41,82,72381.53,1.73,
2026-10-05 09:25:19.110235+05:30,FINNIFTY,2026-10-27,True,41,78,24826.75,1.71,
2026-10-05 09:25:20.805692+05:30,MIDCPNIFTY,2026-10-27,True,41,82,13662.85,1.69,
2026-10-05 09:26:06.659060+05:30,NIFTY,2026-10-06,True,41,82,22547.6,1.67,
2026-10-05 09:26:08.370748+05:30,NIFTY,2026-10-13,True,41,82,22546.0,1.72,
2026-10-05 09:26:10.123919+05:30,NIFTY,2026-10-19,True,41,82,22546.5,1.74,
2026-10-05 09:26:11.838144+05:30,BANKNIFTY,2026-10-27,True,41,82,55109.55,1.71,
2026-10-05 09:26:13.551277+05:30,BANKNIFTY,2026-11-23,True,41,82,55098.15,1.71,
2026-10-05 09:26:15.271538+05:30,SENSEX,2026-10-08,True,41,82,72332.05,1.72,
2026-10-05 09:26:16.966239+05:30,SENSEX,2026-10-15,True,41,82,72325.21,1.69,
2026-10-05 09:26:18.717825+05:30,FINNIFTY,2026-10-27,True,41,78,24805.5,1.75,
2026-10-05 09:26:20.471806+05:30,MIDCPNIFTY,2026-10-27,True,41,82,13642.4,1.75,
2026-10-05 09:27:07.166670+05:30,NIFTY,2026-10-06,True,41,82,22546.8,2.18,
2026-10-05 09:27:08.868971+05:30,NIFTY,2026-10-13,True,41,82,22545.45,1.7,
2026-10-05 09:27:10.573690+05:30,NIFTY,2026-10-19,True,41,82,22547.3,1.7,
2026-10-05 09:27:12.310111+05:30,BANKNIFTY,2026-10-27,True,41,82,55131.0,1.74,
2026-10-05 09:27:14.010665+05:30,BANKNIFTY,2026-11-23,True,41,82,55136.35,1.7,
2026-10-05 09:27:15.729592+05:30,SENSEX,2026-10-08,True,41,81,72362.26,1.72,
2026-10-05 09:27:17.456305+05:30,SENSEX,2026-10-15,True,41,82,72365.95,1.73,
2026-10-05 09:27:19.166235+05:30,FINNIFTY,2026-10-27,True,41,77,24836.45,1.71,
2026-10-05 09:27:20.892902+05:30,MIDCPNIFTY,2026-10-27,True,41,82,13655.15,1.73,
2026-10-05 09:28:06.651320+05:30,NIFTY,2026-10-06,True,41,82,22564.8,1.66,
2026-10-05 09:28:08.370707+05:30,NIFTY,2026-10-13,True,41,82,22565.55,1.72,
2026-10-05 09:28:10.115161+05:30,NIFTY,2026-10-19,True,41,82,22565.35,1.74,
2026-10-05 09:28:11.852475+05:30,BANKNIFTY,2026-10-27,True,41,82,55132.5,1.74,
2026-10-05 09:28:13.599343+05:30,BANKNIFTY,2026-11-23,True,41,82,55130.4,1.75,
2026-10-05 09:28:15.311120+05:30,SENSEX,2026-10-08,True,41,82,72404.15,1.71,
2026-10-05 09:28:17.032405+05:30,SENSEX,2026-10-15,True,41,82,72403.89,1.72,
2026-10-05 09:28:18.752283+05:30,FINNIFTY,2026-10-27,True,41,77,24832.2,1.72,
2026-10-05 09:28:20.477989+05:30,MIDCPNIFTY,2026-10-27,True,41,82,13663.6,1.72,
2026-10-05 09:29:06.654878+05:30,NIFTY,2026-10-06,True,41,82,22560.7,1.67,
2026-10-05 09:29:08.398108+05:30,NIFTY,2026-10-13,True,41,82,22560.9,1.74,
2026-10-05 09:29:10.120895+05:30,NIFTY,2026-10-19,True,41,82,22559.55,1.72,
2026-10-05 09:29:11.845437+05:30,BANKNIFTY,2026-10-27,True,41,82,55108.15,1.72,
2026-10-05 09:29:13.572330+05:30,BANKNIFTY,2026-11-23,True,41,82,55106.9,1.72,
2026-10-05 09:29:15.848724+05:30,SENSEX,2026-10-08,True,41,82,72391.09,2.27,
2026-10-05 09:29:17.567598+05:30,SENSEX,2026-10-15,True,41,82,72395.71,1.72,
2026-10-05 09:29:19.279417+05:30,FINNIFTY,2026-10-27,True,41,77,24821.2,1.71,
2026-10-05 09:29:21.015754+05:30,MIDCPNIFTY,2026-10-27,True,41,82,13659.35,1.73,
2026-10-05 09:30:06.681357+05:30,NIFTY,2026-10-06,True,41,82,22573.55,1.7,
2026-10-05 09:30:08.402057+05:30,NIFTY,2026-10-13,True,41,82,22572.0,1.72,
2026-10-05 09:30:10.125394+05:30,NIFTY,2026-10-19,True,41,82,22571.35,1.72,
2026-10-05 09:30:11.857524+05:30,BANKNIFTY,2026-10-27,True,41,82,55127.35,1.73,
2026-10-05 09:30:13.609731+05:30,BANKNIFTY,2026-11-23,True,41,82,55130.45,1.75,
2026-10-05 09:30:15.336626+05:30,SENSEX,2026-10-08,True,41,82,72441.66,1.73,
2026-10-05 09:30:17.044749+05:30,SENSEX,2026-10-15,True,41,82,72439.41,1.71,
2026-10-05 09:30:18.767107+05:30,FINNIFTY,2026-10-27,True,41,77,24837.5,1.72,
2026-10-05 09:30:20.486483+05:30,MIDCPNIFTY,2026-10-27,True,41,82,13665.95,1.72,
2026-10-05 09:31:06.675418+05:30,NIFTY,2026-10-06,True,41,82,22576.85,1.69,
2026-10-05 09:31:08.404823+05:30,NIFTY,2026-10-13,True,41,82,22576.2,1.73,
2026-10-05 09:31:10.128409+05:30,NIFTY,2026-10-19,True,41,82,22575.5,1.72,
2026-10-05 09:31:13.076983+05:30,BANKNIFTY,2026-10-27,True,41,82,55154.65,2.95,
2026-10-05 09:31:14.835779+05:30,BANKNIFTY,2026-11-23,True,41,82,55153.25,1.76,
2026-10-05 09:31:16.752123+05:30,SENSEX,2026-10-08,True,41,82,72461.42,1.91,
2026-10-05 09:31:19.494671+05:30,SENSEX,2026-10-15,True,41,82,72458.52,2.74,
2026-10-05 09:31:21.209535+05:30,FINNIFTY,2026-10-27,True,41,77,24848.35,1.71,
2026-10-05 09:31:22.960140+05:30,MIDCPNIFTY,2026-10-27,True,41,82,13663.25,1.75,
2026-10-05 09:32:06.668793+05:30,NIFTY,2026-10-06,True,41,82,22582.55,1.68,
2026-10-05 09:32:08.412480+05:30,NIFTY,2026-10-13,True,41,82,22583.15,1.74,
2026-10-05 09:32:10.148622+05:30,NIFTY,2026-10-19,True,41,82,22583.05,1.73,
2026-10-05 09:32:11.890516+05:30,BANKNIFTY,2026-10-27,True,41,82,55118.15,1.74,
2026-10-05 09:32:13.635492+05:30,BANKNIFTY,2026-11-23,True,41,82,55124.15,1.74,
2026-10-05 09:32:15.352461+05:30,SENSEX,2026-10-08,True,41,82,72481.7,1.72,
2026-10-05 09:32:17.066949+05:30,SENSEX,2026-10-15,True,41,82,72482.58,1.71,
2026-10-05 09:32:18.785248+05:30,FINNIFTY,2026-10-27,True,41,77,24841.9,1.72,
2026-10-05 09:32:20.495770+05:30,MIDCPNIFTY,2026-10-27,True,41,82,13664.25,1.71,
2026-10-05 09:33:06.703121+05:30,NIFTY,2026-10-06,True,41,82,22591.4,1.72,
2026-10-05 09:33:08.450273+05:30,NIFTY,2026-10-13,True,41,82,22591.95,1.74,
2026-10-05 09:33:10.185818+05:30,NIFTY,2026-10-19,True,41,82,22593.35,1.73,
2026-10-05 09:33:11.901506+05:30,BANKNIFTY,2026-10-27,True,41,82,55122.15,1.71,
2026-10-05 09:33:13.630637+05:30,BANKNIFTY,2026-11-23,True,41,82,55122.35,1.73,
2026-10-05 09:33:15.349330+05:30,SENSEX,2026-10-08,True,41,82,72512.02,1.72,
2026-10-05 09:33:17.055329+05:30,SENSEX,2026-10-15,True,41,82,72509.19,1.7,
2026-10-05 09:33:18.770289+05:30,FINNIFTY,2026-10-27,True,41,77,24846.8,1.71,
2026-10-05 09:33:20.496505+05:30,MIDCPNIFTY,2026-10-27,True,41,82,13664.85,1.72,
2026-10-05 09:34:06.668624+05:30,NIFTY,2026-10-06,True,41,82,22586.2,1.68,
2026-10-05 09:34:08.407156+05:30,NIFTY,2026-10-13,True,41,82,22586.9,1.74,
2026-10-05 09:34:10.125614+05:30,NIFTY,2026-10-19,True,41,82,22588.95,1.72,
2026-10-05 09:34:11.868459+05:30,BANKNIFTY,2026-10-27,True,41,82,55107.95,1.74,
2026-10-05 09:34:14.625510+05:30,BANKNIFTY,2026-11-23,True,41,82,55101.35,2.76,
2026-10-05 09:34:16.340778+05:30,SENSEX,2026-10-08,True,41,82,72499.89,1.71,
2026-10-05 09:34:18.064527+05:30,SENSEX,2026-10-15,True,41,82,72501.87,1.72,
2026-10-05 09:34:19.789429+05:30,FINNIFTY,2026-10-27,True,41,77,24854.75,1.72,
2026-10-05 09:34:21.523357+05:30,MIDCPNIFTY,2026-10-27,True,41,82,13662.85,1.74,
2026-10-05 09:35:06.670298+05:30,NIFTY,2026-10-06,True,41,82,22586.5,1.68,
2026-10-05 09:35:08.523072+05:30,NIFTY,2026-10-13,True,41,82,22584.8,1.85,
2026-10-05 09:35:10.238066+05:30,NIFTY,2026-10-19,True,41,82,22586.7,1.71,
2026-10-05 09:35:11.967385+05:30,BANKNIFTY,2026-10-27,True,41,82,55114.95,1.73,
2026-10-05 09:35:13.696090+05:30,BANKNIFTY,2026-11-23,True,41,82,55115.55,1.73,
2026-10-05 09:35:15.439801+05:30,SENSEX,2026-10-08,True,41,82,72511.51,1.74,
2026-10-05 09:35:18.161960+05:30,SENSEX,2026-10-15,True,41,82,72509.69,2.72,
2026-10-05 09:35:19.905561+05:30,FINNIFTY,2026-10-27,True,41,77,24853.55,1.74,
2026-10-05 09:35:21.610526+05:30,MIDCPNIFTY,2026-10-27,True,41,82,13661.0,1.7,
2026-10-05 09:36:06.682389+05:30,NIFTY,2026-10-06,True,41,82,22572.65,1.7,
2026-10-05 09:36:08.398831+05:30,NIFTY,2026-10-13,True,41,82,22571.35,1.71,
2026-10-05 09:36:10.110574+05:30,NIFTY,2026-10-19,True,41,82,22572.9,1.71,
2026-10-05 09:36:11.850286+05:30,BANKNIFTY,2026-10-27,True,41,82,55094.95,1.74,
2026-10-05 09:36:13.564872+05:30,BANKNIFTY,2026-11-23,True,41,82,55097.1,1.71,
2026-10-05 09:36:15.268844+05:30,SENSEX,2026-10-08,True,41,82,72460.82,1.7,
2026-10-05 09:36:16.993521+05:30,SENSEX,2026-10-15,True,41,82,72467.03,1.73,
2026-10-05 09:36:18.715515+05:30,FINNIFTY,2026-10-27,True,41,78,24849.1,1.72,
2026-10-05 09:36:20.429294+05:30,MIDCPNIFTY,2026-10-27,True,41,82,13641.6,1.71,
2026-10-05 09:37:06.656480+05:30,NIFTY,2026-10-06,True,41,82,22577.35,1.67,
2026-10-05 09:37:08.377281+05:30,NIFTY,2026-10-13,True,41,82,22576.45,1.72,
2026-10-05 09:37:10.466401+05:30,NIFTY,2026-10-19,True,41,82,22578.1,2.09,
2026-10-05 09:37:12.220514+05:30,BANKNIFTY,2026-10-27,True,41,82,55079.4,1.75,
2026-10-05 09:37:13.961846+05:30,BANKNIFTY,2026-11-23,True,41,82,55077.25,1.74,
2026-10-05 09:37:15.679235+05:30,SENSEX,2026-10-08,True,41,82,72483.78,1.72,
2026-10-05 09:37:17.407599+05:30,SENSEX,2026-10-15,True,41,82,72480.94,1.73,
2026-10-05 09:37:19.155232+05:30,FINNIFTY,2026-10-27,True,41,77,24833.75,1.75,
2026-10-05 09:37:20.876621+05:30,MIDCPNIFTY,2026-10-27,True,41,82,13642.05,1.72,
2026-10-05 09:38:06.779730+05:30,NIFTY,2026-10-06,True,41,82,22565.75,1.79,
2026-10-05 09:38:08.499418+05:30,NIFTY,2026-10-13,True,41,82,22566.3,1.73,
2026-10-05 09:38:10.241836+05:30,NIFTY,2026-10-19,True,41,82,22564.7,1.73,
2026-10-05 09:38:11.978531+05:30,BANKNIFTY,2026-10-27,True,41,82,55019.0,1.74,
2026-10-05 09:38:13.729432+05:30,BANKNIFTY,2026-11-23,True,41,82,55014.65,1.75,
2026-10-05 09:38:15.437955+05:30,SENSEX,2026-10-08,True,41,82,72434.69,1.71,
2026-10-05 09:38:17.159668+05:30,SENSEX,2026-10-15,True,41,82,72438.85,1.72,
2026-10-05 09:38:18.868685+05:30,FINNIFTY,2026-10-27,True,41,78,24813.8,1.71,
2026-10-05 09:38:20.588848+05:30,MIDCPNIFTY,2026-10-27,True,41,82,13645.9,1.72,
2026-10-05 09:39:06.674787+05:30,NIFTY,2026-10-06,True,41,82,22572.75,1.69,
2026-10-05 09:39:08.401757+05:30,NIFTY,2026-10-13,True,41,82,22572.95,1.72,
2026-10-05 09:39:10.119067+05:30,NIFTY,2026-10-19,True,41,82,22574.15,1.72,
2026-10-05 09:39:11.849473+05:30,BANKNIFTY,2026-10-27,True,41,82,55041.05,1.73,
2026-10-05 09:39:13.588340+05:30,BANKNIFTY,2026-11-23,True,41,82,55038.4,1.74,
2026-10-05 09:39:15.304859+05:30,SENSEX,2026-10-08,True,41,82,72476.23,1.72,
2026-10-05 09:39:17.027439+05:30,SENSEX,2026-10-15,True,41,82,72471.5,1.72,
2026-10-05 09:39:18.745675+05:30,FINNIFTY,2026-10-27,True,41,78,24818.3,1.72,
2026-10-05 09:39:20.473396+05:30,MIDCPNIFTY,2026-10-27,True,41,82,13655.3,1.73,
2026-10-05 09:40:06.673158+05:30,NIFTY,2026-10-06,True,41,82,22583.85,1.69,
2026-10-05 09:40:08.415052+05:30,NIFTY,2026-10-13,True,41,82,22584.35,1.74,
2026-10-05 09:40:10.144894+05:30,NIFTY,2026-10-19,True,41,82,22584.0,1.73,
2026-10-05 09:40:11.878280+05:30,BANKNIFTY,2026-10-27,True,41,82,55024.15,1.73,
2026-10-05 09:40:13.628265+05:30,BANKNIFTY,2026-11-23,True,41,82,55025.75,1.75,
2026-10-05 09:40:15.362392+05:30,SENSEX,2026-10-08,True,41,82,72501.11,1.73,
2026-10-05 09:40:17.096189+05:30,SENSEX,2026-10-15,True,41,82,72501.07,1.73,
2026-10-05 09:40:18.858560+05:30,FINNIFTY,2026-10-27,True,41,77,24809.0,1.76,
2026-10-05 09:40:20.571930+05:30,MIDCPNIFTY,2026-10-27,True,41,82,13658.85,1.71,
2026-10-05 09:41:06.671449+05:30,NIFTY,2026-10-06,True,41,82,22573.2,1.69,
2026-10-05 09:41:08.430173+05:30,NIFTY,2026-10-13,True,41,82,22577.95,1.76,
2026-10-05 09:41:10.197150+05:30,NIFTY,2026-10-19,True,41,82,22577.7,1.77,
2026-10-05 09:41:11.937897+05:30,BANKNIFTY,2026-10-27,True,41,82,55032.3,1.74,
2026-10-05 09:41:13.662637+05:30,BANKNIFTY,2026-11-23,True,41,82,55030.55,1.72,
2026-10-05 09:41:15.388030+05:30,SENSEX,2026-10-08,True,41,82,72480.3,1.72,
2026-10-05 09:41:17.112161+05:30,SENSEX,2026-10-15,True,41,82,72485.07,1.72,
2026-10-05 09:41:18.845663+05:30,FINNIFTY,2026-10-27,True,41,77,24812.95,1.73,
2026-10-05 09:41:20.569168+05:30,MIDCPNIFTY,2026-10-27,True,41,82,13665.1,1.72,
2026-10-05 09:42:06.675455+05:30,NIFTY,2026-10-06,True,41,82,22581.8,1.69,
2026-10-05 09:42:08.391637+05:30,NIFTY,2026-10-13,True,41,82,22578.5,1.71,
2026-10-05 09:42:10.110538+05:30,NIFTY,2026-10-19,True,41,82,22577.8,1.72,
2026-10-05 09:42:11.836909+05:30,BANKNIFTY,2026-10-27,True,41,82,55021.9,1.73,
2026-10-05 09:42:13.559620+05:30,BANKNIFTY,2026-11-23,True,41,82,55018.95,1.72,
2026-10-05 09:42:15.265506+05:30,SENSEX,2026-10-08,True,41,82,72487.29,1.7,
2026-10-05 09:42:16.976175+05:30,SENSEX,2026-10-15,True,41,82,72488.28,1.71,
2026-10-05 09:42:18.705818+05:30,FINNIFTY,2026-10-27,True,41,77,24801.5,1.73,
2026-10-05 09:42:20.421460+05:30,MIDCPNIFTY,2026-10-27,True,41,82,13655.05,1.71,
2026-10-05 09:43:06.646899+05:30,NIFTY,2026-10-06,True,41,82,22581.5,1.66,
2026-10-05 09:43:08.396776+05:30,NIFTY,2026-10-13,True,41,82,22582.5,1.75,
2026-10-05 09:43:10.127684+05:30,NIFTY,2026-10-19,True,41,82,22581.8,1.73,
2026-10-05 09:43:11.886630+05:30,BANKNIFTY,2026-10-27,True,41,82,54994.9,1.76,
2026-10-05 09:43:13.627960+05:30,BANKNIFTY,2026-11-23,True,41,82,54991.7,1.74,
2026-10-05 09:43:15.333990+05:30,SENSEX,2026-10-08,True,41,82,72486.72,1.7,
2026-10-05 09:43:17.276301+05:30,SENSEX,2026-10-15,True,41,82,72488.56,1.94,
2026-10-05 09:43:19.010059+05:30,FINNIFTY,2026-10-27,True,41,77,24797.8,1.73,
2026-10-05 09:43:20.721258+05:30,MIDCPNIFTY,2026-10-27,True,41,82,13661.55,1.71,
2026-10-05 09:44:06.653718+05:30,NIFTY,2026-10-06,True,41,82,22581.2,1.67,
2026-10-05 09:44:08.354943+05:30,NIFTY,2026-10-13,True,41,82,22580.65,1.7,
2026-10-05 09:44:10.056937+05:30,NIFTY,2026-10-19,True,41,82,22578.9,1.7,
2026-10-05 09:44:11.757951+05:30,BANKNIFTY,2026-10-27,True,41,82,55011.55,1.7,
2026-10-05 09:44:13.461541+05:30,BANKNIFTY,2026-11-23,True,41,82,55013.35,1.7,
2026-10-05 09:44:15.168800+05:30,SENSEX,2026-10-08,True,41,82,72483.01,1.71,
2026-10-05 09:44:16.854529+05:30,SENSEX,2026-10-15,True,41,82,72478.72,1.68,
2026-10-05 09:44:18.547160+05:30,FINNIFTY,2026-10-27,True,41,77,24801.8,1.69,
2026-10-05 09:44:20.233009+05:30,MIDCPNIFTY,2026-10-27,True,41,82,13659.8,1.68,
2026-10-05 09:45:06.648876+05:30,NIFTY,2026-10-06,True,41,82,22583.5,1.66,
2026-10-05 09:45:08.337260+05:30,NIFTY,2026-10-13,True,41,82,22582.4,1.69,
2026-10-05 09:45:10.055522+05:30,NIFTY,2026-10-19,True,41,82,22585.3,1.72,
2026-10-05 09:45:11.755548+05:30,BANKNIFTY,2026-10-27,True,41,82,55044.85,1.7,
2026-10-05 09:45:13.477441+05:30,BANKNIFTY,2026-11-23,True,41,82,55044.5,1.72,
2026-10-05 09:45:15.161649+05:30,SENSEX,2026-10-08,True,41,82,72517.63,1.68,
2026-10-05 09:45:16.987005+05:30,SENSEX,2026-10-15,True,41,82,72515.56,1.82,
2026-10-05 09:45:18.676209+05:30,FINNIFTY,2026-10-27,True,41,77,24815.45,1.69,
2026-10-05 09:45:20.367279+05:30,MIDCPNIFTY,2026-10-27,True,41,82,13668.75,1.69,
2026-10-05 09:46:06.651139+05:30,NIFTY,2026-10-06,True,41,82,22596.95,1.66,
2026-10-05 09:46:08.345050+05:30,NIFTY,2026-10-13,True,41,82,22598.8,1.69,
2026-10-05 09:46:10.047493+05:30,NIFTY,2026-10-19,True,41,81,22599.75,1.7,
2026-10-05 09:46:11.750735+05:30,BANKNIFTY,2026-10-27,True,41,82,55092.5,1.7,
2026-10-05 09:46:13.464180+05:30,BANKNIFTY,2026-11-23,True,41,82,55093.25,1.71,
2026-10-05 09:46:15.160442+05:30,SENSEX,2026-10-08,True,41,82,72552.28,1.7,
2026-10-05 09:46:16.874878+05:30,SENSEX,2026-10-15,True,41,82,72554.03,1.71,
2026-10-05 09:46:18.561847+05:30,FINNIFTY,2026-10-27,True,41,78,24831.6,1.69,
2026-10-05 09:46:20.246837+05:30,MIDCPNIFTY,2026-10-27,True,41,82,13678.9,1.68,
2026-10-05 09:47:06.663168+05:30,NIFTY,2026-10-06,True,41,82,22608.0,1.68,
2026-10-05 09:47:08.373554+05:30,NIFTY,2026-10-13,True,41,82,22607.25,1.71,
2026-10-05 09:47:10.095370+05:30,NIFTY,2026-10-19,True,41,81,22607.5,1.72,
2026-10-05 09:47:11.822273+05:30,BANKNIFTY,2026-10-27,True,41,82,55095.4,1.73,
2026-10-05 09:47:13.557439+05:30,BANKNIFTY,2026-11-23,True,41,82,55099.45,1.73,
2026-10-05 09:47:15.276843+05:30,SENSEX,2026-10-08,True,41,82,72595.81,1.72,
2026-10-05 09:47:16.990312+05:30,SENSEX,2026-10-15,True,41,82,72595.45,1.71,
2026-10-05 09:47:18.726229+05:30,FINNIFTY,2026-10-27,True,41,78,24847.95,1.73,
2026-10-05 09:47:20.467335+05:30,MIDCPNIFTY,2026-10-27,True,41,82,13681.55,1.74,
2026-10-05 09:48:06.670267+05:30,NIFTY,2026-10-06,True,41,82,22605.05,1.68,
2026-10-05 09:48:08.464730+05:30,NIFTY,2026-10-13,True,41,82,22606.75,1.79,
2026-10-05 09:48:10.208605+05:30,NIFTY,2026-10-19,True,41,81,22605.95,1.74,
2026-10-05 09:48:11.918204+05:30,BANKNIFTY,2026-10-27,True,41,82,55089.75,1.71,
2026-10-05 09:48:13.650513+05:30,BANKNIFTY,2026-11-23,True,41,82,55089.25,1.73,
2026-10-05 09:48:15.370368+05:30,SENSEX,2026-10-08,True,41,82,72583.57,1.72,
2026-10-05 09:48:17.165425+05:30,SENSEX,2026-10-15,True,41,82,72585.29,1.79,
2026-10-05 09:48:18.880799+05:30,FINNIFTY,2026-10-27,True,41,78,24845.95,1.71,
2026-10-05 09:48:20.601788+05:30,MIDCPNIFTY,2026-10-27,True,41,82,13681.45,1.72,
2026-10-05 09:49:06.674870+05:30,NIFTY,2026-10-06,True,41,82,22613.75,1.69,
2026-10-05 09:49:08.371521+05:30,NIFTY,2026-10-13,True,41,82,22613.95,1.7,
2026-10-05 09:49:10.799521+05:30,NIFTY,2026-10-19,True,41,81,22614.1,2.42,
2026-10-05 09:49:12.518197+05:30,BANKNIFTY,2026-10-27,True,41,82,55103.85,1.72,
2026-10-05 09:49:14.230771+05:30,BANKNIFTY,2026-11-23,True,41,82,55101.0,1.71,
2026-10-05 09:49:15.930104+05:30,SENSEX,2026-10-08,True,41,82,72602.85,1.7,
2026-10-05 09:49:17.633992+05:30,SENSEX,2026-10-15,True,41,82,72597.36,1.7,
2026-10-05 09:49:19.368770+05:30,FINNIFTY,2026-10-27,True,41,78,24851.25,1.73,
2026-10-05 09:49:21.094218+05:30,MIDCPNIFTY,2026-10-27,True,41,82,13686.9,1.72,
2026-10-05 09:50:06.679014+05:30,NIFTY,2026-10-06,True,41,82,22611.95,1.69,
2026-10-05 09:50:08.413469+05:30,NIFTY,2026-10-13,True,41,82,22612.1,1.73,
2026-10-05 09:50:10.145397+05:30,NIFTY,2026-10-19,True,41,81,22612.65,1.73,
2026-10-05 09:50:11.877435+05:30,BANKNIFTY,2026-10-27,True,41,82,55117.45,1.73,
2026-10-05 09:50:13.636301+05:30,BANKNIFTY,2026-11-23,True,41,82,55116.4,1.76,
2026-10-05 09:50:15.746776+05:30,SENSEX,2026-10-08,True,41,82,72607.03,2.11,
2026-10-05 09:50:17.493674+05:30,SENSEX,2026-10-15,True,41,82,72607.87,1.75,
2026-10-05 09:50:19.234845+05:30,FINNIFTY,2026-10-27,True,41,78,24866.75,1.74,
2026-10-05 09:50:20.966699+05:30,MIDCPNIFTY,2026-10-27,True,41,82,13694.95,1.73,
2026-10-05 09:51:06.674448+05:30,NIFTY,2026-10-06,True,41,82,22616.45,1.69,
2026-10-05 09:51:08.403114+05:30,NIFTY,2026-10-13,True,41,82,22616.1,1.73,
2026-10-05 09:51:10.162048+05:30,NIFTY,2026-10-19,True,41,81,22615.85,1.76,
2026-10-05 09:51:11.895161+05:30,BANKNIFTY,2026-10-27,True,41,82,55111.2,1.73,
2026-10-05 09:51:13.636220+05:30,BANKNIFTY,2026-11-23,True,41,82,55110.5,1.74,
2026-10-05 09:51:15.402809+05:30,SENSEX,2026-10-08,True,41,82,72614.65,1.77,
2026-10-05 09:51:17.132756+05:30,SENSEX,2026-10-15,True,41,82,72616.58,1.73,
2026-10-05 09:51:18.861112+05:30,FINNIFTY,2026-10-27,True,41,78,24861.95,1.73,
2026-10-05 09:51:20.591458+05:30,MIDCPNIFTY,2026-10-27,True,41,82,13689.75,1.73,
2026-10-05 09:52:06.676517+05:30,NIFTY,2026-10-06,True,41,82,22609.9,1.69,
2026-10-05 09:52:08.438785+05:30,NIFTY,2026-10-13,True,41,82,22609.75,1.76,
2026-10-05 09:52:10.175144+05:30,NIFTY,2026-10-19,True,41,81,22609.5,1.74,
2026-10-05 09:52:11.922805+05:30,BANKNIFTY,2026-10-27,True,41,82,55084.05,1.74,
2026-10-05 09:52:13.686565+05:30,BANKNIFTY,2026-11-23,True,41,82,55083.45,1.76,
2026-10-05 09:52:15.410864+05:30,SENSEX,2026-10-08,True,41,82,72600.71,1.72,
2026-10-05 09:52:17.181682+05:30,SENSEX,2026-10-15,True,41,82,72599.5,1.77,
2026-10-05 09:52:18.912782+05:30,FINNIFTY,2026-10-27,True,41,78,24852.75,1.73,
2026-10-05 09:52:20.649086+05:30,MIDCPNIFTY,2026-10-27,True,41,82,13692.5,1.73,
2026-10-05 09:53:06.686074+05:30,NIFTY,2026-10-06,True,41,82,22607.7,1.7,
2026-10-05 09:53:08.418574+05:30,NIFTY,2026-10-13,True,41,82,22606.0,1.73,
2026-10-05 09:53:10.144890+05:30,NIFTY,2026-10-19,True,41,81,22609.0,1.72,
2026-10-05 09:53:11.866677+05:30,BANKNIFTY,2026-10-27,True,41,82,55090.6,1.72,
2026-10-05 09:53:13.591827+05:30,BANKNIFTY,2026-11-23,True,41,82,55081.65,1.72,
2026-10-05 09:53:15.321433+05:30,SENSEX,2026-10-08,True,41,82,72591.81,1.73,
2026-10-05 09:53:17.045258+05:30,SENSEX,2026-10-15,True,41,82,72592.39,1.72,
2026-10-05 09:53:18.768594+05:30,FINNIFTY,2026-10-27,True,41,78,24857.0,1.72,
2026-10-05 09:53:20.490289+05:30,MIDCPNIFTY,2026-10-27,True,41,82,13694.25,1.72,
2026-10-05 09:54:06.695097+05:30,NIFTY,2026-10-06,True,41,82,22602.95,1.71,
2026-10-05 09:54:08.415180+05:30,NIFTY,2026-10-13,True,41,82,22603.75,1.72,
2026-10-05 09:54:10.177884+05:30,NIFTY,2026-10-19,True,41,81,22603.2,1.76,
2026-10-05 09:54:11.913634+05:30,BANKNIFTY,2026-10-27,True,41,82,55102.25,1.73,
2026-10-05 09:54:13.663566+05:30,BANKNIFTY,2026-11-23,True,41,82,55104.95,1.75,
2026-10-05 09:54:15.399765+05:30,SENSEX,2026-10-08,True,41,82,72582.98,1.74,
2026-10-05 09:54:17.160327+05:30,SENSEX,2026-10-15,True,41,82,72581.42,1.76,
2026-10-05 09:54:18.881373+05:30,FINNIFTY,2026-10-27,True,41,78,24863.0,1.72,
2026-10-05 09:54:20.626345+05:30,MIDCPNIFTY,2026-10-27,True,41,82,13691.45,1.74,
2026-10-05 09:55:06.658482+05:30,NIFTY,2026-10-06,True,41,82,22606.2,1.67,
2026-10-05 09:55:08.400470+05:30,NIFTY,2026-10-13,True,41,82,22606.45,1.74,
2026-10-05 09:55:10.124837+05:30,NIFTY,2026-10-19,True,41,81,22606.25,1.72,
2026-10-05 09:55:11.870539+05:30,BANKNIFTY,2026-10-27,True,41,82,55105.55,1.74,
2026-10-05 09:55:13.603876+05:30,BANKNIFTY,2026-11-23,True,41,82,55107.7,1.73,
2026-10-05 09:55:15.354896+05:30,SENSEX,2026-10-08,True,41,82,72588.17,1.75,
2026-10-05 09:55:17.083464+05:30,SENSEX,2026-10-15,True,41,82,72581.36,1.73,
2026-10-05 09:55:18.823433+05:30,FINNIFTY,2026-10-27,True,41,81,24866.25,1.74,
2026-10-05 09:55:20.727332+05:30,MIDCPNIFTY,2026-10-27,True,41,82,13691.25,1.9,
2026-10-05 09:56:06.666828+05:30,NIFTY,2026-10-06,True,41,82,22610.45,1.68,
2026-10-05 09:56:08.427352+05:30,NIFTY,2026-10-13,True,41,82,22608.45,1.76,
2026-10-05 09:56:10.182087+05:30,NIFTY,2026-10-19,True,41,81,22608.75,1.75,
2026-10-05 09:56:11.910712+05:30,BANKNIFTY,2026-10-27,True,41,82,55111.25,1.73,
2026-10-05 09:56:13.637743+05:30,BANKNIFTY,2026-11-23,True,41,82,55108.65,1.73,
2026-10-05 09:56:15.372482+05:30,SENSEX,2026-10-08,True,41,82,72587.78,1.73,
2026-10-05 09:56:17.125665+05:30,SENSEX,2026-10-15,True,41,82,72589.16,1.75,
2026-10-05 09:56:18.901135+05:30,FINNIFTY,2026-10-27,True,41,81,24871.25,1.77,
2026-10-05 09:56:20.643116+05:30,MIDCPNIFTY,2026-10-27,True,41,82,13696.4,1.74,
2026-10-05 09:57:07.361469+05:30,NIFTY,2026-10-06,True,41,82,22605.6,2.38,
2026-10-05 09:57:09.210648+05:30,NIFTY,2026-10-13,True,41,82,22604.1,1.85,
2026-10-05 09:57:11.031667+05:30,NIFTY,2026-10-19,True,41,81,22605.6,1.82,
2026-10-05 09:57:12.861016+05:30,BANKNIFTY,2026-10-27,True,41,82,55092.3,1.83,
2026-10-05 09:57:14.719722+05:30,BANKNIFTY,2026-11-23,True,41,82,55087.15,1.86,
2026-10-05 09:57:16.578625+05:30,SENSEX,2026-10-08,True,41,82,72585.67,1.86,
2026-10-05 09:57:18.417038+05:30,SENSEX,2026-10-15,True,41,82,72579.75,1.84,
2026-10-05 09:57:20.233189+05:30,FINNIFTY,2026-10-27,True,41,82,24853.45,1.81,
2026-10-05 09:57:22.063326+05:30,MIDCPNIFTY,2026-10-27,True,41,82,13694.85,1.83,
2026-10-05 09:58:06.944239+05:30,NIFTY,2026-10-06,True,41,82,22594.55,1.96,
2026-10-05 09:58:08.788834+05:30,NIFTY,2026-10-13,True,41,82,22595.0,1.84,
2026-10-05 09:58:10.633855+05:30,NIFTY,2026-10-19,True,41,81,22595.3,1.84,
2026-10-05 09:58:12.476854+05:30,BANKNIFTY,2026-10-27,True,41,82,55052.1,1.84,
2026-10-05 09:58:15.360920+05:30,BANKNIFTY,2026-11-23,True,41,82,55056.1,2.88,
2026-10-05 09:58:17.201603+05:30,SENSEX,2026-10-08,True,41,82,72544.55,1.84,
2026-10-05 09:58:19.106965+05:30,SENSEX,2026-10-15,True,41,82,72549.06,1.9,
2026-10-05 09:58:20.943876+05:30,FINNIFTY,2026-10-27,True,41,82,24845.5,1.84,
2026-10-05 09:58:22.769310+05:30,MIDCPNIFTY,2026-10-27,True,41,82,13684.15,1.82,
2026-10-05 09:59:06.787486+05:30,NIFTY,2026-10-06,True,41,82,22584.2,1.8,
2026-10-05 09:59:08.632896+05:30,NIFTY,2026-10-13,True,41,82,22580.4,1.84,
2026-10-05 09:59:10.478488+05:30,NIFTY,2026-10-19,True,41,81,22581.3,1.84,
2026-10-05 09:59:12.352414+05:30,BANKNIFTY,2026-10-27,True,41,82,54990.2,1.87,
2026-10-05 09:59:14.198740+05:30,BANKNIFTY,2026-11-23,True,41,82,54989.6,1.84,
2026-10-05 09:59:16.031718+05:30,SENSEX,2026-10-08,True,41,82,72489.95,1.83,
2026-10-05 09:59:17.869411+05:30,SENSEX,2026-10-15,True,41,82,72487.84,1.84,
2026-10-05 09:59:19.691811+05:30,FINNIFTY,2026-10-27,True,41,82,24811.3,1.82,
2026-10-05 09:59:21.527392+05:30,MIDCPNIFTY,2026-10-27,True,41,82,13673.25,1.83,
2026-10-05 10:00:06.805096+05:30,NIFTY,2026-10-06,True,41,82,22566.5,1.82,
2026-10-05 10:00:08.673325+05:30,NIFTY,2026-10-13,True,41,82,22564.95,1.87,
2026-10-05 10:00:10.536382+05:30,NIFTY,2026-10-19,True,41,81,22563.9,1.86,
2026-10-05 10:00:12.418986+05:30,BANKNIFTY,2026-10-27,True,41,82,54915.75,1.88,
2026-10-05 10:00:14.257144+05:30,BANKNIFTY,2026-11-23,True,41,82,54912.0,1.84,
2026-10-05 10:00:16.103441+05:30,SENSEX,2026-10-08,True,41,82,72431.36,1.85,
2026-10-05 10:00:18.942133+05:30,SENSEX,2026-10-15,True,41,82,72441.48,2.84,
2026-10-05 10:00:20.788443+05:30,FINNIFTY,2026-10-27,True,41,82,24790.05,1.84,
2026-10-05 10:00:23.668987+05:30,MIDCPNIFTY,2026-10-27,True,41,82,13672.4,2.88,
2026-10-05 10:01:06.789658+05:30,NIFTY,2026-10-06,True,41,82,22570.25,1.8,
2026-10-05 10:01:08.647953+05:30,NIFTY,2026-10-13,True,41,82,22574.65,1.86,
2026-10-05 10:01:11.533970+05:30,NIFTY,2026-10-19,True,41,81,22575.4,2.88,
2026-10-05 10:01:13.386042+05:30,BANKNIFTY,2026-10-27,True,41,82,54950.75,1.85,
2026-10-05 10:01:15.245925+05:30,BANKNIFTY,2026-11-23,True,41,82,54952.95,1.86,
2026-10-05 10:01:17.059591+05:30,SENSEX,2026-10-08,True,41,82,72449.81,1.81,
2026-10-05 10:01:18.888963+05:30,SENSEX,2026-10-15,True,41,82,72452.5,1.83,
2026-10-05 10:01:20.799014+05:30,FINNIFTY,2026-10-27,True,41,82,24800.65,1.91,
2026-10-05 10:01:22.640691+05:30,MIDCPNIFTY,2026-10-27,True,41,82,13679.1,1.84,
2026-10-05 10:02:06.773648+05:30,NIFTY,2026-10-06,True,41,82,22561.7,1.79,
2026-10-05 10:02:08.606225+05:30,NIFTY,2026-10-13,True,41,82,22560.4,1.83,
2026-10-05 10:02:10.426499+05:30,NIFTY,2026-10-19,True,41,82,22561.15,1.82,
2026-10-05 10:02:12.249555+05:30,BANKNIFTY,2026-10-27,True,41,82,54906.1,1.82,
2026-10-05 10:02:14.110822+05:30,BANKNIFTY,2026-11-23,True,41,81,54905.25,1.86,
2026-10-05 10:02:15.937908+05:30,SENSEX,2026-10-08,True,41,82,72412.43,1.83,
2026-10-05 10:02:17.780251+05:30,SENSEX,2026-10-15,True,41,82,72416.78,1.84,
2026-10-05 10:02:19.603457+05:30,FINNIFTY,2026-10-27,True,41,82,24775.9,1.82,
2026-10-05 10:02:21.427459+05:30,MIDCPNIFTY,2026-10-27,True,41,82,13675.85,1.82,
2026-10-05 10:03:06.766903+05:30,NIFTY,2026-10-06,True,41,82,22564.55,1.78,
2026-10-05 10:03:09.629601+05:30,NIFTY,2026-10-13,True,41,82,22565.5,2.86,
2026-10-05 10:03:11.455224+05:30,NIFTY,2026-10-19,True,41,82,22565.35,1.82,
2026-10-05 10:03:13.291055+05:30,BANKNIFTY,2026-10-27,True,41,82,54922.15,1.83,
2026-10-05 10:03:15.127045+05:30,BANKNIFTY,2026-11-23,True,41,82,54923.0,1.83,
2026-10-05 10:03:16.956982+05:30,SENSEX,2026-10-08,True,41,82,72429.49,1.83,
2026-10-05 10:03:18.843478+05:30,SENSEX,2026-10-15,True,41,82,72428.62,1.89,
2026-10-05 10:03:21.682742+05:30,FINNIFTY,2026-10-27,True,41,82,24778.65,2.84,
2026-10-05 10:03:23.533332+05:30,MIDCPNIFTY,2026-10-27,True,41,82,13676.45,1.85,
2026-10-05 10:04:06.780183+05:30,NIFTY,2026-10-06,True,41,82,22557.75,1.79,
2026-10-05 10:04:08.640758+05:30,NIFTY,2026-10-13,True,41,82,22557.9,1.86,
2026-10-05 10:04:10.492971+05:30,NIFTY,2026-10-19,True,41,82,22557.75,1.85,
2026-10-05 10:04:12.353030+05:30,BANKNIFTY,2026-10-27,True,41,82,54882.7,1.86,
2026-10-05 10:04:14.218225+05:30,BANKNIFTY,2026-11-23,True,41,82,54881.05,1.86,
2026-10-05 10:04:16.076220+05:30,SENSEX,2026-10-08,True,41,82,72403.42,1.86,
2026-10-05 10:04:17.908953+05:30,SENSEX,2026-10-15,True,41,82,72404.59,1.83,
2026-10-05 10:04:19.736615+05:30,FINNIFTY,2026-10-27,True,41,82,24764.1,1.83,
2026-10-05 10:04:21.557650+05:30,MIDCPNIFTY,2026-10-27,True,41,82,13673.8,1.82,
2026-10-05 10:05:06.811362+05:30,NIFTY,2026-10-06,True,41,82,22549.9,1.83,
2026-10-05 10:05:08.633950+05:30,NIFTY,2026-10-13,True,41,82,22551.45,1.82,
2026-10-05 10:05:10.474130+05:30,NIFTY,2026-10-19,True,41,82,22551.75,1.84,
2026-10-05 10:05:12.332203+05:30,BANKNIFTY,2026-10-27,True,41,82,54875.75,1.86,
2026-10-05 10:05:14.171499+05:30,BANKNIFTY,2026-11-23,True,41,80,54876.05,1.84,
2026-10-05 10:05:15.996973+05:30,SENSEX,2026-10-08,True,41,82,72381.9,1.82,
2026-10-05 10:05:17.809765+05:30,SENSEX,2026-10-15,True,41,82,72381.13,1.81,
2026-10-05 10:05:19.654651+05:30,FINNIFTY,2026-10-27,True,41,80,24757.35,1.84,
2026-10-05 10:05:21.500294+05:30,MIDCPNIFTY,2026-10-27,True,41,82,13673.6,1.84,
2026-10-05 10:06:06.770245+05:30,NIFTY,2026-10-06,True,41,82,22536.2,1.78,
2026-10-05 10:06:08.604874+05:30,NIFTY,2026-10-13,True,41,82,22537.75,1.83,
2026-10-05 10:06:10.452637+05:30,NIFTY,2026-10-19,True,41,82,22543.35,1.85,
2026-10-05 10:06:12.285954+05:30,BANKNIFTY,2026-10-27,True,41,82,54865.75,1.84,
2026-10-05 10:06:14.137952+05:30,BANKNIFTY,2026-11-23,True,41,82,54862.3,1.84,
2026-10-05 10:06:15.957758+05:30,SENSEX,2026-10-08,True,41,82,72347.68,1.82,
2026-10-05 10:06:17.805339+05:30,SENSEX,2026-10-15,True,41,82,72345.36,1.85,
2026-10-05 10:06:19.668502+05:30,FINNIFTY,2026-10-27,True,41,79,24757.4,1.86,
2026-10-05 10:06:21.506713+05:30,MIDCPNIFTY,2026-10-27,True,41,82,13677.35,1.84,
2026-10-05 10:07:07.773972+05:30,NIFTY,2026-10-06,True,41,82,22553.8,2.79,
2026-10-05 10:07:09.608713+05:30,NIFTY,2026-10-13,True,41,82,22552.6,1.83,
2026-10-05 10:07:11.467407+05:30,NIFTY,2026-10-19,True,41,82,22552.35,1.86,
2026-10-05 10:07:13.322049+05:30,BANKNIFTY,2026-10-27,True,41,82,54882.15,1.85,
2026-10-05 10:07:15.160063+05:30,BANKNIFTY,2026-11-23,True,41,82,54883.15,1.84,
2026-10-05 10:07:16.973333+05:30,SENSEX,2026-10-08,True,41,82,72389.61,1.81,
2026-10-05 10:07:18.813625+05:30,SENSEX,2026-10-15,True,41,82,72390.07,1.84,
2026-10-05 10:07:20.643193+05:30,FINNIFTY,2026-10-27,True,41,82,24766.9,1.83,
2026-10-05 10:07:22.481784+05:30,MIDCPNIFTY,2026-10-27,True,41,82,13677.8,1.84,
2026-10-05 10:08:06.790851+05:30,NIFTY,2026-10-06,True,41,82,22551.1,1.8,
2026-10-05 10:08:08.611230+05:30,NIFTY,2026-10-13,True,41,82,22549.0,1.82,
2026-10-05 10:08:10.464500+05:30,NIFTY,2026-10-19,True,41,82,22548.15,1.85,
2026-10-05 10:08:12.350928+05:30,BANKNIFTY,2026-10-27,True,41,82,54857.85,1.89,
2026-10-05 10:08:14.170448+05:30,BANKNIFTY,2026-11-23,True,41,82,54860.85,1.82,
2026-10-05 10:08:15.997752+05:30,SENSEX,2026-10-08,True,41,82,72372.83,1.83,
2026-10-05 10:08:17.801918+05:30,SENSEX,2026-10-15,True,41,82,72370.1,1.8,
2026-10-05 10:08:19.617438+05:30,FINNIFTY,2026-10-27,True,41,82,24756.05,1.81,
2026-10-05 10:08:21.477479+05:30,MIDCPNIFTY,2026-10-27,True,41,82,13681.25,1.86,
2026-10-05 10:09:06.768829+05:30,NIFTY,2026-10-06,True,41,82,22551.55,1.78,
2026-10-05 10:09:08.573770+05:30,NIFTY,2026-10-13,True,41,82,22553.75,1.8,
2026-10-05 10:09:10.386057+05:30,NIFTY,2026-10-19,True,41,82,22553.5,1.81,
2026-10-05 10:09:12.219685+05:30,BANKNIFTY,2026-10-27,True,41,82,54881.65,1.83,
2026-10-05 10:09:14.080066+05:30,BANKNIFTY,2026-11-23,True,41,82,54877.7,1.86,
2026-10-05 10:09:17.446715+05:30,SENSEX,2026-10-08,True,41,82,72381.72,3.37,
2026-10-05 10:09:19.282390+05:30,SENSEX,2026-10-15,True,41,82,72381.48,1.84,
2026-10-05 10:09:21.115613+05:30,FINNIFTY,2026-10-27,True,41,82,24766.85,1.83,
2026-10-05 10:09:22.949766+05:30,MIDCPNIFTY,2026-10-27,True,41,82,13685.7,1.83,
2026-10-05 10:10:06.782734+05:30,NIFTY,2026-10-06,True,41,82,22562.25,1.8,
2026-10-05 10:10:08.630408+05:30,NIFTY,2026-10-13,True,41,82,22564.1,1.84,
2026-10-05 10:10:10.476468+05:30,NIFTY,2026-10-19,True,41,82,22562.3,1.85,
2026-10-05 10:10:12.336387+05:30,BANKNIFTY,2026-10-27,True,41,82,54909.1,1.86,
2026-10-05 10:10:14.177790+05:30,BANKNIFTY,2026-11-23,True,41,82,54904.0,1.84,
2026-10-05 10:10:15.994644+05:30,SENSEX,2026-10-08,True,41,82,72398.8,1.82,
2026-10-05 10:10:18.814928+05:30,SENSEX,2026-10-15,True,41,82,72392.09,2.82,
2026-10-05 10:10:20.644365+05:30,FINNIFTY,2026-10-27,True,41,82,24773.5,1.83,
2026-10-05 10:10:22.503918+05:30,MIDCPNIFTY,2026-10-27,True,41,82,13693.9,1.86,
2026-10-05 10:11:06.794859+05:30,NIFTY,2026-10-06,True,41,82,22554.8,1.81,
2026-10-05 10:11:09.206113+05:30,NIFTY,2026-10-13,True,41,82,22552.25,2.41,
2026-10-05 10:11:11.045669+05:30,NIFTY,2026-10-19,True,41,82,22552.3,1.84,
2026-10-05 10:11:12.897158+05:30,BANKNIFTY,2026-10-27,True,41,82,54863.0,1.85,
2026-10-05 10:11:14.745448+05:30,BANKNIFTY,2026-11-23,True,41,82,54862.65,1.85,
2026-10-05 10:11:17.588711+05:30,SENSEX,2026-10-08,True,41,82,72387.02,2.84,
2026-10-05 10:11:19.464135+05:30,SENSEX,2026-10-15,True,41,82,72384.91,1.88,
2026-10-05 10:11:21.293793+05:30,FINNIFTY,2026-10-27,True,41,82,24757.95,1.83,
2026-10-05 10:11:23.130010+05:30,MIDCPNIFTY,2026-10-27,True,41,82,13691.9,1.84,
2026-10-05 10:12:06.827908+05:30,NIFTY,2026-10-06,True,41,82,22554.5,1.84,
2026-10-05 10:12:08.650046+05:30,NIFTY,2026-10-13,True,41,82,22554.0,1.82,
2026-10-05 10:12:10.489722+05:30,NIFTY,2026-10-19,True,41,82,22553.25,1.84,
2026-10-05 10:12:12.350866+05:30,BANKNIFTY,2026-10-27,True,41,82,54863.15,1.86,
2026-10-05 10:12:14.177713+05:30,BANKNIFTY,2026-11-23,True,41,82,54863.4,1.83,
2026-10-05 10:12:15.999955+05:30,SENSEX,2026-10-08,True,41,82,72380.16,1.83,
2026-10-05 10:12:17.824910+05:30,SENSEX,2026-10-15,True,41,82,72379.38,1.82,
2026-10-05 10:12:19.643857+05:30,FINNIFTY,2026-10-27,True,41,82,24753.2,1.82,
2026-10-05 10:12:21.472806+05:30,MIDCPNIFTY,2026-10-27,True,41,82,13687.85,1.83,
2026-10-05 10:13:06.768732+05:30,NIFTY,2026-10-06,True,41,82,22554.7,1.78,
2026-10-05 10:13:08.592959+05:30,NIFTY,2026-10-13,True,41,82,22554.45,1.82,
2026-10-05 10:13:10.426859+05:30,NIFTY,2026-10-19,True,41,82,22554.55,1.83,
2026-10-05 10:13:12.258701+05:30,BANKNIFTY,2026-10-27,True,41,82,54874.25,1.83,
2026-10-05 10:13:14.101751+05:30,BANKNIFTY,2026-11-23,True,41,82,54870.6,1.84,
2026-10-05 10:13:15.910744+05:30,SENSEX,2026-10-08,True,41,82,72379.26,1.81,
2026-10-05 10:13:17.752479+05:30,SENSEX,2026-10-15,True,41,82,72378.64,1.84,
2026-10-05 10:13:19.573264+05:30,FINNIFTY,2026-10-27,True,41,82,24760.95,1.82,
2026-10-05 10:13:21.401195+05:30,MIDCPNIFTY,2026-10-27,True,41,82,13693.95,1.83,
2026-10-05 10:14:07.236893+05:30,NIFTY,2026-10-06,True,41,82,22557.05,2.25,
2026-10-05 10:14:08.978457+05:30,NIFTY,2026-10-13,True,41,82,22557.1,1.74,
2026-10-05 10:14:10.703864+05:30,NIFTY,2026-10-19,True,41,82,22556.95,1.72,
2026-10-05 10:14:12.494973+05:30,BANKNIFTY,2026-10-27,True,41,82,54907.15,1.79,
2026-10-05 10:14:14.246584+05:30,BANKNIFTY,2026-11-23,True,41,82,54906.85,1.75,
2026-10-05 10:14:15.989246+05:30,SENSEX,2026-10-08,True,41,82,72396.28,1.74,
2026-10-05 10:14:17.781763+05:30,SENSEX,2026-10-15,True,41,82,72399.27,1.79,
2026-10-05 10:14:19.502472+05:30,FINNIFTY,2026-10-27,True,41,82,24775.8,1.72,
2026-10-05 10:14:21.233403+05:30,MIDCPNIFTY,2026-10-27,True,41,82,13702.25,1.73,
2026-10-05 10:15:06.691175+05:30,NIFTY,2026-10-06,True,41,82,22543.7,1.7,
2026-10-05 10:15:08.443797+05:30,NIFTY,2026-10-13,True,41,82,22544.85,1.75,
2026-10-05 10:15:10.177068+05:30,NIFTY,2026-10-19,True,41,82,22544.35,1.73,
2026-10-05 10:15:11.950234+05:30,BANKNIFTY,2026-10-27,True,41,82,54887.0,1.77,
2026-10-05 10:15:13.713383+05:30,BANKNIFTY,2026-11-23,True,41,82,54888.15,1.76,
2026-10-05 10:15:15.499510+05:30,SENSEX,2026-10-08,True,41,82,72343.26,1.79,
2026-10-05 10:15:17.257090+05:30,SENSEX,2026-10-15,True,41,82,72347.17,1.76,
2026-10-05 10:15:18.998478+05:30,FINNIFTY,2026-10-27,True,41,82,24759.9,1.74,
2026-10-05 10:15:20.732080+05:30,MIDCPNIFTY,2026-10-27,True,41,82,13700.75,1.73,
2026-10-05 10:16:06.706507+05:30,NIFTY,2026-10-06,True,41,82,22540.85,1.72,
2026-10-05 10:16:08.469191+05:30,NIFTY,2026-10-13,True,41,82,22541.35,1.76,
2026-10-05 10:16:10.199302+05:30,NIFTY,2026-10-19,True,41,82,22541.1,1.73,
2026-10-05 10:16:12.589963+05:30,BANKNIFTY,2026-10-27,True,41,82,54885.35,2.39,
2026-10-05 10:16:14.353685+05:30,BANKNIFTY,2026-11-23,True,41,82,54882.45,1.76,
2026-10-05 10:16:16.114994+05:30,SENSEX,2026-10-08,True,41,82,72346.28,1.76,
2026-10-05 10:16:17.864483+05:30,SENSEX,2026-10-15,True,41,82,72345.4,1.75,
2026-10-05 10:16:19.600917+05:30,FINNIFTY,2026-10-27,True,41,82,24757.9,1.73,
2026-10-05 10:16:21.816278+05:30,MIDCPNIFTY,2026-10-27,True,41,82,13702.25,2.21,
2026-10-05 10:17:06.695936+05:30,NIFTY,2026-10-06,True,41,82,22550.35,1.71,
2026-10-05 10:17:08.448304+05:30,NIFTY,2026-10-13,True,41,82,22550.85,1.75,
2026-10-05 10:17:10.420992+05:30,NIFTY,2026-10-19,True,41,82,22548.6,1.97,
2026-10-05 10:17:12.171966+05:30,BANKNIFTY,2026-10-27,True,41,82,54942.4,1.75,
2026-10-05 10:17:13.919994+05:30,BANKNIFTY,2026-11-23,True,41,82,54945.3,1.75,
2026-10-05 10:17:15.656438+05:30,SENSEX,2026-10-08,True,41,82,72384.3,1.73,
2026-10-05 10:17:17.421726+05:30,SENSEX,2026-10-15,True,41,82,72388.54,1.77,
2026-10-05 10:17:19.169779+05:30,FINNIFTY,2026-10-27,True,41,82,24782.05,1.75,
2026-10-05 10:17:20.924677+05:30,MIDCPNIFTY,2026-10-27,True,41,82,13710.0,1.75,
2026-10-05 10:18:06.692942+05:30,NIFTY,2026-10-06,True,41,82,22549.7,1.71,
2026-10-05 10:18:08.459591+05:30,NIFTY,2026-10-13,True,41,82,22550.95,1.76,
2026-10-05 10:18:10.199140+05:30,NIFTY,2026-10-19,True,41,82,22552.7,1.74,
2026-10-05 10:18:11.962349+05:30,BANKNIFTY,2026-10-27,True,41,82,54924.9,1.76,
2026-10-05 10:18:13.712967+05:30,BANKNIFTY,2026-11-23,True,41,82,54925.75,1.75,
2026-10-05 10:18:15.438594+05:30,SENSEX,2026-10-08,True,41,82,72377.3,1.72,
2026-10-05 10:18:17.190941+05:30,SENSEX,2026-10-15,True,41,82,72383.5,1.75,
2026-10-05 10:18:18.945074+05:30,FINNIFTY,2026-10-27,True,41,82,24774.15,1.75,
2026-10-05 10:18:20.724998+05:30,MIDCPNIFTY,2026-10-27,True,41,82,13705.05,1.78,
2026-10-05 10:19:06.671730+05:30,NIFTY,2026-10-06,True,41,82,22551.4,1.69,
2026-10-05 10:19:08.417974+05:30,NIFTY,2026-10-13,True,41,82,22551.9,1.74,
2026-10-05 10:19:10.154373+05:30,NIFTY,2026-10-19,True,41,82,22550.9,1.74,
2026-10-05 10:19:11.908903+05:30,BANKNIFTY,2026-10-27,True,41,82,54908.25,1.75,
2026-10-05 10:19:13.724908+05:30,BANKNIFTY,2026-11-23,True,41,82,54913.1,1.81,
2026-10-05 10:19:15.491116+05:30,SENSEX,2026-10-08,True,41,82,72374.16,1.77,
2026-10-05 10:19:17.224590+05:30,SENSEX,2026-10-15,True,41,82,72372.97,1.73,
2026-10-05 10:19:18.992977+05:30,FINNIFTY,2026-10-27,True,41,82,24774.2,1.77,
2026-10-05 10:19:20.751483+05:30,MIDCPNIFTY,2026-10-27,True,41,82,13701.35,1.76,
2026-10-05 10:20:06.702673+05:30,NIFTY,2026-10-06,True,41,82,22552.25,1.72,
2026-10-05 10:20:08.448292+05:30,NIFTY,2026-10-13,True,41,82,22550.45,1.76,
2026-10-05 10:20:10.184919+05:30,NIFTY,2026-10-19,True,41,82,22550.9,1.72,
2026-10-05 10:20:11.932949+05:30,BANKNIFTY,2026-10-27,True,41,82,54898.05,1.75,
2026-10-05 10:20:13.722354+05:30,BANKNIFTY,2026-11-23,True,41,82,54894.35,1.79,
2026-10-05 10:20:15.485569+05:30,SENSEX,2026-10-08,True,41,82,72374.13,1.76,
2026-10-05 10:20:17.225923+05:30,SENSEX,2026-10-15,True,41,82,72368.08,1.74,
2026-10-05 10:20:18.994926+05:30,FINNIFTY,2026-10-27,True,41,82,24764.0,1.77,
2026-10-05 10:20:20.765564+05:30,MIDCPNIFTY,2026-10-27,True,41,82,13696.3,1.77,
2026-10-05 10:21:06.688752+05:30,NIFTY,2026-10-06,True,41,82,22545.5,1.7,
2026-10-05 10:21:08.430722+05:30,NIFTY,2026-10-13,True,41,82,22543.65,1.74,
2026-10-05 10:21:10.160175+05:30,NIFTY,2026-10-19,True,41,82,22542.05,1.73,
2026-10-05 10:21:11.910408+05:30,BANKNIFTY,2026-10-27,True,41,82,54874.65,1.75,
2026-10-05 10:21:13.694685+05:30,BANKNIFTY,2026-11-23,True,41,82,54872.7,1.78,
2026-10-05 10:21:15.491771+05:30,SENSEX,2026-10-08,True,41,82,72350.46,1.8,
2026-10-05 10:21:17.285038+05:30,SENSEX,2026-10-15,True,41,82,72341.83,1.79,
2026-10-05 10:21:19.049758+05:30,FINNIFTY,2026-10-27,True,41,82,24754.6,1.76,
2026-10-05 10:21:20.812593+05:30,MIDCPNIFTY,2026-10-27,True,41,82,13694.45,1.76,
2026-10-05 10:22:06.704677+05:30,NIFTY,2026-10-06,True,41,82,22534.7,1.72,
2026-10-05 10:22:08.455117+05:30,NIFTY,2026-10-13,True,41,82,22534.95,1.75,
2026-10-05 10:22:10.205706+05:30,NIFTY,2026-10-19,True,41,82,22532.9,1.75,
2026-10-05 10:22:12.972877+05:30,BANKNIFTY,2026-10-27,True,41,82,54842.45,2.77,
2026-10-05 10:22:14.736823+05:30,BANKNIFTY,2026-11-23,True,41,82,54838.55,1.76,
2026-10-05 10:22:16.498681+05:30,SENSEX,2026-10-08,True,41,82,72306.59,1.76,
2026-10-05 10:22:18.227114+05:30,SENSEX,2026-10-15,True,41,82,72301.88,1.73,
2026-10-05 10:22:19.983692+05:30,FINNIFTY,2026-10-27,True,41,82,24734.35,1.75,
2026-10-05 10:22:21.742292+05:30,MIDCPNIFTY,2026-10-27,True,41,82,13687.1,1.76,
2026-10-05 10:23:06.675600+05:30,NIFTY,2026-10-06,True,41,82,22520.85,1.69,
2026-10-05 10:23:08.430457+05:30,NIFTY,2026-10-13,True,41,82,22521.15,1.75,
2026-10-05 10:23:10.163329+05:30,NIFTY,2026-10-19,True,41,82,22521.1,1.73,
2026-10-05 10:23:11.903956+05:30,BANKNIFTY,2026-10-27,True,41,82,54840.55,1.74,
2026-10-05 10:23:13.644866+05:30,BANKNIFTY,2026-11-23,True,41,82,54843.7,1.74,
2026-10-05 10:23:15.376241+05:30,SENSEX,2026-10-08,True,41,82,72276.14,1.73,
2026-10-05 10:23:17.127183+05:30,SENSEX,2026-10-15,True,41,82,72276.73,1.75,
2026-10-05 10:23:18.869202+05:30,FINNIFTY,2026-10-27,True,41,82,24734.85,1.74,
2026-10-05 10:23:20.619317+05:30,MIDCPNIFTY,2026-10-27,True,41,82,13682.05,1.75,
2026-10-05 10:24:06.670408+05:30,NIFTY,2026-10-06,True,41,82,22530.65,1.68,
2026-10-05 10:24:08.760300+05:30,NIFTY,2026-10-13,True,41,82,22530.25,2.09,
2026-10-05 10:24:10.516177+05:30,NIFTY,2026-10-19,True,41,82,22529.0,1.76,
2026-10-05 10:24:12.296970+05:30,BANKNIFTY,2026-10-27,True,41,82,54866.15,1.78,
2026-10-05 10:24:14.056592+05:30,BANKNIFTY,2026-11-23,True,41,82,54862.85,1.76,
2026-10-05 10:24:15.813486+05:30,SENSEX,2026-10-08,True,41,82,72285.09,1.76,
2026-10-05 10:24:17.570477+05:30,SENSEX,2026-10-15,True,41,82,72289.69,1.76,
2026-10-05 10:24:19.316119+05:30,FINNIFTY,2026-10-27,True,41,82,24733.65,1.74,
2026-10-05 10:24:21.089384+05:30,MIDCPNIFTY,2026-10-27,True,41,82,13676.85,1.77,
2026-10-05 10:25:06.689068+05:30,NIFTY,2026-10-06,True,41,82,22500.1,1.7,
2026-10-05 10:25:08.455378+05:30,NIFTY,2026-10-13,True,41,82,22499.35,1.77,
2026-10-05 10:25:10.201498+05:30,NIFTY,2026-10-19,True,41,82,22499.0,1.74,
2026-10-05 10:25:11.959201+05:30,BANKNIFTY,2026-10-27,True,41,82,54795.0,1.76,
2026-10-05 10:25:13.706877+05:30,BANKNIFTY,2026-11-23,True,41,82,54793.95,1.75,
2026-10-05 10:25:15.433962+05:30,SENSEX,2026-10-08,True,41,82,72204.25,1.73,
2026-10-05 10:25:17.172125+05:30,SENSEX,2026-10-15,True,41,82,72204.31,1.73,
2026-10-05 10:25:19.937783+05:30,FINNIFTY,2026-10-27,True,41,82,24706.25,2.76,
2026-10-05 10:25:21.685152+05:30,MIDCPNIFTY,2026-10-27,True,41,82,13655.9,1.75,
2026-10-05 10:26:06.705086+05:30,NIFTY,2026-10-06,True,41,82,22479.8,1.72,
2026-10-05 10:26:08.458529+05:30,NIFTY,2026-10-13,True,41,82,22480.45,1.75,
2026-10-05 10:26:10.207496+05:30,NIFTY,2026-10-19,True,41,82,22480.65,1.75,
2026-10-05 10:26:11.964674+05:30,BANKNIFTY,2026-10-27,True,41,82,54733.6,1.76,
2026-10-05 10:26:13.707422+05:30,BANKNIFTY,2026-11-23,True,41,82,54751.05,1.74,
2026-10-05 10:26:15.451174+05:30,SENSEX,2026-10-08,True,41,82,72149.66,1.74,
2026-10-05 10:26:17.197885+05:30,SENSEX,2026-10-15,True,41,82,72150.92,1.75,
2026-10-05 10:26:18.951127+05:30,FINNIFTY,2026-10-27,True,41,78,24681.15,1.75,
2026-10-05 10:26:20.713011+05:30,MIDCPNIFTY,2026-10-27,True,41,82,13648.05,1.76,
2026-10-05 10:27:06.702827+05:30,NIFTY,2026-10-06,True,41,82,22486.35,1.72,
2026-10-05 10:27:08.470292+05:30,NIFTY,2026-10-13,True,41,82,22485.25,1.76,
2026-10-05 10:27:11.252766+05:30,NIFTY,2026-10-19,True,41,82,22482.85,2.78,
2026-10-05 10:27:13.014355+05:30,BANKNIFTY,2026-10-27,True,41,82,54749.25,1.76,
2026-10-05 10:27:14.770642+05:30,BANKNIFTY,2026-11-23,True,41,82,54750.65,1.75,
2026-10-05 10:27:16.529507+05:30,SENSEX,2026-10-08,True,41,82,72156.82,1.76,
2026-10-05 10:27:18.271778+05:30,SENSEX,2026-10-15,True,41,82,72155.92,1.74,
2026-10-05 10:27:20.033520+05:30,FINNIFTY,2026-10-27,True,41,80,24683.05,1.76,
2026-10-05 10:27:21.775152+05:30,MIDCPNIFTY,2026-10-27,True,41,82,13627.0,1.74,
2026-10-05 10:28:06.750106+05:30,NIFTY,2026-10-06,True,41,82,22502.95,1.76,
2026-10-05 10:28:08.498446+05:30,NIFTY,2026-10-13,True,41,82,22504.85,1.75,
2026-10-05 10:28:10.245707+05:30,NIFTY,2026-10-19,True,41,82,22505.4,1.75,
2026-10-05 10:28:12.018272+05:30,BANKNIFTY,2026-10-27,True,41,82,54820.7,1.77,
2026-10-05 10:28:13.774069+05:30,BANKNIFTY,2026-11-23,True,41,82,54828.5,1.75,
2026-10-05 10:28:15.539010+05:30,SENSEX,2026-10-08,True,41,82,72227.35,1.76,
2026-10-05 10:28:17.328730+05:30,SENSEX,2026-10-15,True,41,82,72228.55,1.79,
2026-10-05 10:28:19.160668+05:30,FINNIFTY,2026-10-27,True,41,81,24717.7,1.83,
2026-10-05 10:28:20.951046+05:30,MIDCPNIFTY,2026-10-27,True,41,82,13653.75,1.79,
2026-10-05 10:29:06.709442+05:30,NIFTY,2026-10-06,True,41,82,22521.45,1.72,
2026-10-05 10:29:08.516401+05:30,NIFTY,2026-10-13,True,41,82,22522.9,1.82,
2026-10-05 10:29:10.463216+05:30,NIFTY,2026-10-19,True,41,82,22519.2,1.93,
2026-10-05 10:29:12.378081+05:30,BANKNIFTY,2026-10-27,True,41,82,54865.95,1.91,
2026-10-05 10:29:14.130913+05:30,BANKNIFTY,2026-11-23,True,41,82,54861.05,1.75,
2026-10-05 10:29:15.890070+05:30,SENSEX,2026-10-08,True,41,82,72263.69,1.76,
2026-10-05 10:29:17.623887+05:30,SENSEX,2026-10-15,True,41,82,72254.82,1.73,
2026-10-05 10:29:19.360864+05:30,FINNIFTY,2026-10-27,True,41,81,24721.9,1.74,
2026-10-05 10:29:21.142290+05:30,MIDCPNIFTY,2026-10-27,True,41,82,13656.55,1.78,
2026-10-05 10:30:06.746347+05:30,NIFTY,2026-10-06,True,41,82,22515.7,1.76,
2026-10-05 10:30:08.498844+05:30,NIFTY,2026-10-13,True,41,82,22518.0,1.76,
2026-10-05 10:30:10.260822+05:30,NIFTY,2026-10-19,True,41,82,22518.75,1.75,
2026-10-05 10:30:12.025855+05:30,BANKNIFTY,2026-10-27,True,41,82,54873.7,1.76,
2026-10-05 10:30:13.795971+05:30,BANKNIFTY,2026-11-23,True,41,82,54875.25,1.77,
2026-10-05 10:30:15.547951+05:30,SENSEX,2026-10-08,True,41,82,72264.11,1.75,
2026-10-05 10:30:17.316185+05:30,SENSEX,2026-10-15,True,41,82,72262.9,1.77,
2026-10-05 10:30:19.064690+05:30,FINNIFTY,2026-10-27,True,41,81,24728.85,1.75,
2026-10-05 10:30:20.797722+05:30,MIDCPNIFTY,2026-10-27,True,41,82,13668.35,1.73,
2026-10-05 10:31:06.697297+05:30,NIFTY,2026-10-06,True,41,82,22517.6,1.71,
2026-10-05 10:31:08.440781+05:30,NIFTY,2026-10-13,True,41,82,22517.6,1.74,
2026-10-05 10:31:10.175761+05:30,NIFTY,2026-10-19,True,41,82,22516.95,1.73,
2026-10-05 10:31:11.928533+05:30,BANKNIFTY,2026-10-27,True,41,82,54847.25,1.75,
2026-10-05 10:31:13.809285+05:30,BANKNIFTY,2026-11-23,True,41,82,54850.2,1.88,
2026-10-05 10:31:15.533669+05:30,SENSEX,2026-10-08,True,41,82,72267.84,1.72,
2026-10-05 10:31:17.288168+05:30,SENSEX,2026-10-15,True,41,82,72268.95,1.75,
2026-10-05 10:31:19.018867+05:30,FINNIFTY,2026-10-27,True,41,81,24724.5,1.73,
2026-10-05 10:31:20.788459+05:30,MIDCPNIFTY,2026-10-27,True,41,82,13672.7,1.77,
2026-10-05 10:32:07.210352+05:30,NIFTY,2026-10-06,True,41,82,22525.15,2.22,
2026-10-05 10:32:08.919147+05:30,NIFTY,2026-10-13,True,41,82,22525.5,1.71,
2026-10-05 10:32:10.621893+05:30,NIFTY,2026-10-19,True,41,82,22524.3,1.7,
2026-10-05 10:32:12.344174+05:30,BANKNIFTY,2026-10-27,True,41,82,54875.5,1.72,
2026-10-05 10:32:14.068412+05:30,BANKNIFTY,2026-11-23,True,41,82,54876.15,1.73,
2026-10-05 10:32:15.957671+05:30,SENSEX,2026-10-08,True,41,82,72279.48,1.88,
2026-10-05 10:32:17.670690+05:30,SENSEX,2026-10-15,True,41,82,72273.52,1.71,
2026-10-05 10:32:19.383004+05:30,FINNIFTY,2026-10-27,True,41,80,24731.35,1.71,
2026-10-05 10:32:21.118511+05:30,MIDCPNIFTY,2026-10-27,True,41,82,13681.65,1.73,
2026-10-05 10:33:06.664408+05:30,NIFTY,2026-10-06,True,41,82,22528.65,1.68,
2026-10-05 10:33:08.368903+05:30,NIFTY,2026-10-13,True,41,82,22530.0,1.71,
2026-10-05 10:33:10.089113+05:30,NIFTY,2026-10-19,True,41,82,22530.1,1.71,
2026-10-05 10:33:11.830259+05:30,BANKNIFTY,2026-10-27,True,41,82,54877.55,1.74,
2026-10-05 10:33:13.556016+05:30,BANKNIFTY,2026-11-23,True,41,82,54878.4,1.72,
2026-10-05 10:33:15.272472+05:30,SENSEX,2026-10-08,True,41,82,72289.26,1.71,
2026-10-05 10:33:16.986979+05:30,SENSEX,2026-10-15,True,41,82,72287.52,1.71,
2026-10-05 10:33:18.696074+05:30,FINNIFTY,2026-10-27,True,41,78,24736.15,1.71,
2026-10-05 10:33:20.426465+05:30,MIDCPNIFTY,2026-10-27,True,41,82,13681.8,1.73,
2026-10-05 10:34:07.657522+05:30,NIFTY,2026-10-06,True,41,82,22530.95,2.67,
2026-10-05 10:34:09.377540+05:30,NIFTY,2026-10-13,True,41,82,22530.9,1.72,
2026-10-05 10:34:12.113008+05:30,NIFTY,2026-10-19,True,41,82,22530.65,2.74,
2026-10-05 10:34:13.844419+05:30,BANKNIFTY,2026-10-27,True,41,82,54857.85,1.72,
2026-10-05 10:34:15.586806+05:30,BANKNIFTY,2026-11-23,True,41,82,54858.95,1.74,
2026-10-05 10:34:17.324395+05:30,SENSEX,2026-10-08,True,41,82,72290.45,1.74,
2026-10-05 10:34:19.033236+05:30,SENSEX,2026-10-15,True,41,82,72289.78,1.71,
2026-10-05 10:34:20.752169+05:30,FINNIFTY,2026-10-27,True,41,78,24736.8,1.72,
2026-10-05 10:34:22.463128+05:30,MIDCPNIFTY,2026-10-27,True,41,82,13682.2,1.71,
2026-10-05 10:35:06.670673+05:30,NIFTY,2026-10-06,True,41,82,22529.6,1.68,
2026-10-05 10:35:08.401690+05:30,NIFTY,2026-10-13,True,41,82,22528.7,1.73,
2026-10-05 10:35:10.109495+05:30,NIFTY,2026-10-19,True,41,82,22527.6,1.71,
2026-10-05 10:35:11.829747+05:30,BANKNIFTY,2026-10-27,True,41,82,54852.0,1.72,
2026-10-05 10:35:13.562752+05:30,BANKNIFTY,2026-11-23,True,41,82,54846.95,1.73,
2026-10-05 10:35:15.287755+05:30,SENSEX,2026-10-08,True,41,81,72285.16,1.72,
2026-10-05 10:35:17.021939+05:30,SENSEX,2026-10-15,True,41,82,72278.35,1.73,
2026-10-05 10:35:18.720460+05:30,FINNIFTY,2026-10-27,True,41,78,24728.25,1.7,
2026-10-05 10:35:20.438178+05:30,MIDCPNIFTY,2026-10-27,True,41,82,13671.85,1.72,
2026-10-05 10:36:06.653736+05:30,NIFTY,2026-10-06,True,41,82,22507.7,1.67,
2026-10-05 10:36:08.417566+05:30,NIFTY,2026-10-13,True,41,82,22507.5,1.76,
2026-10-05 10:36:10.146533+05:30,NIFTY,2026-10-19,True,41,82,22506.35,1.73,
2026-10-05 10:36:11.867122+05:30,BANKNIFTY,2026-10-27,True,41,82,54801.1,1.72,
2026-10-05 10:36:13.590690+05:30,BANKNIFTY,2026-11-23,True,41,82,54805.6,1.72,
2026-10-05 10:36:15.324384+05:30,SENSEX,2026-10-08,True,41,82,72215.69,1.73,
2026-10-05 10:36:17.095824+05:30,SENSEX,2026-10-15,True,41,82,72216.99,1.77,
2026-10-05 10:36:18.832635+05:30,FINNIFTY,2026-10-27,True,41,78,24709.6,1.73,
2026-10-05 10:36:20.553069+05:30,MIDCPNIFTY,2026-10-27,True,41,82,13660.45,1.72,
2026-10-05 10:37:06.651826+05:30,NIFTY,2026-10-06,True,41,82,22514.5,1.67,
2026-10-05 10:37:08.346520+05:30,NIFTY,2026-10-13,True,41,82,22515.7,1.69,
2026-10-05 10:37:10.042463+05:30,NIFTY,2026-10-19,True,41,82,22515.1,1.69,
2026-10-05 10:37:11.743331+05:30,BANKNIFTY,2026-10-27,True,41,82,54831.25,1.7,
2026-10-05 10:37:13.428734+05:30,BANKNIFTY,2026-11-23,True,41,82,54832.25,1.68,
2026-10-05 10:37:15.418350+05:30,SENSEX,2026-10-08,True,41,82,72242.21,1.99,
2026-10-05 10:37:17.121178+05:30,SENSEX,2026-10-15,True,41,82,72239.58,1.7,
2026-10-05 10:37:18.805410+05:30,FINNIFTY,2026-10-27,True,41,81,24723.15,1.68,
2026-10-05 10:37:21.556219+05:30,MIDCPNIFTY,2026-10-27,True,41,82,13666.95,2.75,
2026-10-05 10:38:06.678092+05:30,NIFTY,2026-10-06,True,41,82,22501.4,1.69,
2026-10-05 10:38:08.387169+05:30,NIFTY,2026-10-13,True,41,82,22501.15,1.71,
2026-10-05 10:38:10.111832+05:30,NIFTY,2026-10-19,True,41,82,22500.95,1.72,
2026-10-05 10:38:11.819936+05:30,BANKNIFTY,2026-10-27,True,41,82,54794.55,1.71,
2026-10-05 10:38:13.514245+05:30,BANKNIFTY,2026-11-23,True,41,82,54795.3,1.69,
2026-10-05 10:38:15.200102+05:30,SENSEX,2026-10-08,True,41,82,72201.63,1.68,
2026-10-05 10:38:16.922144+05:30,SENSEX,2026-10-15,True,41,82,72202.89,1.72,
2026-10-05 10:38:18.609287+05:30,FINNIFTY,2026-10-27,True,41,81,24709.2,1.68,
2026-10-05 10:38:20.333728+05:30,MIDCPNIFTY,2026-10-27,True,41,82,13661.2,1.72,
2026-10-05 10:39:06.617950+05:30,NIFTY,2026-10-06,True,41,82,22484.45,1.63,
2026-10-05 10:39:08.303411+05:30,NIFTY,2026-10-13,True,41,82,22483.35,1.68,
2026-10-05 10:39:10.004601+05:30,NIFTY,2026-10-19,True,41,82,22484.65,1.7,
2026-10-05 10:39:11.690496+05:30,BANKNIFTY,2026-10-27,True,41,82,54764.1,1.69,
2026-10-05 10:39:13.435736+05:30,BANKNIFTY,2026-11-23,True,41,82,54757.15,1.74,
2026-10-05 10:39:15.140098+05:30,SENSEX,2026-10-08,True,41,82,72152.08,1.7,
2026-10-05 10:39:16.852870+05:30,SENSEX,2026-10-15,True,41,82,72153.61,1.71,
2026-10-05 10:39:18.750775+05:30,FINNIFTY,2026-10-27,True,41,81,24688.05,1.9,
2026-10-05 10:39:20.493622+05:30,MIDCPNIFTY,2026-10-27,True,41,82,13652.6,1.74,
2026-10-05 10:40:07.765300+05:30,NIFTY,2026-10-06,True,41,82,22470.65,2.79,
2026-10-05 10:40:09.508866+05:30,NIFTY,2026-10-13,True,41,82,22471.45,1.73,
2026-10-05 10:40:11.222595+05:30,NIFTY,2026-10-19,True,41,82,22470.85,1.71,
2026-10-05 10:40:13.965721+05:30,BANKNIFTY,2026-10-27,True,41,82,54737.25,2.74,
2026-10-05 10:40:15.712969+05:30,BANKNIFTY,2026-11-23,True,41,82,54736.5,1.75,
2026-10-05 10:40:17.453814+05:30,SENSEX,2026-10-08,True,41,82,72113.63,1.74,
2026-10-05 10:40:19.202569+05:30,SENSEX,2026-10-15,True,41,82,72116.13,1.75,
2026-10-05 10:40:20.958241+05:30,FINNIFTY,2026-10-27,True,41,80,24687.75,1.75,
2026-10-05 10:40:22.688403+05:30,MIDCPNIFTY,2026-10-27,True,41,82,13655.5,1.73,
2026-10-05 10:41:06.712123+05:30,NIFTY,2026-10-06,True,41,82,22482.35,1.73,
2026-10-05 10:41:08.452236+05:30,NIFTY,2026-10-13,True,41,82,22482.05,1.74,
2026-10-05 10:41:10.166395+05:30,NIFTY,2026-10-19,True,41,82,22482.8,1.71,
2026-10-05 10:41:11.889357+05:30,BANKNIFTY,2026-10-27,True,41,82,54761.75,1.72,
2026-10-05 10:41:13.638591+05:30,BANKNIFTY,2026-11-23,True,41,82,54762.6,1.75,
2026-10-05 10:41:15.377775+05:30,SENSEX,2026-10-08,True,41,82,72132.69,1.74,
2026-10-05 10:41:17.105902+05:30,SENSEX,2026-10-15,True,41,82,72132.69,1.73,
2026-10-05 10:41:18.830211+05:30,FINNIFTY,2026-10-27,True,41,79,24688.2,1.72,
2026-10-05 10:41:20.576444+05:30,MIDCPNIFTY,2026-10-27,True,41,82,13658.75,1.74,
2026-10-05 10:42:06.696719+05:30,NIFTY,2026-10-06,True,41,82,22489.15,1.71,
2026-10-05 10:42:08.424905+05:30,NIFTY,2026-10-13,True,41,82,22489.45,1.73,
2026-10-05 10:42:10.136758+05:30,NIFTY,2026-10-19,True,41,82,22489.7,1.71,
2026-10-05 10:42:12.864203+05:30,BANKNIFTY,2026-10-27,True,41,82,54810.35,2.73,
2026-10-05 10:42:14.586232+05:30,BANKNIFTY,2026-11-23,True,41,82,54801.4,1.72,
2026-10-05 10:42:16.293472+05:30,SENSEX,2026-10-08,True,41,82,72166.7,1.71,
2026-10-05 10:42:18.012489+05:30,SENSEX,2026-10-15,True,41,82,72168.63,1.72,
2026-10-05 10:42:19.757545+05:30,FINNIFTY,2026-10-27,True,41,81,24704.35,1.74,
2026-10-05 10:42:21.486735+05:30,MIDCPNIFTY,2026-10-27,True,41,82,13672.4,1.73,
2026-10-05 10:43:06.655110+05:30,NIFTY,2026-10-06,True,41,82,22493.1,1.67,
2026-10-05 10:43:08.419121+05:30,NIFTY,2026-10-13,True,41,82,22492.55,1.76,
2026-10-05 10:43:10.139261+05:30,NIFTY,2026-10-19,True,41,82,22492.85,1.72,
2026-10-05 10:43:11.880556+05:30,BANKNIFTY,2026-10-27,True,41,82,54800.3,1.74,
2026-10-05 10:43:13.590832+05:30,BANKNIFTY,2026-11-23,True,41,82,54798.65,1.71,
2026-10-05 10:43:15.308841+05:30,SENSEX,2026-10-08,True,41,82,72159.18,1.72,
2026-10-05 10:43:17.022134+05:30,SENSEX,2026-10-15,True,41,82,72162.12,1.71,
2026-10-05 10:43:18.769773+05:30,FINNIFTY,2026-10-27,True,41,81,24698.15,1.75,
2026-10-05 10:43:20.498536+05:30,MIDCPNIFTY,2026-10-27,True,41,82,13673.9,1.73,
2026-10-05 10:44:06.669173+05:30,NIFTY,2026-10-06,True,41,82,22489.4,1.68,
2026-10-05 10:44:08.399870+05:30,NIFTY,2026-10-13,True,41,82,22488.85,1.73,
2026-10-05 10:44:10.139586+05:30,NIFTY,2026-10-19,True,41,82,22487.85,1.74,
2026-10-05 10:44:11.878638+05:30,BANKNIFTY,2026-10-27,True,41,82,54786.0,1.74,
2026-10-05 10:44:14.613549+05:30,BANKNIFTY,2026-11-23,True,41,82,54781.25,2.73,
2026-10-05 10:44:16.380387+05:30,SENSEX,2026-10-08,True,41,82,72150.51,1.77,
2026-10-05 10:44:18.142530+05:30,SENSEX,2026-10-15,True,41,82,72149.93,1.76,
2026-10-05 10:44:20.723615+05:30,FINNIFTY,2026-10-27,True,41,81,24684.85,2.58,
2026-10-05 10:44:22.486008+05:30,MIDCPNIFTY,2026-10-27,True,41,82,13667.85,1.76,
2026-10-05 10:45:06.694798+05:30,NIFTY,2026-10-06,True,41,82,22488.5,1.71,
2026-10-05 10:45:08.450757+05:30,NIFTY,2026-10-13,True,41,82,22488.55,1.76,
2026-10-05 10:45:10.178628+05:30,NIFTY,2026-10-19,True,41,82,22491.0,1.72,
2026-10-05 10:45:11.920828+05:30,BANKNIFTY,2026-10-27,True,41,82,54789.5,1.74,
2026-10-05 10:45:13.670512+05:30,BANKNIFTY,2026-11-23,True,41,82,54785.45,1.75,
2026-10-05 10:45:15.385238+05:30,SENSEX,2026-10-08,True,41,82,72143.32,1.71,
2026-10-05 10:45:17.116299+05:30,SENSEX,2026-10-15,True,41,82,72145.04,1.73,
2026-10-05 10:45:18.820324+05:30,FINNIFTY,2026-10-27,True,41,81,24693.4,1.7,
2026-10-05 10:45:20.547369+05:30,MIDCPNIFTY,2026-10-27,True,41,82,13670.9,1.73,
2026-10-05 10:46:06.683469+05:30,NIFTY,2026-10-06,True,41,82,22482.35,1.7,
2026-10-05 10:46:08.431738+05:30,NIFTY,2026-10-13,True,41,82,22482.6,1.74,
2026-10-05 10:46:10.150449+05:30,NIFTY,2026-10-19,True,41,82,22481.35,1.72,
2026-10-05 10:46:11.873386+05:30,BANKNIFTY,2026-10-27,True,41,82,54779.3,1.72,
2026-10-05 10:46:13.599805+05:30,BANKNIFTY,2026-11-23,True,41,82,54776.9,1.73,
2026-10-05 10:46:15.323243+05:30,SENSEX,2026-10-08,True,41,82,72135.9,1.72,
2026-10-05 10:46:17.043924+05:30,SENSEX,2026-10-15,True,41,82,72132.2,1.72,
2026-10-05 10:46:18.780836+05:30,FINNIFTY,2026-10-27,True,41,81,24693.4,1.73,
2026-10-05 10:46:20.515984+05:30,MIDCPNIFTY,2026-10-27,True,41,82,13661.7,1.73,
2026-10-05 10:47:06.662608+05:30,NIFTY,2026-10-06,True,41,82,22477.95,1.68,
2026-10-05 10:47:08.396826+05:30,NIFTY,2026-10-13,True,41,82,22478.15,1.73,
2026-10-05 10:47:10.114252+05:30,NIFTY,2026-10-19,True,41,82,22477.55,1.72,
2026-10-05 10:47:11.833539+05:30,BANKNIFTY,2026-10-27,True,41,82,54761.25,1.72,
2026-10-05 10:47:13.606842+05:30,BANKNIFTY,2026-11-23,True,41,82,54767.35,1.77,
2026-10-05 10:47:15.305753+05:30,SENSEX,2026-10-08,True,41,82,72117.53,1.7,
2026-10-05 10:47:17.075720+05:30,SENSEX,2026-10-15,True,41,82,72116.32,1.77,
2026-10-05 10:47:18.771520+05:30,FINNIFTY,2026-10-27,True,41,81,24692.1,1.69,
2026-10-05 10:47:20.490837+05:30,MIDCPNIFTY,2026-10-27,True,41,82,13662.9,1.72,
2026-10-05 10:48:06.674990+05:30,NIFTY,2026-10-06,True,41,82,22488.9,1.69,
2026-10-05 10:48:08.405337+05:30,NIFTY,2026-10-13,True,41,82,22489.4,1.73,
2026-10-05 10:48:10.131330+05:30,NIFTY,2026-10-19,True,41,82,22489.75,1.73,
2026-10-05 10:48:11.855301+05:30,BANKNIFTY,2026-10-27,True,41,82,54788.0,1.72,
2026-10-05 10:48:13.624008+05:30,BANKNIFTY,2026-11-23,True,41,82,54789.8,1.77,
2026-10-05 10:48:15.370195+05:30,SENSEX,2026-10-08,True,41,82,72137.02,1.75,
2026-10-05 10:48:17.091655+05:30,SENSEX,2026-10-15,True,41,82,72142.0,1.72,
2026-10-05 10:48:18.811773+05:30,FINNIFTY,2026-10-27,True,41,81,24701.45,1.72,
2026-10-05 10:48:20.835234+05:30,MIDCPNIFTY,2026-10-27,True,41,82,13674.65,2.02,
2026-10-05 10:49:06.660582+05:30,NIFTY,2026-10-06,True,41,82,22488.45,1.67,
2026-10-05 10:49:08.401979+05:30,NIFTY,2026-10-13,True,41,82,22489.0,1.74,
2026-10-05 10:49:10.116206+05:30,NIFTY,2026-10-19,True,41,82,22489.65,1.71,
2026-10-05 10:49:11.819075+05:30,BANKNIFTY,2026-10-27,True,41,82,54779.55,1.7,
2026-10-05 10:49:13.532365+05:30,BANKNIFTY,2026-11-23,True,41,82,54786.9,1.71,
2026-10-05 10:49:15.236504+05:30,SENSEX,2026-10-08,True,41,82,72149.28,1.7,
2026-10-05 10:49:16.939775+05:30,SENSEX,2026-10-15,True,41,82,72150.42,1.7,
2026-10-05 10:49:18.654832+05:30,FINNIFTY,2026-10-27,True,41,81,24697.45,1.71,
2026-10-05 10:49:20.392637+05:30,MIDCPNIFTY,2026-10-27,True,41,82,13675.75,1.74,
2026-10-05 10:50:06.655568+05:30,NIFTY,2026-10-06,True,41,82,22489.6,1.67,
2026-10-05 10:50:08.372683+05:30,NIFTY,2026-10-13,True,41,82,22489.85,1.71,
2026-10-05 10:50:10.115675+05:30,NIFTY,2026-10-19,True,41,82,22489.85,1.74,
2026-10-05 10:50:11.824725+05:30,BANKNIFTY,2026-10-27,True,41,82,54784.0,1.71,
2026-10-05 10:50:13.546776+05:30,BANKNIFTY,2026-11-23,True,41,82,54781.15,1.72,
2026-10-05 10:50:15.493176+05:30,SENSEX,2026-10-08,True,41,82,72153.66,1.95,
2026-10-05 10:50:17.196792+05:30,SENSEX,2026-10-15,True,41,82,72151.38,1.7,
2026-10-05 10:50:19.493174+05:30,FINNIFTY,2026-10-27,True,41,81,24689.5,2.29,
2026-10-05 10:50:21.196450+05:30,MIDCPNIFTY,2026-10-27,True,41,82,13671.5,1.7,
2026-10-05 10:51:06.648544+05:30,NIFTY,2026-10-06,True,41,82,22485.4,1.66,
2026-10-05 10:51:08.369057+05:30,NIFTY,2026-10-13,True,41,82,22486.0,1.72,
2026-10-05 10:51:10.090110+05:30,NIFTY,2026-10-19,True,41,82,22485.95,1.72,
2026-10-05 10:51:11.820185+05:30,BANKNIFTY,2026-10-27,True,41,82,54749.3,1.73,
2026-10-05 10:51:13.555783+05:30,BANKNIFTY,2026-11-23,True,41,82,54757.8,1.73,
2026-10-05 10:51:15.272683+05:30,SENSEX,2026-10-08,True,41,82,72142.35,1.72,
2026-10-05 10:51:16.992893+05:30,SENSEX,2026-10-15,True,41,82,72140.99,1.72,
2026-10-05 10:51:18.707554+05:30,FINNIFTY,2026-10-27,True,41,81,24678.45,1.71,
2026-10-05 10:51:20.414171+05:30,MIDCPNIFTY,2026-10-27,True,41,82,13672.7,1.71,
2026-10-05 10:52:06.706359+05:30,NIFTY,2026-10-06,True,41,82,22485.85,1.72,
2026-10-05 10:52:08.459467+05:30,NIFTY,2026-10-13,True,41,82,22482.1,1.75,
2026-10-05 10:52:10.654844+05:30,NIFTY,2026-10-19,True,41,82,22480.55,2.19,
2026-10-05 10:52:12.386787+05:30,BANKNIFTY,2026-10-27,True,41,82,54721.3,1.73,
2026-10-05 10:52:14.109986+05:30,BANKNIFTY,2026-11-23,True,41,82,54715.9,1.72,
2026-10-05 10:52:15.821842+05:30,SENSEX,2026-10-08,True,41,82,72124.76,1.71,
2026-10-05 10:52:17.513216+05:30,SENSEX,2026-10-15,True,41,82,72120.85,1.69,
2026-10-05 10:52:19.223813+05:30,FINNIFTY,2026-10-27,True,41,81,24659.85,1.71,
2026-10-05 10:52:20.926107+05:30,MIDCPNIFTY,2026-10-27,True,41,82,13672.45,1.7,
2026-10-05 10:53:06.664370+05:30,NIFTY,2026-10-06,True,41,82,22486.35,1.68,
2026-10-05 10:53:08.402279+05:30,NIFTY,2026-10-13,True,41,82,22484.9,1.74,
2026-10-05 10:53:10.125210+05:30,NIFTY,2026-10-19,True,41,82,22485.45,1.72,
2026-10-05 10:53:11.853238+05:30,BANKNIFTY,2026-10-27,True,41,82,54720.2,1.73,
2026-10-05 10:53:13.614577+05:30,BANKNIFTY,2026-11-23,True,41,82,54715.8,1.76,
2026-10-05 10:53:15.328841+05:30,SENSEX,2026-10-08,True,41,82,72129.96,1.71,
2026-10-05 10:53:17.028557+05:30,SENSEX,2026-10-15,True,41,82,72127.07,1.7,
2026-10-05 10:53:18.737374+05:30,FINNIFTY,2026-10-27,True,41,81,24662.1,1.71,
2026-10-05 10:53:20.456125+05:30,MIDCPNIFTY,2026-10-27,True,41,82,13669.0,1.72,
2026-10-05 10:54:06.670452+05:30,NIFTY,2026-10-06,True,41,82,22480.6,1.68,
2026-10-05 10:54:08.402408+05:30,NIFTY,2026-10-13,True,41,82,22480.85,1.73,
2026-10-05 10:54:10.930863+05:30,NIFTY,2026-10-19,True,41,82,22480.2,2.53,
2026-10-05 10:54:12.698614+05:30,BANKNIFTY,2026-10-27,True,41,82,54684.2,1.77,
2026-10-05 10:54:14.459827+05:30,BANKNIFTY,2026-11-23,True,41,82,54683.65,1.76,
2026-10-05 10:54:16.402732+05:30,SENSEX,2026-10-08,True,41,82,72119.62,1.94,
2026-10-05 10:54:18.435356+05:30,SENSEX,2026-10-15,True,41,82,72123.53,2.03,
2026-10-05 10:54:20.172264+05:30,FINNIFTY,2026-10-27,True,41,81,24644.15,1.73,
2026-10-05 10:54:21.909929+05:30,MIDCPNIFTY,2026-10-27,True,41,82,13661.7,1.74,
2026-10-05 10:55:06.722958+05:30,NIFTY,2026-10-06,True,41,82,22468.85,1.74,
2026-10-05 10:55:08.446790+05:30,NIFTY,2026-10-13,True,41,82,22469.5,1.72,
2026-10-05 10:55:10.174304+05:30,NIFTY,2026-10-19,True,41,82,22469.4,1.73,
2026-10-05 10:55:11.917925+05:30,BANKNIFTY,2026-10-27,True,41,82,54650.05,1.74,
2026-10-05 10:55:13.659751+05:30,BANKNIFTY,2026-11-23,True,41,82,54646.25,1.74,
2026-10-05 10:55:15.423607+05:30,SENSEX,2026-10-08,True,41,82,72082.89,1.76,
2026-10-05 10:55:17.154056+05:30,SENSEX,2026-10-15,True,41,82,72085.09,1.73,
2026-10-05 10:55:18.884819+05:30,FINNIFTY,2026-10-27,True,41,80,24627.65,1.73,
2026-10-05 10:55:20.635380+05:30,MIDCPNIFTY,2026-10-27,True,41,82,13649.2,1.75,
2026-10-05 10:56:06.756494+05:30,NIFTY,2026-10-06,True,41,82,22473.7,1.77,
2026-10-05 10:56:08.512247+05:30,NIFTY,2026-10-13,True,41,82,22474.9,1.75,
2026-10-05 10:56:10.249481+05:30,NIFTY,2026-10-19,True,41,82,22474.75,1.74,
2026-10-05 10:56:12.009800+05:30,BANKNIFTY,2026-10-27,True,41,82,54691.55,1.76,
2026-10-05 10:56:13.809292+05:30,BANKNIFTY,2026-11-23,True,41,82,54689.15,1.8,
2026-10-05 10:56:15.572125+05:30,SENSEX,2026-10-08,True,41,82,72100.55,1.76,
2026-10-05 10:56:17.303758+05:30,SENSEX,2026-10-15,True,41,82,72109.89,1.73,
2026-10-05 10:56:19.044061+05:30,FINNIFTY,2026-10-27,True,41,80,24650.05,1.74,
2026-10-05 10:56:20.777035+05:30,MIDCPNIFTY,2026-10-27,True,41,82,13663.3,1.73,
2026-10-05 10:57:06.694459+05:30,NIFTY,2026-10-06,True,41,82,22486.2,1.71,
2026-10-05 10:57:08.444593+05:30,NIFTY,2026-10-13,True,41,82,22486.85,1.75,
2026-10-05 10:57:10.205797+05:30,NIFTY,2026-10-19,True,41,82,22489.45,1.76,
2026-10-05 10:57:11.973480+05:30,BANKNIFTY,2026-10-27,True,41,82,54703.25,1.77,
2026-10-05 10:57:13.724454+05:30,BANKNIFTY,2026-11-23,True,41,82,54695.45,1.75,
2026-10-05 10:57:15.456803+05:30,SENSEX,2026-10-08,True,41,82,72144.98,1.73,
2026-10-05 10:57:18.225413+05:30,SENSEX,2026-10-15,True,41,82,72144.58,2.77,
2026-10-05 10:57:19.967773+05:30,FINNIFTY,2026-10-27,True,41,79,24649.95,1.74,
2026-10-05 10:57:22.789320+05:30,MIDCPNIFTY,2026-10-27,True,41,82,13668.2,2.82,
2026-10-05 10:58:07.138075+05:30,NIFTY,2026-10-06,True,41,82,22497.2,2.15,
2026-10-05 10:58:08.879586+05:30,NIFTY,2026-10-13,True,41,82,22497.7,1.74,
2026-10-05 10:58:10.634623+05:30,NIFTY,2026-10-19,True,41,82,22498.8,1.75,
2026-10-05 10:58:12.404790+05:30,BANKNIFTY,2026-10-27,True,41,82,54719.35,1.77,
2026-10-05 10:58:14.170041+05:30,BANKNIFTY,2026-11-23,True,41,82,54717.05,1.76,
2026-10-05 10:58:15.896188+05:30,SENSEX,2026-10-08,True,41,82,72175.76,1.72,
2026-10-05 10:58:17.638486+05:30,SENSEX,2026-10-15,True,41,82,72175.3,1.74,
2026-10-05 10:58:19.381068+05:30,FINNIFTY,2026-10-27,True,41,79,24661.65,1.74,
2026-10-05 10:58:21.158110+05:30,MIDCPNIFTY,2026-10-27,True,41,82,13674.5,1.78,
2026-10-05 10:59:06.737922+05:30,NIFTY,2026-10-06,True,41,82,22504.65,1.75,
2026-10-05 10:59:08.513715+05:30,NIFTY,2026-10-13,True,41,82,22508.1,1.77,
2026-10-05 10:59:10.285142+05:30,NIFTY,2026-10-19,True,41,82,22508.15,1.77,
2026-10-05 10:59:12.074589+05:30,BANKNIFTY,2026-10-27,True,41,82,54724.65,1.79,
2026-10-05 10:59:13.821072+05:30,BANKNIFTY,2026-11-23,True,41,82,54729.75,1.75,
2026-10-05 10:59:15.816643+05:30,SENSEX,2026-10-08,True,41,82,72201.8,1.99,
2026-10-05 10:59:17.587926+05:30,SENSEX,2026-10-15,True,41,82,72212.77,1.77,
2026-10-05 10:59:19.348284+05:30,FINNIFTY,2026-10-27,True,41,80,24666.55,1.76,
2026-10-05 10:59:21.098498+05:30,MIDCPNIFTY,2026-10-27,True,41,82,13684.55,1.75,
2026-10-05 11:00:06.703346+05:30,NIFTY,2026-10-06,True,41,82,22502.6,1.72,
2026-10-05 11:00:08.459502+05:30,NIFTY,2026-10-13,True,41,82,22502.55,1.75,
2026-10-05 11:00:10.233001+05:30,NIFTY,2026-10-19,True,41,82,22501.55,1.77,
2026-10-05 11:00:12.627211+05:30,BANKNIFTY,2026-10-27,True,41,82,54696.95,2.39,
2026-10-05 11:00:14.421085+05:30,BANKNIFTY,2026-11-23,True,41,82,54695.05,1.79,
2026-10-05 11:00:16.170812+05:30,SENSEX,2026-10-08,True,41,82,72190.86,1.75,
2026-10-05 11:00:17.904162+05:30,SENSEX,2026-10-15,True,41,82,72187.43,1.73,
2026-10-05 11:00:19.643267+05:30,FINNIFTY,2026-10-27,True,41,80,24653.6,1.74,
2026-10-05 11:00:21.435382+05:30,MIDCPNIFTY,2026-10-27,True,41,82,13682.35,1.79,
2026-10-05 11:01:06.677892+05:30,NIFTY,2026-10-06,True,41,82,22501.45,1.69,
2026-10-05 11:01:08.444262+05:30,NIFTY,2026-10-13,True,41,82,22503.35,1.76,
2026-10-05 11:01:10.191385+05:30,NIFTY,2026-10-19,True,41,82,22502.5,1.74,
2026-10-05 11:01:11.945992+05:30,BANKNIFTY,2026-10-27,True,41,82,54693.75,1.75,
2026-10-05 11:01:13.729305+05:30,BANKNIFTY,2026-11-23,True,41,82,54688.7,1.78,
2026-10-05 11:01:15.608744+05:30,SENSEX,2026-10-08,True,41,82,72191.22,1.88,
2026-10-05 11:01:17.349648+05:30,SENSEX,2026-10-15,True,41,82,72187.69,1.74,
2026-10-05 11:01:19.082379+05:30,FINNIFTY,2026-10-27,True,41,80,24652.25,1.73,
2026-10-05 11:01:20.831540+05:30,MIDCPNIFTY,2026-10-27,True,41,82,13680.0,1.75,
2026-10-05 11:02:06.704370+05:30,NIFTY,2026-10-06,True,41,82,22502.65,1.72,
2026-10-05 11:02:08.520400+05:30,NIFTY,2026-10-13,True,41,82,22503.8,1.81,
2026-10-05 11:02:10.250720+05:30,NIFTY,2026-10-19,True,41,82,22499.75,1.73,
2026-10-05 11:02:12.015261+05:30,BANKNIFTY,2026-10-27,True,41,82,54672.85,1.76,
2026-10-05 11:02:13.757963+05:30,BANKNIFTY,2026-11-23,True,41,82,54678.7,1.74,
2026-10-05 11:02:15.478049+05:30,SENSEX,2026-10-08,True,41,82,72183.15,1.72,
2026-10-05 11:02:17.225857+05:30,SENSEX,2026-10-15,True,41,82,72183.6,1.75,
2026-10-05 11:02:18.976479+05:30,FINNIFTY,2026-10-27,True,41,81,24646.9,1.75,
2026-10-05 11:02:20.709063+05:30,MIDCPNIFTY,2026-10-27,True,41,82,13681.45,1.73,
2026-10-05 11:03:06.670397+05:30,NIFTY,2026-10-06,True,41,82,22504.7,1.68,
2026-10-05 11:03:08.450398+05:30,NIFTY,2026-10-13,True,41,82,22504.65,1.82,
2026-10-05 11:03:10.215893+05:30,NIFTY,2026-10-19,True,41,82,22504.5,1.72,
2026-10-05 11:03:11.959689+05:30,BANKNIFTY,2026-10-27,True,41,82,54696.0,1.74,
2026-10-05 11:03:13.694944+05:30,BANKNIFTY,2026-11-23,True,41,82,54696.5,1.73,
2026-10-05 11:03:15.422063+05:30,SENSEX,2026-10-08,True,41,82,72194.86,1.73,
2026-10-05 11:03:17.160281+05:30,SENSEX,2026-10-15,True,41,82,72193.11,1.74,
2026-10-05 11:03:18.899647+05:30,FINNIFTY,2026-10-27,True,41,81,24652.15,1.74,
2026-10-05 11:03:21.138220+05:30,MIDCPNIFTY,2026-10-27,True,41,82,13675.6,2.24,
2026-10-05 11:04:06.740948+05:30,NIFTY,2026-10-06,True,41,82,22498.05,1.75,
2026-10-05 11:04:08.520131+05:30,NIFTY,2026-10-13,True,41,82,22497.7,1.78,
2026-10-05 11:04:10.286354+05:30,NIFTY,2026-10-19,True,41,82,22498.25,1.77,
2026-10-05 11:04:12.049319+05:30,BANKNIFTY,2026-10-27,True,41,82,54677.25,1.76,
2026-10-05 11:04:13.836210+05:30,BANKNIFTY,2026-11-23,True,41,82,54680.0,1.79,
2026-10-05 11:04:15.622278+05:30,SENSEX,2026-10-08,True,41,82,72173.28,1.78,
2026-10-05 11:04:17.436481+05:30,SENSEX,2026-10-15,True,41,82,72177.59,1.81,
2026-10-05 11:04:19.238069+05:30,FINNIFTY,2026-10-27,True,41,81,24652.0,1.8,
2026-10-05 11:04:20.977485+05:30,MIDCPNIFTY,2026-10-27,True,41,82,13669.6,1.74,
2026-10-05 11:05:06.727832+05:30,NIFTY,2026-10-06,True,41,82,22498.8,1.74,
2026-10-05 11:05:08.465636+05:30,NIFTY,2026-10-13,True,41,82,22498.9,1.74,
2026-10-05 11:05:10.215446+05:30,NIFTY,2026-10-19,True,41,82,22498.5,1.74,
2026-10-05 11:05:11.975624+05:30,BANKNIFTY,2026-10-27,True,41,82,54683.75,1.76,
2026-10-05 11:05:13.730139+05:30,BANKNIFTY,2026-11-23,True,41,82,54686.55,1.75,
2026-10-05 11:05:15.478293+05:30,SENSEX,2026-10-08,True,41,82,72167.54,1.75,
2026-10-05 11:05:17.202627+05:30,SENSEX,2026-10-15,True,41,82,72169.34,1.72,
2026-10-05 11:05:18.931780+05:30,FINNIFTY,2026-10-27,True,41,81,24660.0,1.73,
2026-10-05 11:05:21.165698+05:30,MIDCPNIFTY,2026-10-27,True,41,82,13669.55,2.23,
2026-10-05 11:06:06.715106+05:30,NIFTY,2026-10-06,True,41,82,22495.9,1.73,
2026-10-05 11:06:08.481182+05:30,NIFTY,2026-10-13,True,41,82,22495.4,1.76,
2026-10-05 11:06:10.218315+05:30,NIFTY,2026-10-19,True,41,82,22494.75,1.74,
2026-10-05 11:06:11.986442+05:30,BANKNIFTY,2026-10-27,True,41,82,54666.35,1.77,
2026-10-05 11:06:13.743253+05:30,BANKNIFTY,2026-11-23,True,41,82,54670.45,1.76,
2026-10-05 11:06:15.493896+05:30,SENSEX,2026-10-08,True,41,82,72152.27,1.76,
2026-10-05 11:06:17.241228+05:30,SENSEX,2026-10-15,True,41,82,72147.94,1.74,
2026-10-05 11:06:18.975918+05:30,FINNIFTY,2026-10-27,True,41,81,24647.8,1.73,
2026-10-05 11:06:20.706853+05:30,MIDCPNIFTY,2026-10-27,True,41,82,13666.65,1.73,
2026-10-05 11:07:06.686246+05:30,NIFTY,2026-10-06,True,41,82,22499.15,1.7,
2026-10-05 11:07:08.414362+05:30,NIFTY,2026-10-13,True,41,82,22498.8,1.73,
2026-10-05 11:07:10.158786+05:30,NIFTY,2026-10-19,True,41,82,22498.9,1.74,
2026-10-05 11:07:11.930514+05:30,BANKNIFTY,2026-10-27,True,41,82,54670.7,1.77,
2026-10-05 11:07:13.738389+05:30,BANKNIFTY,2026-11-23,True,41,82,54669.85,1.81,
2026-10-05 11:07:15.693668+05:30,SENSEX,2026-10-08,True,41,82,72171.01,1.95,
2026-10-05 11:07:17.451799+05:30,SENSEX,2026-10-15,True,41,82,72168.6,1.76,
2026-10-05 11:07:19.178552+05:30,FINNIFTY,2026-10-27,True,41,80,24652.4,1.72,
2026-10-05 11:07:20.912382+05:30,MIDCPNIFTY,2026-10-27,True,41,82,13664.25,1.73,
2026-10-05 11:08:06.698805+05:30,NIFTY,2026-10-06,True,41,82,22498.55,1.71,
2026-10-05 11:08:08.496946+05:30,NIFTY,2026-10-13,True,41,82,22496.05,1.8,
2026-10-05 11:08:10.232000+05:30,NIFTY,2026-10-19,True,41,82,22494.6,1.73,
2026-10-05 11:08:11.977826+05:30,BANKNIFTY,2026-10-27,True,41,82,54666.8,1.74,
2026-10-05 11:08:13.753308+05:30,BANKNIFTY,2026-11-23,True,41,82,54666.95,1.78,
2026-10-05 11:08:15.484164+05:30,SENSEX,2026-10-08,True,41,82,72160.71,1.73,
2026-10-05 11:08:17.249496+05:30,SENSEX,2026-10-15,True,41,82,72159.9,1.76,
2026-10-05 11:08:19.012340+05:30,FINNIFTY,2026-10-27,True,41,80,24655.0,1.76,
2026-10-05 11:08:20.767388+05:30,MIDCPNIFTY,2026-10-27,True,41,82,13663.45,1.75,
2026-10-05 11:09:07.756112+05:30,NIFTY,2026-10-06,True,41,82,22492.2,2.77,
2026-10-05 11:09:09.504143+05:30,NIFTY,2026-10-13,True,41,82,22491.5,1.74,
2026-10-05 11:09:11.254296+05:30,NIFTY,2026-10-19,True,41,82,22491.5,1.75,
2026-10-05 11:09:13.001928+05:30,BANKNIFTY,2026-10-27,True,41,82,54647.6,1.75,
2026-10-05 11:09:14.758496+05:30,BANKNIFTY,2026-11-23,True,41,82,54647.45,1.76,
2026-10-05 11:09:16.519876+05:30,SENSEX,2026-10-08,True,41,82,72129.48,1.76,
2026-10-05 11:09:18.244138+05:30,SENSEX,2026-10-15,True,41,82,72132.92,1.72,
2026-10-05 11:09:19.981654+05:30,FINNIFTY,2026-10-27,True,41,80,24638.45,1.74,
2026-10-05 11:09:21.737231+05:30,MIDCPNIFTY,2026-10-27,True,41,82,13661.4,1.75,
2026-10-05 11:10:07.773624+05:30,NIFTY,2026-10-06,True,41,82,22495.3,2.79,
2026-10-05 11:10:09.505234+05:30,NIFTY,2026-10-13,True,41,82,22495.5,1.73,
2026-10-05 11:10:11.251819+05:30,NIFTY,2026-10-19,True,41,82,22496.2,1.75,
2026-10-05 11:10:13.022523+05:30,BANKNIFTY,2026-10-27,True,41,82,54634.3,1.77,
2026-10-05 11:10:14.773999+05:30,BANKNIFTY,2026-11-23,True,41,82,54631.85,1.75,
2026-10-05 11:10:16.578406+05:30,SENSEX,2026-10-08,True,41,82,72154.1,1.8,
2026-10-05 11:10:18.337095+05:30,SENSEX,2026-10-15,True,41,82,72153.91,1.76,
2026-10-05 11:10:20.088654+05:30,FINNIFTY,2026-10-27,True,41,80,24635.75,1.75,
2026-10-05 11:10:21.825457+05:30,MIDCPNIFTY,2026-10-27,True,41,82,13662.55,1.74,
2026-10-05 11:11:06.707565+05:30,NIFTY,2026-10-06,True,41,82,22492.6,1.72,
2026-10-05 11:11:08.451435+05:30,NIFTY,2026-10-13,True,41,82,22492.15,1.74,
2026-10-05 11:11:10.525406+05:30,NIFTY,2026-10-19,True,41,82,22492.25,2.07,
2026-10-05 11:11:12.274169+05:30,BANKNIFTY,2026-10-27,True,41,82,54610.15,1.75,
2026-10-05 11:11:14.023918+05:30,BANKNIFTY,2026-11-23,True,41,82,54608.3,1.75,
2026-10-05 11:11:15.765353+05:30,SENSEX,2026-10-08,True,41,82,72143.27,1.74,
2026-10-05 11:11:17.515902+05:30,SENSEX,2026-10-15,True,41,82,72143.73,1.75,
2026-10-05 11:11:19.251127+05:30,FINNIFTY,2026-10-27,True,41,80,24623.25,1.73,
2026-10-05 11:11:21.043519+05:30,MIDCPNIFTY,2026-10-27,True,41,82,13652.75,1.79,
2026-10-05 11:12:06.681139+05:30,NIFTY,2026-10-06,True,41,82,22491.55,1.7,
2026-10-05 11:12:08.433887+05:30,NIFTY,2026-10-13,True,41,82,22491.8,1.75,
2026-10-05 11:12:10.163790+05:30,NIFTY,2026-10-19,True,41,82,22490.4,1.72,
2026-10-05 11:12:11.914350+05:30,BANKNIFTY,2026-10-27,True,41,82,54609.55,1.75,
2026-10-05 11:12:13.671737+05:30,BANKNIFTY,2026-11-23,True,41,82,54605.5,1.76,
2026-10-05 11:12:15.397411+05:30,SENSEX,2026-10-08,True,41,82,72138.77,1.72,
2026-10-05 11:12:17.117709+05:30,SENSEX,2026-10-15,True,41,82,72139.02,1.72,
2026-10-05 11:12:18.858478+05:30,FINNIFTY,2026-10-27,True,41,81,24620.95,1.74,
2026-10-05 11:12:20.581442+05:30,MIDCPNIFTY,2026-10-27,True,41,82,13653.95,1.72,
2026-10-05 11:13:06.682927+05:30,NIFTY,2026-10-06,True,41,82,22496.4,1.7,
2026-10-05 11:13:08.408446+05:30,NIFTY,2026-10-13,True,41,82,22497.1,1.72,
2026-10-05 11:13:10.165707+05:30,NIFTY,2026-10-19,True,41,82,22496.9,1.76,
2026-10-05 11:13:11.913475+05:30,BANKNIFTY,2026-10-27,True,41,82,54612.2,1.75,
2026-10-05 11:13:13.654056+05:30,BANKNIFTY,2026-11-23,True,41,82,54615.05,1.74,
2026-10-05 11:13:15.406242+05:30,SENSEX,2026-10-08,True,41,82,72161.02,1.75,
2026-10-05 11:13:17.114680+05:30,SENSEX,2026-10-15,True,41,82,72162.21,1.71,
2026-10-05 11:13:18.841127+05:30,FINNIFTY,2026-10-27,True,41,81,24628.2,1.72,
2026-10-05 11:13:20.587124+05:30,MIDCPNIFTY,2026-10-27,True,41,82,13656.05,1.74,
2026-10-05 11:14:06.680196+05:30,NIFTY,2026-10-06,True,41,82,22497.4,1.69,
2026-10-05 11:14:08.430973+05:30,NIFTY,2026-10-13,True,41,82,22497.75,1.75,
2026-10-05 11:14:10.174083+05:30,NIFTY,2026-10-19,True,41,82,22497.65,1.74,
2026-10-05 11:14:11.912819+05:30,BANKNIFTY,2026-10-27,True,41,82,54610.45,1.74,
2026-10-05 11:14:13.684714+05:30,BANKNIFTY,2026-11-23,True,41,82,54610.05,1.77,
2026-10-05 11:14:15.472847+05:30,SENSEX,2026-10-08,True,41,82,72161.79,1.79,
2026-10-05 11:14:17.264096+05:30,SENSEX,2026-10-15,True,41,82,72160.95,1.79,
2026-10-05 11:14:19.013944+05:30,FINNIFTY,2026-10-27,True,41,81,24619.75,1.75,
2026-10-05 11:14:20.759923+05:30,MIDCPNIFTY,2026-10-27,True,41,82,13657.9,1.74,
2026-10-05 11:15:07.186682+05:30,NIFTY,2026-10-06,True,41,82,22487.7,2.2,
2026-10-05 11:15:08.921171+05:30,NIFTY,2026-10-13,True,41,82,22487.7,1.73,
2026-10-05 11:15:10.669727+05:30,NIFTY,2026-10-19,True,41,82,22486.9,1.75,
2026-10-05 11:15:12.445364+05:30,BANKNIFTY,2026-10-27,True,41,82,54597.8,1.77,
2026-10-05 11:15:14.176375+05:30,BANKNIFTY,2026-11-23,True,41,82,54593.4,1.73,
2026-10-05 11:15:15.899694+05:30,SENSEX,2026-10-08,True,41,82,72115.49,1.72,
2026-10-05 11:15:17.623054+05:30,SENSEX,2026-10-15,True,41,82,72117.01,1.72,
2026-10-05 11:15:19.356952+05:30,FINNIFTY,2026-10-27,True,41,81,24610.9,1.73,
2026-10-05 11:15:21.093463+05:30,MIDCPNIFTY,2026-10-27,True,41,82,13656.3,1.74,
2026-10-05 11:16:06.668854+05:30,NIFTY,2026-10-06,True,41,82,22483.05,1.68,
2026-10-05 11:16:08.422556+05:30,NIFTY,2026-10-13,True,41,82,22479.95,1.75,
2026-10-05 11:16:10.145817+05:30,NIFTY,2026-10-19,True,41,82,22479.5,1.72,
2026-10-05 11:16:12.367397+05:30,BANKNIFTY,2026-10-27,True,41,82,54586.25,2.22,
2026-10-05 11:16:14.799521+05:30,BANKNIFTY,2026-11-23,True,41,82,54585.0,2.43,
2026-10-05 11:16:16.535738+05:30,SENSEX,2026-10-08,True,41,82,72101.46,1.74,
2026-10-05 11:16:19.263897+05:30,SENSEX,2026-10-15,True,41,82,72103.0,2.73,
2026-10-05 11:16:21.010489+05:30,FINNIFTY,2026-10-27,True,41,78,24601.15,1.75,
2026-10-05 11:16:22.793587+05:30,MIDCPNIFTY,2026-10-27,True,41,82,13655.05,1.78,
2026-10-05 11:17:06.684221+05:30,NIFTY,2026-10-06,True,41,82,22474.65,1.7,
2026-10-05 11:17:08.487220+05:30,NIFTY,2026-10-13,True,41,82,22478.05,1.8,
2026-10-05 11:17:10.229720+05:30,NIFTY,2026-10-19,True,41,82,22477.15,1.74,
2026-10-05 11:17:11.985150+05:30,BANKNIFTY,2026-10-27,True,41,82,54567.95,1.75,
2026-10-05 11:17:13.722712+05:30,BANKNIFTY,2026-11-23,True,41,82,54565.9,1.74,
2026-10-05 11:17:15.482480+05:30,SENSEX,2026-10-08,True,41,82,72100.21,1.76,
2026-10-05 11:17:17.231755+05:30,SENSEX,2026-10-15,True,41,82,72099.82,1.75,
2026-10-05 11:17:18.984673+05:30,FINNIFTY,2026-10-27,True,41,79,24599.75,1.75,
2026-10-05 11:17:20.734568+05:30,MIDCPNIFTY,2026-10-27,True,41,82,13651.8,1.75,
2026-10-05 11:18:06.736908+05:30,NIFTY,2026-10-06,True,41,82,22474.2,1.75,
2026-10-05 11:18:08.483907+05:30,NIFTY,2026-10-13,True,41,82,22474.85,1.74,
2026-10-05 11:18:10.267470+05:30,NIFTY,2026-10-19,True,41,82,22474.1,1.78,
2026-10-05 11:18:13.033753+05:30,BANKNIFTY,2026-10-27,True,41,82,54577.15,2.76,
2026-10-05 11:18:14.786323+05:30,BANKNIFTY,2026-11-23,True,41,82,54573.25,1.75,
2026-10-05 11:18:16.571817+05:30,SENSEX,2026-10-08,True,41,82,72084.56,1.78,
2026-10-05 11:18:18.336672+05:30,SENSEX,2026-10-15,True,41,82,72089.81,1.77,
2026-10-05 11:18:20.098688+05:30,FINNIFTY,2026-10-27,True,41,79,24599.45,1.76,
2026-10-05 11:18:21.844319+05:30,MIDCPNIFTY,2026-10-27,True,41,82,13651.45,1.74,
2026-10-05 11:19:06.727272+05:30,NIFTY,2026-10-06,True,41,82,22487.75,1.74,
2026-10-05 11:19:08.501596+05:30,NIFTY,2026-10-13,True,41,82,22487.75,1.78,
2026-10-05 11:19:10.252236+05:30,NIFTY,2026-10-19,True,41,82,22486.9,1.74,
2026-10-05 11:19:11.990801+05:30,BANKNIFTY,2026-10-27,True,41,82,54620.65,1.74,
2026-10-05 11:19:13.721665+05:30,BANKNIFTY,2026-11-23,True,41,82,54621.65,1.73,
2026-10-05 11:19:15.469346+05:30,SENSEX,2026-10-08,True,41,82,72132.29,1.75,
2026-10-05 11:19:17.244690+05:30,SENSEX,2026-10-15,True,41,82,72132.44,1.78,
2026-10-05 11:19:19.030655+05:30,FINNIFTY,2026-10-27,True,41,79,24625.05,1.78,
2026-10-05 11:19:20.767994+05:30,MIDCPNIFTY,2026-10-27,True,41,82,13659.45,1.74,
2026-10-05 11:20:06.701601+05:30,NIFTY,2026-10-06,True,41,82,22482.4,1.72,
2026-10-05 11:20:08.448041+05:30,NIFTY,2026-10-13,True,41,82,22484.3,1.74,
2026-10-05 11:20:10.190642+05:30,NIFTY,2026-10-19,True,41,82,22485.6,1.74,
2026-10-05 11:20:11.955540+05:30,BANKNIFTY,2026-10-27,True,41,82,54640.1,1.76,
2026-10-05 11:20:13.723970+05:30,BANKNIFTY,2026-11-23,True,41,82,54640.4,1.77,
2026-10-05 11:20:15.462163+05:30,SENSEX,2026-10-08,True,41,82,72129.08,1.74,
2026-10-05 11:20:17.197560+05:30,SENSEX,2026-10-15,True,41,82,72129.87,1.74,
2026-10-05 11:20:18.928725+05:30,FINNIFTY,2026-10-27,True,41,80,24635.2,1.73,
2026-10-05 11:20:20.676287+05:30,MIDCPNIFTY,2026-10-27,True,41,82,13660.85,1.75,
2026-10-05 11:21:06.696763+05:30,NIFTY,2026-10-06,True,41,82,22491.75,1.71,
2026-10-05 11:21:08.449298+05:30,NIFTY,2026-10-13,True,41,82,22491.15,1.75,
2026-10-05 11:21:10.205119+05:30,NIFTY,2026-10-19,True,41,82,22490.5,1.75,
2026-10-05 11:21:11.982015+05:30,BANKNIFTY,2026-10-27,True,41,82,54658.8,1.78,
2026-10-05 11:21:13.736369+05:30,BANKNIFTY,2026-11-23,True,41,82,54656.35,1.75,
2026-10-05 11:21:15.511358+05:30,SENSEX,2026-10-08,True,41,82,72146.67,1.77,
2026-10-05 11:21:17.263807+05:30,SENSEX,2026-10-15,True,41,82,72148.06,1.75,
2026-10-05 11:21:18.981797+05:30,FINNIFTY,2026-10-27,True,41,81,24635.0,1.72,
2026-10-05 11:21:20.730454+05:30,MIDCPNIFTY,2026-10-27,True,41,82,13659.0,1.75,
2026-10-05 11:22:06.697629+05:30,NIFTY,2026-10-06,True,41,82,22482.1,1.71,
2026-10-05 11:22:08.459947+05:30,NIFTY,2026-10-13,True,41,82,22481.7,1.76,
2026-10-05 11:22:10.188423+05:30,NIFTY,2026-10-19,True,41,82,22481.8,1.72,
2026-10-05 11:22:11.928578+05:30,BANKNIFTY,2026-10-27,True,41,82,54630.1,1.74,
2026-10-05 11:22:13.703516+05:30,BANKNIFTY,2026-11-23,True,41,82,54627.85,1.77,
2026-10-05 11:22:15.463106+05:30,SENSEX,2026-10-08,True,41,82,72126.79,1.76,
2026-10-05 11:22:17.186584+05:30,SENSEX,2026-10-15,True,41,82,72127.37,1.72,
2026-10-05 11:22:18.917526+05:30,FINNIFTY,2026-10-27,True,41,81,24631.75,1.73,
2026-10-05 11:22:20.659961+05:30,MIDCPNIFTY,2026-10-27,True,41,82,13653.85,1.74,
2026-10-05 11:23:06.695486+05:30,NIFTY,2026-10-06,True,41,82,22471.35,1.71,
2026-10-05 11:23:08.447748+05:30,NIFTY,2026-10-13,True,41,82,22466.35,1.75,
2026-10-05 11:23:10.205717+05:30,NIFTY,2026-10-19,True,41,82,22465.85,1.76,
2026-10-05 11:23:11.949040+05:30,BANKNIFTY,2026-10-27,True,41,82,54587.9,1.74,
2026-10-05 11:23:13.711519+05:30,BANKNIFTY,2026-11-23,True,41,82,54583.35,1.76,
2026-10-05 11:23:15.460303+05:30,SENSEX,2026-10-08,True,41,82,72064.22,1.75,
2026-10-05 11:23:17.217796+05:30,SENSEX,2026-10-15,True,41,82,72067.16,1.76,
2026-10-05 11:23:19.010667+05:30,FINNIFTY,2026-10-27,True,41,81,24608.95,1.79,
2026-10-05 11:23:20.752719+05:30,MIDCPNIFTY,2026-10-27,True,41,82,13637.15,1.74,
2026-10-05 11:24:06.735810+05:30,NIFTY,2026-10-06,True,41,82,22460.2,1.75,
2026-10-05 11:24:08.518605+05:30,NIFTY,2026-10-13,True,41,82,22462.65,1.79,
2026-10-05 11:24:10.796310+05:30,NIFTY,2026-10-19,True,41,82,22459.1,2.27,
2026-10-05 11:24:12.551937+05:30,BANKNIFTY,2026-10-27,True,41,82,54552.15,1.75,
2026-10-05 11:24:14.297187+05:30,BANKNIFTY,2026-11-23,True,41,82,54560.05,1.74,
2026-10-05 11:24:16.021751+05:30,SENSEX,2026-10-08,True,41,82,72045.43,1.72,
2026-10-05 11:24:17.759499+05:30,SENSEX,2026-10-15,True,41,82,72050.94,1.74,
2026-10-05 11:24:19.509119+05:30,FINNIFTY,2026-10-27,True,41,81,24604.6,1.75,
2026-10-05 11:24:21.270768+05:30,MIDCPNIFTY,2026-10-27,True,41,82,13637.35,1.76,
2026-10-05 11:25:06.700168+05:30,NIFTY,2026-10-06,True,41,82,22471.6,1.71,
2026-10-05 11:25:08.442165+05:30,NIFTY,2026-10-13,True,41,82,22470.3,1.74,
2026-10-05 11:25:10.213574+05:30,NIFTY,2026-10-19,True,41,82,22469.75,1.77,
2026-10-05 11:25:11.981616+05:30,BANKNIFTY,2026-10-27,True,41,82,54573.05,1.77,
2026-10-05 11:25:13.799867+05:30,BANKNIFTY,2026-11-23,True,41,82,54575.55,1.82,
2026-10-05 11:25:16.559354+05:30,SENSEX,2026-10-08,True,41,82,72080.7,2.76,
2026-10-05 11:25:18.300425+05:30,SENSEX,2026-10-15,True,41,82,72082.33,1.74,
2026-10-05 11:25:20.040100+05:30,FINNIFTY,2026-10-27,True,41,81,24611.25,1.74,
2026-10-05 11:25:21.780193+05:30,MIDCPNIFTY,2026-10-27,True,41,82,13635.15,1.74,
2026-10-05 11:26:06.700537+05:30,NIFTY,2026-10-06,True,41,82,22475.9,1.71,
2026-10-05 11:26:08.445059+05:30,NIFTY,2026-10-13,True,41,82,22474.55,1.74,
2026-10-05 11:26:10.164288+05:30,NIFTY,2026-10-19,True,41,82,22474.35,1.72,
2026-10-05 11:26:11.933827+05:30,BANKNIFTY,2026-10-27,True,41,82,54575.9,1.77,
2026-10-05 11:26:13.677913+05:30,BANKNIFTY,2026-11-23,True,41,82,54579.25,1.74,
2026-10-05 11:26:15.410965+05:30,SENSEX,2026-10-08,True,41,82,72102.43,1.73,
2026-10-05 11:26:17.150834+05:30,SENSEX,2026-10-15,True,41,82,72095.93,1.74,
2026-10-05 11:26:18.881011+05:30,FINNIFTY,2026-10-27,True,41,81,24607.25,1.73,
2026-10-05 11:26:20.611225+05:30,MIDCPNIFTY,2026-10-27,True,41,82,13641.25,1.73,
2026-10-05 11:27:06.684696+05:30,NIFTY,2026-10-06,True,41,82,22470.15,1.7,
2026-10-05 11:27:08.422220+05:30,NIFTY,2026-10-13,True,41,82,22470.45,1.73,
2026-10-05 11:27:10.175342+05:30,NIFTY,2026-10-19,True,41,82,22469.8,1.75,
2026-10-05 11:27:11.927771+05:30,BANKNIFTY,2026-10-27,True,41,82,54565.5,1.75,
2026-10-05 11:27:13.683315+05:30,BANKNIFTY,2026-11-23,True,41,82,54568.6,1.75,
2026-10-05 11:27:15.421129+05:30,SENSEX,2026-10-08,True,41,82,72081.1,1.74,
2026-10-05 11:27:17.164163+05:30,SENSEX,2026-10-15,True,41,82,72088.4,1.74,
2026-10-05 11:27:18.899258+05:30,FINNIFTY,2026-10-27,True,41,81,24611.7,1.73,
2026-10-05 11:27:20.626589+05:30,MIDCPNIFTY,2026-10-27,True,41,82,13641.85,1.73,
2026-10-05 11:28:06.694368+05:30,NIFTY,2026-10-06,True,41,82,22471.3,1.71,
2026-10-05 11:28:08.470313+05:30,NIFTY,2026-10-13,True,41,82,22471.25,1.77,
2026-10-05 11:28:10.263463+05:30,NIFTY,2026-10-19,True,41,82,22471.45,1.79,
2026-10-05 11:28:12.043512+05:30,BANKNIFTY,2026-10-27,True,41,82,54564.25,1.78,
2026-10-05 11:28:13.792639+05:30,BANKNIFTY,2026-11-23,True,41,82,54565.85,1.75,
2026-10-05 11:28:15.518807+05:30,SENSEX,2026-10-08,True,41,82,72085.59,1.72,
2026-10-05 11:28:17.238060+05:30,SENSEX,2026-10-15,True,41,82,72088.42,1.72,
2026-10-05 11:28:19.120699+05:30,FINNIFTY,2026-10-27,True,41,81,24612.35,1.88,
2026-10-05 11:28:20.849988+05:30,MIDCPNIFTY,2026-10-27,True,41,82,13642.5,1.73,
2026-10-05 11:29:06.711083+05:30,NIFTY,2026-10-06,True,41,82,22482.95,1.72,
2026-10-05 11:29:08.473313+05:30,NIFTY,2026-10-13,True,41,82,22483.4,1.76,
2026-10-05 11:29:10.214762+05:30,NIFTY,2026-10-19,True,41,82,22484.0,1.74,
2026-10-05 11:29:11.948288+05:30,BANKNIFTY,2026-10-27,True,41,82,54594.45,1.73,
2026-10-05 11:29:13.685894+05:30,BANKNIFTY,2026-11-23,True,41,82,54593.15,1.74,
2026-10-05 11:29:15.421739+05:30,SENSEX,2026-10-08,True,41,82,72107.03,1.73,
2026-10-05 11:29:17.148549+05:30,SENSEX,2026-10-15,True,41,82,72108.74,1.73,
2026-10-05 11:29:18.911183+05:30,FINNIFTY,2026-10-27,True,41,81,24629.65,1.76,
2026-10-05 11:29:20.702449+05:30,MIDCPNIFTY,2026-10-27,True,41,82,13651.05,1.79,
2026-10-05 11:30:07.248317+05:30,NIFTY,2026-10-06,True,41,82,22499.3,2.26,
2026-10-05 11:30:08.965525+05:30,NIFTY,2026-10-13,True,41,82,22499.9,1.71,
2026-10-05 11:30:10.767781+05:30,NIFTY,2026-10-19,True,41,82,22499.5,1.8,
2026-10-05 11:30:12.505792+05:30,BANKNIFTY,2026-10-27,True,41,82,54635.65,1.74,
2026-10-05 11:30:14.252383+05:30,BANKNIFTY,2026-11-23,True,41,82,54637.85,1.75,
2026-10-05 11:30:16.004492+05:30,SENSEX,2026-10-08,True,41,82,72171.79,1.75,
2026-10-05 11:30:17.728539+05:30,SENSEX,2026-10-15,True,41,82,72172.54,1.72,
2026-10-05 11:30:19.463389+05:30,FINNIFTY,2026-10-27,True,41,81,24636.2,1.73,
2026-10-05 11:30:21.210797+05:30,MIDCPNIFTY,2026-10-27,True,41,82,13659.4,1.75,
2026-10-05 11:31:06.707948+05:30,NIFTY,2026-10-06,True,41,82,22499.7,1.72,
2026-10-05 11:31:08.503286+05:30,NIFTY,2026-10-13,True,41,82,22498.85,1.79,
2026-10-05 11:31:10.221986+05:30,NIFTY,2026-10-19,True,41,82,22498.65,1.72,
2026-10-05 11:31:12.013828+05:30,BANKNIFTY,2026-10-27,True,41,82,54630.05,1.79,
2026-10-05 11:31:13.750512+05:30,BANKNIFTY,2026-11-23,True,41,82,54632.25,1.74,
2026-10-05 11:31:15.464115+05:30,SENSEX,2026-10-08,True,41,82,72171.49,1.71,
2026-10-05 11:31:17.190788+05:30,SENSEX,2026-10-15,True,41,82,72173.59,1.73,
2026-10-05 11:31:18.904991+05:30,FINNIFTY,2026-10-27,True,41,82,24632.65,1.71,
2026-10-05 11:31:20.675632+05:30,MIDCPNIFTY,2026-10-27,True,41,82,13660.95,1.77,
2026-10-05 11:32:06.670010+05:30,NIFTY,2026-10-06,True,41,82,22501.75,1.68,
2026-10-05 11:32:08.407778+05:30,NIFTY,2026-10-13,True,41,82,22501.2,1.73,
2026-10-05 11:32:10.131992+05:30,NIFTY,2026-10-19,True,41,82,22501.75,1.72,
2026-10-05 11:32:11.848679+05:30,BANKNIFTY,2026-10-27,True,41,82,54649.4,1.72,
2026-10-05 11:32:13.617184+05:30,BANKNIFTY,2026-11-23,True,41,82,54647.1,1.77,
2026-10-05 11:32:15.332325+05:30,SENSEX,2026-10-08,True,41,82,72187.46,1.71,
2026-10-05 11:32:17.092648+05:30,SENSEX,2026-10-15,True,41,82,72189.63,1.76,
2026-10-05 11:32:18.873893+05:30,FINNIFTY,2026-10-27,True,41,82,24642.1,1.78,
2026-10-05 11:32:20.598393+05:30,MIDCPNIFTY,2026-10-27,True,41,82,13662.15,1.72,
2026-10-05 11:33:06.685895+05:30,NIFTY,2026-10-06,True,41,82,22514.2,1.7,
2026-10-05 11:33:08.504955+05:30,NIFTY,2026-10-13,True,41,82,22515.3,1.82,
2026-10-05 11:33:10.238130+05:30,NIFTY,2026-10-19,True,41,82,22515.5,1.73,
2026-10-05 11:33:11.971474+05:30,BANKNIFTY,2026-10-27,True,41,82,54691.7,1.73,
2026-10-05 11:33:13.719435+05:30,BANKNIFTY,2026-11-23,True,41,82,54687.3,1.75,
2026-10-05 11:33:15.454195+05:30,SENSEX,2026-10-08,True,41,82,72227.32,1.73,
2026-10-05 11:33:17.183928+05:30,SENSEX,2026-10-15,True,41,82,72230.14,1.73,
2026-10-05 11:33:18.902475+05:30,FINNIFTY,2026-10-27,True,41,82,24665.35,1.72,
2026-10-05 11:33:20.650120+05:30,MIDCPNIFTY,2026-10-27,True,41,82,13662.25,1.75,
2026-10-05 11:34:06.674058+05:30,NIFTY,2026-10-06,True,41,82,22509.4,1.69,
2026-10-05 11:34:08.422810+05:30,NIFTY,2026-10-13,True,41,82,22508.55,1.75,
2026-10-05 11:34:10.139292+05:30,NIFTY,2026-10-19,True,41,82,22507.5,1.72,
2026-10-05 11:34:11.995734+05:30,BANKNIFTY,2026-10-27,True,41,82,54675.5,1.86,
2026-10-05 11:34:13.743005+05:30,BANKNIFTY,2026-11-23,True,41,82,54678.3,1.75,
2026-10-05 11:34:15.468128+05:30,SENSEX,2026-10-08,True,41,82,72218.85,1.72,
2026-10-05 11:34:17.206097+05:30,SENSEX,2026-10-15,True,41,82,72221.9,1.74,
2026-10-05 11:34:18.971990+05:30,FINNIFTY,2026-10-27,True,41,81,24660.75,1.76,
2026-10-05 11:34:20.700094+05:30,MIDCPNIFTY,2026-10-27,True,41,82,13657.25,1.73,
2026-10-05 11:35:06.951303+05:30,NIFTY,2026-10-06,True,41,82,22505.75,1.97,
2026-10-05 11:35:08.683716+05:30,NIFTY,2026-10-13,True,41,82,22504.2,1.73,
2026-10-05 11:35:10.403976+05:30,NIFTY,2026-10-19,True,41,82,22505.1,1.72,
2026-10-05 11:35:12.131126+05:30,BANKNIFTY,2026-10-27,True,41,82,54653.0,1.73,
2026-10-05 11:35:13.860259+05:30,BANKNIFTY,2026-11-23,True,41,82,54648.3,1.72,
2026-10-05 11:35:15.573360+05:30,SENSEX,2026-10-08,True,41,82,72204.91,1.71,
2026-10-05 11:35:17.287306+05:30,SENSEX,2026-10-15,True,41,82,72207.01,1.71,
2026-10-05 11:35:19.001152+05:30,FINNIFTY,2026-10-27,True,41,81,24645.25,1.71,
2026-10-05 11:35:20.753043+05:30,MIDCPNIFTY,2026-10-27,True,41,82,13649.2,1.75,
2026-10-05 11:36:06.666346+05:30,NIFTY,2026-10-06,True,41,82,22491.35,1.68,
2026-10-05 11:36:08.391535+05:30,NIFTY,2026-10-13,True,41,82,22489.6,1.73,
2026-10-05 11:36:10.110307+05:30,NIFTY,2026-10-19,True,41,82,22487.4,1.71,
2026-10-05 11:36:11.867805+05:30,BANKNIFTY,2026-10-27,True,41,82,54606.5,1.76,
2026-10-05 11:36:13.612301+05:30,BANKNIFTY,2026-11-23,True,41,82,54607.1,1.74,
2026-10-05 11:36:15.346811+05:30,SENSEX,2026-10-08,True,41,82,72159.44,1.73,
2026-10-05 11:36:17.096501+05:30,SENSEX,2026-10-15,True,41,82,72159.59,1.75,
2026-10-05 11:36:18.835689+05:30,FINNIFTY,2026-10-27,True,41,81,24623.95,1.74,
2026-10-05 11:36:20.587736+05:30,MIDCPNIFTY,2026-10-27,True,41,82,13640.55,1.75,
2026-10-05 11:37:06.705635+05:30,NIFTY,2026-10-06,True,41,82,22488.55,1.72,
2026-10-05 11:37:08.442564+05:30,NIFTY,2026-10-13,True,41,82,22490.3,1.73,
2026-10-05 11:37:10.379946+05:30,NIFTY,2026-10-19,True,41,82,22491.1,1.94,
2026-10-05 11:37:12.123614+05:30,BANKNIFTY,2026-10-27,True,41,82,54628.25,1.74,
2026-10-05 11:37:13.872904+05:30,BANKNIFTY,2026-11-23,True,41,82,54623.5,1.75,
2026-10-05 11:37:15.670119+05:30,SENSEX,2026-10-08,True,41,82,72149.16,1.8,
2026-10-05 11:37:17.800414+05:30,SENSEX,2026-10-15,True,41,82,72153.59,2.13,
2026-10-05 11:37:19.511583+05:30,FINNIFTY,2026-10-27,True,41,81,24638.65,1.71,
2026-10-05 11:37:21.221886+05:30,MIDCPNIFTY,2026-10-27,True,41,82,13642.95,1.71,
2026-10-05 11:38:06.668303+05:30,NIFTY,2026-10-06,True,41,82,22487.35,1.68,
2026-10-05 11:38:08.382400+05:30,NIFTY,2026-10-13,True,41,82,22486.4,1.71,
2026-10-05 11:38:10.133287+05:30,NIFTY,2026-10-19,True,41,82,22486.7,1.75,
2026-10-05 11:38:11.841897+05:30,BANKNIFTY,2026-10-27,True,41,82,54616.8,1.71,
2026-10-05 11:38:13.554522+05:30,BANKNIFTY,2026-11-23,True,41,82,54613.15,1.71,
2026-10-05 11:38:15.267284+05:30,SENSEX,2026-10-08,True,41,82,72140.19,1.71,
2026-10-05 11:38:16.980537+05:30,SENSEX,2026-10-15,True,41,82,72137.85,1.71,
2026-10-05 11:38:18.713751+05:30,FINNIFTY,2026-10-27,True,41,82,24629.5,1.73,
2026-10-05 11:38:20.455176+05:30,MIDCPNIFTY,2026-10-27,True,41,82,13636.8,1.74,
2026-10-05 11:39:06.658824+05:30,NIFTY,2026-10-06,True,41,82,22481.65,1.67,
2026-10-05 11:39:08.404712+05:30,NIFTY,2026-10-13,True,41,82,22480.75,1.75,
2026-10-05 11:39:10.131528+05:30,NIFTY,2026-10-19,True,41,82,22479.6,1.72,
2026-10-05 11:39:12.876295+05:30,BANKNIFTY,2026-10-27,True,41,82,54602.1,2.74,
2026-10-05 11:39:14.610005+05:30,BANKNIFTY,2026-11-23,True,41,82,54600.95,1.73,
2026-10-05 11:39:16.350489+05:30,SENSEX,2026-10-08,True,41,82,72111.14,1.74,
2026-10-05 11:39:18.064893+05:30,SENSEX,2026-10-15,True,41,82,72111.57,1.71,
2026-10-05 11:39:19.779124+05:30,FINNIFTY,2026-10-27,True,41,81,24623.15,1.71,
2026-10-05 11:39:21.528392+05:30,MIDCPNIFTY,2026-10-27,True,41,82,13635.4,1.75,
2026-10-05 11:40:06.649206+05:30,NIFTY,2026-10-06,True,41,82,22474.5,1.66,
2026-10-05 11:40:08.368227+05:30,NIFTY,2026-10-13,True,41,82,22474.7,1.73,
2026-10-05 11:40:10.080677+05:30,NIFTY,2026-10-19,True,41,82,22474.5,1.7,
2026-10-05 11:40:12.068902+05:30,BANKNIFTY,2026-10-27,True,41,82,54583.1,1.99,
2026-10-05 11:40:14.816103+05:30,BANKNIFTY,2026-11-23,True,41,82,54582.8,2.75,
2026-10-05 11:40:16.534133+05:30,SENSEX,2026-10-08,True,41,82,72093.16,1.72,
2026-10-05 11:40:18.246774+05:30,SENSEX,2026-10-15,True,41,82,72094.08,1.71,
2026-10-05 11:40:19.971878+05:30,FINNIFTY,2026-10-27,True,41,82,24619.95,1.72,
2026-10-05 11:40:21.703947+05:30,MIDCPNIFTY,2026-10-27,True,41,82,13634.5,1.73,
2026-10-05 11:41:06.687819+05:30,NIFTY,2026-10-06,True,41,82,22480.6,1.7,
2026-10-05 11:41:08.459393+05:30,NIFTY,2026-10-13,True,41,82,22480.6,1.77,
2026-10-05 11:41:10.164975+05:30,NIFTY,2026-10-19,True,41,82,22480.3,1.71,
2026-10-05 11:41:11.881626+05:30,BANKNIFTY,2026-10-27,True,41,82,54584.75,1.71,
2026-10-05 11:41:13.593675+05:30,BANKNIFTY,2026-11-23,True,41,82,54586.55,1.71,
2026-10-05 11:41:15.298224+05:30,SENSEX,2026-10-08,True,41,82,72108.23,1.7,
2026-10-05 11:41:17.009587+05:30,SENSEX,2026-10-15,True,41,82,72112.25,1.71,
2026-10-05 11:41:18.737742+05:30,FINNIFTY,2026-10-27,True,41,82,24624.55,1.73,
2026-10-05 11:41:20.463135+05:30,MIDCPNIFTY,2026-10-27,True,41,82,13641.05,1.72,
2026-10-05 11:42:06.644546+05:30,NIFTY,2026-10-06,True,41,82,22486.0,1.66,
2026-10-05 11:42:08.369337+05:30,NIFTY,2026-10-13,True,41,82,22486.4,1.72,
2026-10-05 11:42:10.115422+05:30,NIFTY,2026-10-19,True,41,82,22486.95,1.75,
2026-10-05 11:42:11.839920+05:30,BANKNIFTY,2026-10-27,True,41,82,54612.45,1.72,
2026-10-05 11:42:13.564457+05:30,BANKNIFTY,2026-11-23,True,41,82,54611.45,1.72,
2026-10-05 11:42:15.257536+05:30,SENSEX,2026-10-08,True,41,82,72144.69,1.69,
2026-10-05 11:42:16.972541+05:30,SENSEX,2026-10-15,True,41,82,72144.31,1.71,
2026-10-05 11:42:18.695602+05:30,FINNIFTY,2026-10-27,True,41,82,24632.65,1.72,
2026-10-05 11:42:20.415316+05:30,MIDCPNIFTY,2026-10-27,True,41,82,13649.4,1.72,
2026-10-05 11:43:06.659564+05:30,NIFTY,2026-10-06,True,41,82,22475.75,1.67,
2026-10-05 11:43:08.382107+05:30,NIFTY,2026-10-13,True,41,82,22476.5,1.72,
2026-10-05 11:43:10.090691+05:30,NIFTY,2026-10-19,True,41,82,22476.75,1.71,
2026-10-05 11:43:11.820587+05:30,BANKNIFTY,2026-10-27,True,41,82,54574.35,1.73,
2026-10-05 11:43:13.688448+05:30,BANKNIFTY,2026-11-23,True,41,82,54583.75,1.87,
2026-10-05 11:43:15.394959+05:30,SENSEX,2026-10-08,True,41,82,72105.48,1.71,
2026-10-05 11:43:17.106056+05:30,SENSEX,2026-10-15,True,41,82,72107.13,1.71,
2026-10-05 11:43:18.820421+05:30,FINNIFTY,2026-10-27,True,41,80,24612.0,1.71,
2026-10-05 11:43:20.539426+05:30,MIDCPNIFTY,2026-10-27,True,41,82,13642.45,1.72,
2026-10-05 11:44:06.662346+05:30,NIFTY,2026-10-06,True,41,82,22476.9,1.68,
2026-10-05 11:44:08.378964+05:30,NIFTY,2026-10-13,True,41,82,22475.85,1.71,
2026-10-05 11:44:10.127564+05:30,NIFTY,2026-10-19,True,41,82,22475.15,1.75,
2026-10-05 11:44:11.836060+05:30,BANKNIFTY,2026-10-27,True,41,82,54571.6,1.71,
2026-10-05 11:44:13.564983+05:30,BANKNIFTY,2026-11-23,True,41,82,54576.2,1.73,
2026-10-05 11:44:15.277326+05:30,SENSEX,2026-10-08,True,41,82,72089.71,1.71,
2026-10-05 11:44:16.997624+05:30,SENSEX,2026-10-15,True,41,82,72091.68,1.72,
2026-10-05 11:44:18.728820+05:30,FINNIFTY,2026-10-27,True,41,80,24605.85,1.73,
2026-10-05 11:44:20.445171+05:30,MIDCPNIFTY,2026-10-27,True,41,82,13641.1,1.71,
2026-10-05 11:45:06.652431+05:30,NIFTY,2026-10-06,True,41,82,22465.4,1.67,
2026-10-05 11:45:08.807074+05:30,NIFTY,2026-10-13,True,41,82,22465.25,2.16,
2026-10-05 11:45:10.521892+05:30,NIFTY,2026-10-19,True,41,82,22463.05,1.71,
2026-10-05 11:45:12.253885+05:30,BANKNIFTY,2026-10-27,True,41,82,54531.0,1.73,
2026-10-05 11:45:14.018962+05:30,BANKNIFTY,2026-11-23,True,41,82,54534.35,1.76,
2026-10-05 11:45:15.735754+05:30,SENSEX,2026-10-08,True,41,82,72066.32,1.72,
2026-10-05 11:45:17.441244+05:30,SENSEX,2026-10-15,True,41,82,72065.61,1.71,
2026-10-05 11:45:19.166339+05:30,FINNIFTY,2026-10-27,True,41,81,24582.3,1.72,
2026-10-05 11:45:20.910576+05:30,MIDCPNIFTY,2026-10-27,True,41,82,13631.35,1.74,
2026-10-05 11:46:06.672412+05:30,NIFTY,2026-10-06,True,41,82,22463.95,1.69,
2026-10-05 11:46:08.438073+05:30,NIFTY,2026-10-13,True,41,82,22463.65,1.76,
2026-10-05 11:46:10.155071+05:30,NIFTY,2026-10-19,True,41,82,22461.9,1.72,
2026-10-05 11:46:11.885410+05:30,BANKNIFTY,2026-10-27,True,41,82,54521.3,1.73,
2026-10-05 11:46:13.653754+05:30,BANKNIFTY,2026-11-23,True,41,82,54519.9,1.77,
2026-10-05 11:46:15.379374+05:30,SENSEX,2026-10-08,True,41,82,72043.05,1.72,
2026-10-05 11:46:17.108788+05:30,SENSEX,2026-10-15,True,41,82,72043.13,1.73,
2026-10-05 11:46:19.885344+05:30,FINNIFTY,2026-10-27,True,41,81,24584.5,2.77,
2026-10-05 11:46:21.606556+05:30,MIDCPNIFTY,2026-10-27,True,41,82,13631.05,1.72,
2026-10-05 11:47:06.708628+05:30,NIFTY,2026-10-06,True,41,82,22472.6,1.72,
2026-10-05 11:47:08.449172+05:30,NIFTY,2026-10-13,True,41,82,22472.45,1.74,
2026-10-05 11:47:10.161756+05:30,NIFTY,2026-10-19,True,41,82,22472.15,1.71,
2026-10-05 11:47:11.888419+05:30,BANKNIFTY,2026-10-27,True,41,82,54556.4,1.73,
2026-10-05 11:47:13.605905+05:30,BANKNIFTY,2026-11-23,True,41,82,54553.0,1.72,
2026-10-05 11:47:15.335151+05:30,SENSEX,2026-10-08,True,41,82,72072.97,1.73,
2026-10-05 11:47:17.065298+05:30,SENSEX,2026-10-15,True,41,82,72074.77,1.73,
2026-10-05 11:47:18.787516+05:30,FINNIFTY,2026-10-27,True,41,81,24595.35,1.72,
2026-10-05 11:47:20.504637+05:30,MIDCPNIFTY,2026-10-27,True,41,82,13637.65,1.72,
2026-10-05 11:48:06.670949+05:30,NIFTY,2026-10-06,True,41,82,22459.35,1.68,
2026-10-05 11:48:08.386124+05:30,NIFTY,2026-10-13,True,41,82,22460.15,1.72,
2026-10-05 11:48:10.220364+05:30,NIFTY,2026-10-19,True,41,82,22461.7,1.83,
2026-10-05 11:48:11.937894+05:30,BANKNIFTY,2026-10-27,True,41,82,54531.0,1.72,
2026-10-05 11:48:13.688781+05:30,BANKNIFTY,2026-11-23,True,41,82,54528.85,1.75,
2026-10-05 11:48:15.434008+05:30,SENSEX,2026-10-08,True,41,82,72046.93,1.74,
2026-10-05 11:48:17.139806+05:30,SENSEX,2026-10-15,True,41,82,72046.22,1.71,
2026-10-05 11:48:18.850925+05:30,FINNIFTY,2026-10-27,True,41,81,24586.55,1.71,
2026-10-05 11:48:20.723682+05:30,MIDCPNIFTY,2026-10-27,True,41,82,13635.6,1.87,
2026-10-05 11:49:06.703451+05:30,NIFTY,2026-10-06,True,41,82,22461.0,1.72,
2026-10-05 11:49:08.418839+05:30,NIFTY,2026-10-13,True,41,82,22457.7,1.71,
2026-10-05 11:49:10.127624+05:30,NIFTY,2026-10-19,True,41,82,22457.3,1.71,
2026-10-05 11:49:11.879468+05:30,BANKNIFTY,2026-10-27,True,41,82,54522.45,1.75,
2026-10-05 11:49:13.601473+05:30,BANKNIFTY,2026-11-23,True,41,82,54525.2,1.72,
2026-10-05 11:49:15.349388+05:30,SENSEX,2026-10-08,True,41,82,72046.45,1.75,
2026-10-05 11:49:17.077184+05:30,SENSEX,2026-10-15,True,41,82,72045.77,1.73,
2026-10-05 11:49:18.780515+05:30,FINNIFTY,2026-10-27,True,41,82,24577.95,1.7,
2026-10-05 11:49:20.519189+05:30,MIDCPNIFTY,2026-10-27,True,41,82,13629.9,1.74,
2026-10-05 11:50:06.697966+05:30,NIFTY,2026-10-06,True,41,82,22459.4,1.71,
2026-10-05 11:50:08.418391+05:30,NIFTY,2026-10-13,True,41,82,22458.6,1.72,
2026-10-05 11:50:10.141393+05:30,NIFTY,2026-10-19,True,41,82,22457.65,1.72,
2026-10-05 11:50:12.914074+05:30,BANKNIFTY,2026-10-27,True,41,82,54517.1,2.77,
2026-10-05 11:50:14.647327+05:30,BANKNIFTY,2026-11-23,True,41,82,54516.5,1.73,
2026-10-05 11:50:16.397303+05:30,SENSEX,2026-10-08,True,41,82,72037.17,1.75,
2026-10-05 11:50:18.124655+05:30,SENSEX,2026-10-15,True,41,82,72036.98,1.73,
2026-10-05 11:50:19.848760+05:30,FINNIFTY,2026-10-27,True,41,82,24571.95,1.72,
2026-10-05 11:50:22.163247+05:30,MIDCPNIFTY,2026-10-27,True,41,82,13627.15,2.31,
2026-10-05 11:51:06.678794+05:30,NIFTY,2026-10-06,True,41,82,22449.65,1.69,
2026-10-05 11:51:08.409695+05:30,NIFTY,2026-10-13,True,41,82,22448.75,1.73,
2026-10-05 11:51:10.127645+05:30,NIFTY,2026-10-19,True,41,82,22450.0,1.71,
2026-10-05 11:51:11.848908+05:30,BANKNIFTY,2026-10-27,True,41,82,54497.15,1.72,
2026-10-05 11:51:13.636089+05:30,BANKNIFTY,2026-11-23,True,41,82,54498.35,1.79,
2026-10-05 11:51:15.352730+05:30,SENSEX,2026-10-08,True,41,82,72012.15,1.72,
2026-10-05 11:51:17.075601+05:30,SENSEX,2026-10-15,True,41,82,72013.85,1.72,
2026-10-05 11:51:18.818950+05:30,FINNIFTY,2026-10-27,True,41,81,24574.45,1.74,
2026-10-05 11:51:20.559043+05:30,MIDCPNIFTY,2026-10-27,True,41,82,13624.55,1.74,
2026-10-05 11:52:06.670625+05:30,NIFTY,2026-10-06,True,41,82,22446.45,1.68,
2026-10-05 11:52:08.442502+05:30,NIFTY,2026-10-13,True,41,82,22445.0,1.77,
2026-10-05 11:52:10.972772+05:30,NIFTY,2026-10-19,True,41,82,22444.7,2.53,
2026-10-05 11:52:12.825293+05:30,BANKNIFTY,2026-10-27,True,41,82,54471.15,1.85,
2026-10-05 11:52:14.667474+05:30,BANKNIFTY,2026-11-23,True,41,82,54470.15,1.84,
2026-10-05 11:52:16.497213+05:30,SENSEX,2026-10-08,True,41,82,71989.93,1.83,
2026-10-05 11:52:18.314934+05:30,SENSEX,2026-10-15,True,41,82,71988.35,1.82,
2026-10-05 11:52:20.176428+05:30,FINNIFTY,2026-10-27,True,41,81,24558.65,1.86,
2026-10-05 11:52:21.998264+05:30,MIDCPNIFTY,2026-10-27,True,41,82,13622.85,1.82,
2026-10-05 11:53:06.795533+05:30,NIFTY,2026-10-06,True,41,82,22455.2,1.81,
2026-10-05 11:53:08.606972+05:30,NIFTY,2026-10-13,True,41,82,22455.35,1.81,
2026-10-05 11:53:10.484433+05:30,NIFTY,2026-10-19,True,41,82,22455.15,1.87,
2026-10-05 11:53:12.329210+05:30,BANKNIFTY,2026-10-27,True,41,82,54510.0,1.84,
2026-10-05 11:53:14.161859+05:30,BANKNIFTY,2026-11-23,True,41,82,54507.3,1.83,
2026-10-05 11:53:15.990189+05:30,SENSEX,2026-10-08,True,41,82,72032.21,1.83,
2026-10-05 11:53:17.849372+05:30,SENSEX,2026-10-15,True,41,82,72038.78,1.86,
2026-10-05 11:53:19.684984+05:30,FINNIFTY,2026-10-27,True,41,82,24583.1,1.83,
2026-10-05 11:53:21.527008+05:30,MIDCPNIFTY,2026-10-27,True,41,82,13633.7,1.84,
2026-10-05 11:54:06.793594+05:30,NIFTY,2026-10-06,True,41,82,22464.6,1.81,
2026-10-05 11:54:08.653212+05:30,NIFTY,2026-10-13,True,41,82,22463.5,1.86,
2026-10-05 11:54:10.494453+05:30,NIFTY,2026-10-19,True,41,82,22464.3,1.84,
2026-10-05 11:54:12.355210+05:30,BANKNIFTY,2026-10-27,True,41,82,54543.8,1.86,
2026-10-05 11:54:14.197540+05:30,BANKNIFTY,2026-11-23,True,41,82,54541.75,1.84,
2026-10-05 11:54:16.029140+05:30,SENSEX,2026-10-08,True,41,82,72058.61,1.83,
2026-10-05 11:54:17.863664+05:30,SENSEX,2026-10-15,True,41,82,72062.33,1.83,
2026-10-05 11:54:19.687250+05:30,FINNIFTY,2026-10-27,True,41,82,24591.75,1.82,
2026-10-05 11:54:21.541956+05:30,MIDCPNIFTY,2026-10-27,True,41,82,13638.25,1.85,
2026-10-05 11:55:06.794795+05:30,NIFTY,2026-10-06,True,41,82,22458.75,1.81,
2026-10-05 11:55:08.627512+05:30,NIFTY,2026-10-13,True,41,82,22458.2,1.83,
2026-10-05 11:55:10.477688+05:30,NIFTY,2026-10-19,True,41,82,22459.25,1.85,
2026-10-05 11:55:12.360989+05:30,BANKNIFTY,2026-10-27,True,41,82,54533.3,1.89,
2026-10-05 11:55:14.235451+05:30,BANKNIFTY,2026-11-23,True,41,82,54533.25,1.87,
2026-10-05 11:55:16.067952+05:30,SENSEX,2026-10-08,True,41,82,72041.3,1.83,
2026-10-05 11:55:17.906321+05:30,SENSEX,2026-10-15,True,41,82,72041.77,1.84,
2026-10-05 11:55:19.737037+05:30,FINNIFTY,2026-10-27,True,41,82,24589.2,1.83,
2026-10-05 11:55:21.619795+05:30,MIDCPNIFTY,2026-10-27,True,41,82,13639.65,1.88,
2026-10-05 11:56:06.775720+05:30,NIFTY,2026-10-06,True,41,82,22464.65,1.79,
2026-10-05 11:56:08.633504+05:30,NIFTY,2026-10-13,True,41,82,22463.85,1.86,
2026-10-05 11:56:10.479090+05:30,NIFTY,2026-10-19,True,41,82,22463.2,1.84,
2026-10-05 11:56:13.407602+05:30,BANKNIFTY,2026-10-27,True,41,82,54540.95,2.93,
2026-10-05 11:56:15.248613+05:30,BANKNIFTY,2026-11-23,True,41,82,54545.0,1.84,
2026-10-05 11:56:17.080658+05:30,SENSEX,2026-10-08,True,41,82,72059.03,1.83,
2026-10-05 11:56:18.928133+05:30,SENSEX,2026-10-15,True,41,82,72063.11,1.85,
2026-10-05 11:56:20.769248+05:30,FINNIFTY,2026-10-27,True,41,82,24589.5,1.84,
2026-10-05 11:56:22.610859+05:30,MIDCPNIFTY,2026-10-27,True,41,82,13636.55,1.84,
2026-10-05 11:57:06.793200+05:30,NIFTY,2026-10-06,True,41,82,22459.05,1.81,
2026-10-05 11:57:08.646241+05:30,NIFTY,2026-10-13,True,41,82,22458.25,1.85,
2026-10-05 11:57:10.533087+05:30,NIFTY,2026-10-19,True,41,82,22458.25,1.89,
2026-10-05 11:57:12.366803+05:30,BANKNIFTY,2026-10-27,True,41,82,54535.65,1.83,
2026-10-05 11:57:14.212943+05:30,BANKNIFTY,2026-11-23,True,41,82,54540.25,1.85,
2026-10-05 11:57:16.039378+05:30,SENSEX,2026-10-08,True,41,82,72047.39,1.82,
2026-10-05 11:57:17.888272+05:30,SENSEX,2026-10-15,True,41,82,72046.41,1.85,
2026-10-05 11:57:19.752589+05:30,FINNIFTY,2026-10-27,True,41,82,24595.3,1.86,
2026-10-05 11:57:21.568711+05:30,MIDCPNIFTY,2026-10-27,True,41,82,13634.1,1.81,
2026-10-05 11:58:06.806492+05:30,NIFTY,2026-10-06,True,41,82,22462.95,1.82,
2026-10-05 11:58:08.640416+05:30,NIFTY,2026-10-13,True,41,82,22462.8,1.83,
2026-10-05 11:58:10.476787+05:30,NIFTY,2026-10-19,True,41,82,22463.2,1.84,
2026-10-05 11:58:12.906436+05:30,BANKNIFTY,2026-10-27,True,41,82,54554.0,2.43,
2026-10-05 11:58:14.789090+05:30,BANKNIFTY,2026-11-23,True,41,82,54554.05,1.88,
2026-10-05 11:58:16.606966+05:30,SENSEX,2026-10-08,True,41,82,72058.37,1.82,
2026-10-05 11:58:18.431211+05:30,SENSEX,2026-10-15,True,41,82,72061.52,1.82,
2026-10-05 11:58:20.274073+05:30,FINNIFTY,2026-10-27,True,41,82,24597.65,1.84,
2026-10-05 11:58:22.189182+05:30,MIDCPNIFTY,2026-10-27,True,41,82,13632.1,1.91,
2026-10-05 11:59:06.800674+05:30,NIFTY,2026-10-06,True,41,82,22447.4,1.81,
2026-10-05 11:59:08.647692+05:30,NIFTY,2026-10-13,True,41,82,22443.8,1.84,
2026-10-05 11:59:10.496737+05:30,NIFTY,2026-10-19,True,41,82,22443.95,1.85,
2026-10-05 11:59:12.314907+05:30,BANKNIFTY,2026-10-27,True,41,82,54515.0,1.81,
2026-10-05 11:59:14.162555+05:30,BANKNIFTY,2026-11-23,True,41,82,54515.3,1.85,
2026-10-05 11:59:15.996603+05:30,SENSEX,2026-10-08,True,41,82,71995.87,1.83,
2026-10-05 11:59:17.826488+05:30,SENSEX,2026-10-15,True,41,82,71994.46,1.83,
2026-10-05 11:59:20.703469+05:30,FINNIFTY,2026-10-27,True,41,81,24571.65,2.88,
2026-10-05 11:59:22.610562+05:30,MIDCPNIFTY,2026-10-27,True,41,82,13619.25,1.91,
2026-10-05 12:00:06.842551+05:30,NIFTY,2026-10-06,True,41,82,22422.9,1.86,
2026-10-05 12:00:08.742611+05:30,NIFTY,2026-10-13,True,41,82,22423.8,1.9,
2026-10-05 12:00:10.605736+05:30,NIFTY,2026-10-19,True,41,82,22422.75,1.86,
2026-10-05 12:00:12.531630+05:30,BANKNIFTY,2026-10-27,True,41,82,54453.7,1.92,
2026-10-05 12:00:14.373725+05:30,BANKNIFTY,2026-11-23,True,41,82,54451.15,1.84,
2026-10-05 12:00:16.251738+05:30,SENSEX,2026-10-08,True,41,82,71928.74,1.88,
2026-10-05 12:00:18.098722+05:30,SENSEX,2026-10-15,True,41,82,71925.48,1.85,
2026-10-05 12:00:19.923502+05:30,FINNIFTY,2026-10-27,True,41,82,24550.5,1.82,
2026-10-05 12:00:21.803448+05:30,MIDCPNIFTY,2026-10-27,True,41,82,13610.9,1.88,
2026-10-05 12:01:06.792511+05:30,NIFTY,2026-10-06,True,41,82,22418.0,1.81,
2026-10-05 12:01:08.660399+05:30,NIFTY,2026-10-13,True,41,82,22418.75,1.86,
2026-10-05 12:01:10.520385+05:30,NIFTY,2026-10-19,True,41,82,22419.3,1.86,
2026-10-05 12:01:12.384795+05:30,BANKNIFTY,2026-10-27,True,41,82,54441.85,1.86,
2026-10-05 12:01:14.276794+05:30,BANKNIFTY,2026-11-23,True,41,82,54438.3,1.89,
2026-10-05 12:01:16.113867+05:30,SENSEX,2026-10-08,True,41,82,71911.29,1.84,
2026-10-05 12:01:17.950002+05:30,SENSEX,2026-10-15,True,41,82,71909.42,1.84,
2026-10-05 12:01:19.789977+05:30,FINNIFTY,2026-10-27,True,41,82,24542.1,1.84,
2026-10-05 12:01:21.647483+05:30,MIDCPNIFTY,2026-10-27,True,41,82,13602.5,1.86,
2026-10-05 12:02:06.799423+05:30,NIFTY,2026-10-06,True,41,82,22432.15,1.81,
2026-10-05 12:02:09.662768+05:30,NIFTY,2026-10-13,True,41,82,22434.55,2.86,
2026-10-05 12:02:11.496859+05:30,NIFTY,2026-10-19,True,41,82,22435.6,1.83,
2026-10-05 12:02:13.369883+05:30,BANKNIFTY,2026-10-27,True,41,82,54474.25,1.87,
2026-10-05 12:02:15.257428+05:30,BANKNIFTY,2026-11-23,True,41,82,54473.55,1.89,
2026-10-05 12:02:17.148723+05:30,SENSEX,2026-10-08,True,41,82,71952.16,1.89,
2026-10-05 12:02:19.028193+05:30,SENSEX,2026-10-15,True,41,82,71951.98,1.88,
2026-10-05 12:02:20.866210+05:30,FINNIFTY,2026-10-27,True,41,82,24559.85,1.84,
2026-10-05 12:02:22.707845+05:30,MIDCPNIFTY,2026-10-27,True,41,82,13612.6,1.84,
2026-10-05 12:03:06.797954+05:30,NIFTY,2026-10-06,True,41,82,22439.2,1.81,
2026-10-05 12:03:08.655386+05:30,NIFTY,2026-10-13,True,41,82,22438.95,1.85,
2026-10-05 12:03:10.490131+05:30,NIFTY,2026-10-19,True,41,82,22438.35,1.83,
2026-10-05 12:03:12.315238+05:30,BANKNIFTY,2026-10-27,True,41,82,54475.65,1.82,
2026-10-05 12:03:14.380317+05:30,BANKNIFTY,2026-11-23,True,41,82,54474.2,2.06,
2026-10-05 12:03:16.203637+05:30,SENSEX,2026-10-08,True,41,82,71965.43,1.82,
2026-10-05 12:03:19.063414+05:30,SENSEX,2026-10-15,True,41,82,71959.4,2.86,
2026-10-05 12:03:20.955457+05:30,FINNIFTY,2026-10-27,True,41,82,24568.0,1.89,
2026-10-05 12:03:22.806235+05:30,MIDCPNIFTY,2026-10-27,True,41,82,13616.9,1.85,
2026-10-05 12:04:06.774503+05:30,NIFTY,2026-10-06,True,41,82,22443.4,1.79,
2026-10-05 12:04:08.646437+05:30,NIFTY,2026-10-13,True,41,82,22444.05,1.87,
2026-10-05 12:04:10.554303+05:30,NIFTY,2026-10-19,True,41,82,22443.35,1.91,
2026-10-05 12:04:12.409433+05:30,BANKNIFTY,2026-10-27,True,41,82,54504.1,1.85,
2026-10-05 12:04:14.282377+05:30,BANKNIFTY,2026-11-23,True,41,82,54503.75,1.87,
2026-10-05 12:04:16.139491+05:30,SENSEX,2026-10-08,True,41,82,71977.74,1.86,
2026-10-05 12:04:17.955697+05:30,SENSEX,2026-10-15,True,41,82,71987.44,1.82,
2026-10-05 12:04:19.794071+05:30,FINNIFTY,2026-10-27,True,41,82,24574.95,1.84,
2026-10-05 12:04:21.656336+05:30,MIDCPNIFTY,2026-10-27,True,41,82,13624.15,1.86,
2026-10-05 12:05:06.790993+05:30,NIFTY,2026-10-06,True,41,82,22443.65,1.8,
2026-10-05 12:05:08.668852+05:30,NIFTY,2026-10-13,True,41,82,22443.55,1.87,
2026-10-05 12:05:10.531915+05:30,NIFTY,2026-10-19,True,41,82,22444.05,1.86,
2026-10-05 12:05:12.396353+05:30,BANKNIFTY,2026-10-27,True,41,82,54502.55,1.86,
2026-10-05 12:05:14.234061+05:30,BANKNIFTY,2026-11-23,True,41,82,54500.2,1.84,
2026-10-05 12:05:16.049266+05:30,SENSEX,2026-10-08,True,41,82,71981.52,1.81,
2026-10-05 12:05:17.897004+05:30,SENSEX,2026-10-15,True,41,82,71983.66,1.85,
2026-10-05 12:05:19.742577+05:30,FINNIFTY,2026-10-27,True,41,82,24569.9,1.84,
2026-10-05 12:05:21.604151+05:30,MIDCPNIFTY,2026-10-27,True,41,82,13624.45,1.86,
2026-10-05 12:06:06.805009+05:30,NIFTY,2026-10-06,True,41,82,22433.25,1.82,
2026-10-05 12:06:08.663671+05:30,NIFTY,2026-10-13,True,41,82,22433.0,1.86,
2026-10-05 12:06:10.491084+05:30,NIFTY,2026-10-19,True,41,82,22432.55,1.83,
2026-10-05 12:06:12.305121+05:30,BANKNIFTY,2026-10-27,True,41,82,54466.6,1.81,
2026-10-05 12:06:14.133863+05:30,BANKNIFTY,2026-11-23,True,41,82,54462.45,1.83,
2026-10-05 12:06:15.986514+05:30,SENSEX,2026-10-08,True,41,82,71950.4,1.85,
2026-10-05 12:06:17.814907+05:30,SENSEX,2026-10-15,True,41,82,71948.2,1.83,
2026-10-05 12:06:19.638065+05:30,FINNIFTY,2026-10-27,True,41,82,24555.6,1.82,
2026-10-05 12:06:21.459757+05:30,MIDCPNIFTY,2026-10-27,True,41,82,13620.7,1.82,
2026-10-05 12:07:06.787885+05:30,NIFTY,2026-10-06,True,41,82,22415.95,1.8,
2026-10-05 12:07:08.607345+05:30,NIFTY,2026-10-13,True,41,82,22414.55,1.82,
2026-10-05 12:07:10.485327+05:30,NIFTY,2026-10-19,True,41,82,22412.1,1.88,
2026-10-05 12:07:12.376429+05:30,BANKNIFTY,2026-10-27,True,41,82,54424.4,1.89,
2026-10-05 12:07:14.203205+05:30,BANKNIFTY,2026-11-23,True,41,82,54422.9,1.83,
2026-10-05 12:07:16.022523+05:30,SENSEX,2026-10-08,True,41,82,71902.0,1.82,
2026-10-05 12:07:17.855979+05:30,SENSEX,2026-10-15,True,41,82,71898.67,1.83,
2026-10-05 12:07:19.696278+05:30,FINNIFTY,2026-10-27,True,41,82,24534.1,1.84,
2026-10-05 12:07:21.585645+05:30,MIDCPNIFTY,2026-10-27,True,41,82,13609.6,1.89,
2026-10-05 12:08:06.777085+05:30,NIFTY,2026-10-06,True,41,82,22409.1,1.79,
2026-10-05 12:08:08.593421+05:30,NIFTY,2026-10-13,True,41,82,22405.1,1.81,
2026-10-05 12:08:10.436252+05:30,NIFTY,2026-10-19,True,41,82,22403.55,1.84,
2026-10-05 12:08:12.302121+05:30,BANKNIFTY,2026-10-27,True,41,82,54389.1,1.86,
2026-10-05 12:08:14.173511+05:30,BANKNIFTY,2026-11-23,True,41,82,54381.45,1.87,
2026-10-05 12:08:16.011114+05:30,SENSEX,2026-10-08,True,41,82,71856.66,1.84,
2026-10-05 12:08:17.821971+05:30,SENSEX,2026-10-15,True,41,82,71853.35,1.81,
2026-10-05 12:08:19.665641+05:30,FINNIFTY,2026-10-27,True,41,82,24519.75,1.84,
2026-10-05 12:08:22.518057+05:30,MIDCPNIFTY,2026-10-27,True,41,82,13604.4,2.85,
2026-10-05 12:09:06.790414+05:30,NIFTY,2026-10-06,True,41,82,22404.3,1.8,
2026-10-05 12:09:08.619371+05:30,NIFTY,2026-10-13,True,41,82,22405.1,1.83,
2026-10-05 12:09:10.444995+05:30,NIFTY,2026-10-19,True,41,82,22404.5,1.82,
2026-10-05 12:09:12.317009+05:30,BANKNIFTY,2026-10-27,True,41,82,54399.2,1.87,
2026-10-05 12:09:14.191778+05:30,BANKNIFTY,2026-11-23,True,41,81,54397.55,1.87,
2026-10-05 12:09:16.322742+05:30,SENSEX,2026-10-08,True,41,82,71852.76,2.13,
2026-10-05 12:09:18.155771+05:30,SENSEX,2026-10-15,True,41,82,71854.47,1.83,
2026-10-05 12:09:19.975015+05:30,FINNIFTY,2026-10-27,True,41,81,24532.85,1.82,
2026-10-05 12:09:21.814534+05:30,MIDCPNIFTY,2026-10-27,True,41,82,13608.45,1.84,
2026-10-05 12:10:06.803174+05:30,NIFTY,2026-10-06,True,41,82,22414.5,1.82,
2026-10-05 12:10:08.635752+05:30,NIFTY,2026-10-13,True,41,82,22414.2,1.83,
2026-10-05 12:10:10.500566+05:30,NIFTY,2026-10-19,True,41,82,22413.9,1.86,
2026-10-05 12:10:12.369249+05:30,BANKNIFTY,2026-10-27,True,41,82,54421.85,1.87,
2026-10-05 12:10:14.218511+05:30,BANKNIFTY,2026-11-23,True,41,81,54411.25,1.85,
2026-10-05 12:10:16.045613+05:30,SENSEX,2026-10-08,True,41,82,71878.62,1.83,
2026-10-05 12:10:17.897887+05:30,SENSEX,2026-10-15,True,41,82,71877.33,1.85,
2026-10-05 12:10:19.770178+05:30,FINNIFTY,2026-10-27,True,41,81,24538.2,1.87,
2026-10-05 12:10:21.631891+05:30,MIDCPNIFTY,2026-10-27,True,41,82,13613.45,1.86,
2026-10-05 12:11:06.814672+05:30,NIFTY,2026-10-06,True,41,82,22419.35,1.83,
2026-10-05 12:11:08.661801+05:30,NIFTY,2026-10-13,True,41,82,22420.95,1.84,
2026-10-05 12:11:10.497450+05:30,NIFTY,2026-10-19,True,41,82,22421.85,1.83,
2026-10-05 12:11:12.337981+05:30,BANKNIFTY,2026-10-27,True,41,82,54443.45,1.84,
2026-10-05 12:11:14.181566+05:30,BANKNIFTY,2026-11-23,True,41,82,54446.25,1.84,
2026-10-05 12:11:16.185518+05:30,SENSEX,2026-10-08,True,41,82,71914.97,2.0,
2026-10-05 12:11:18.035326+05:30,SENSEX,2026-10-15,True,41,82,71914.9,1.85,
2026-10-05 12:11:19.883911+05:30,FINNIFTY,2026-10-27,True,41,81,24555.25,1.85,
2026-10-05 12:11:21.728291+05:30,MIDCPNIFTY,2026-10-27,True,41,82,13623.3,1.84,
2026-10-05 12:12:06.782580+05:30,NIFTY,2026-10-06,True,41,82,22427.7,1.8,
2026-10-05 12:12:08.660962+05:30,NIFTY,2026-10-13,True,41,82,22427.5,1.87,
2026-10-05 12:12:10.517229+05:30,NIFTY,2026-10-19,True,41,82,22427.7,1.86,
2026-10-05 12:12:12.354193+05:30,BANKNIFTY,2026-10-27,True,41,82,54465.8,1.84,
2026-10-05 12:12:14.189174+05:30,BANKNIFTY,2026-11-23,True,41,82,54467.25,1.83,
2026-10-05 12:12:16.047607+05:30,SENSEX,2026-10-08,True,41,82,71928.37,1.86,
2026-10-05 12:12:18.452861+05:30,SENSEX,2026-10-15,True,41,82,71928.97,2.4,
2026-10-05 12:12:20.312892+05:30,FINNIFTY,2026-10-27,True,41,82,24561.8,1.86,
2026-10-05 12:12:22.151055+05:30,MIDCPNIFTY,2026-10-27,True,41,82,13627.7,1.84,
2026-10-05 12:13:06.778742+05:30,NIFTY,2026-10-06,True,41,82,22420.5,1.79,
2026-10-05 12:13:08.652133+05:30,NIFTY,2026-10-13,True,41,82,22419.8,1.87,
2026-10-05 12:13:10.480177+05:30,NIFTY,2026-10-19,True,41,82,22419.15,1.82,
2026-10-05 12:13:12.337831+05:30,BANKNIFTY,2026-10-27,True,41,82,54438.8,1.86,
2026-10-05 12:13:14.179574+05:30,BANKNIFTY,2026-11-23,True,41,82,54436.4,1.84,
2026-10-05 12:13:15.989159+05:30,SENSEX,2026-10-08,True,41,82,71902.35,1.81,
2026-10-05 12:13:17.807642+05:30,SENSEX,2026-10-15,True,41,82,71901.49,1.82,
2026-10-05 12:13:19.674040+05:30,FINNIFTY,2026-10-27,True,41,82,24541.95,1.86,
2026-10-05 12:13:21.526868+05:30,MIDCPNIFTY,2026-10-27,True,41,82,13615.7,1.85,
2026-10-05 12:14:06.767829+05:30,NIFTY,2026-10-06,True,41,82,22414.05,1.78,
2026-10-05 12:14:08.622565+05:30,NIFTY,2026-10-13,True,41,82,22414.5,1.85,
2026-10-05 12:14:10.443932+05:30,NIFTY,2026-10-19,True,41,82,22414.6,1.82,
2026-10-05 12:14:13.313804+05:30,BANKNIFTY,2026-10-27,True,41,82,54424.3,2.87,
2026-10-05 12:14:15.700789+05:30,BANKNIFTY,2026-11-23,True,41,82,54430.0,2.39,
2026-10-05 12:14:17.421077+05:30,SENSEX,2026-10-08,True,41,82,71887.5,1.72,
2026-10-05 12:14:19.143536+05:30,SENSEX,2026-10-15,True,41,82,71890.38,1.72,
2026-10-05 12:14:20.860640+05:30,FINNIFTY,2026-10-27,True,41,80,24542.65,1.72,
2026-10-05 12:14:22.576959+05:30,MIDCPNIFTY,2026-10-27,True,41,82,13615.6,1.71,
2026-10-05 12:15:06.715884+05:30,NIFTY,2026-10-06,True,41,82,22420.7,1.73,
2026-10-05 12:15:08.463495+05:30,NIFTY,2026-10-13,True,41,82,22420.65,1.75,
2026-10-05 12:15:10.261598+05:30,NIFTY,2026-10-19,True,41,82,22419.15,1.79,
2026-10-05 12:15:12.020783+05:30,BANKNIFTY,2026-10-27,True,41,82,54442.7,1.76,
2026-10-05 12:15:13.799395+05:30,BANKNIFTY,2026-11-23,True,41,82,54445.7,1.78,
2026-10-05 12:15:15.532076+05:30,SENSEX,2026-10-08,True,41,82,71895.32,1.73,
2026-10-05 12:15:17.299039+05:30,SENSEX,2026-10-15,True,41,82,71898.47,1.77,
2026-10-05 12:15:19.081965+05:30,FINNIFTY,2026-10-27,True,41,80,24549.85,1.78,
2026-10-05 12:15:20.824414+05:30,MIDCPNIFTY,2026-10-27,True,41,82,13617.3,1.74,
2026-10-05 12:16:06.744480+05:30,NIFTY,2026-10-06,True,41,82,22429.2,1.76,
2026-10-05 12:16:08.505259+05:30,NIFTY,2026-10-13,True,41,82,22429.7,1.76,
2026-10-05 12:16:10.247630+05:30,NIFTY,2026-10-19,True,41,82,22427.65,1.74,
2026-10-05 12:16:12.006011+05:30,BANKNIFTY,2026-10-27,True,41,82,54473.8,1.76,
2026-10-05 12:16:13.760229+05:30,BANKNIFTY,2026-11-23,True,41,82,54467.4,1.75,
2026-10-05 12:16:15.501345+05:30,SENSEX,2026-10-08,True,41,82,71924.69,1.74,
2026-10-05 12:16:17.221654+05:30,SENSEX,2026-10-15,True,41,82,71925.74,1.72,
2026-10-05 12:16:19.026657+05:30,FINNIFTY,2026-10-27,True,41,80,24548.8,1.8,
2026-10-05 12:16:20.787599+05:30,MIDCPNIFTY,2026-10-27,True,41,82,13623.6,1.76,
2026-10-05 12:17:06.726330+05:30,NIFTY,2026-10-06,True,41,82,22424.75,1.74,
2026-10-05 12:17:08.472176+05:30,NIFTY,2026-10-13,True,41,82,22425.35,1.74,
2026-10-05 12:17:10.204671+05:30,NIFTY,2026-10-19,True,41,82,22425.6,1.73,
2026-10-05 12:17:12.011794+05:30,BANKNIFTY,2026-10-27,True,41,82,54454.55,1.81,
2026-10-05 12:17:13.781956+05:30,BANKNIFTY,2026-11-23,True,41,82,54459.25,1.77,
2026-10-05 12:17:15.513232+05:30,SENSEX,2026-10-08,True,41,82,71920.58,1.73,
2026-10-05 12:17:17.245672+05:30,SENSEX,2026-10-15,True,41,82,71920.44,1.73,
2026-10-05 12:17:18.971695+05:30,FINNIFTY,2026-10-27,True,41,80,24552.7,1.72,
2026-10-05 12:17:20.729516+05:30,MIDCPNIFTY,2026-10-27,True,41,82,13623.95,1.76,
2026-10-05 12:18:06.716758+05:30,NIFTY,2026-10-06,True,41,82,22430.45,1.73,
2026-10-05 12:18:08.444287+05:30,NIFTY,2026-10-13,True,41,82,22430.7,1.73,
2026-10-05 12:18:10.197459+05:30,NIFTY,2026-10-19,True,41,82,22430.35,1.75,
2026-10-05 12:18:11.934419+05:30,BANKNIFTY,2026-10-27,True,41,82,54483.8,1.74,
2026-10-05 12:18:13.688801+05:30,BANKNIFTY,2026-11-23,True,41,82,54479.9,1.75,
2026-10-05 12:18:15.425167+05:30,SENSEX,2026-10-08,True,41,82,71942.6,1.74,
2026-10-05 12:18:17.443159+05:30,SENSEX,2026-10-15,True,41,82,71942.29,2.02,
2026-10-05 12:18:19.209790+05:30,FINNIFTY,2026-10-27,True,41,81,24565.3,1.76,
2026-10-05 12:18:20.941330+05:30,MIDCPNIFTY,2026-10-27,True,41,82,13632.45,1.73,
2026-10-05 12:19:06.701325+05:30,NIFTY,2026-10-06,True,41,82,22431.7,1.72,
2026-10-05 12:19:08.900855+05:30,NIFTY,2026-10-13,True,41,82,22431.35,2.2,
2026-10-05 12:19:10.657463+05:30,NIFTY,2026-10-19,True,41,82,22431.85,1.76,
2026-10-05 12:19:12.400678+05:30,BANKNIFTY,2026-10-27,True,41,82,54510.2,1.74,
2026-10-05 12:19:14.144064+05:30,BANKNIFTY,2026-11-23,True,41,82,54510.65,1.74,
2026-10-05 12:19:15.917576+05:30,SENSEX,2026-10-08,True,41,82,71940.48,1.77,
2026-10-05 12:19:17.777229+05:30,SENSEX,2026-10-15,True,41,82,71942.54,1.86,
2026-10-05 12:19:20.599247+05:30,FINNIFTY,2026-10-27,True,41,81,24564.75,2.82,
2026-10-05 12:19:22.335776+05:30,MIDCPNIFTY,2026-10-27,True,41,82,13633.9,1.73,
2026-10-05 12:22:10.967247+05:30,NIFTY,2026-10-06,True,41,82,22438.05,1.89,
2026-10-05 12:22:12.822218+05:30,NIFTY,2026-10-13,True,41,82,22437.45,1.85,
2026-10-05 12:22:14.696753+05:30,NIFTY,2026-10-19,True,41,82,22438.0,1.87,
2026-10-05 12:22:17.127531+05:30,BANKNIFTY,2026-10-27,True,41,82,54575.25,2.08,
2026-10-05 12:22:19.009290+05:30,BANKNIFTY,2026-11-23,True,41,82,54574.0,1.88,
2026-10-05 12:22:21.211064+05:30,SENSEX,2026-10-08,True,41,82,71956.55,1.85,
2026-10-05 12:22:23.084617+05:30,SENSEX,2026-10-15,True,41,82,71958.68,1.87,
2026-10-05 12:22:25.298022+05:30,FINNIFTY,2026-10-27,True,41,81,24578.5,1.87,
2026-10-05 12:22:27.563384+05:30,MIDCPNIFTY,2026-10-27,True,41,82,13646.9,1.92,
2026-10-05 12:23:06.816016+05:30,NIFTY,2026-10-06,True,41,82,22445.05,1.83,
2026-10-05 12:23:08.728650+05:30,NIFTY,2026-10-13,True,41,82,22445.95,1.91,
2026-10-05 12:23:10.609534+05:30,NIFTY,2026-10-19,True,41,82,22446.25,1.88,
2026-10-05 12:23:12.490057+05:30,BANKNIFTY,2026-10-27,True,41,82,54593.7,1.88,
2026-10-05 12:23:14.346648+05:30,BANKNIFTY,2026-11-23,True,41,82,54594.1,1.86,
2026-10-05 12:23:16.193748+05:30,SENSEX,2026-10-08,True,41,82,71975.29,1.85,
2026-10-05 12:23:18.038722+05:30,SENSEX,2026-10-15,True,41,82,71978.49,1.85,
2026-10-05 12:23:19.902113+05:30,FINNIFTY,2026-10-27,True,41,81,24584.1,1.86,
2026-10-05 12:23:21.791256+05:30,MIDCPNIFTY,2026-10-27,True,41,82,13648.75,1.89,
2026-10-05 12:24:06.806436+05:30,NIFTY,2026-10-06,True,41,82,22449.5,1.82,
2026-10-05 12:24:08.732263+05:30,NIFTY,2026-10-13,True,41,82,22450.25,1.92,
2026-10-05 12:24:10.600904+05:30,NIFTY,2026-10-19,True,41,82,22451.45,1.87,
2026-10-05 12:24:12.456939+05:30,BANKNIFTY,2026-10-27,True,41,82,54587.85,1.86,
2026-10-05 12:24:14.310243+05:30,BANKNIFTY,2026-11-23,True,41,82,54591.8,1.86,
2026-10-05 12:24:16.164226+05:30,SENSEX,2026-10-08,True,41,82,72001.82,1.84,
2026-10-05 12:24:18.043939+05:30,SENSEX,2026-10-15,True,41,82,72005.14,1.88,
2026-10-05 12:24:19.901938+05:30,FINNIFTY,2026-10-27,True,41,81,24591.45,1.86,
2026-10-05 12:24:22.102701+05:30,MIDCPNIFTY,2026-10-27,True,41,82,13652.8,2.2,
2026-10-05 12:25:06.802291+05:30,NIFTY,2026-10-06,True,41,82,22439.05,1.82,
2026-10-05 12:25:09.552471+05:30,NIFTY,2026-10-13,True,41,82,22442.45,2.75,
2026-10-05 12:25:11.422270+05:30,NIFTY,2026-10-19,True,41,82,22444.5,1.87,
2026-10-05 12:25:13.268802+05:30,BANKNIFTY,2026-10-27,True,41,82,54569.8,1.85,
2026-10-05 12:25:15.175382+05:30,BANKNIFTY,2026-11-23,True,41,82,54565.85,1.91,
2026-10-05 12:25:17.027554+05:30,SENSEX,2026-10-08,True,41,82,71970.6,1.85,
2026-10-05 12:25:18.880436+05:30,SENSEX,2026-10-15,True,41,82,71969.61,1.85,
2026-10-05 12:25:20.738730+05:30,FINNIFTY,2026-10-27,True,41,81,24583.85,1.86,
2026-10-05 12:25:22.610294+05:30,MIDCPNIFTY,2026-10-27,True,41,82,13643.75,1.87,
2026-10-05 12:26:06.796537+05:30,NIFTY,2026-10-06,True,41,82,22449.95,1.81,
2026-10-05 12:26:08.663837+05:30,NIFTY,2026-10-13,True,41,82,22450.2,1.86,
2026-10-05 12:26:10.601955+05:30,NIFTY,2026-10-19,True,41,82,22449.35,1.94,
2026-10-05 12:26:12.463250+05:30,BANKNIFTY,2026-10-27,True,41,82,54583.75,1.86,
2026-10-05 12:26:14.339229+05:30,BANKNIFTY,2026-11-23,True,41,82,54581.8,1.88,
2026-10-05 12:26:16.183093+05:30,SENSEX,2026-10-08,True,41,82,71988.32,1.84,
2026-10-05 12:26:18.024834+05:30,SENSEX,2026-10-15,True,41,82,71989.03,1.84,
2026-10-05 12:26:19.896899+05:30,FINNIFTY,2026-10-27,True,41,81,24586.8,1.87,
2026-10-05 12:26:21.748696+05:30,MIDCPNIFTY,2026-10-27,True,41,82,13644.25,1.85,
2026-10-05 12:27:06.823109+05:30,NIFTY,2026-10-06,True,41,82,22440.9,1.84,
2026-10-05 12:27:08.710711+05:30,NIFTY,2026-10-13,True,41,82,22439.0,1.88,
2026-10-05 12:27:10.601482+05:30,NIFTY,2026-10-19,True,41,82,22439.15,1.89,
2026-10-05 12:27:12.485758+05:30,BANKNIFTY,2026-10-27,True,41,82,54564.1,1.88,
2026-10-05 12:27:14.359843+05:30,BANKNIFTY,2026-11-23,True,41,82,54558.75,1.87,
2026-10-05 12:27:16.226279+05:30,SENSEX,2026-10-08,True,41,82,71953.43,1.87,
2026-10-05 12:27:18.097164+05:30,SENSEX,2026-10-15,True,41,82,71948.03,1.87,
2026-10-05 12:27:19.992831+05:30,FINNIFTY,2026-10-27,True,41,81,24584.95,1.89,
2026-10-05 12:27:21.841125+05:30,MIDCPNIFTY,2026-10-27,True,41,82,13637.55,1.85,
2026-10-05 12:28:06.819050+05:30,NIFTY,2026-10-06,True,41,82,22446.15,1.83,
2026-10-05 12:28:08.693305+05:30,NIFTY,2026-10-13,True,41,82,22448.05,1.87,
2026-10-05 12:28:10.574519+05:30,NIFTY,2026-10-19,True,41,82,22447.9,1.88,
2026-10-05 12:28:12.436761+05:30,BANKNIFTY,2026-10-27,True,41,82,54588.75,1.86,
2026-10-05 12:28:14.299535+05:30,BANKNIFTY,2026-11-23,True,41,82,54590.2,1.86,
2026-10-05 12:28:16.149328+05:30,SENSEX,2026-10-08,True,41,82,71978.5,1.85,
2026-10-05 12:28:17.997852+05:30,SENSEX,2026-10-15,True,41,82,71985.17,1.85,
2026-10-05 12:28:19.895834+05:30,FINNIFTY,2026-10-27,True,41,81,24605.3,1.9,
2026-10-05 12:28:21.751740+05:30,MIDCPNIFTY,2026-10-27,True,41,82,13645.55,1.85,
2026-10-05 12:29:06.809610+05:30,NIFTY,2026-10-06,True,41,82,22451.15,1.82,
2026-10-05 12:29:08.657138+05:30,NIFTY,2026-10-13,True,41,82,22450.8,1.84,
2026-10-05 12:29:10.522982+05:30,NIFTY,2026-10-19,True,41,82,22451.35,1.86,
2026-10-05 12:29:12.424443+05:30,BANKNIFTY,2026-10-27,True,41,82,54590.6,1.9,
2026-10-05 12:29:14.329099+05:30,BANKNIFTY,2026-11-23,True,41,82,54591.55,1.9,
2026-10-05 12:29:16.199713+05:30,SENSEX,2026-10-08,True,41,82,71994.33,1.87,
2026-10-05 12:29:18.056471+05:30,SENSEX,2026-10-15,True,41,82,71996.97,1.86,
2026-10-05 12:29:19.921501+05:30,FINNIFTY,2026-10-27,True,41,81,24612.55,1.86,
2026-10-05 12:29:21.838270+05:30,MIDCPNIFTY,2026-10-27,True,41,82,13648.0,1.92,
2026-10-05 12:30:06.803805+05:30,NIFTY,2026-10-06,True,41,82,22454.15,1.82,
2026-10-05 12:30:08.671011+05:30,NIFTY,2026-10-13,True,41,82,22453.55,1.86,
2026-10-05 12:30:10.605897+05:30,NIFTY,2026-10-19,True,41,82,22452.3,1.93,
2026-10-05 12:30:12.472325+05:30,BANKNIFTY,2026-10-27,True,41,82,54613.95,1.87,
2026-10-05 12:30:14.343272+05:30,BANKNIFTY,2026-11-23,True,41,82,54610.7,1.87,
2026-10-05 12:30:16.193850+05:30,SENSEX,2026-10-08,True,41,82,72003.38,1.85,
2026-10-05 12:30:18.084467+05:30,SENSEX,2026-10-15,True,41,82,72004.78,1.89,
2026-10-05 12:30:19.946944+05:30,FINNIFTY,2026-10-27,True,41,81,24615.05,1.86,
2026-10-05 12:30:22.060892+05:30,MIDCPNIFTY,2026-10-27,True,41,82,13645.05,2.11,
2026-10-05 12:31:06.856805+05:30,NIFTY,2026-10-06,True,41,82,22460.4,1.87,
2026-10-05 12:31:08.708011+05:30,NIFTY,2026-10-13,True,41,82,22457.85,1.85,
2026-10-05 12:31:10.563255+05:30,NIFTY,2026-10-19,True,41,82,22456.4,1.85,
2026-10-05 12:31:12.452983+05:30,BANKNIFTY,2026-10-27,True,41,82,54622.8,1.89,
2026-10-05 12:31:14.368537+05:30,BANKNIFTY,2026-11-23,True,41,82,54615.65,1.91,
2026-10-05 12:31:16.212469+05:30,SENSEX,2026-10-08,True,41,82,72016.0,1.84,
2026-10-05 12:31:18.067742+05:30,SENSEX,2026-10-15,True,41,82,72013.21,1.86,
2026-10-05 12:31:19.919744+05:30,FINNIFTY,2026-10-27,True,41,82,24613.25,1.85,
2026-10-05 12:31:21.788143+05:30,MIDCPNIFTY,2026-10-27,True,41,82,13642.85,1.87,
2026-10-05 12:32:07.411759+05:30,NIFTY,2026-10-06,True,41,82,22450.8,2.43,
2026-10-05 12:32:09.292540+05:30,NIFTY,2026-10-13,True,41,82,22452.1,1.88,
2026-10-05 12:32:11.180544+05:30,NIFTY,2026-10-19,True,41,82,22450.1,1.89,
2026-10-05 12:32:13.141838+05:30,BANKNIFTY,2026-10-27,True,41,82,54590.3,1.96,
2026-10-05 12:32:15.526096+05:30,BANKNIFTY,2026-11-23,True,41,82,54586.9,2.38,
2026-10-05 12:32:17.391432+05:30,SENSEX,2026-10-08,True,41,82,71982.97,1.86,
2026-10-05 12:32:19.303566+05:30,SENSEX,2026-10-15,True,41,82,71979.45,1.91,
2026-10-05 12:32:21.173639+05:30,FINNIFTY,2026-10-27,True,41,82,24606.4,1.87,
2026-10-05 12:32:23.073024+05:30,MIDCPNIFTY,2026-10-27,True,41,82,13636.95,1.9,
2026-10-05 12:33:07.839827+05:30,NIFTY,2026-10-06,True,41,82,22449.95,2.86,
2026-10-05 12:33:09.710924+05:30,NIFTY,2026-10-13,True,41,82,22449.8,1.87,
2026-10-05 12:33:11.580772+05:30,NIFTY,2026-10-19,True,41,82,22449.0,1.87,
2026-10-05 12:33:13.470112+05:30,BANKNIFTY,2026-10-27,True,41,82,54598.5,1.89,
2026-10-05 12:33:15.364864+05:30,BANKNIFTY,2026-11-23,True,41,82,54596.1,1.89,
2026-10-05 12:33:17.287807+05:30,SENSEX,2026-10-08,True,41,82,71991.76,1.92,
2026-10-05 12:33:19.155214+05:30,SENSEX,2026-10-15,True,41,82,71987.29,1.87,
2026-10-05 12:33:21.001928+05:30,FINNIFTY,2026-10-27,True,41,82,24613.5,1.84,
2026-10-05 12:33:22.878858+05:30,MIDCPNIFTY,2026-10-27,True,41,82,13639.25,1.88,
2026-10-05 12:34:07.797477+05:30,NIFTY,2026-10-06,True,41,82,22447.8,2.81,
2026-10-05 12:34:09.657079+05:30,NIFTY,2026-10-13,True,41,82,22448.5,1.86,
2026-10-05 12:34:11.534377+05:30,NIFTY,2026-10-19,True,41,82,22448.9,1.87,
2026-10-05 12:34:13.395526+05:30,BANKNIFTY,2026-10-27,True,41,82,54586.55,1.86,
2026-10-05 12:34:15.287078+05:30,BANKNIFTY,2026-11-23,True,41,82,54588.65,1.89,
2026-10-05 12:34:17.176831+05:30,SENSEX,2026-10-08,True,41,82,71986.31,1.89,
2026-10-05 12:34:19.032308+05:30,SENSEX,2026-10-15,True,41,82,71984.28,1.86,
2026-10-05 12:34:20.894658+05:30,FINNIFTY,2026-10-27,True,41,82,24608.95,1.86,
2026-10-05 12:34:22.784109+05:30,MIDCPNIFTY,2026-10-27,True,41,82,13637.05,1.89,
2026-10-05 12:35:06.800969+05:30,NIFTY,2026-10-06,True,41,82,22444.65,1.82,
2026-10-05 12:35:08.711468+05:30,NIFTY,2026-10-13,True,41,82,22444.65,1.91,
2026-10-05 12:35:10.570501+05:30,NIFTY,2026-10-19,True,41,82,22444.7,1.86,
2026-10-05 12:35:12.429666+05:30,BANKNIFTY,2026-10-27,True,41,82,54574.9,1.86,
2026-10-05 12:35:14.324749+05:30,BANKNIFTY,2026-11-23,True,41,82,54568.1,1.89,
2026-10-05 12:35:16.178149+05:30,SENSEX,2026-10-08,True,41,82,71969.11,1.85,
2026-10-05 12:35:18.075473+05:30,SENSEX,2026-10-15,True,41,82,71968.45,1.9,
2026-10-05 12:35:19.929103+05:30,FINNIFTY,2026-10-27,True,41,82,24599.0,1.85,
2026-10-05 12:35:21.793368+05:30,MIDCPNIFTY,2026-10-27,True,41,82,13631.4,1.86,
2026-10-05 12:36:06.822819+05:30,NIFTY,2026-10-06,True,41,82,22453.45,1.84,
2026-10-05 12:36:08.732130+05:30,NIFTY,2026-10-13,True,41,82,22453.95,1.91,
2026-10-05 12:36:10.610540+05:30,NIFTY,2026-10-19,True,41,82,22452.65,1.88,
2026-10-05 12:36:12.499572+05:30,BANKNIFTY,2026-10-27,True,41,82,54603.7,1.89,
2026-10-05 12:36:14.376827+05:30,BANKNIFTY,2026-11-23,True,41,82,54606.15,1.88,
2026-10-05 12:36:16.278290+05:30,SENSEX,2026-10-08,True,41,82,71992.22,1.9,
2026-10-05 12:36:18.159723+05:30,SENSEX,2026-10-15,True,41,82,71993.98,1.88,
2026-10-05 12:36:20.025302+05:30,FINNIFTY,2026-10-27,True,41,82,24615.5,1.86,
2026-10-05 12:36:05.000124+05:30,MIDCPNIFTY,2026-10-27,False,,,,1.49,"('Connection aborted.', RemoteDisconnected('Remote end closed connection without response'))"
2026-10-05 12:37:07.466319+05:30,NIFTY,2026-10-06,True,41,82,22450.4,2.48,
2026-10-05 12:37:09.349246+05:30,NIFTY,2026-10-13,True,41,82,22450.4,1.88,
2026-10-05 12:37:11.220421+05:30,NIFTY,2026-10-19,True,41,82,22450.3,1.87,
2026-10-05 12:37:13.126670+05:30,BANKNIFTY,2026-10-27,True,41,82,54597.95,1.91,
2026-10-05 12:37:15.064023+05:30,BANKNIFTY,2026-11-23,True,41,82,54599.6,1.94,
2026-10-05 12:37:16.984148+05:30,SENSEX,2026-10-08,True,41,82,71988.0,1.92,
2026-10-05 12:37:18.860391+05:30,SENSEX,2026-10-15,True,41,82,71989.46,1.88,
2026-10-05 12:37:20.756640+05:30,FINNIFTY,2026-10-27,True,41,82,24611.9,1.89,
2026-10-05 12:37:22.686923+05:30,MIDCPNIFTY,2026-10-27,True,41,82,13635.8,1.93,
2026-10-05 12:38:06.890595+05:30,NIFTY,2026-10-06,True,41,82,22454.05,1.91,
2026-10-05 12:38:08.783215+05:30,NIFTY,2026-10-13,True,41,82,22455.3,1.89,
2026-10-05 12:38:10.683152+05:30,NIFTY,2026-10-19,True,41,82,22454.5,1.9,
2026-10-05 12:38:12.583522+05:30,BANKNIFTY,2026-10-27,True,41,82,54623.15,1.9,
2026-10-05 12:38:14.479370+05:30,BANKNIFTY,2026-11-23,True,41,82,54618.75,1.89,
2026-10-05 12:38:17.405386+05:30,SENSEX,2026-10-08,True,41,82,71989.41,2.92,
2026-10-05 12:38:19.351870+05:30,SENSEX,2026-10-15,True,41,82,71990.25,1.95,
2026-10-05 12:38:21.371864+05:30,FINNIFTY,2026-10-27,True,41,82,24618.05,2.02,
2026-10-05 12:38:23.269637+05:30,MIDCPNIFTY,2026-10-27,True,41,82,13638.6,1.9,
2026-10-05 12:39:06.868058+05:30,NIFTY,2026-10-06,True,41,82,22448.05,1.88,
2026-10-05 12:39:08.757737+05:30,NIFTY,2026-10-13,True,41,82,22447.15,1.89,
2026-10-05 12:39:10.642798+05:30,NIFTY,2026-10-19,True,41,82,22447.05,1.88,
2026-10-05 12:39:12.530706+05:30,BANKNIFTY,2026-10-27,True,41,82,54597.15,1.89,
2026-10-05 12:39:15.458147+05:30,BANKNIFTY,2026-11-23,True,41,82,54595.6,2.93,
2026-10-05 12:39:17.348608+05:30,SENSEX,2026-10-08,True,41,82,71969.63,1.89,
2026-10-05 12:39:19.223167+05:30,SENSEX,2026-10-15,True,41,82,71971.15,1.87,
2026-10-05 12:39:21.105643+05:30,FINNIFTY,2026-10-27,True,41,82,24610.85,1.88,
2026-10-05 12:39:23.010760+05:30,MIDCPNIFTY,2026-10-27,True,41,82,13636.55,1.9,
2026-10-05 12:40:06.959657+05:30,NIFTY,2026-10-06,True,41,82,22446.3,1.97,
2026-10-05 12:40:08.883817+05:30,NIFTY,2026-10-13,True,41,82,22445.5,1.92,
2026-10-05 12:40:10.829883+05:30,NIFTY,2026-10-19,True,41,82,22444.8,1.94,
2026-10-05 12:40:12.742819+05:30,BANKNIFTY,2026-10-27,True,41,82,54602.35,1.91,
2026-10-05 12:40:14.645640+05:30,BANKNIFTY,2026-11-23,True,41,82,54600.0,1.9,
2026-10-05 12:40:16.540101+05:30,SENSEX,2026-10-08,True,41,82,71974.85,1.89,
2026-10-05 12:40:18.454859+05:30,SENSEX,2026-10-15,True,41,82,71973.83,1.91,
2026-10-05 12:40:20.367442+05:30,FINNIFTY,2026-10-27,True,41,82,24605.2,1.91,
2026-10-05 12:40:22.295221+05:30,MIDCPNIFTY,2026-10-27,True,41,82,13634.45,1.93,
2026-10-05 12:41:06.869527+05:30,NIFTY,2026-10-06,True,41,82,22450.65,1.88,
2026-10-05 12:41:08.763877+05:30,NIFTY,2026-10-13,True,41,82,22452.6,1.89,
2026-10-05 12:41:10.637929+05:30,NIFTY,2026-10-19,True,41,82,22452.15,1.87,
2026-10-05 12:41:12.553988+05:30,BANKNIFTY,2026-10-27,True,41,82,54623.8,1.92,
2026-10-05 12:41:14.456768+05:30,BANKNIFTY,2026-11-23,True,41,82,54626.1,1.9,
2026-10-05 12:41:16.336235+05:30,SENSEX,2026-10-08,True,41,82,71994.78,1.88,
2026-10-05 12:41:18.234331+05:30,SENSEX,2026-10-15,True,41,82,71991.37,1.9,
2026-10-05 12:41:20.237097+05:30,FINNIFTY,2026-10-27,True,41,82,24615.2,2.0,
2026-10-05 12:41:22.193500+05:30,MIDCPNIFTY,2026-10-27,True,41,82,13641.25,1.96,
2026-10-05 12:42:07.890409+05:30,NIFTY,2026-10-06,True,41,82,22452.4,2.91,
2026-10-05 12:42:09.771000+05:30,NIFTY,2026-10-13,True,41,82,22459.8,1.88,
2026-10-05 12:42:11.768176+05:30,NIFTY,2026-10-19,True,41,82,22459.15,2.0,
2026-10-05 12:42:13.648899+05:30,BANKNIFTY,2026-10-27,True,41,82,54658.25,1.88,
2026-10-05 12:42:15.556142+05:30,BANKNIFTY,2026-11-23,True,41,82,54654.85,1.91,
2026-10-05 12:42:17.471669+05:30,SENSEX,2026-10-08,True,41,82,72010.56,1.91,
2026-10-05 12:42:19.365134+05:30,SENSEX,2026-10-15,True,41,82,72011.11,1.89,
2026-10-05 12:42:21.335308+05:30,FINNIFTY,2026-10-27,True,41,82,24632.45,1.97,
2026-10-05 12:42:23.220203+05:30,MIDCPNIFTY,2026-10-27,True,41,82,13638.45,1.88,
2026-10-05 12:43:06.864177+05:30,NIFTY,2026-10-06,True,41,82,22460.95,1.88,
2026-10-05 12:43:08.745779+05:30,NIFTY,2026-10-13,True,41,82,22460.95,1.88,
2026-10-05 12:43:10.611528+05:30,NIFTY,2026-10-19,True,41,82,22461.9,1.86,
2026-10-05 12:43:12.568371+05:30,BANKNIFTY,2026-10-27,True,41,82,54667.0,1.96,
2026-10-05 12:43:14.509910+05:30,BANKNIFTY,2026-11-23,True,41,82,54658.15,1.94,
2026-10-05 12:43:16.391802+05:30,SENSEX,2026-10-08,True,41,82,72024.63,1.88,
2026-10-05 12:43:18.253458+05:30,SENSEX,2026-10-15,True,41,82,72017.48,1.86,
2026-10-05 12:43:20.257180+05:30,FINNIFTY,2026-10-27,True,41,82,24634.65,2.0,
2026-10-05 12:43:22.183707+05:30,MIDCPNIFTY,2026-10-27,True,41,82,13642.45,1.93,
2026-10-05 12:44:06.853456+05:30,NIFTY,2026-10-06,True,41,82,22458.2,1.87,
2026-10-05 12:44:08.760775+05:30,NIFTY,2026-10-13,True,41,82,22459.0,1.9,
2026-10-05 12:44:10.643842+05:30,NIFTY,2026-10-19,True,41,82,22458.8,1.88,
2026-10-05 12:44:12.543414+05:30,BANKNIFTY,2026-10-27,True,41,82,54643.7,1.9,
2026-10-05 12:44:14.424148+05:30,BANKNIFTY,2026-11-23,True,41,82,54638.35,1.88,
2026-10-05 12:44:16.281889+05:30,SENSEX,2026-10-08,True,41,82,72010.99,1.86,
2026-10-05 12:44:18.155475+05:30,SENSEX,2026-10-15,True,41,82,72010.54,1.87,
2026-10-05 12:44:19.988564+05:30,FINNIFTY,2026-10-27,True,41,82,24627.5,1.83,
2026-10-05 12:44:21.858246+05:30,MIDCPNIFTY,2026-10-27,True,41,82,13641.3,1.87,
2026-10-05 12:45:07.009117+05:30,NIFTY,2026-10-06,True,41,82,22454.1,2.02,
2026-10-05 12:45:08.935743+05:30,NIFTY,2026-10-13,True,41,82,22454.6,1.92,
2026-10-05 12:45:10.858946+05:30,NIFTY,2026-10-19,True,41,82,22454.85,1.92,
2026-10-05 12:45:12.745804+05:30,BANKNIFTY,2026-10-27,True,41,82,54632.15,1.89,
2026-10-05 12:45:19.542894+05:30,BANKNIFTY,2026-11-23,True,41,82,54632.85,6.8,
2026-10-05 12:45:21.459355+05:30,SENSEX,2026-10-08,True,41,82,72007.21,1.92,
2026-10-05 12:45:23.354765+05:30,SENSEX,2026-10-15,True,41,82,72007.08,1.9,
2026-10-05 12:45:25.268779+05:30,FINNIFTY,2026-10-27,True,41,82,24624.2,1.91,
2026-10-05 12:45:27.161175+05:30,MIDCPNIFTY,2026-10-27,True,41,82,13641.9,1.89,
2026-10-05 12:46:06.893963+05:30,NIFTY,2026-10-06,True,41,82,22456.0,1.91,
2026-10-05 12:46:08.562496+05:30,NIFTY,2026-10-13,True,41,82,22455.3,1.67,
2026-10-05 12:46:10.263377+05:30,NIFTY,2026-10-19,True,41,82,22455.55,1.7,
2026-10-05 12:46:11.958092+05:30,BANKNIFTY,2026-10-27,True,41,82,54629.4,1.69,
2026-10-05 12:46:13.622334+05:30,BANKNIFTY,2026-11-23,True,41,82,54628.35,1.66,
2026-10-05 12:46:15.280654+05:30,SENSEX,2026-10-08,True,41,82,72017.34,1.66,
2026-10-05 12:46:16.950323+05:30,SENSEX,2026-10-15,True,41,82,72017.89,1.67,
2026-10-05 12:46:18.649929+05:30,FINNIFTY,2026-10-27,True,41,82,24622.65,1.7,
2026-10-05 12:46:20.328737+05:30,MIDCPNIFTY,2026-10-27,True,41,82,13639.2,1.67,
2026-10-05 12:47:06.814598+05:30,NIFTY,2026-10-06,True,41,82,22465.1,1.83,
2026-10-05 12:47:08.685948+05:30,NIFTY,2026-10-13,True,41,82,22466.1,1.87,
2026-10-05 12:47:10.600505+05:30,NIFTY,2026-10-19,True,41,82,22465.7,1.91,
2026-10-05 12:47:12.492519+05:30,BANKNIFTY,2026-10-27,True,41,82,54671.15,1.89,
2026-10-05 12:47:14.376751+05:30,BANKNIFTY,2026-11-23,True,41,82,54674.95,1.88,
2026-10-05 12:47:16.252604+05:30,SENSEX,2026-10-08,True,41,82,72040.49,1.87,
2026-10-05 12:47:18.141034+05:30,SENSEX,2026-10-15,True,41,82,72041.21,1.89,
2026-10-05 12:47:20.057252+05:30,FINNIFTY,2026-10-27,True,41,82,24639.6,1.92,
2026-10-05 12:47:21.952516+05:30,MIDCPNIFTY,2026-10-27,True,41,82,13644.8,1.89,
2026-10-05 12:48:06.856645+05:30,NIFTY,2026-10-06,True,41,82,22469.7,1.87,
2026-10-05 12:48:09.813706+05:30,NIFTY,2026-10-13,True,41,82,22468.5,2.95,
2026-10-05 12:48:11.759053+05:30,NIFTY,2026-10-19,True,41,82,22470.05,1.94,
2026-10-05 12:48:13.686188+05:30,BANKNIFTY,2026-10-27,True,41,82,54683.25,1.93,
2026-10-05 12:48:15.627915+05:30,BANKNIFTY,2026-11-23,True,41,82,54676.05,1.94,
2026-10-05 12:48:17.519903+05:30,SENSEX,2026-10-08,True,41,82,72054.14,1.89,
2026-10-05 12:48:19.379246+05:30,SENSEX,2026-10-15,True,41,82,72057.81,1.86,
2026-10-05 12:48:21.316711+05:30,FINNIFTY,2026-10-27,True,41,82,24652.2,1.94,
2026-10-05 12:48:23.192873+05:30,MIDCPNIFTY,2026-10-27,True,41,82,13648.1,1.87,
2026-10-05 12:49:06.947335+05:30,NIFTY,2026-10-06,True,41,82,22474.2,1.96,
2026-10-05 12:49:08.838376+05:30,NIFTY,2026-10-13,True,41,82,22473.5,1.89,
2026-10-05 12:49:10.721725+05:30,NIFTY,2026-10-19,True,41,82,22471.9,1.88,
2026-10-05 12:49:12.628795+05:30,BANKNIFTY,2026-10-27,True,41,82,54677.45,1.92,
2026-10-05 12:49:14.547786+05:30,BANKNIFTY,2026-11-23,True,41,82,54677.55,1.9,
2026-10-05 12:49:16.430858+05:30,SENSEX,2026-10-08,True,41,82,72068.67,1.88,
2026-10-05 12:49:18.339704+05:30,SENSEX,2026-10-15,True,41,82,72067.91,1.91,
2026-10-05 12:49:21.237805+05:30,FINNIFTY,2026-10-27,True,41,82,24649.2,2.9,
2026-10-05 12:49:23.115141+05:30,MIDCPNIFTY,2026-10-27,True,41,82,13647.5,1.88,
2026-10-05 12:50:06.854103+05:30,NIFTY,2026-10-06,True,41,82,22462.65,1.87,
2026-10-05 12:50:08.764681+05:30,NIFTY,2026-10-13,True,41,82,22463.5,1.91,
2026-10-05 12:50:10.662520+05:30,NIFTY,2026-10-19,True,41,82,22463.5,1.9,
2026-10-05 12:50:12.558198+05:30,BANKNIFTY,2026-10-27,True,41,82,54640.25,1.89,
2026-10-05 12:50:14.460458+05:30,BANKNIFTY,2026-11-23,True,41,82,54658.1,1.9,
2026-10-05 12:50:16.362245+05:30,SENSEX,2026-10-08,True,41,82,72041.59,1.9,
2026-10-05 12:50:18.265049+05:30,SENSEX,2026-10-15,True,41,82,72042.12,1.9,
2026-10-05 12:50:20.207637+05:30,FINNIFTY,2026-10-27,True,41,82,24642.9,1.94,
2026-10-05 12:50:22.091401+05:30,MIDCPNIFTY,2026-10-27,True,41,82,13643.8,1.88,
2026-10-05 12:51:06.841070+05:30,NIFTY,2026-10-06,True,41,82,22473.15,1.86,
2026-10-05 12:51:08.737731+05:30,NIFTY,2026-10-13,True,41,82,22471.9,1.89,
2026-10-05 12:51:10.623292+05:30,NIFTY,2026-10-19,True,41,82,22472.1,1.88,
2026-10-05 12:51:12.518452+05:30,BANKNIFTY,2026-10-27,True,41,82,54677.0,1.89,
2026-10-05 12:51:14.396735+05:30,BANKNIFTY,2026-11-23,True,41,82,54676.75,1.88,
2026-10-05 12:51:16.322762+05:30,SENSEX,2026-10-08,True,41,82,72067.63,1.92,
2026-10-05 12:51:18.254495+05:30,SENSEX,2026-10-15,True,41,82,72068.66,1.93,
2026-10-05 12:51:20.209664+05:30,FINNIFTY,2026-10-27,True,41,82,24646.15,1.95,
2026-10-05 12:51:22.098312+05:30,MIDCPNIFTY,2026-10-27,True,41,82,13648.3,1.89,
2026-10-05 12:52:06.661323+05:30,NIFTY,2026-10-06,True,41,82,22473.9,1.68,
2026-10-05 12:52:08.336150+05:30,NIFTY,2026-10-13,True,41,82,22473.85,1.68,
2026-10-05 12:52:10.020289+05:30,NIFTY,2026-10-19,True,41,82,22471.25,1.68,
2026-10-05 12:52:11.691689+05:30,BANKNIFTY,2026-10-27,True,41,82,54657.9,1.67,
2026-10-05 12:52:13.433016+05:30,BANKNIFTY,2026-11-23,True,41,82,54653.75,1.74,
2026-10-05 12:52:15.323419+05:30,SENSEX,2026-10-08,True,41,82,72064.68,1.89,
2026-10-05 12:52:17.196438+05:30,SENSEX,2026-10-15,True,41,82,72055.7,1.87,
2026-10-05 12:52:19.087433+05:30,FINNIFTY,2026-10-27,True,41,82,24629.95,1.89,
2026-10-05 12:52:20.979185+05:30,MIDCPNIFTY,2026-10-27,True,41,82,13646.75,1.89,
2026-10-05 12:53:06.847479+05:30,NIFTY,2026-10-06,True,41,82,22458.3,1.86,
2026-10-05 12:53:08.759013+05:30,NIFTY,2026-10-13,True,41,82,22458.05,1.91,
2026-10-05 12:53:10.940643+05:30,NIFTY,2026-10-19,True,41,82,22458.8,2.18,
2026-10-05 12:53:12.860380+05:30,BANKNIFTY,2026-10-27,True,41,82,54620.9,1.92,
2026-10-05 12:53:14.745910+05:30,BANKNIFTY,2026-11-23,True,41,82,54620.2,1.88,
2026-10-05 12:53:16.653068+05:30,SENSEX,2026-10-08,True,41,82,72027.53,1.91,
2026-10-05 12:53:18.535924+05:30,SENSEX,2026-10-15,True,41,82,72029.49,1.88,
2026-10-05 12:53:20.420025+05:30,FINNIFTY,2026-10-27,True,41,82,24624.15,1.88,
2026-10-05 12:53:22.333325+05:30,MIDCPNIFTY,2026-10-27,True,41,82,13639.85,1.91,
2026-10-05 12:54:06.845693+05:30,NIFTY,2026-10-06,True,41,82,22441.85,1.86,
2026-10-05 12:54:08.715998+05:30,NIFTY,2026-10-13,True,41,82,22440.95,1.87,
2026-10-05 12:54:10.615842+05:30,NIFTY,2026-10-19,True,41,82,22441.4,1.9,
2026-10-05 12:54:12.499892+05:30,BANKNIFTY,2026-10-27,True,41,82,54578.75,1.88,
2026-10-05 12:54:14.481403+05:30,BANKNIFTY,2026-11-23,True,41,82,54582.25,1.98,
2026-10-05 12:54:16.379395+05:30,SENSEX,2026-10-08,True,41,82,71981.81,1.9,
2026-10-05 12:54:18.253730+05:30,SENSEX,2026-10-15,True,41,82,71983.48,1.87,
2026-10-05 12:54:20.113649+05:30,FINNIFTY,2026-10-27,True,41,82,24592.15,1.86,
2026-10-05 12:54:22.013473+05:30,MIDCPNIFTY,2026-10-27,True,41,82,13628.85,1.9,
2026-10-05 12:55:06.855560+05:30,NIFTY,2026-10-06,True,41,82,22447.65,1.87,
2026-10-05 12:55:08.749486+05:30,NIFTY,2026-10-13,True,41,82,22449.0,1.89,
2026-10-05 12:55:10.677649+05:30,NIFTY,2026-10-19,True,41,82,22448.25,1.93,
2026-10-05 12:55:12.617616+05:30,BANKNIFTY,2026-10-27,True,41,82,54576.1,1.94,
2026-10-05 12:55:14.521386+05:30,BANKNIFTY,2026-11-23,True,41,82,54579.35,1.9,
2026-10-05 12:55:16.435571+05:30,SENSEX,2026-10-08,True,41,82,71972.37,1.91,
2026-10-05 12:55:18.315600+05:30,SENSEX,2026-10-15,True,41,82,71975.68,1.88,
2026-10-05 12:55:20.235088+05:30,FINNIFTY,2026-10-27,True,41,82,24601.9,1.92,
2026-10-05 12:55:23.116098+05:30,MIDCPNIFTY,2026-10-27,True,41,82,13631.7,2.88,
2026-10-05 12:56:06.835303+05:30,NIFTY,2026-10-06,True,41,82,22450.7,1.85,
2026-10-05 12:56:08.722894+05:30,NIFTY,2026-10-13,True,41,82,22451.95,1.88,
2026-10-05 12:56:10.625064+05:30,NIFTY,2026-10-19,True,41,82,22452.8,1.9,
2026-10-05 12:56:12.595840+05:30,BANKNIFTY,2026-10-27,True,41,82,54601.85,1.97,
2026-10-05 12:56:14.520316+05:30,BANKNIFTY,2026-11-23,True,41,82,54604.1,1.92,
2026-10-05 12:56:16.430819+05:30,SENSEX,2026-10-08,True,41,82,72001.6,1.91,
2026-10-05 12:56:18.284338+05:30,SENSEX,2026-10-15,True,41,82,72002.69,1.85,
2026-10-05 12:56:20.234473+05:30,FINNIFTY,2026-10-27,True,41,82,24613.55,1.95,
2026-10-05 12:56:22.136678+05:30,MIDCPNIFTY,2026-10-27,True,41,82,13636.3,1.9,
2026-10-05 12:57:06.822558+05:30,NIFTY,2026-10-06,True,41,82,22451.15,1.84,
2026-10-05 12:57:08.731168+05:30,NIFTY,2026-10-13,True,41,82,22451.6,1.9,
2026-10-05 12:57:10.655618+05:30,NIFTY,2026-10-19,True,41,82,22452.15,1.92,
2026-10-05 12:57:12.538094+05:30,BANKNIFTY,2026-10-27,True,41,82,54592.85,1.88,
2026-10-05 12:57:14.440768+05:30,BANKNIFTY,2026-11-23,True,41,82,54593.95,1.9,
2026-10-05 12:57:16.303945+05:30,SENSEX,2026-10-08,True,41,82,71992.69,1.86,
2026-10-05 12:57:18.233045+05:30,SENSEX,2026-10-15,True,41,82,71989.08,1.93,
2026-10-05 12:57:20.205964+05:30,FINNIFTY,2026-10-27,True,41,82,24613.2,1.97,
2026-10-05 12:57:22.113456+05:30,MIDCPNIFTY,2026-10-27,True,41,82,13630.55,1.91,
2026-10-05 12:58:06.829597+05:30,NIFTY,2026-10-06,True,41,82,22457.25,1.84,
2026-10-05 12:58:08.724391+05:30,NIFTY,2026-10-13,True,41,82,22457.65,1.89,
2026-10-05 12:58:10.604144+05:30,NIFTY,2026-10-19,True,41,82,22459.2,1.88,
2026-10-05 12:58:12.503116+05:30,BANKNIFTY,2026-10-27,True,41,82,54606.2,1.9,
2026-10-05 12:58:14.394967+05:30,BANKNIFTY,2026-11-23,True,41,82,54604.7,1.89,
2026-10-05 12:58:16.256713+05:30,SENSEX,2026-10-08,True,41,82,72018.67,1.86,
2026-10-05 12:58:18.313403+05:30,SENSEX,2026-10-15,True,41,82,72022.32,2.06,
2026-10-05 12:58:20.228253+05:30,FINNIFTY,2026-10-27,True,41,82,24615.1,1.91,
2026-10-05 12:58:22.109325+05:30,MIDCPNIFTY,2026-10-27,True,41,82,13636.75,1.88,
2026-10-05 12:59:06.819922+05:30,NIFTY,2026-10-06,True,41,82,22451.05,1.83,
2026-10-05 12:59:08.693180+05:30,NIFTY,2026-10-13,True,41,82,22450.0,2.11,
2026-10-05 12:59:11.475951+05:30,NIFTY,2026-10-19,True,41,82,22449.15,2.54,
2026-10-05 12:59:13.350553+05:30,BANKNIFTY,2026-10-27,True,41,82,54580.65,1.87,
2026-10-05 12:59:15.228130+05:30,BANKNIFTY,2026-11-23,True,41,82,54579.85,1.88,
2026-10-05 12:59:17.099068+05:30,SENSEX,2026-10-08,True,41,82,71995.27,1.87,
2026-10-05 12:59:18.962503+05:30,SENSEX,2026-10-15,True,41,82,71993.53,1.86,
2026-10-05 12:59:20.915172+05:30,FINNIFTY,2026-10-27,True,41,82,24600.7,1.95,
2026-10-05 12:59:22.789997+05:30,MIDCPNIFTY,2026-10-27,True,41,82,13628.55,1.87,
2026-10-05 13:00:06.784945+05:30,NIFTY,2026-10-06,True,41,82,22454.1,1.8,
2026-10-05 13:00:08.674670+05:30,NIFTY,2026-10-13,True,41,82,22454.85,1.89,
2026-10-05 13:00:10.541508+05:30,NIFTY,2026-10-19,True,41,82,22454.3,1.87,
2026-10-05 13:00:12.416044+05:30,BANKNIFTY,2026-10-27,True,41,82,54599.25,1.87,
2026-10-05 13:00:14.298214+05:30,BANKNIFTY,2026-11-23,True,41,82,54599.65,1.88,
2026-10-05 13:00:16.170721+05:30,SENSEX,2026-10-08,True,41,82,72006.42,1.87,
2026-10-05 13:00:18.073099+05:30,SENSEX,2026-10-15,True,41,82,72002.9,1.9,
2026-10-05 13:00:19.929062+05:30,FINNIFTY,2026-10-27,True,41,82,24605.5,1.85,
2026-10-05 13:00:21.786775+05:30,MIDCPNIFTY,2026-10-27,True,41,82,13626.4,1.86,
2026-10-05 13:01:06.808955+05:30,NIFTY,2026-10-06,True,41,82,22445.25,1.82,
2026-10-05 13:01:08.659464+05:30,NIFTY,2026-10-13,True,41,82,22445.55,1.85,
2026-10-05 13:01:10.505650+05:30,NIFTY,2026-10-19,True,41,82,22446.4,1.84,
2026-10-05 13:01:12.377687+05:30,BANKNIFTY,2026-10-27,True,41,82,54585.45,1.87,
2026-10-05 13:01:14.250728+05:30,BANKNIFTY,2026-11-23,True,41,82,54589.35,1.87,
2026-10-05 13:01:16.127464+05:30,SENSEX,2026-10-08,True,41,82,71980.95,1.88,
2026-10-05 13:01:17.963612+05:30,SENSEX,2026-10-15,True,41,82,71982.52,1.84,
2026-10-05 13:01:19.798424+05:30,FINNIFTY,2026-10-27,True,41,82,24607.4,1.83,
2026-10-05 13:01:21.642883+05:30,MIDCPNIFTY,2026-10-27,True,41,82,13628.2,1.84,
2026-10-05 13:02:06.817138+05:30,NIFTY,2026-10-06,True,41,82,22450.8,1.83,
2026-10-05 13:02:08.666960+05:30,NIFTY,2026-10-13,True,41,82,22451.15,1.85,
2026-10-05 13:02:10.515313+05:30,NIFTY,2026-10-19,True,41,82,22450.05,1.85,
2026-10-05 13:02:12.386983+05:30,BANKNIFTY,2026-10-27,True,41,82,54576.9,1.87,
2026-10-05 13:02:14.289677+05:30,BANKNIFTY,2026-11-23,True,41,82,54575.6,1.9,
2026-10-05 13:02:16.164286+05:30,SENSEX,2026-10-08,True,41,82,71986.5,1.87,
2026-10-05 13:02:18.037374+05:30,SENSEX,2026-10-15,True,41,82,71985.18,1.87,
2026-10-05 13:02:19.897177+05:30,FINNIFTY,2026-10-27,True,41,82,24602.85,1.86,
2026-10-05 13:02:21.743043+05:30,MIDCPNIFTY,2026-10-27,True,41,82,13631.6,1.84,
2026-10-05 13:03:06.798439+05:30,NIFTY,2026-10-06,True,41,82,22461.2,1.81,
2026-10-05 13:03:08.649866+05:30,NIFTY,2026-10-13,True,41,82,22462.0,1.85,
2026-10-05 13:03:10.497324+05:30,NIFTY,2026-10-19,True,41,82,22462.15,1.85,
2026-10-05 13:03:12.367355+05:30,BANKNIFTY,2026-10-27,True,41,82,54600.25,1.87,
2026-10-05 13:03:14.238115+05:30,BANKNIFTY,2026-11-23,True,41,82,54600.35,1.87,
2026-10-05 13:03:16.082789+05:30,SENSEX,2026-10-08,True,41,82,72013.41,1.84,
2026-10-05 13:03:17.955393+05:30,SENSEX,2026-10-15,True,41,82,72014.25,1.87,
2026-10-05 13:03:19.892997+05:30,FINNIFTY,2026-10-27,True,41,82,24613.5,1.94,
2026-10-05 13:03:21.766984+05:30,MIDCPNIFTY,2026-10-27,True,41,82,13637.9,1.87,
2026-10-05 13:04:06.792751+05:30,NIFTY,2026-10-06,True,41,82,22460.55,1.81,
2026-10-05 13:04:08.637914+05:30,NIFTY,2026-10-13,True,41,82,22461.05,1.84,
2026-10-05 13:04:10.527718+05:30,NIFTY,2026-10-19,True,41,82,22461.15,1.89,
2026-10-05 13:04:12.383744+05:30,BANKNIFTY,2026-10-27,True,41,82,54603.85,1.86,
2026-10-05 13:04:14.237776+05:30,BANKNIFTY,2026-11-23,True,41,82,54601.95,1.85,
2026-10-05 13:04:16.115843+05:30,SENSEX,2026-10-08,True,41,82,72014.26,1.88,
2026-10-05 13:04:17.972340+05:30,SENSEX,2026-10-15,True,41,82,72015.45,1.86,
2026-10-05 13:04:19.838676+05:30,FINNIFTY,2026-10-27,True,41,82,24614.45,1.86,
2026-10-05 13:04:21.704226+05:30,MIDCPNIFTY,2026-10-27,True,41,82,13639.0,1.86,
2026-10-05 13:05:06.785837+05:30,NIFTY,2026-10-06,True,41,82,22463.05,1.8,
2026-10-05 13:05:08.640155+05:30,NIFTY,2026-10-13,True,41,82,22463.4,1.85,
2026-10-05 13:05:10.484551+05:30,NIFTY,2026-10-19,True,41,82,22463.8,1.84,
2026-10-05 13:05:12.367916+05:30,BANKNIFTY,2026-10-27,True,41,82,54602.35,1.88,
2026-10-05 13:05:14.227104+05:30,BANKNIFTY,2026-11-23,True,41,82,54602.35,1.86,
2026-10-05 13:05:16.632118+05:30,SENSEX,2026-10-08,True,41,82,72014.19,2.4,
2026-10-05 13:05:19.025025+05:30,SENSEX,2026-10-15,True,41,82,72013.66,2.39,
2026-10-05 13:05:21.064360+05:30,FINNIFTY,2026-10-27,True,41,82,24612.8,2.04,
2026-10-05 13:05:22.935218+05:30,MIDCPNIFTY,2026-10-27,True,41,82,13637.75,1.87,
2026-10-05 13:06:06.812884+05:30,NIFTY,2026-10-06,True,41,82,22468.8,1.83,
2026-10-05 13:06:08.657594+05:30,NIFTY,2026-10-13,True,41,82,22468.75,1.84,
2026-10-05 13:06:10.512248+05:30,NIFTY,2026-10-19,True,41,82,22468.95,1.85,
2026-10-05 13:06:12.358076+05:30,BANKNIFTY,2026-10-27,True,41,82,54601.75,1.84,
2026-10-05 13:06:14.210662+05:30,BANKNIFTY,2026-11-23,True,41,82,54598.85,1.85,
2026-10-05 13:06:16.571226+05:30,SENSEX,2026-10-08,True,41,82,72037.46,2.36,
2026-10-05 13:06:18.429284+05:30,SENSEX,2026-10-15,True,41,82,72035.92,1.86,
2026-10-05 13:06:20.293292+05:30,FINNIFTY,2026-10-27,True,41,82,24610.75,1.86,
2026-10-05 13:06:22.186405+05:30,MIDCPNIFTY,2026-10-27,True,41,82,13632.55,1.89,
2026-10-05 13:07:06.807535+05:30,NIFTY,2026-10-06,True,41,82,22473.15,1.82,
2026-10-05 13:07:08.641353+05:30,NIFTY,2026-10-13,True,41,82,22473.35,1.83,
2026-10-05 13:07:10.487138+05:30,NIFTY,2026-10-19,True,41,82,22473.9,1.85,
2026-10-05 13:07:12.416973+05:30,BANKNIFTY,2026-10-27,True,41,82,54603.6,1.92,
2026-10-05 13:07:14.265113+05:30,BANKNIFTY,2026-11-23,True,41,82,54598.55,1.85,
2026-10-05 13:07:16.104476+05:30,SENSEX,2026-10-08,True,41,82,72055.64,1.84,
2026-10-05 13:07:17.966895+05:30,SENSEX,2026-10-15,True,41,82,72059.93,1.86,
2026-10-05 13:07:19.836528+05:30,FINNIFTY,2026-10-27,True,41,82,24621.35,1.87,
2026-10-05 13:07:21.685607+05:30,MIDCPNIFTY,2026-10-27,True,41,82,13636.55,1.85,
2026-10-05 13:08:06.792714+05:30,NIFTY,2026-10-06,True,41,82,22461.3,1.81,
2026-10-05 13:08:08.632079+05:30,NIFTY,2026-10-13,True,41,82,22461.35,1.84,
2026-10-05 13:08:10.498776+05:30,NIFTY,2026-10-19,True,41,82,22461.65,1.87,
2026-10-05 13:08:12.359033+05:30,BANKNIFTY,2026-10-27,True,41,82,54569.05,1.86,
2026-10-05 13:08:14.225797+05:30,BANKNIFTY,2026-11-23,True,41,82,54569.9,1.87,
2026-10-05 13:08:16.102277+05:30,SENSEX,2026-10-08,True,41,82,72021.26,1.87,
2026-10-05 13:08:17.966611+05:30,SENSEX,2026-10-15,True,41,82,72021.57,1.86,
2026-10-05 13:08:19.823285+05:30,FINNIFTY,2026-10-27,True,41,82,24605.7,1.85,
2026-10-05 13:08:21.693286+05:30,MIDCPNIFTY,2026-10-27,True,41,82,13626.0,1.87,
2026-10-05 13:09:06.809458+05:30,NIFTY,2026-10-06,True,41,82,22462.5,1.82,
2026-10-05 13:09:08.653523+05:30,NIFTY,2026-10-13,True,41,82,22463.1,1.84,
2026-10-05 13:09:10.487868+05:30,NIFTY,2026-10-19,True,41,82,22463.6,1.83,
2026-10-05 13:09:12.368920+05:30,BANKNIFTY,2026-10-27,True,41,82,54578.0,1.88,
2026-10-05 13:09:14.258535+05:30,BANKNIFTY,2026-11-23,True,41,82,54582.25,1.89,
2026-10-05 13:09:16.131497+05:30,SENSEX,2026-10-08,True,41,82,72020.93,1.87,
2026-10-05 13:09:17.989943+05:30,SENSEX,2026-10-15,True,41,82,72021.03,1.86,
2026-10-05 13:09:19.844089+05:30,FINNIFTY,2026-10-27,True,41,82,24612.8,1.85,
2026-10-05 13:09:21.693832+05:30,MIDCPNIFTY,2026-10-27,True,41,82,13627.75,1.85,
2026-10-05 13:10:06.809172+05:30,NIFTY,2026-10-06,True,41,82,22459.9,1.82,
2026-10-05 13:10:08.686344+05:30,NIFTY,2026-10-13,True,41,82,22460.45,1.87,
2026-10-05 13:10:10.539573+05:30,NIFTY,2026-10-19,True,41,82,22460.1,1.85,
2026-10-05 13:10:12.429282+05:30,BANKNIFTY,2026-10-27,True,41,82,54570.45,1.89,
2026-10-05 13:10:14.278387+05:30,BANKNIFTY,2026-11-23,True,41,82,54569.75,1.85,
2026-10-05 13:10:16.143221+05:30,SENSEX,2026-10-08,True,41,82,72013.91,1.86,
2026-10-05 13:10:18.000184+05:30,SENSEX,2026-10-15,True,41,82,72015.24,1.86,
2026-10-05 13:10:19.864782+05:30,FINNIFTY,2026-10-27,True,41,82,24607.45,1.86,
2026-10-05 13:10:21.749885+05:30,MIDCPNIFTY,2026-10-27,True,41,82,13625.0,1.88,
2026-10-05 13:11:06.791875+05:30,NIFTY,2026-10-06,True,41,82,22468.25,1.81,
2026-10-05 13:11:08.642138+05:30,NIFTY,2026-10-13,True,41,82,22468.95,1.85,
2026-10-05 13:11:10.497571+05:30,NIFTY,2026-10-19,True,41,82,22468.1,1.86,
2026-10-05 13:11:12.363667+05:30,BANKNIFTY,2026-10-27,True,41,82,54599.0,1.86,
2026-10-05 13:11:14.238950+05:30,BANKNIFTY,2026-11-23,True,41,82,54602.4,1.87,
2026-10-05 13:11:16.083730+05:30,SENSEX,2026-10-08,True,41,82,72040.69,1.84,
2026-10-05 13:11:17.977378+05:30,SENSEX,2026-10-15,True,41,82,72042.69,1.89,
2026-10-05 13:11:19.821125+05:30,FINNIFTY,2026-10-27,True,41,82,24618.3,1.84,
2026-10-05 13:11:21.686751+05:30,MIDCPNIFTY,2026-10-27,True,41,82,13635.4,1.86,
2026-10-05 13:12:06.825066+05:30,NIFTY,2026-10-06,True,41,82,22467.3,1.84,
2026-10-05 13:12:09.177074+05:30,NIFTY,2026-10-13,True,41,82,22466.55,2.35,
2026-10-05 13:12:11.030134+05:30,NIFTY,2026-10-19,True,41,82,22467.4,1.85,
2026-10-05 13:12:12.925078+05:30,BANKNIFTY,2026-10-27,True,41,82,54576.95,1.89,
2026-10-05 13:12:14.750145+05:30,BANKNIFTY,2026-11-23,True,41,82,54575.9,1.82,
2026-10-05 13:12:16.590543+05:30,SENSEX,2026-10-08,True,41,82,72041.9,1.84,
2026-10-05 13:12:18.437104+05:30,SENSEX,2026-10-15,True,41,82,72037.39,1.85,
2026-10-05 13:12:20.326909+05:30,FINNIFTY,2026-10-27,True,41,82,24601.6,1.89,
2026-10-05 13:12:22.208370+05:30,MIDCPNIFTY,2026-10-27,True,41,82,13632.0,1.88,
2026-10-05 13:13:07.370766+05:30,NIFTY,2026-10-06,True,41,82,22461.1,2.39,
2026-10-05 13:13:09.234643+05:30,NIFTY,2026-10-13,True,41,82,22460.7,1.86,
2026-10-05 13:13:11.080598+05:30,NIFTY,2026-10-19,True,41,82,22459.75,1.84,
2026-10-05 13:13:12.938503+05:30,BANKNIFTY,2026-10-27,True,41,82,54561.8,1.86,
2026-10-05 13:13:14.795043+05:30,BANKNIFTY,2026-11-23,True,41,82,54558.45,1.86,
2026-10-05 13:13:16.652721+05:30,SENSEX,2026-10-08,True,41,82,72013.31,1.86,
2026-10-05 13:13:18.504685+05:30,SENSEX,2026-10-15,True,41,82,72012.65,1.85,
2026-10-05 13:13:20.374059+05:30,FINNIFTY,2026-10-27,True,41,82,24595.25,1.87,
2026-10-05 13:13:22.250327+05:30,MIDCPNIFTY,2026-10-27,True,41,82,13628.35,1.88,
2026-10-05 13:14:07.861422+05:30,NIFTY,2026-10-06,True,41,82,22466.65,2.88,
2026-10-05 13:14:09.740649+05:30,NIFTY,2026-10-13,True,41,82,22467.85,1.88,
2026-10-05 13:14:11.592143+05:30,NIFTY,2026-10-19,True,41,82,22465.85,1.85,
2026-10-05 13:14:13.459473+05:30,BANKNIFTY,2026-10-27,True,41,82,54581.15,1.87,
2026-10-05 13:14:15.320378+05:30,BANKNIFTY,2026-11-23,True,41,82,54576.65,1.86,
2026-10-05 13:14:17.172868+05:30,SENSEX,2026-10-08,True,41,82,72026.36,1.85,
2026-10-05 13:14:19.014819+05:30,SENSEX,2026-10-15,True,41,82,72025.85,1.85,
2026-10-05 13:14:20.952374+05:30,FINNIFTY,2026-10-27,True,41,82,24601.1,1.93,
2026-10-05 13:14:22.851863+05:30,MIDCPNIFTY,2026-10-27,True,41,82,13629.85,1.9,
2026-10-05 13:15:06.803856+05:30,NIFTY,2026-10-06,True,41,82,22473.1,1.82,
2026-10-05 13:15:08.724444+05:30,NIFTY,2026-10-13,True,41,82,22474.3,1.92,
2026-10-05 13:15:10.598410+05:30,NIFTY,2026-10-19,True,41,82,22475.15,1.87,
2026-10-05 13:15:12.493761+05:30,BANKNIFTY,2026-10-27,True,41,82,54615.1,1.89,
2026-10-05 13:15:14.358199+05:30,BANKNIFTY,2026-11-23,True,41,82,54609.95,1.86,
2026-10-05 13:15:16.206992+05:30,SENSEX,2026-10-08,True,41,82,72064.99,1.85,
2026-10-05 13:15:18.112166+05:30,SENSEX,2026-10-15,True,41,82,72064.99,1.9,
2026-10-05 13:15:19.984568+05:30,FINNIFTY,2026-10-27,True,41,82,24616.85,1.87,
2026-10-05 13:15:21.867457+05:30,MIDCPNIFTY,2026-10-27,True,41,82,13632.0,1.88,
2026-10-05 13:16:06.791194+05:30,NIFTY,2026-10-06,True,41,82,22474.4,1.81,
2026-10-05 13:16:08.613242+05:30,NIFTY,2026-10-13,True,41,82,22472.65,1.82,
2026-10-05 13:16:10.492448+05:30,NIFTY,2026-10-19,True,41,82,22472.05,1.88,
2026-10-05 13:16:12.354453+05:30,BANKNIFTY,2026-10-27,True,41,82,54590.8,1.86,
2026-10-05 13:16:14.231636+05:30,BANKNIFTY,2026-11-23,True,41,82,54587.7,1.88,
2026-10-05 13:16:16.066897+05:30,SENSEX,2026-10-08,True,41,82,72072.8,1.83,
2026-10-05 13:16:17.905608+05:30,SENSEX,2026-10-15,True,41,82,72066.01,1.84,
2026-10-05 13:16:19.760291+05:30,FINNIFTY,2026-10-27,True,41,82,24608.25,1.85,
2026-10-05 13:16:21.616519+05:30,MIDCPNIFTY,2026-10-27,True,41,82,13630.5,1.85,
2026-10-05 13:17:06.606744+05:30,NIFTY,2026-10-06,True,41,82,22466.95,1.62,
2026-10-05 13:17:08.269217+05:30,NIFTY,2026-10-13,True,41,82,22466.15,1.66,
2026-10-05 13:17:09.964415+05:30,NIFTY,2026-10-19,True,41,82,22465.4,1.69,
2026-10-05 13:17:11.649826+05:30,BANKNIFTY,2026-10-27,True,41,82,54567.55,1.68,
2026-10-05 13:17:13.420516+05:30,BANKNIFTY,2026-11-23,True,41,82,54568.65,1.77,
2026-10-05 13:17:15.563644+05:30,SENSEX,2026-10-08,True,41,82,72038.22,2.14,
2026-10-05 13:17:17.405919+05:30,SENSEX,2026-10-15,True,41,82,72037.64,1.84,
2026-10-05 13:17:19.262826+05:30,FINNIFTY,2026-10-27,True,41,82,24596.8,1.85,
2026-10-05 13:17:21.127845+05:30,MIDCPNIFTY,2026-10-27,True,41,82,13626.85,1.86,
2026-10-05 13:18:06.820827+05:30,NIFTY,2026-10-06,True,41,82,22469.85,1.84,
2026-10-05 13:18:08.673050+05:30,NIFTY,2026-10-13,True,41,82,22469.8,1.85,
2026-10-05 13:18:10.528959+05:30,NIFTY,2026-10-19,True,41,82,22469.0,1.85,
2026-10-05 13:18:12.428145+05:30,BANKNIFTY,2026-10-27,True,41,82,54572.75,1.9,
2026-10-05 13:18:15.352851+05:30,BANKNIFTY,2026-11-23,True,41,82,54569.25,2.93,
2026-10-05 13:18:17.208628+05:30,SENSEX,2026-10-08,True,41,82,72046.19,1.86,
2026-10-05 13:18:19.094013+05:30,SENSEX,2026-10-15,True,41,82,72045.06,1.88,
2026-10-05 13:18:20.953013+05:30,FINNIFTY,2026-10-27,True,41,82,24601.55,1.86,
2026-10-05 13:18:22.860247+05:30,MIDCPNIFTY,2026-10-27,True,41,82,13630.5,1.91,
2026-10-05 13:19:06.834243+05:30,NIFTY,2026-10-06,True,41,82,22477.55,1.85,
2026-10-05 13:19:08.708805+05:30,NIFTY,2026-10-13,True,41,82,22478.45,1.87,
2026-10-05 13:19:10.570120+05:30,NIFTY,2026-10-19,True,41,82,22480.1,1.86,
2026-10-05 13:19:12.467179+05:30,BANKNIFTY,2026-10-27,True,41,82,54595.0,1.9,
2026-10-05 13:19:14.338475+05:30,BANKNIFTY,2026-11-23,True,41,82,54596.0,1.87,
2026-10-05 13:19:16.195018+05:30,SENSEX,2026-10-08,True,41,82,72085.64,1.85,
2026-10-05 13:19:18.048373+05:30,SENSEX,2026-10-15,True,41,82,72088.91,1.85,
2026-10-05 13:19:19.909479+05:30,FINNIFTY,2026-10-27,True,41,82,24613.7,1.86,
2026-10-05 13:19:21.760282+05:30,MIDCPNIFTY,2026-10-27,True,41,82,13632.75,1.85,
2026-10-05 13:20:06.797799+05:30,NIFTY,2026-10-06,True,41,82,22478.5,1.81,
2026-10-05 13:20:08.644675+05:30,NIFTY,2026-10-13,True,41,82,22478.55,1.85,
2026-10-05 13:20:10.506454+05:30,NIFTY,2026-10-19,True,41,82,22478.8,1.86,
2026-10-05 13:20:12.374102+05:30,BANKNIFTY,2026-10-27,True,41,82,54593.7,1.87,
2026-10-05 13:20:14.253281+05:30,BANKNIFTY,2026-11-23,True,41,82,54592.15,1.88,
2026-10-05 13:20:16.103693+05:30,SENSEX,2026-10-08,True,41,82,72087.03,1.85,
2026-10-05 13:20:17.965228+05:30,SENSEX,2026-10-15,True,41,82,72087.09,1.86,
2026-10-05 13:20:19.838812+05:30,FINNIFTY,2026-10-27,True,41,82,24607.95,1.87,
2026-10-05 13:20:21.736251+05:30,MIDCPNIFTY,2026-10-27,True,41,82,13630.25,1.9,
2026-10-05 13:21:06.804447+05:30,NIFTY,2026-10-06,True,41,82,22469.9,1.82,
2026-10-05 13:21:08.667232+05:30,NIFTY,2026-10-13,True,41,82,22469.5,1.86,
2026-10-05 13:21:10.554664+05:30,NIFTY,2026-10-19,True,41,82,22469.25,1.89,
2026-10-05 13:21:12.421116+05:30,BANKNIFTY,2026-10-27,True,41,82,54571.6,1.87,
2026-10-05 13:21:15.003122+05:30,BANKNIFTY,2026-11-23,True,41,82,54568.35,2.58,
2026-10-05 13:21:16.893169+05:30,SENSEX,2026-10-08,True,41,82,72060.91,1.89,
2026-10-05 13:21:18.773018+05:30,SENSEX,2026-10-15,True,41,82,72059.98,1.88,
2026-10-05 13:21:20.654853+05:30,FINNIFTY,2026-10-27,True,41,82,24598.35,1.88,
2026-10-05 13:21:22.778148+05:30,MIDCPNIFTY,2026-10-27,True,41,82,13629.85,2.12,
2026-10-05 13:22:06.828288+05:30,NIFTY,2026-10-06,True,41,82,22483.75,1.84,
2026-10-05 13:22:08.713056+05:30,NIFTY,2026-10-13,True,41,82,22484.0,1.88,
2026-10-05 13:22:10.613717+05:30,NIFTY,2026-10-19,True,41,82,22484.8,1.9,
2026-10-05 13:22:12.500664+05:30,BANKNIFTY,2026-10-27,True,41,82,54618.35,1.89,
2026-10-05 13:22:14.401490+05:30,BANKNIFTY,2026-11-23,True,41,82,54611.8,1.9,
2026-10-05 13:22:16.267975+05:30,SENSEX,2026-10-08,True,41,82,72096.7,1.87,
2026-10-05 13:22:18.139636+05:30,SENSEX,2026-10-15,True,41,82,72099.81,1.87,
2026-10-05 13:22:20.001294+05:30,FINNIFTY,2026-10-27,True,41,82,24614.05,1.86,
2026-10-05 13:22:21.880727+05:30,MIDCPNIFTY,2026-10-27,True,41,82,13632.55,1.88,
2026-10-05 13:23:06.835492+05:30,NIFTY,2026-10-06,True,41,82,22480.4,1.85,
2026-10-05 13:23:08.733801+05:30,NIFTY,2026-10-13,True,41,82,22480.6,1.9,
2026-10-05 13:23:10.611446+05:30,NIFTY,2026-10-19,True,41,82,22479.9,1.88,
2026-10-05 13:23:12.483308+05:30,BANKNIFTY,2026-10-27,True,41,82,54605.3,1.87,
2026-10-05 13:23:14.384761+05:30,BANKNIFTY,2026-11-23,True,41,82,54605.75,1.9,
2026-10-05 13:23:16.257408+05:30,SENSEX,2026-10-08,True,41,82,72090.49,1.87,
2026-10-05 13:23:18.122712+05:30,SENSEX,2026-10-15,True,41,82,72088.35,1.87,
2026-10-05 13:23:20.000623+05:30,FINNIFTY,2026-10-27,True,41,82,24611.0,1.88,
2026-10-05 13:23:21.871506+05:30,MIDCPNIFTY,2026-10-27,True,41,82,13631.55,1.87,
2026-10-05 13:24:06.916791+05:30,NIFTY,2026-10-06,True,41,82,22475.65,1.93,
2026-10-05 13:24:08.818500+05:30,NIFTY,2026-10-13,True,41,82,22475.4,1.9,
2026-10-05 13:24:10.680316+05:30,NIFTY,2026-10-19,True,41,82,22474.2,1.86,
2026-10-05 13:24:12.579719+05:30,BANKNIFTY,2026-10-27,True,41,82,54597.5,1.9,
2026-10-05 13:24:14.469698+05:30,BANKNIFTY,2026-11-23,True,41,82,54598.65,1.89,
2026-10-05 13:24:16.332273+05:30,SENSEX,2026-10-08,True,41,82,72073.74,1.86,
2026-10-05 13:24:18.215861+05:30,SENSEX,2026-10-15,True,41,82,72073.48,1.88,
2026-10-05 13:24:20.126777+05:30,FINNIFTY,2026-10-27,True,41,82,24606.25,1.91,
2026-10-05 13:24:22.041447+05:30,MIDCPNIFTY,2026-10-27,True,41,82,13627.0,1.91,
2026-10-05 13:25:06.833764+05:30,NIFTY,2026-10-06,True,41,82,22466.85,1.85,
2026-10-05 13:25:08.721537+05:30,NIFTY,2026-10-13,True,41,82,22465.8,1.88,
2026-10-05 13:25:10.616792+05:30,NIFTY,2026-10-19,True,41,82,22466.5,1.89,
2026-10-05 13:25:12.543430+05:30,BANKNIFTY,2026-10-27,True,41,82,54566.15,1.93,
2026-10-05 13:25:14.441974+05:30,BANKNIFTY,2026-11-23,True,41,82,54566.45,1.9,
2026-10-05 13:25:16.311870+05:30,SENSEX,2026-10-08,True,41,82,72053.38,1.87,
2026-10-05 13:25:18.183860+05:30,SENSEX,2026-10-15,True,41,82,72052.58,1.87,
2026-10-05 13:25:20.083927+05:30,FINNIFTY,2026-10-27,True,41,82,24594.4,1.9,
2026-10-05 13:25:21.977495+05:30,MIDCPNIFTY,2026-10-27,True,41,82,13622.7,1.89,
2026-10-05 13:26:06.874206+05:30,NIFTY,2026-10-06,True,41,82,22466.65,1.89,
2026-10-05 13:26:08.744401+05:30,NIFTY,2026-10-13,True,41,82,22466.5,1.87,
2026-10-05 13:26:10.664018+05:30,NIFTY,2026-10-19,True,41,82,22464.5,1.92,
2026-10-05 13:26:12.551319+05:30,BANKNIFTY,2026-10-27,True,41,82,54560.75,1.89,
2026-10-05 13:26:14.442531+05:30,BANKNIFTY,2026-11-23,True,41,82,54559.95,1.89,
2026-10-05 13:26:16.312455+05:30,SENSEX,2026-10-08,True,41,82,72049.82,1.87,
2026-10-05 13:26:18.188876+05:30,SENSEX,2026-10-15,True,41,82,72049.74,1.88,
2026-10-05 13:26:20.092826+05:30,FINNIFTY,2026-10-27,True,41,82,24591.6,1.9,
2026-10-05 13:26:21.994155+05:30,MIDCPNIFTY,2026-10-27,True,41,82,13620.45,1.9,
2026-10-05 13:27:06.826755+05:30,NIFTY,2026-10-06,True,41,82,22456.35,1.84,
2026-10-05 13:27:08.708332+05:30,NIFTY,2026-10-13,True,41,82,22456.3,1.88,
2026-10-05 13:27:10.599144+05:30,NIFTY,2026-10-19,True,41,82,22455.15,1.89,
2026-10-05 13:27:12.505669+05:30,BANKNIFTY,2026-10-27,True,41,82,54532.3,1.91,
2026-10-05 13:27:14.391627+05:30,BANKNIFTY,2026-11-23,True,41,82,54530.45,1.88,
2026-10-05 13:27:16.259373+05:30,SENSEX,2026-10-08,True,41,82,72015.62,1.87,
2026-10-05 13:27:18.587951+05:30,SENSEX,2026-10-15,True,41,82,72018.37,2.33,
2026-10-05 13:27:20.516904+05:30,FINNIFTY,2026-10-27,True,41,82,24585.05,1.93,
2026-10-05 13:27:22.382180+05:30,MIDCPNIFTY,2026-10-27,True,41,82,13614.55,1.86,
2026-10-05 13:28:06.859853+05:30,NIFTY,2026-10-06,True,41,82,22453.4,1.88,
2026-10-05 13:28:08.737513+05:30,NIFTY,2026-10-13,True,41,82,22454.3,1.87,
2026-10-05 13:28:10.613340+05:30,NIFTY,2026-10-19,True,41,82,22455.85,1.88,
2026-10-05 13:28:12.523133+05:30,BANKNIFTY,2026-10-27,True,41,82,54541.75,1.91,
2026-10-05 13:28:14.445139+05:30,BANKNIFTY,2026-11-23,True,41,82,54540.15,1.92,
2026-10-05 13:28:16.329987+05:30,SENSEX,2026-10-08,True,41,82,72016.9,1.88,
2026-10-05 13:28:18.210275+05:30,SENSEX,2026-10-15,True,41,82,72018.35,1.88,
2026-10-05 13:28:20.104082+05:30,FINNIFTY,2026-10-27,True,41,82,24588.7,1.89,
2026-10-05 13:28:21.995021+05:30,MIDCPNIFTY,2026-10-27,True,41,82,13615.0,1.89,
2026-10-05 13:29:06.830743+05:30,NIFTY,2026-10-06,True,41,82,22460.25,1.85,
2026-10-05 13:29:08.781013+05:30,NIFTY,2026-10-13,True,41,82,22460.05,1.95,
2026-10-05 13:29:10.656216+05:30,NIFTY,2026-10-19,True,41,82,22460.1,1.87,
2026-10-05 13:29:12.536271+05:30,BANKNIFTY,2026-10-27,True,41,82,54553.65,1.88,
2026-10-05 13:29:14.439095+05:30,BANKNIFTY,2026-11-23,True,41,82,54550.7,1.9,
2026-10-05 13:29:16.647762+05:30,SENSEX,2026-10-08,True,41,82,72045.75,2.21,
2026-10-05 13:29:18.526094+05:30,SENSEX,2026-10-15,True,41,82,72042.79,1.88,
2026-10-05 13:29:20.422704+05:30,FINNIFTY,2026-10-27,True,41,82,24588.95,1.89,
2026-10-05 13:29:22.302840+05:30,MIDCPNIFTY,2026-10-27,True,41,82,13616.7,1.88,
2026-10-05 13:30:06.832698+05:30,NIFTY,2026-10-06,True,41,82,22463.6,1.85,
2026-10-05 13:30:08.741067+05:30,NIFTY,2026-10-13,True,41,82,22464.75,1.9,
2026-10-05 13:30:11.661768+05:30,NIFTY,2026-10-19,True,41,82,22464.05,2.92,
2026-10-05 13:30:13.567509+05:30,BANKNIFTY,2026-10-27,True,41,82,54569.5,1.9,
2026-10-05 13:30:15.472431+05:30,BANKNIFTY,2026-11-23,True,41,82,54571.35,1.9,
2026-10-05 13:30:17.353594+05:30,SENSEX,2026-10-08,True,41,82,72054.39,1.88,
2026-10-05 13:30:19.264954+05:30,SENSEX,2026-10-15,True,41,82,72054.64,1.91,
2026-10-05 13:30:21.159882+05:30,FINNIFTY,2026-10-27,True,41,82,24596.7,1.89,
2026-10-05 13:30:23.059128+05:30,MIDCPNIFTY,2026-10-27,True,41,82,13620.8,1.9,
2026-10-05 13:31:06.864628+05:30,NIFTY,2026-10-06,True,41,82,22463.6,1.88,
2026-10-05 13:31:08.740302+05:30,NIFTY,2026-10-13,True,41,82,22463.35,1.87,
2026-10-05 13:31:10.606496+05:30,NIFTY,2026-10-19,True,41,82,22463.1,1.87,
2026-10-05 13:31:12.482673+05:30,BANKNIFTY,2026-10-27,True,41,82,54568.1,1.87,
2026-10-05 13:31:14.360842+05:30,BANKNIFTY,2026-11-23,True,41,82,54567.9,1.88,
2026-10-05 13:31:16.249483+05:30,SENSEX,2026-10-08,True,41,82,72048.09,1.89,
2026-10-05 13:31:18.124320+05:30,SENSEX,2026-10-15,True,41,82,72049.72,1.87,
2026-10-05 13:31:20.011752+05:30,FINNIFTY,2026-10-27,True,41,82,24595.9,1.89,
2026-10-05 13:31:22.901571+05:30,MIDCPNIFTY,2026-10-27,True,41,82,13619.45,2.89,
2026-10-05 13:32:06.832859+05:30,NIFTY,2026-10-06,True,41,82,22470.1,1.85,
2026-10-05 13:32:08.704526+05:30,NIFTY,2026-10-13,True,41,82,22469.45,1.87,
2026-10-05 13:32:10.570540+05:30,NIFTY,2026-10-19,True,41,82,22470.5,1.86,
2026-10-05 13:32:12.460567+05:30,BANKNIFTY,2026-10-27,True,41,82,54604.2,1.89,
2026-10-05 13:32:14.354037+05:30,BANKNIFTY,2026-11-23,True,41,82,54610.45,1.89,
2026-10-05 13:32:17.265159+05:30,SENSEX,2026-10-08,True,41,82,72065.66,2.91,
2026-10-05 13:32:19.147089+05:30,SENSEX,2026-10-15,True,41,82,72070.95,1.88,
2026-10-05 13:32:21.068717+05:30,FINNIFTY,2026-10-27,True,41,81,24615.25,1.92,
2026-10-05 13:32:22.963432+05:30,MIDCPNIFTY,2026-10-27,True,41,82,13624.3,1.89,
2026-10-05 13:33:07.871041+05:30,NIFTY,2026-10-06,True,41,82,22468.7,2.89,
2026-10-05 13:33:09.750988+05:30,NIFTY,2026-10-13,True,41,82,22467.9,1.88,
2026-10-05 13:33:11.636050+05:30,NIFTY,2026-10-19,True,41,82,22468.05,1.88,
2026-10-05 13:33:13.520447+05:30,BANKNIFTY,2026-10-27,True,41,82,54580.95,1.88,
2026-10-05 13:33:15.423416+05:30,BANKNIFTY,2026-11-23,True,41,82,54581.7,1.9,
2026-10-05 13:33:17.327884+05:30,SENSEX,2026-10-08,True,41,82,72064.78,1.9,
2026-10-05 13:33:19.208516+05:30,SENSEX,2026-10-15,True,41,82,72064.78,1.88,
2026-10-05 13:33:21.091724+05:30,FINNIFTY,2026-10-27,True,41,82,24604.3,1.88,
2026-10-05 13:33:22.990933+05:30,MIDCPNIFTY,2026-10-27,True,41,82,13619.7,1.9,
2026-10-05 13:34:06.814808+05:30,NIFTY,2026-10-06,True,41,82,22467.9,1.83,
2026-10-05 13:34:08.721004+05:30,NIFTY,2026-10-13,True,41,82,22468.15,1.9,
2026-10-05 13:34:10.602591+05:30,NIFTY,2026-10-19,True,41,82,22468.1,1.89,
2026-10-05 13:34:12.482641+05:30,BANKNIFTY,2026-10-27,True,41,82,54584.85,1.87,
2026-10-05 13:34:14.385504+05:30,BANKNIFTY,2026-11-23,True,41,82,54582.05,1.9,
2026-10-05 13:34:16.255016+05:30,SENSEX,2026-10-08,True,41,82,72059.9,1.87,
2026-10-05 13:34:18.139684+05:30,SENSEX,2026-10-15,True,41,82,72056.72,1.88,
2026-10-05 13:34:20.037233+05:30,FINNIFTY,2026-10-27,True,41,82,24606.2,1.9,
2026-10-05 13:34:21.970535+05:30,MIDCPNIFTY,2026-10-27,True,41,82,13620.05,1.93,
2026-10-05 13:35:06.817041+05:30,NIFTY,2026-10-06,True,41,82,22474.1,1.83,
2026-10-05 13:35:09.165662+05:30,NIFTY,2026-10-13,True,41,82,22474.35,2.35,
2026-10-05 13:35:11.082771+05:30,NIFTY,2026-10-19,True,41,82,22474.3,1.92,
2026-10-05 13:35:12.965950+05:30,BANKNIFTY,2026-10-27,True,41,82,54614.75,1.88,
2026-10-05 13:35:14.851853+05:30,BANKNIFTY,2026-11-23,True,41,82,54615.25,1.88,
2026-10-05 13:35:16.748021+05:30,SENSEX,2026-10-08,True,41,82,72076.53,1.89,
2026-10-05 13:35:18.625286+05:30,SENSEX,2026-10-15,True,41,82,72076.24,1.88,
2026-10-05 13:35:20.519663+05:30,FINNIFTY,2026-10-27,True,41,82,24616.2,1.89,
2026-10-05 13:35:22.398313+05:30,MIDCPNIFTY,2026-10-27,True,41,82,13627.0,1.88,
2026-10-05 13:36:06.847077+05:30,NIFTY,2026-10-06,True,41,82,22478.5,1.86,
2026-10-05 13:36:08.759113+05:30,NIFTY,2026-10-13,True,41,82,22479.25,1.91,
2026-10-05 13:36:11.172855+05:30,NIFTY,2026-10-19,True,41,82,22479.6,2.41,
2026-10-05 13:36:13.085133+05:30,BANKNIFTY,2026-10-27,True,41,82,54654.15,1.91,
2026-10-05 13:36:14.982231+05:30,BANKNIFTY,2026-11-23,True,41,82,54645.8,1.9,
2026-10-05 13:36:16.877103+05:30,SENSEX,2026-10-08,True,41,82,72096.7,1.89,
2026-10-05 13:36:18.769084+05:30,SENSEX,2026-10-15,True,41,82,72106.85,1.89,
2026-10-05 13:36:20.697235+05:30,FINNIFTY,2026-10-27,True,41,82,24637.15,1.93,
2026-10-05 13:36:22.604419+05:30,MIDCPNIFTY,2026-10-27,True,41,82,13638.05,1.91,
2026-10-05 13:37:06.804681+05:30,NIFTY,2026-10-06,True,41,82,22497.45,1.82,
2026-10-05 13:37:08.662034+05:30,NIFTY,2026-10-13,True,41,82,22497.15,1.85,
2026-10-05 13:37:10.543412+05:30,NIFTY,2026-10-19,True,41,82,22498.6,1.88,
2026-10-05 13:37:12.425631+05:30,BANKNIFTY,2026-10-27,True,41,82,54685.9,1.88,
2026-10-05 13:37:14.280185+05:30,BANKNIFTY,2026-11-23,True,41,82,54688.1,1.85,
2026-10-05 13:37:16.123202+05:30,SENSEX,2026-10-08,True,41,82,72140.72,1.84,
2026-10-05 13:37:17.974545+05:30,SENSEX,2026-10-15,True,41,82,72137.01,1.85,
2026-10-05 13:37:19.844635+05:30,FINNIFTY,2026-10-27,True,41,81,24638.95,1.87,
2026-10-05 13:37:21.831679+05:30,MIDCPNIFTY,2026-10-27,True,41,82,13641.55,1.99,
2026-10-05 13:38:06.802850+05:30,NIFTY,2026-10-06,True,41,82,22492.5,1.82,
2026-10-05 13:38:08.644684+05:30,NIFTY,2026-10-13,True,41,82,22492.9,1.84,
2026-10-05 13:38:10.485282+05:30,NIFTY,2026-10-19,True,41,82,22493.5,1.84,
2026-10-05 13:38:12.357668+05:30,BANKNIFTY,2026-10-27,True,41,82,54650.3,1.87,
2026-10-05 13:38:14.197898+05:30,BANKNIFTY,2026-11-23,True,41,82,54646.6,1.84,
2026-10-05 13:38:16.042629+05:30,SENSEX,2026-10-08,True,41,82,72130.5,1.84,
2026-10-05 13:38:17.888484+05:30,SENSEX,2026-10-15,True,41,82,72128.04,1.85,
2026-10-05 13:38:19.747712+05:30,FINNIFTY,2026-10-27,True,41,82,24626.25,1.86,
2026-10-05 13:38:21.597377+05:30,MIDCPNIFTY,2026-10-27,True,41,82,13635.45,1.85,
2026-10-05 13:39:06.813211+05:30,NIFTY,2026-10-06,True,41,82,22494.0,1.83,
2026-10-05 13:39:08.649845+05:30,NIFTY,2026-10-13,True,41,82,22494.85,1.83,
2026-10-05 13:39:10.533551+05:30,NIFTY,2026-10-19,True,41,82,22495.6,1.88,
2026-10-05 13:39:12.387069+05:30,BANKNIFTY,2026-10-27,True,41,82,54658.55,1.85,
2026-10-05 13:39:14.270909+05:30,BANKNIFTY,2026-11-23,True,41,82,54657.6,1.88,
2026-10-05 13:39:16.143248+05:30,SENSEX,2026-10-08,True,41,82,72137.29,1.87,
2026-10-05 13:39:17.974797+05:30,SENSEX,2026-10-15,True,41,82,72140.26,1.83,
2026-10-05 13:39:19.843266+05:30,FINNIFTY,2026-10-27,True,41,82,24637.65,1.87,
2026-10-05 13:39:21.952169+05:30,MIDCPNIFTY,2026-10-27,True,41,82,13643.2,2.11,
2026-10-05 13:40:06.816627+05:30,NIFTY,2026-10-06,True,41,82,22512.5,1.83,
2026-10-05 13:40:08.664081+05:30,NIFTY,2026-10-13,True,41,82,22515.45,1.85,
2026-10-05 13:40:10.558834+05:30,NIFTY,2026-10-19,True,41,82,22518.45,1.89,
2026-10-05 13:40:12.569326+05:30,BANKNIFTY,2026-10-27,True,41,82,54718.05,2.01,
2026-10-05 13:40:14.459489+05:30,BANKNIFTY,2026-11-23,True,41,82,54713.5,1.89,
2026-10-05 13:40:16.309455+05:30,SENSEX,2026-10-08,True,41,82,72195.0,1.85,
2026-10-05 13:40:18.175203+05:30,SENSEX,2026-10-15,True,41,82,72201.88,1.87,
2026-10-05 13:40:20.032535+05:30,FINNIFTY,2026-10-27,True,41,82,24657.15,1.86,
2026-10-05 13:40:21.914272+05:30,MIDCPNIFTY,2026-10-27,True,41,82,13659.35,1.88,
2026-10-05 13:41:06.856477+05:30,NIFTY,2026-10-06,True,41,82,22548.75,1.87,
2026-10-05 13:41:08.698871+05:30,NIFTY,2026-10-13,True,41,82,22548.95,1.84,
2026-10-05 13:41:10.537120+05:30,NIFTY,2026-10-19,True,41,82,22547.75,1.84,
2026-10-05 13:41:12.396970+05:30,BANKNIFTY,2026-10-27,True,41,82,54795.3,1.86,
2026-10-05 13:41:14.264222+05:30,BANKNIFTY,2026-11-23,True,41,82,54787.5,1.87,
2026-10-05 13:41:16.265845+05:30,SENSEX,2026-10-08,True,41,82,72303.47,2.0,
2026-10-05 13:41:18.189869+05:30,SENSEX,2026-10-15,True,41,82,72303.9,1.92,
2026-10-05 13:41:20.101199+05:30,FINNIFTY,2026-10-27,True,41,81,24694.15,1.91,
2026-10-05 13:41:23.173672+05:30,MIDCPNIFTY,2026-10-27,True,41,82,13679.2,3.07,
2026-10-05 13:42:06.804470+05:30,NIFTY,2026-10-06,True,41,82,22555.7,1.82,
2026-10-05 13:42:08.661067+05:30,NIFTY,2026-10-13,True,41,82,22554.7,1.85,
2026-10-05 13:42:10.633794+05:30,NIFTY,2026-10-19,True,41,82,22551.2,1.97,
2026-10-05 13:42:12.496458+05:30,BANKNIFTY,2026-10-27,True,41,82,54806.85,1.86,
2026-10-05 13:42:14.395102+05:30,BANKNIFTY,2026-11-23,True,41,82,54806.2,1.9,
2026-10-05 13:42:16.271829+05:30,SENSEX,2026-10-08,True,41,82,72318.15,1.87,
2026-10-05 13:42:18.128184+05:30,SENSEX,2026-10-15,True,41,82,72301.72,1.86,
2026-10-05 13:42:19.971900+05:30,FINNIFTY,2026-10-27,True,41,80,24694.15,1.84,
2026-10-05 13:42:21.909245+05:30,MIDCPNIFTY,2026-10-27,True,41,82,13673.6,1.94,
2026-10-05 13:43:06.807966+05:30,NIFTY,2026-10-06,True,41,82,22550.2,1.82,
2026-10-05 13:43:08.947681+05:30,NIFTY,2026-10-13,True,41,82,22555.3,2.14,
2026-10-05 13:43:10.803762+05:30,NIFTY,2026-10-19,True,41,82,22552.95,1.86,
2026-10-05 13:43:12.697107+05:30,BANKNIFTY,2026-10-27,True,41,82,54794.1,1.89,
2026-10-05 13:43:14.935001+05:30,BANKNIFTY,2026-11-23,True,41,82,54792.9,2.24,
2026-10-05 13:43:16.811818+05:30,SENSEX,2026-10-08,True,41,82,72312.55,1.88,
2026-10-05 13:43:19.268127+05:30,SENSEX,2026-10-15,True,41,82,72316.41,2.46,
2026-10-05 13:43:21.128660+05:30,FINNIFTY,2026-10-27,True,41,81,24712.05,1.86,
2026-10-05 13:43:23.029880+05:30,MIDCPNIFTY,2026-10-27,True,41,82,13676.1,1.9,
2026-10-05 13:44:06.806183+05:30,NIFTY,2026-10-06,True,41,82,22547.65,1.82,
2026-10-05 13:44:08.690043+05:30,NIFTY,2026-10-13,True,41,82,22545.1,1.88,
2026-10-05 13:44:10.585573+05:30,NIFTY,2026-10-19,True,41,82,22542.25,1.89,
2026-10-05 13:44:12.458979+05:30,BANKNIFTY,2026-10-27,True,41,82,54756.85,1.87,
2026-10-05 13:44:14.321003+05:30,BANKNIFTY,2026-11-23,True,41,82,54761.4,1.86,
2026-10-05 13:44:16.155736+05:30,SENSEX,2026-10-08,True,41,82,72274.38,1.83,
2026-10-05 13:44:18.020043+05:30,SENSEX,2026-10-15,True,41,82,72276.68,1.86,
2026-10-05 13:44:19.925157+05:30,FINNIFTY,2026-10-27,True,41,81,24686.35,1.9,
2026-10-05 13:44:21.802045+05:30,MIDCPNIFTY,2026-10-27,True,41,82,13667.15,1.88,
2026-10-05 13:45:06.803854+05:30,NIFTY,2026-10-06,True,41,82,22559.75,1.82,
2026-10-05 13:45:08.709855+05:30,NIFTY,2026-10-13,True,41,82,22559.75,1.9,
2026-10-05 13:45:10.605477+05:30,NIFTY,2026-10-19,True,41,82,22560.65,1.89,
2026-10-05 13:45:12.499929+05:30,BANKNIFTY,2026-10-27,True,41,82,54845.65,1.89,
2026-10-05 13:45:14.357871+05:30,BANKNIFTY,2026-11-23,True,41,82,54850.9,1.86,
2026-10-05 13:45:16.258076+05:30,SENSEX,2026-10-08,True,41,81,72342.18,1.9,
2026-10-05 13:45:18.107475+05:30,SENSEX,2026-10-15,True,41,82,72346.3,1.85,
2026-10-05 13:45:19.941917+05:30,FINNIFTY,2026-10-27,True,41,81,24727.8,1.83,
2026-10-05 13:45:21.796858+05:30,MIDCPNIFTY,2026-10-27,True,41,82,13685.8,1.85,
2026-10-05 13:46:06.881231+05:30,NIFTY,2026-10-06,True,41,82,22551.05,1.9,
2026-10-05 13:46:08.737011+05:30,NIFTY,2026-10-13,True,41,82,22550.95,1.85,
2026-10-05 13:46:10.583752+05:30,NIFTY,2026-10-19,True,41,82,22554.5,1.85,
2026-10-05 13:46:12.442515+05:30,BANKNIFTY,2026-10-27,True,41,82,54817.1,1.86,
2026-10-05 13:46:14.328898+05:30,BANKNIFTY,2026-11-23,True,41,82,54810.7,1.89,
2026-10-05 13:46:16.228366+05:30,SENSEX,2026-10-08,True,41,82,72327.98,1.9,
2026-10-05 13:46:18.064236+05:30,SENSEX,2026-10-15,True,41,82,72327.31,1.83,
2026-10-05 13:46:19.938882+05:30,FINNIFTY,2026-10-27,True,41,81,24707.95,1.87,
2026-10-05 13:46:21.779297+05:30,MIDCPNIFTY,2026-10-27,True,41,82,13673.95,1.84,
2026-10-05 13:47:06.823423+05:30,NIFTY,2026-10-06,True,41,82,22547.75,1.84,
2026-10-05 13:47:08.686692+05:30,NIFTY,2026-10-13,True,41,82,22547.7,1.86,
2026-10-05 13:47:10.545439+05:30,NIFTY,2026-10-19,True,41,82,22546.35,1.86,
2026-10-05 13:47:12.395021+05:30,BANKNIFTY,2026-10-27,True,41,82,54805.95,1.85,
2026-10-05 13:47:14.251128+05:30,BANKNIFTY,2026-11-23,True,41,82,54803.6,1.86,
2026-10-05 13:47:16.111733+05:30,SENSEX,2026-10-08,True,41,82,72307.0,1.86,
2026-10-05 13:47:17.951151+05:30,SENSEX,2026-10-15,True,41,82,72308.83,1.84,
2026-10-05 13:47:19.849237+05:30,FINNIFTY,2026-10-27,True,41,81,24698.2,1.9,
2026-10-05 13:47:21.704752+05:30,MIDCPNIFTY,2026-10-27,True,41,82,13670.45,1.85,
2026-10-05 13:48:06.801065+05:30,NIFTY,2026-10-06,True,41,82,22548.05,1.82,
2026-10-05 13:48:08.652492+05:30,NIFTY,2026-10-13,True,41,82,22549.2,1.85,
2026-10-05 13:48:10.489293+05:30,NIFTY,2026-10-19,True,41,82,22548.85,1.84,
2026-10-05 13:48:12.327018+05:30,BANKNIFTY,2026-10-27,True,41,82,54804.8,1.84,
2026-10-05 13:48:14.200430+05:30,BANKNIFTY,2026-11-23,True,41,82,54802.85,1.87,
2026-10-05 13:48:16.042894+05:30,SENSEX,2026-10-08,True,41,82,72313.92,1.84,
2026-10-05 13:48:17.870903+05:30,SENSEX,2026-10-15,True,41,82,72314.37,1.83,
2026-10-05 13:48:19.725109+05:30,FINNIFTY,2026-10-27,True,41,81,24699.8,1.85,
2026-10-05 13:48:25.654356+05:30,MIDCPNIFTY,2026-10-27,True,41,82,13670.6,5.93,
2026-10-05 13:49:06.591598+05:30,NIFTY,2026-10-06,True,41,82,22540.3,1.61,
2026-10-05 13:49:08.256411+05:30,NIFTY,2026-10-13,True,41,82,22540.15,1.66,
2026-10-05 13:49:09.942733+05:30,NIFTY,2026-10-19,True,41,82,22536.05,1.69,
2026-10-05 13:49:11.613600+05:30,BANKNIFTY,2026-10-27,True,41,82,54778.15,1.67,
2026-10-05 13:49:13.258688+05:30,BANKNIFTY,2026-11-23,True,41,82,54771.35,1.64,
2026-10-05 13:49:14.957946+05:30,SENSEX,2026-10-08,True,41,82,72272.25,1.7,
2026-10-05 13:49:16.662444+05:30,SENSEX,2026-10-15,True,41,82,72271.13,1.7,
2026-10-05 13:49:18.510985+05:30,FINNIFTY,2026-10-27,True,41,81,24683.95,1.85,
2026-10-05 13:49:20.368056+05:30,MIDCPNIFTY,2026-10-27,True,41,82,13663.4,1.86,
2026-10-05 13:50:06.809303+05:30,NIFTY,2026-10-06,True,41,82,22540.4,1.82,
2026-10-05 13:50:08.674864+05:30,NIFTY,2026-10-13,True,41,82,22542.1,1.86,
2026-10-05 13:50:10.537824+05:30,NIFTY,2026-10-19,True,41,82,22542.7,1.86,
2026-10-05 13:50:12.387139+05:30,BANKNIFTY,2026-10-27,True,41,82,54802.7,1.85,
2026-10-05 13:50:14.611770+05:30,BANKNIFTY,2026-11-23,True,41,82,54804.4,2.22,
2026-10-05 13:50:16.445666+05:30,SENSEX,2026-10-08,True,41,82,72286.87,1.83,
2026-10-05 13:50:18.273386+05:30,SENSEX,2026-10-15,True,41,82,72286.5,1.83,
2026-10-05 13:50:20.101381+05:30,FINNIFTY,2026-10-27,True,41,81,24692.1,1.83,
2026-10-05 13:50:21.940004+05:30,MIDCPNIFTY,2026-10-27,True,41,82,13669.2,1.84,
2026-10-05 13:51:06.798071+05:30,NIFTY,2026-10-06,True,41,82,22548.55,1.81,
2026-10-05 13:51:08.647143+05:30,NIFTY,2026-10-13,True,41,82,22549.35,1.85,
2026-10-05 13:51:10.490308+05:30,NIFTY,2026-10-19,True,41,82,22548.9,1.84,
2026-10-05 13:51:12.356171+05:30,BANKNIFTY,2026-10-27,True,41,82,54815.25,1.86,
2026-10-05 13:51:14.219953+05:30,BANKNIFTY,2026-11-23,True,41,82,54817.95,1.86,
2026-10-05 13:51:16.053413+05:30,SENSEX,2026-10-08,True,41,82,72312.61,1.83,
2026-10-05 13:51:17.926714+05:30,SENSEX,2026-10-15,True,41,82,72312.32,1.87,
2026-10-05 13:51:19.762296+05:30,FINNIFTY,2026-10-27,True,41,81,24699.4,1.83,
2026-10-05 13:51:21.620212+05:30,MIDCPNIFTY,2026-10-27,True,41,82,13673.75,1.86,
2026-10-05 13:52:06.796253+05:30,NIFTY,2026-10-06,True,41,82,22552.25,1.81,
2026-10-05 13:52:08.646245+05:30,NIFTY,2026-10-13,True,41,82,22553.65,1.85,
2026-10-05 13:52:10.519552+05:30,NIFTY,2026-10-19,True,41,82,22553.75,1.87,
2026-10-05 13:52:12.367873+05:30,BANKNIFTY,2026-10-27,True,41,82,54837.15,1.85,
2026-10-05 13:52:14.227921+05:30,BANKNIFTY,2026-11-23,True,41,82,54836.8,1.86,
2026-10-05 13:52:16.070005+05:30,SENSEX,2026-10-08,True,41,82,72327.52,1.84,
2026-10-05 13:52:17.910257+05:30,SENSEX,2026-10-15,True,41,82,72327.52,1.84,
2026-10-05 13:52:19.748186+05:30,FINNIFTY,2026-10-27,True,41,81,24713.6,1.84,
2026-10-05 13:52:21.594570+05:30,MIDCPNIFTY,2026-10-27,True,41,82,13675.35,1.85,
2026-10-05 13:53:07.516268+05:30,NIFTY,2026-10-06,True,41,82,22554.6,2.53,
2026-10-05 13:53:09.370269+05:30,NIFTY,2026-10-13,True,41,82,22557.8,1.85,
2026-10-05 13:53:11.213593+05:30,NIFTY,2026-10-19,True,41,82,22556.55,1.84,
2026-10-05 13:53:13.073358+05:30,BANKNIFTY,2026-10-27,True,41,82,54854.1,1.86,
2026-10-05 13:53:14.930273+05:30,BANKNIFTY,2026-11-23,True,41,82,54850.4,1.86,
2026-10-05 13:53:16.770991+05:30,SENSEX,2026-10-08,True,41,82,72350.99,1.84,
2026-10-05 13:53:18.645886+05:30,SENSEX,2026-10-15,True,41,82,72349.58,1.88,
2026-10-05 13:53:20.490538+05:30,FINNIFTY,2026-10-27,True,41,81,24713.35,1.84,
2026-10-05 13:53:22.353807+05:30,MIDCPNIFTY,2026-10-27,True,41,82,13674.2,1.86,
2026-10-05 13:54:06.835263+05:30,NIFTY,2026-10-06,True,41,82,22555.2,1.85,
2026-10-05 13:54:08.683341+05:30,NIFTY,2026-10-13,True,41,82,22557.25,1.84,
2026-10-05 13:54:10.527902+05:30,NIFTY,2026-10-19,True,41,82,22556.9,1.84,
2026-10-05 13:54:12.383707+05:30,BANKNIFTY,2026-10-27,True,41,82,54869.65,1.85,
2026-10-05 13:54:14.281968+05:30,BANKNIFTY,2026-11-23,True,41,82,54871.8,1.9,
2026-10-05 13:54:16.123480+05:30,SENSEX,2026-10-08,True,41,82,72352.81,1.84,
2026-10-05 13:54:18.043376+05:30,SENSEX,2026-10-15,True,41,82,72348.52,1.92,
2026-10-05 13:54:19.990637+05:30,FINNIFTY,2026-10-27,True,41,81,24719.95,1.94,
2026-10-05 13:54:21.831984+05:30,MIDCPNIFTY,2026-10-27,True,41,82,13676.05,1.84,
2026-10-05 13:55:06.832709+05:30,NIFTY,2026-10-06,True,41,82,22554.55,1.85,
2026-10-05 13:55:08.683073+05:30,NIFTY,2026-10-13,True,41,82,22554.5,1.85,
2026-10-05 13:55:10.521568+05:30,NIFTY,2026-10-19,True,41,82,22554.2,1.84,
2026-10-05 13:55:12.388837+05:30,BANKNIFTY,2026-10-27,True,41,82,54864.9,1.87,
2026-10-05 13:55:14.260252+05:30,BANKNIFTY,2026-11-23,True,41,82,54860.5,1.87,
2026-10-05 13:55:16.101509+05:30,SENSEX,2026-10-08,True,41,82,72337.13,1.84,
2026-10-05 13:55:17.954252+05:30,SENSEX,2026-10-15,True,41,82,72341.07,1.85,
2026-10-05 13:55:19.824349+05:30,FINNIFTY,2026-10-27,True,41,81,24709.85,1.87,
2026-10-05 13:55:21.658215+05:30,MIDCPNIFTY,2026-10-27,True,41,82,13673.75,1.83,
2026-10-05 13:56:06.810792+05:30,NIFTY,2026-10-06,True,41,82,22554.75,1.83,
2026-10-05 13:56:08.637959+05:30,NIFTY,2026-10-13,True,41,82,22555.6,1.82,
2026-10-05 13:56:10.488376+05:30,NIFTY,2026-10-19,True,41,82,22556.05,1.85,
2026-10-05 13:56:12.331700+05:30,BANKNIFTY,2026-10-27,True,41,82,54876.45,1.84,
2026-10-05 13:56:14.216414+05:30,BANKNIFTY,2026-11-23,True,41,82,54873.1,1.88,
2026-10-05 13:56:16.050742+05:30,SENSEX,2026-10-08,True,41,82,72343.38,1.83,
2026-10-05 13:56:17.889001+05:30,SENSEX,2026-10-15,True,41,82,72340.6,1.84,
2026-10-05 13:56:20.193526+05:30,FINNIFTY,2026-10-27,True,41,81,24713.6,2.3,
2026-10-05 13:56:22.085691+05:30,MIDCPNIFTY,2026-10-27,True,41,82,13671.45,1.89,
2026-10-05 13:57:06.792622+05:30,NIFTY,2026-10-06,True,41,82,22557.0,1.81,
2026-10-05 13:57:08.637469+05:30,NIFTY,2026-10-13,True,41,82,22558.9,1.84,
2026-10-05 13:57:10.476175+05:30,NIFTY,2026-10-19,True,41,82,22558.85,1.84,
2026-10-05 13:57:12.352727+05:30,BANKNIFTY,2026-10-27,True,41,82,54880.05,1.88,
2026-10-05 13:57:14.228994+05:30,BANKNIFTY,2026-11-23,True,41,82,54875.5,1.88,
2026-10-05 13:57:16.084488+05:30,SENSEX,2026-10-08,True,41,82,72340.0,1.85,
2026-10-05 13:57:17.931923+05:30,SENSEX,2026-10-15,True,41,82,72340.05,1.85,
2026-10-05 13:57:19.772896+05:30,FINNIFTY,2026-10-27,True,41,81,24712.4,1.84,
2026-10-05 13:57:21.608594+05:30,MIDCPNIFTY,2026-10-27,True,41,82,13668.95,1.83,
2026-10-05 13:58:06.813211+05:30,NIFTY,2026-10-06,True,41,82,22552.8,1.83,
2026-10-05 13:58:08.659661+05:30,NIFTY,2026-10-13,True,41,82,22552.45,1.85,
2026-10-05 13:58:10.509131+05:30,NIFTY,2026-10-19,True,41,82,22553.35,1.84,
2026-10-05 13:58:12.359389+05:30,BANKNIFTY,2026-10-27,True,41,82,54862.1,1.85,
2026-10-05 13:58:14.215672+05:30,BANKNIFTY,2026-11-23,True,41,82,54864.85,1.86,
2026-10-05 13:58:16.043547+05:30,SENSEX,2026-10-08,True,41,82,72341.98,1.83,
2026-10-05 13:58:17.883068+05:30,SENSEX,2026-10-15,True,41,82,72342.13,1.84,
2026-10-05 13:58:19.718252+05:30,FINNIFTY,2026-10-27,True,41,81,24709.25,1.83,
2026-10-05 13:58:21.550061+05:30,MIDCPNIFTY,2026-10-27,True,41,82,13669.8,1.83,
2026-10-05 13:59:06.819227+05:30,NIFTY,2026-10-06,True,41,82,22539.3,1.84,
2026-10-05 13:59:09.488770+05:30,NIFTY,2026-10-13,True,41,82,22541.3,2.67,
2026-10-05 13:59:11.326513+05:30,NIFTY,2026-10-19,True,41,82,22541.15,1.84,
2026-10-05 13:59:13.201035+05:30,BANKNIFTY,2026-10-27,True,41,82,54839.15,1.87,
2026-10-05 13:59:15.075438+05:30,BANKNIFTY,2026-11-23,True,41,82,54835.65,1.87,
2026-10-05 13:59:17.367821+05:30,SENSEX,2026-10-08,True,41,82,72295.43,2.29,
2026-10-05 13:59:19.224889+05:30,SENSEX,2026-10-15,True,41,82,72303.38,1.86,
2026-10-05 13:59:21.146808+05:30,FINNIFTY,2026-10-27,True,41,81,24701.3,1.92,
2026-10-05 13:59:23.012677+05:30,MIDCPNIFTY,2026-10-27,True,41,82,13665.25,1.86,
2026-10-05 14:00:06.824405+05:30,NIFTY,2026-10-06,True,41,82,22539.8,1.84,
2026-10-05 14:00:08.695338+05:30,NIFTY,2026-10-13,True,41,82,22541.1,1.87,
2026-10-05 14:00:10.548058+05:30,NIFTY,2026-10-19,True,41,82,22542.0,1.85,
2026-10-05 14:00:13.425141+05:30,BANKNIFTY,2026-10-27,True,41,82,54837.15,2.88,
2026-10-05 14:00:15.289053+05:30,BANKNIFTY,2026-11-23,True,41,82,54835.85,1.86,
2026-10-05 14:00:17.144459+05:30,SENSEX,2026-10-08,True,41,82,72300.87,1.85,
2026-10-05 14:00:18.981979+05:30,SENSEX,2026-10-15,True,41,82,72296.48,1.84,
2026-10-05 14:00:20.824290+05:30,FINNIFTY,2026-10-27,True,41,81,24694.55,1.84,
2026-10-05 14:00:22.666785+05:30,MIDCPNIFTY,2026-10-27,True,41,82,13664.15,1.84,
2026-10-05 14:01:06.806369+05:30,NIFTY,2026-10-06,True,41,82,22546.3,1.82,
2026-10-05 14:01:08.651862+05:30,NIFTY,2026-10-13,True,41,82,22545.75,1.84,
2026-10-05 14:01:11.519416+05:30,NIFTY,2026-10-19,True,41,82,22544.8,2.87,
2026-10-05 14:01:13.397046+05:30,BANKNIFTY,2026-10-27,True,41,82,54850.7,1.88,
2026-10-05 14:01:15.307937+05:30,BANKNIFTY,2026-11-23,True,41,82,54849.9,1.91,
2026-10-05 14:01:17.181874+05:30,SENSEX,2026-10-08,True,41,82,72312.51,1.87,
2026-10-05 14:01:20.034860+05:30,SENSEX,2026-10-15,True,41,82,72312.66,2.85,
2026-10-05 14:01:21.869881+05:30,FINNIFTY,2026-10-27,True,41,81,24698.85,1.83,
2026-10-05 14:01:23.713709+05:30,MIDCPNIFTY,2026-10-27,True,41,82,13664.15,1.84,
2026-10-05 14:02:06.801522+05:30,NIFTY,2026-10-06,True,41,82,22543.95,1.82,
2026-10-05 14:02:08.649603+05:30,NIFTY,2026-10-13,True,41,82,22544.75,1.84,
2026-10-05 14:02:10.507511+05:30,NIFTY,2026-10-19,True,41,82,22544.2,1.86,
2026-10-05 14:02:12.358620+05:30,BANKNIFTY,2026-10-27,True,41,82,54841.25,1.85,
2026-10-05 14:02:14.429110+05:30,BANKNIFTY,2026-11-23,True,41,82,54838.8,2.07,
2026-10-05 14:02:16.302506+05:30,SENSEX,2026-10-08,True,41,82,72308.78,1.87,
2026-10-05 14:02:18.139574+05:30,SENSEX,2026-10-15,True,41,82,72309.23,1.84,
2026-10-05 14:02:19.985534+05:30,FINNIFTY,2026-10-27,True,41,81,24695.5,1.84,
2026-10-05 14:02:21.686805+05:30,MIDCPNIFTY,2026-10-27,True,41,82,13664.75,1.7,
2026-10-05 14:03:06.636624+05:30,NIFTY,2026-10-06,True,41,82,22547.75,1.65,
2026-10-05 14:03:08.330899+05:30,NIFTY,2026-10-13,True,41,82,22549.3,1.69,
2026-10-05 14:03:10.018618+05:30,NIFTY,2026-10-19,True,41,82,22547.8,1.69,
2026-10-05 14:03:11.731533+05:30,BANKNIFTY,2026-10-27,True,41,82,54868.35,1.71,
2026-10-05 14:03:13.444659+05:30,BANKNIFTY,2026-11-23,True,41,82,54866.0,1.71,
2026-10-05 14:03:15.145299+05:30,SENSEX,2026-10-08,True,41,82,72324.49,1.7,
2026-10-05 14:03:16.861272+05:30,SENSEX,2026-10-15,True,41,82,72322.19,1.72,
2026-10-05 14:03:18.568969+05:30,FINNIFTY,2026-10-27,True,41,81,24707.55,1.71,
2026-10-05 14:03:20.275486+05:30,MIDCPNIFTY,2026-10-27,True,41,82,13667.05,1.71,
2026-10-05 14:04:06.799694+05:30,NIFTY,2026-10-06,True,41,82,22534.6,1.82,
2026-10-05 14:04:08.639838+05:30,NIFTY,2026-10-13,True,41,82,22536.35,1.84,
2026-10-05 14:04:10.500833+05:30,NIFTY,2026-10-19,True,41,82,22535.45,1.86,
2026-10-05 14:04:12.559890+05:30,BANKNIFTY,2026-10-27,True,41,82,54817.25,2.06,
2026-10-05 14:04:14.887716+05:30,BANKNIFTY,2026-11-23,True,41,82,54815.6,2.33,
2026-10-05 14:04:17.787694+05:30,SENSEX,2026-10-08,True,41,82,72266.68,2.9,
2026-10-05 14:04:19.647375+05:30,SENSEX,2026-10-15,True,41,82,72262.1,1.86,
2026-10-05 14:04:21.515235+05:30,FINNIFTY,2026-10-27,True,41,80,24667.85,1.87,
2026-10-05 14:04:23.474077+05:30,MIDCPNIFTY,2026-10-27,True,41,82,13642.35,1.96,
2026-10-05 14:05:06.832371+05:30,NIFTY,2026-10-06,True,41,82,22520.25,1.85,
2026-10-05 14:05:08.687369+05:30,NIFTY,2026-10-13,True,41,82,22521.8,1.85,
2026-10-05 14:05:10.556265+05:30,NIFTY,2026-10-19,True,41,82,22521.45,1.87,
2026-10-05 14:05:12.416571+05:30,BANKNIFTY,2026-10-27,True,41,82,54790.35,1.86,
2026-10-05 14:05:14.292946+05:30,BANKNIFTY,2026-11-23,True,41,82,54792.45,1.88,
2026-10-05 14:05:16.136215+05:30,SENSEX,2026-10-08,True,41,82,72226.59,1.84,
2026-10-05 14:05:17.976450+05:30,SENSEX,2026-10-15,True,41,82,72232.34,1.84,
2026-10-05 14:05:19.828775+05:30,FINNIFTY,2026-10-27,True,41,81,24676.75,1.85,
2026-10-05 14:05:22.375922+05:30,MIDCPNIFTY,2026-10-27,True,41,82,13643.8,2.55,
2026-10-05 14:06:07.430618+05:30,NIFTY,2026-10-06,True,41,82,22511.55,2.45,
2026-10-05 14:06:09.299150+05:30,NIFTY,2026-10-13,True,41,82,22512.15,1.86,
2026-10-05 14:06:11.155015+05:30,NIFTY,2026-10-19,True,41,82,22512.05,1.85,
2026-10-05 14:06:13.064507+05:30,BANKNIFTY,2026-10-27,True,41,82,54757.2,1.91,
2026-10-05 14:06:14.945620+05:30,BANKNIFTY,2026-11-23,True,41,82,54757.4,1.88,
2026-10-05 14:06:16.788711+05:30,SENSEX,2026-10-08,True,41,82,72210.94,1.84,
2026-10-05 14:06:18.624109+05:30,SENSEX,2026-10-15,True,41,81,72210.45,1.83,
2026-10-05 14:06:20.491776+05:30,FINNIFTY,2026-10-27,True,41,81,24644.7,1.87,
2026-10-05 14:06:22.352571+05:30,MIDCPNIFTY,2026-10-27,True,41,82,13628.25,1.86,
2026-10-05 14:07:06.895868+05:30,NIFTY,2026-10-06,True,41,82,22494.5,1.91,
2026-10-05 14:07:08.783244+05:30,NIFTY,2026-10-13,True,41,82,22496.05,1.88,
2026-10-05 14:07:10.692760+05:30,NIFTY,2026-10-19,True,41,82,22496.35,1.91,
2026-10-05 14:07:12.570228+05:30,BANKNIFTY,2026-10-27,True,41,82,54721.8,1.88,
2026-10-05 14:07:14.452389+05:30,BANKNIFTY,2026-11-23,True,41,82,54719.95,1.88,
2026-10-05 14:07:16.300724+05:30,SENSEX,2026-10-08,True,41,82,72164.71,1.85,
2026-10-05 14:07:18.138218+05:30,SENSEX,2026-10-15,True,41,82,72162.78,1.84,
2026-10-05 14:07:20.014682+05:30,FINNIFTY,2026-10-27,True,41,81,24643.45,1.87,
2026-10-05 14:07:21.919758+05:30,MIDCPNIFTY,2026-10-27,True,41,82,13624.55,1.9,
2026-10-05 14:08:06.836539+05:30,NIFTY,2026-10-06,True,41,82,22511.35,1.85,
2026-10-05 14:08:08.698403+05:30,NIFTY,2026-10-13,True,41,82,22514.35,1.86,
2026-10-05 14:08:10.535495+05:30,NIFTY,2026-10-19,True,41,82,22514.3,1.84,
2026-10-05 14:08:12.386286+05:30,BANKNIFTY,2026-10-27,True,41,82,54770.05,1.85,
2026-10-05 14:08:14.244185+05:30,BANKNIFTY,2026-11-23,True,41,81,54768.8,1.86,
2026-10-05 14:08:16.098226+05:30,SENSEX,2026-10-08,True,41,82,72203.99,1.85,
2026-10-05 14:08:17.985741+05:30,SENSEX,2026-10-15,True,41,82,72203.75,1.89,
2026-10-05 14:08:19.893488+05:30,FINNIFTY,2026-10-27,True,41,82,24666.0,1.91,
2026-10-05 14:08:21.857422+05:30,MIDCPNIFTY,2026-10-27,True,41,82,13636.2,1.96,
2026-10-05 14:09:06.796800+05:30,NIFTY,2026-10-06,True,41,82,22523.55,1.81,
2026-10-05 14:09:08.660062+05:30,NIFTY,2026-10-13,True,41,82,22525.65,1.86,
2026-10-05 14:09:10.568061+05:30,NIFTY,2026-10-19,True,41,82,22526.35,1.91,
2026-10-05 14:09:12.453978+05:30,BANKNIFTY,2026-10-27,True,41,82,54793.65,1.88,
2026-10-05 14:09:14.322523+05:30,BANKNIFTY,2026-11-23,True,41,80,54780.65,1.87,
2026-10-05 14:09:16.161557+05:30,SENSEX,2026-10-08,True,41,81,72241.76,1.84,
2026-10-05 14:09:17.983470+05:30,SENSEX,2026-10-15,True,41,82,72241.55,1.82,
2026-10-05 14:09:19.803604+05:30,FINNIFTY,2026-10-27,True,41,82,24677.4,1.82,
2026-10-05 14:09:21.648505+05:30,MIDCPNIFTY,2026-10-27,True,41,82,13643.15,1.84,
2026-10-05 14:10:06.793871+05:30,NIFTY,2026-10-06,True,41,82,22519.2,1.81,
2026-10-05 14:10:08.659503+05:30,NIFTY,2026-10-13,True,41,82,22519.0,1.86,
2026-10-05 14:10:10.520693+05:30,NIFTY,2026-10-19,True,41,82,22520.75,1.86,
2026-10-05 14:10:12.432154+05:30,BANKNIFTY,2026-10-27,True,41,82,54769.25,1.91,
2026-10-05 14:10:14.291614+05:30,BANKNIFTY,2026-11-23,True,41,82,54771.6,1.86,
2026-10-05 14:10:16.147017+05:30,SENSEX,2026-10-08,True,41,82,72233.9,1.85,
2026-10-05 14:10:17.993185+05:30,SENSEX,2026-10-15,True,41,82,72234.72,1.85,
2026-10-05 14:10:19.851329+05:30,FINNIFTY,2026-10-27,True,41,82,24673.1,1.86,
2026-10-05 14:10:21.809475+05:30,MIDCPNIFTY,2026-10-27,True,41,82,13642.3,1.96,
2026-10-05 14:11:06.818701+05:30,NIFTY,2026-10-06,True,41,82,22529.9,1.83,
2026-10-05 14:11:08.719981+05:30,NIFTY,2026-10-13,True,41,82,22530.8,1.9,
2026-10-05 14:11:10.563895+05:30,NIFTY,2026-10-19,True,41,82,22529.65,1.84,
2026-10-05 14:11:12.411563+05:30,BANKNIFTY,2026-10-27,True,41,82,54807.8,1.85,
2026-10-05 14:11:14.273125+05:30,BANKNIFTY,2026-11-23,True,41,82,54795.25,1.86,
2026-10-05 14:11:16.166159+05:30,SENSEX,2026-10-08,True,41,82,72268.42,1.89,
2026-10-05 14:11:18.035007+05:30,SENSEX,2026-10-15,True,41,82,72265.31,1.87,
2026-10-05 14:11:19.890520+05:30,FINNIFTY,2026-10-27,True,41,81,24682.75,1.85,
2026-10-05 14:11:21.891567+05:30,MIDCPNIFTY,2026-10-27,True,41,82,13641.35,2.0,
2026-10-05 14:12:06.815885+05:30,NIFTY,2026-10-06,True,41,82,22528.9,1.83,
2026-10-05 14:12:08.657180+05:30,NIFTY,2026-10-13,True,41,82,22528.9,1.84,
2026-10-05 14:12:10.505729+05:30,NIFTY,2026-10-19,True,41,82,22528.1,1.85,
2026-10-05 14:12:12.797284+05:30,BANKNIFTY,2026-10-27,True,41,82,54786.75,2.29,
2026-10-05 14:12:14.647413+05:30,BANKNIFTY,2026-11-23,True,41,82,54785.2,1.85,
2026-10-05 14:12:16.528298+05:30,SENSEX,2026-10-08,True,41,81,72268.29,1.88,
2026-10-05 14:12:18.398711+05:30,SENSEX,2026-10-15,True,41,82,72266.98,1.87,
2026-10-05 14:12:20.402392+05:30,FINNIFTY,2026-10-27,True,41,81,24678.95,2.0,
2026-10-05 14:12:22.238957+05:30,MIDCPNIFTY,2026-10-27,True,41,82,13643.2,1.84,
2026-10-05 14:13:07.874716+05:30,NIFTY,2026-10-06,True,41,82,22522.3,2.89,
2026-10-05 14:13:09.758500+05:30,NIFTY,2026-10-13,True,41,82,22523.45,1.88,
2026-10-05 14:13:11.616509+05:30,NIFTY,2026-10-19,True,41,82,22524.85,1.86,
2026-10-05 14:13:13.478073+05:30,BANKNIFTY,2026-10-27,True,41,82,54780.4,1.86,
2026-10-05 14:13:15.340200+05:30,BANKNIFTY,2026-11-23,True,41,82,54779.95,1.86,
2026-10-05 14:13:17.218889+05:30,SENSEX,2026-10-08,True,41,82,72260.85,1.88,
2026-10-05 14:13:19.070559+05:30,SENSEX,2026-10-15,True,41,82,72263.27,1.85,
2026-10-05 14:13:20.902746+05:30,FINNIFTY,2026-10-27,True,41,81,24672.35,1.83,
2026-10-05 14:13:22.771113+05:30,MIDCPNIFTY,2026-10-27,True,41,82,13642.45,1.87,
2026-10-05 14:14:06.845635+05:30,NIFTY,2026-10-06,True,41,82,22560.8,1.86,
2026-10-05 14:14:08.696109+05:30,NIFTY,2026-10-13,True,41,82,22561.8,1.85,
2026-10-05 14:14:10.558430+05:30,NIFTY,2026-10-19,True,41,82,22561.85,1.86,
2026-10-05 14:14:12.472885+05:30,BANKNIFTY,2026-10-27,True,41,82,54859.95,1.91,
2026-10-05 14:14:14.345625+05:30,BANKNIFTY,2026-11-23,True,41,82,54857.15,1.87,
2026-10-05 14:14:16.185714+05:30,SENSEX,2026-10-08,True,41,82,72373.71,1.84,
2026-10-05 14:14:18.034202+05:30,SENSEX,2026-10-15,True,41,82,72377.34,1.85,
2026-10-05 14:14:19.874412+05:30,FINNIFTY,2026-10-27,True,41,81,24706.1,1.84,
2026-10-05 14:14:21.887984+05:30,MIDCPNIFTY,2026-10-27,True,41,82,13660.6,2.01,
2026-10-05 14:15:06.831884+05:30,NIFTY,2026-10-06,True,41,82,22546.85,1.85,
2026-10-05 14:15:08.719391+05:30,NIFTY,2026-10-13,True,41,82,22545.6,1.88,
2026-10-05 14:15:10.591142+05:30,NIFTY,2026-10-19,True,41,82,22544.35,1.87,
2026-10-05 14:15:12.474536+05:30,BANKNIFTY,2026-10-27,True,41,82,54812.7,1.88,
2026-10-05 14:15:14.333244+05:30,BANKNIFTY,2026-11-23,True,41,81,54808.55,1.86,
2026-10-05 14:15:16.218183+05:30,SENSEX,2026-10-08,True,41,82,72322.34,1.88,
2026-10-05 14:15:18.085278+05:30,SENSEX,2026-10-15,True,41,82,72311.11,1.87,
2026-10-05 14:15:19.912270+05:30,FINNIFTY,2026-10-27,True,41,81,24683.6,1.83,
2026-10-05 14:15:21.851116+05:30,MIDCPNIFTY,2026-10-27,True,41,82,13649.2,1.93,
2026-10-05 14:16:06.804498+05:30,NIFTY,2026-10-06,True,41,82,22526.55,1.82,
2026-10-05 14:16:08.658783+05:30,NIFTY,2026-10-13,True,41,82,22525.8,1.85,
2026-10-05 14:16:10.581550+05:30,NIFTY,2026-10-19,True,41,82,22525.85,1.92,
2026-10-05 14:16:12.444080+05:30,BANKNIFTY,2026-10-27,True,41,82,54768.05,1.86,
2026-10-05 14:16:14.305354+05:30,BANKNIFTY,2026-11-23,True,41,82,54766.15,1.86,
2026-10-05 14:16:16.139281+05:30,SENSEX,2026-10-08,True,41,81,72265.84,1.83,
2026-10-05 14:16:17.991308+05:30,SENSEX,2026-10-15,True,41,82,72273.56,1.85,
2026-10-05 14:16:19.876836+05:30,FINNIFTY,2026-10-27,True,41,81,24667.75,1.88,
2026-10-05 14:16:21.861859+05:30,MIDCPNIFTY,2026-10-27,True,41,82,13641.45,1.98,
2026-10-05 14:17:06.803457+05:30,NIFTY,2026-10-06,True,41,82,22523.3,1.82,
2026-10-05 14:17:08.710761+05:30,NIFTY,2026-10-13,True,41,82,22522.0,1.9,
2026-10-05 14:17:10.568096+05:30,NIFTY,2026-10-19,True,41,82,22523.0,1.86,
2026-10-05 14:17:12.420934+05:30,BANKNIFTY,2026-10-27,True,41,82,54742.4,1.85,
2026-10-05 14:17:14.279711+05:30,BANKNIFTY,2026-11-23,True,41,82,54742.15,1.86,
2026-10-05 14:17:16.119612+05:30,SENSEX,2026-10-08,True,41,82,72257.66,1.84,
2026-10-05 14:17:17.975980+05:30,SENSEX,2026-10-15,True,41,82,72257.7,1.86,
2026-10-05 14:17:19.830795+05:30,FINNIFTY,2026-10-27,True,41,81,24660.55,1.85,
2026-10-05 14:17:21.841619+05:30,MIDCPNIFTY,2026-10-27,True,41,82,13638.3,2.01,
2026-10-05 14:18:06.767826+05:30,NIFTY,2026-10-06,True,41,82,22523.1,1.78,
2026-10-05 14:18:09.650663+05:30,NIFTY,2026-10-13,True,41,82,22525.05,2.88,
2026-10-05 14:18:11.492204+05:30,NIFTY,2026-10-19,True,41,82,22524.35,1.84,
2026-10-05 14:18:13.339450+05:30,BANKNIFTY,2026-10-27,True,41,82,54749.75,1.85,
2026-10-05 14:18:15.173678+05:30,BANKNIFTY,2026-11-23,True,41,82,54745.85,1.83,
2026-10-05 14:18:17.056714+05:30,SENSEX,2026-10-08,True,41,82,72255.91,1.88,
2026-10-05 14:18:18.931528+05:30,SENSEX,2026-10-15,True,41,82,72257.95,1.87,
2026-10-05 14:18:20.763491+05:30,FINNIFTY,2026-10-27,True,41,81,24665.9,1.83,
2026-10-05 14:18:22.621131+05:30,MIDCPNIFTY,2026-10-27,True,41,82,13639.05,1.86,
2026-10-05 14:19:06.780363+05:30,NIFTY,2026-10-06,True,41,82,22539.65,1.8,
2026-10-05 14:19:08.662701+05:30,NIFTY,2026-10-13,True,41,82,22538.0,1.88,
2026-10-05 14:19:10.522435+05:30,NIFTY,2026-10-19,True,41,82,22540.9,1.86,
2026-10-05 14:19:12.384187+05:30,BANKNIFTY,2026-10-27,True,41,82,54802.75,1.86,
2026-10-05 14:19:14.237936+05:30,BANKNIFTY,2026-11-23,True,41,82,54806.15,1.85,
2026-10-05 14:19:16.075773+05:30,SENSEX,2026-10-08,True,41,82,72306.06,1.84,
2026-10-05 14:19:17.946301+05:30,SENSEX,2026-10-15,True,41,82,72308.09,1.87,
2026-10-05 14:19:19.789163+05:30,FINNIFTY,2026-10-27,True,41,81,24684.45,1.84,
2026-10-05 14:19:21.648627+05:30,MIDCPNIFTY,2026-10-27,True,41,82,13652.45,1.86,
2026-10-05 14:20:06.803205+05:30,NIFTY,2026-10-06,True,41,82,22553.25,1.82,
2026-10-05 14:20:08.657013+05:30,NIFTY,2026-10-13,True,41,82,22553.65,1.85,
2026-10-05 14:20:10.919955+05:30,NIFTY,2026-10-19,True,41,82,22554.25,2.26,
2026-10-05 14:20:12.791132+05:30,BANKNIFTY,2026-10-27,True,41,82,54806.1,1.87,
2026-10-05 14:20:14.635438+05:30,BANKNIFTY,2026-11-23,True,41,81,54799.25,1.84,
2026-10-05 14:20:16.583875+05:30,SENSEX,2026-10-08,True,41,82,72351.1,1.95,
2026-10-05 14:20:18.497725+05:30,SENSEX,2026-10-15,True,41,82,72347.74,1.91,
2026-10-05 14:20:20.411253+05:30,FINNIFTY,2026-10-27,True,41,81,24688.0,1.91,
2026-10-05 14:20:22.295636+05:30,MIDCPNIFTY,2026-10-27,True,41,82,13654.35,1.88,
2026-10-05 14:21:06.783688+05:30,NIFTY,2026-10-06,True,41,82,22554.35,1.8,
2026-10-05 14:21:08.618133+05:30,NIFTY,2026-10-13,True,41,82,22555.15,1.83,
2026-10-05 14:21:10.463411+05:30,NIFTY,2026-10-19,True,41,82,22554.8,1.84,
2026-10-05 14:21:12.318117+05:30,BANKNIFTY,2026-10-27,True,41,82,54805.05,1.85,
2026-10-05 14:21:14.249366+05:30,BANKNIFTY,2026-11-23,True,41,82,54804.5,1.93,
2026-10-05 14:21:16.085075+05:30,SENSEX,2026-10-08,True,41,82,72358.31,1.83,
2026-10-05 14:21:18.059077+05:30,SENSEX,2026-10-15,True,41,82,72359.02,1.97,
2026-10-05 14:21:19.998658+05:30,FINNIFTY,2026-10-27,True,41,81,24695.25,1.94,
2026-10-05 14:21:21.937974+05:30,MIDCPNIFTY,2026-10-27,True,41,82,13653.1,1.94,
2026-10-05 14:22:06.805061+05:30,NIFTY,2026-10-06,True,41,82,22554.35,1.82,
2026-10-05 14:22:08.653659+05:30,NIFTY,2026-10-13,True,41,82,22551.5,1.85,
2026-10-05 14:22:10.550779+05:30,NIFTY,2026-10-19,True,41,82,22553.1,1.9,
2026-10-05 14:22:12.411289+05:30,BANKNIFTY,2026-10-27,True,41,82,54796.9,1.86,
2026-10-05 14:22:14.270998+05:30,BANKNIFTY,2026-11-23,True,41,82,54793.35,1.86,
2026-10-05 14:22:16.422236+05:30,SENSEX,2026-10-08,True,41,82,72349.45,2.15,
2026-10-05 14:22:18.291334+05:30,SENSEX,2026-10-15,True,41,82,72349.92,1.87,
2026-10-05 14:22:20.137518+05:30,FINNIFTY,2026-10-27,True,41,81,24690.75,1.84,
2026-10-05 14:22:21.992026+05:30,MIDCPNIFTY,2026-10-27,True,41,82,13655.25,1.85,
2026-10-05 14:23:06.772971+05:30,NIFTY,2026-10-06,True,41,82,22551.95,1.79,
2026-10-05 14:23:08.614773+05:30,NIFTY,2026-10-13,True,41,82,22551.75,1.84,
2026-10-05 14:23:10.468315+05:30,NIFTY,2026-10-19,True,41,82,22551.7,1.85,
2026-10-05 14:23:12.850095+05:30,BANKNIFTY,2026-10-27,True,41,82,54787.45,2.38,
2026-10-05 14:23:14.701023+05:30,BANKNIFTY,2026-11-23,True,41,82,54786.2,1.85,
2026-10-05 14:23:16.574749+05:30,SENSEX,2026-10-08,True,41,82,72343.41,1.87,
2026-10-05 14:23:18.401242+05:30,SENSEX,2026-10-15,True,41,82,72345.39,1.83,
2026-10-05 14:23:20.366856+05:30,FINNIFTY,2026-10-27,True,41,81,24690.45,1.96,
2026-10-05 14:23:22.223904+05:30,MIDCPNIFTY,2026-10-27,True,41,82,13651.6,1.86,
2026-10-05 14:24:06.781222+05:30,NIFTY,2026-10-06,True,41,82,22548.2,1.8,
2026-10-05 14:24:08.612304+05:30,NIFTY,2026-10-13,True,41,82,22547.65,1.83,
2026-10-05 14:24:10.460404+05:30,NIFTY,2026-10-19,True,41,82,22550.6,1.85,
2026-10-05 14:24:12.309652+05:30,BANKNIFTY,2026-10-27,True,41,82,54783.95,1.85,
2026-10-05 14:24:14.190549+05:30,BANKNIFTY,2026-11-23,True,41,82,54782.0,1.88,
2026-10-05 14:24:16.024234+05:30,SENSEX,2026-10-08,True,41,82,72332.11,1.83,
2026-10-05 14:24:17.918527+05:30,SENSEX,2026-10-15,True,41,82,72335.31,1.89,
2026-10-05 14:24:19.760731+05:30,FINNIFTY,2026-10-27,True,41,81,24684.8,1.84,
2026-10-05 14:24:21.611151+05:30,MIDCPNIFTY,2026-10-27,True,41,82,13651.1,1.85,
2026-10-05 14:25:06.792467+05:30,NIFTY,2026-10-06,True,41,82,22543.1,1.81,
2026-10-05 14:25:08.627652+05:30,NIFTY,2026-10-13,True,41,82,22542.85,1.83,
2026-10-05 14:25:10.469024+05:30,NIFTY,2026-10-19,True,41,82,22541.6,1.84,
2026-10-05 14:25:12.717212+05:30,BANKNIFTY,2026-10-27,True,41,82,54772.05,2.25,
2026-10-05 14:25:14.601170+05:30,BANKNIFTY,2026-11-23,True,41,82,54768.45,1.88,
2026-10-05 14:25:16.446494+05:30,SENSEX,2026-10-08,True,41,82,72315.16,1.84,
2026-10-05 14:25:18.321288+05:30,SENSEX,2026-10-15,True,41,82,72317.65,1.87,
2026-10-05 14:25:20.169815+05:30,FINNIFTY,2026-10-27,True,41,81,24679.1,1.85,
2026-10-05 14:25:22.033008+05:30,MIDCPNIFTY,2026-10-27,True,41,82,13646.55,1.86,
2026-10-05 14:26:06.812000+05:30,NIFTY,2026-10-06,True,41,82,22546.8,1.83,
2026-10-05 14:26:08.736639+05:30,NIFTY,2026-10-13,True,41,82,22547.5,1.92,
2026-10-05 14:26:10.572668+05:30,NIFTY,2026-10-19,True,41,82,22547.05,1.83,
2026-10-05 14:26:12.447421+05:30,BANKNIFTY,2026-10-27,True,41,82,54792.15,1.87,
2026-10-05 14:26:14.290500+05:30,BANKNIFTY,2026-11-23,True,41,82,54790.3,1.84,
2026-10-05 14:26:16.206151+05:30,SENSEX,2026-10-08,True,41,82,72331.94,1.91,
2026-10-05 14:26:18.056121+05:30,SENSEX,2026-10-15,True,41,82,72331.09,1.85,
2026-10-05 14:26:19.924635+05:30,FINNIFTY,2026-10-27,True,41,81,24682.5,1.87,
2026-10-05 14:26:21.854032+05:30,MIDCPNIFTY,2026-10-27,True,41,82,13650.7,1.93,
2026-10-05 14:27:06.840440+05:30,NIFTY,2026-10-06,True,41,82,22548.15,1.86,
2026-10-05 14:27:08.678918+05:30,NIFTY,2026-10-13,True,41,82,22548.4,1.84,
2026-10-05 14:27:10.535806+05:30,NIFTY,2026-10-19,True,41,82,22549.05,1.86,
2026-10-05 14:27:12.388030+05:30,BANKNIFTY,2026-10-27,True,41,82,54798.95,1.85,
2026-10-05 14:27:14.257736+05:30,BANKNIFTY,2026-11-23,True,41,82,54792.3,1.87,
2026-10-05 14:27:16.095561+05:30,SENSEX,2026-10-08,True,41,82,72334.89,1.84,
2026-10-05 14:27:17.955793+05:30,SENSEX,2026-10-15,True,41,82,72334.07,1.86,
2026-10-05 14:27:19.802250+05:30,FINNIFTY,2026-10-27,True,41,81,24691.5,1.84,
2026-10-05 14:27:21.648251+05:30,MIDCPNIFTY,2026-10-27,True,41,82,13652.0,1.84,
2026-10-05 14:28:06.807659+05:30,NIFTY,2026-10-06,True,41,82,22552.0,1.82,
2026-10-05 14:28:09.397144+05:30,NIFTY,2026-10-13,True,41,82,22553.15,2.59,
2026-10-05 14:28:11.241517+05:30,NIFTY,2026-10-19,True,41,82,22550.95,1.84,
2026-10-05 14:28:13.102183+05:30,BANKNIFTY,2026-10-27,True,41,82,54786.6,1.86,
2026-10-05 14:28:14.966918+05:30,BANKNIFTY,2026-11-23,True,41,82,54783.15,1.86,
2026-10-05 14:28:16.813646+05:30,SENSEX,2026-10-08,True,41,82,72341.75,1.85,
2026-10-05 14:28:18.640373+05:30,SENSEX,2026-10-15,True,41,82,72344.92,1.83,
2026-10-05 14:28:20.527086+05:30,FINNIFTY,2026-10-27,True,41,81,24690.4,1.88,
2026-10-05 14:28:22.398393+05:30,MIDCPNIFTY,2026-10-27,True,41,82,13652.75,1.87,
2026-10-05 14:29:06.786264+05:30,NIFTY,2026-10-06,True,41,82,22550.35,1.8,
2026-10-05 14:29:08.639905+05:30,NIFTY,2026-10-13,True,41,82,22550.65,1.85,
2026-10-05 14:29:10.488560+05:30,NIFTY,2026-10-19,True,41,82,22549.9,1.85,
2026-10-05 14:29:12.374325+05:30,BANKNIFTY,2026-10-27,True,41,82,54780.15,1.88,
2026-10-05 14:29:14.252942+05:30,BANKNIFTY,2026-11-23,True,41,82,54779.85,1.88,
2026-10-05 14:29:16.082273+05:30,SENSEX,2026-10-08,True,41,82,72340.18,1.83,
2026-10-05 14:29:17.925598+05:30,SENSEX,2026-10-15,True,41,82,72341.21,1.84,
2026-10-05 14:29:19.752351+05:30,FINNIFTY,2026-10-27,True,41,81,24690.2,1.83,
2026-10-05 14:29:21.593588+05:30,MIDCPNIFTY,2026-10-27,True,41,82,13653.05,1.84,
2026-10-05 14:30:06.810326+05:30,NIFTY,2026-10-06,True,41,82,22556.55,1.83,
2026-10-05 14:30:08.655210+05:30,NIFTY,2026-10-13,True,41,82,22557.5,1.85,
2026-10-05 14:30:10.524181+05:30,NIFTY,2026-10-19,True,41,82,22556.4,1.86,
2026-10-05 14:30:12.380193+05:30,BANKNIFTY,2026-10-27,True,41,82,54797.8,1.86,
2026-10-05 14:30:14.236895+05:30,BANKNIFTY,2026-11-23,True,41,82,54797.15,1.86,
2026-10-05 14:30:16.085507+05:30,SENSEX,2026-10-08,True,41,82,72364.73,1.85,
2026-10-05 14:30:17.937081+05:30,SENSEX,2026-10-15,True,41,82,72366.0,1.85,
2026-10-05 14:30:19.985709+05:30,FINNIFTY,2026-10-27,True,41,81,24691.7,2.05,
2026-10-05 14:30:21.845886+05:30,MIDCPNIFTY,2026-10-27,True,41,82,13653.5,1.86,
2026-10-05 14:31:06.831025+05:30,NIFTY,2026-10-06,True,41,82,22549.25,1.85,
2026-10-05 14:31:08.668652+05:30,NIFTY,2026-10-13,True,41,82,22548.35,1.83,
2026-10-05 14:31:10.505904+05:30,NIFTY,2026-10-19,True,41,82,22548.25,1.84,
2026-10-05 14:31:12.374249+05:30,BANKNIFTY,2026-10-27,True,41,82,54763.6,1.87,
2026-10-05 14:31:15.281454+05:30,BANKNIFTY,2026-11-23,True,41,82,54760.35,2.91,
2026-10-05 14:31:17.132310+05:30,SENSEX,2026-10-08,True,41,82,72334.59,1.85,
2026-10-05 14:31:18.982292+05:30,SENSEX,2026-10-15,True,41,82,72335.88,1.85,
2026-10-05 14:31:20.833561+05:30,FINNIFTY,2026-10-27,True,41,81,24672.95,1.85,
2026-10-05 14:31:22.700855+05:30,MIDCPNIFTY,2026-10-27,True,41,82,13643.85,1.87,
2026-10-05 14:32:06.851929+05:30,NIFTY,2026-10-06,True,41,82,22547.15,1.87,
2026-10-05 14:32:08.685564+05:30,NIFTY,2026-10-13,True,41,82,22548.95,1.83,
2026-10-05 14:32:10.549441+05:30,NIFTY,2026-10-19,True,41,82,22548.45,1.86,
2026-10-05 14:32:12.410256+05:30,BANKNIFTY,2026-10-27,True,41,82,54769.0,1.86,
2026-10-05 14:32:14.256211+05:30,BANKNIFTY,2026-11-23,True,41,82,54769.0,1.85,
2026-10-05 14:32:16.114517+05:30,SENSEX,2026-10-08,True,41,82,72338.37,1.86,
2026-10-05 14:32:17.958653+05:30,SENSEX,2026-10-15,True,41,82,72343.74,1.84,
2026-10-05 14:32:19.842945+05:30,FINNIFTY,2026-10-27,True,41,81,24683.45,1.88,
2026-10-05 14:32:21.686840+05:30,MIDCPNIFTY,2026-10-27,True,41,82,13644.25,1.84,
2026-10-05 14:33:06.799018+05:30,NIFTY,2026-10-06,True,41,82,22558.25,1.81,
2026-10-05 14:33:08.644248+05:30,NIFTY,2026-10-13,True,41,82,22556.45,1.84,
2026-10-05 14:33:10.520361+05:30,NIFTY,2026-10-19,True,41,82,22556.7,1.87,
2026-10-05 14:33:12.405925+05:30,BANKNIFTY,2026-10-27,True,41,82,54800.15,1.88,
2026-10-05 14:33:14.275489+05:30,BANKNIFTY,2026-11-23,True,41,82,54793.8,1.87,
2026-10-05 14:33:16.116144+05:30,SENSEX,2026-10-08,True,41,82,72368.57,1.84,
2026-10-05 14:33:17.970647+05:30,SENSEX,2026-10-15,True,41,82,72363.55,1.85,
2026-10-05 14:33:20.273806+05:30,FINNIFTY,2026-10-27,True,41,81,24681.8,2.3,
2026-10-05 14:33:22.130475+05:30,MIDCPNIFTY,2026-10-27,True,41,82,13648.6,1.85,
2026-10-05 14:34:06.809242+05:30,NIFTY,2026-10-06,True,41,82,22556.0,1.83,
2026-10-05 14:34:08.664341+05:30,NIFTY,2026-10-13,True,41,82,22555.4,1.86,
2026-10-05 14:34:10.775381+05:30,NIFTY,2026-10-19,True,41,82,22555.05,2.1,
2026-10-05 14:34:12.673572+05:30,BANKNIFTY,2026-10-27,True,41,82,54783.4,1.9,
2026-10-05 14:34:14.525762+05:30,BANKNIFTY,2026-11-23,True,41,82,54783.15,1.85,
2026-10-05 14:34:16.380113+05:30,SENSEX,2026-10-08,True,41,82,72361.47,1.85,
2026-10-05 14:34:18.238714+05:30,SENSEX,2026-10-15,True,41,82,72361.34,1.86,
2026-10-05 14:34:20.109179+05:30,FINNIFTY,2026-10-27,True,41,81,24682.8,1.87,
2026-10-05 14:34:21.946095+05:30,MIDCPNIFTY,2026-10-27,True,41,82,13646.85,1.83,
2026-10-05 14:35:06.821998+05:30,NIFTY,2026-10-06,True,41,82,22552.6,1.84,
2026-10-05 14:35:08.671559+05:30,NIFTY,2026-10-13,True,41,82,22553.2,1.84,
2026-10-05 14:35:10.567520+05:30,NIFTY,2026-10-19,True,41,82,22554.1,1.9,
2026-10-05 14:35:12.452954+05:30,BANKNIFTY,2026-10-27,True,41,82,54787.95,1.88,
2026-10-05 14:35:14.282767+05:30,BANKNIFTY,2026-11-23,True,41,82,54789.9,1.83,
2026-10-05 14:35:16.123262+05:30,SENSEX,2026-10-08,True,41,82,72356.9,1.84,
2026-10-05 14:35:17.957241+05:30,SENSEX,2026-10-15,True,41,82,72356.21,1.83,
2026-10-05 14:35:19.799070+05:30,FINNIFTY,2026-10-27,True,41,81,24682.2,1.84,
2026-10-05 14:35:21.645830+05:30,MIDCPNIFTY,2026-10-27,True,41,82,13646.1,1.85,
2026-10-05 14:36:06.800896+05:30,NIFTY,2026-10-06,True,41,82,22550.75,1.82,
2026-10-05 14:36:08.636654+05:30,NIFTY,2026-10-13,True,41,82,22549.4,1.83,
2026-10-05 14:36:10.483055+05:30,NIFTY,2026-10-19,True,41,82,22549.95,1.84,
2026-10-05 14:36:12.370377+05:30,BANKNIFTY,2026-10-27,True,41,82,54775.15,1.89,
2026-10-05 14:36:14.234267+05:30,BANKNIFTY,2026-11-23,True,41,82,54777.35,1.86,
2026-10-05 14:36:16.123914+05:30,SENSEX,2026-10-08,True,41,82,72343.94,1.89,
2026-10-05 14:36:17.966405+05:30,SENSEX,2026-10-15,True,41,82,72342.38,1.84,
2026-10-05 14:36:19.801812+05:30,FINNIFTY,2026-10-27,True,41,81,24679.8,1.83,
2026-10-05 14:36:21.652312+05:30,MIDCPNIFTY,2026-10-27,True,41,82,13645.15,1.85,
2026-10-05 14:37:06.805059+05:30,NIFTY,2026-10-06,True,41,82,22555.35,1.82,
2026-10-05 14:37:08.651021+05:30,NIFTY,2026-10-13,True,41,82,22554.9,1.84,
2026-10-05 14:37:10.610565+05:30,NIFTY,2026-10-19,True,41,82,22554.5,1.96,
2026-10-05 14:37:12.466748+05:30,BANKNIFTY,2026-10-27,True,41,82,54782.65,1.85,
2026-10-05 14:37:14.335458+05:30,BANKNIFTY,2026-11-23,True,41,82,54780.65,1.87,
2026-10-05 14:37:16.177446+05:30,SENSEX,2026-10-08,True,41,82,72364.08,1.84,
2026-10-05 14:37:18.015820+05:30,SENSEX,2026-10-15,True,41,82,72362.42,1.84,
2026-10-05 14:37:19.863599+05:30,FINNIFTY,2026-10-27,True,41,81,24677.7,1.85,
2026-10-05 14:37:21.729029+05:30,MIDCPNIFTY,2026-10-27,True,41,82,13647.8,1.86,
2026-10-05 14:38:06.805677+05:30,NIFTY,2026-10-06,True,41,82,22553.7,1.82,
2026-10-05 14:38:08.691227+05:30,NIFTY,2026-10-13,True,41,82,22554.25,1.88,
2026-10-05 14:38:10.549316+05:30,NIFTY,2026-10-19,True,41,82,22554.6,1.86,
2026-10-05 14:38:12.406557+05:30,BANKNIFTY,2026-10-27,True,41,82,54779.2,1.86,
2026-10-05 14:38:14.250536+05:30,BANKNIFTY,2026-11-23,True,41,82,54779.55,1.84,
2026-10-05 14:38:16.112559+05:30,SENSEX,2026-10-08,True,41,82,72356.32,1.86,
2026-10-05 14:38:17.950216+05:30,SENSEX,2026-10-15,True,41,82,72360.72,1.84,
2026-10-05 14:38:20.866430+05:30,FINNIFTY,2026-10-27,True,41,81,24682.95,2.91,
2026-10-05 14:38:22.735618+05:30,MIDCPNIFTY,2026-10-27,True,41,82,13644.85,1.87,
2026-10-05 14:39:06.789915+05:30,NIFTY,2026-10-06,True,41,82,22550.15,1.81,
2026-10-05 14:39:08.659414+05:30,NIFTY,2026-10-13,True,41,82,22551.1,1.87,
2026-10-05 14:39:10.511894+05:30,NIFTY,2026-10-19,True,41,82,22549.65,1.85,
2026-10-05 14:39:12.359008+05:30,BANKNIFTY,2026-10-27,True,41,82,54751.25,1.85,
2026-10-05 14:39:14.238769+05:30,BANKNIFTY,2026-11-23,True,41,82,54752.1,1.88,
2026-10-05 14:39:16.120074+05:30,SENSEX,2026-10-08,True,41,82,72337.39,1.88,
2026-10-05 14:39:17.960930+05:30,SENSEX,2026-10-15,True,41,82,72334.32,1.84,
2026-10-05 14:39:19.808623+05:30,FINNIFTY,2026-10-27,True,41,81,24666.55,1.85,
2026-10-05 14:39:21.652414+05:30,MIDCPNIFTY,2026-10-27,True,41,82,13644.2,1.84,
2026-10-05 14:40:06.803895+05:30,NIFTY,2026-10-06,True,41,82,22541.6,1.82,
2026-10-05 14:40:08.658450+05:30,NIFTY,2026-10-13,True,41,82,22540.45,1.85,
2026-10-05 14:40:10.505116+05:30,NIFTY,2026-10-19,True,41,82,22539.9,1.85,
2026-10-05 14:40:12.385034+05:30,BANKNIFTY,2026-10-27,True,41,82,54726.65,1.88,
2026-10-05 14:40:14.366071+05:30,BANKNIFTY,2026-11-23,True,41,82,54726.95,1.98,
2026-10-05 14:40:16.198136+05:30,SENSEX,2026-10-08,True,41,82,72317.13,1.83,
2026-10-05 14:40:18.044117+05:30,SENSEX,2026-10-15,True,41,82,72314.37,1.85,
2026-10-05 14:40:19.880668+05:30,FINNIFTY,2026-10-27,True,41,81,24658.15,1.83,
2026-10-05 14:40:21.741975+05:30,MIDCPNIFTY,2026-10-27,True,41,82,13643.95,1.86,
2026-10-05 14:41:06.809322+05:30,NIFTY,2026-10-06,True,41,82,22539.65,1.82,
2026-10-05 14:41:08.665106+05:30,NIFTY,2026-10-13,True,41,82,22538.8,1.86,
2026-10-05 14:41:10.522748+05:30,NIFTY,2026-10-19,True,41,82,22538.85,1.86,
2026-10-05 14:41:12.386553+05:30,BANKNIFTY,2026-10-27,True,41,82,54725.05,1.86,
2026-10-05 14:41:14.791086+05:30,BANKNIFTY,2026-11-23,True,41,82,54725.4,2.4,
2026-10-05 14:41:16.637985+05:30,SENSEX,2026-10-08,True,41,82,72302.98,1.85,
2026-10-05 14:41:18.486048+05:30,SENSEX,2026-10-15,True,41,82,72303.41,1.85,
2026-10-05 14:41:20.421426+05:30,FINNIFTY,2026-10-27,True,41,81,24652.2,1.93,
2026-10-05 14:41:22.262987+05:30,MIDCPNIFTY,2026-10-27,True,41,82,13641.65,1.84,
2026-10-05 14:42:07.254840+05:30,NIFTY,2026-10-06,True,41,82,22537.95,2.27,
2026-10-05 14:42:09.113518+05:30,NIFTY,2026-10-13,True,41,82,22538.25,1.86,
2026-10-05 14:42:10.984736+05:30,NIFTY,2026-10-19,True,41,82,22537.9,1.87,
2026-10-05 14:42:12.845483+05:30,BANKNIFTY,2026-10-27,True,41,82,54716.8,1.86,
2026-10-05 14:42:14.700375+05:30,BANKNIFTY,2026-11-23,True,41,82,54715.1,1.85,
2026-10-05 14:42:16.557193+05:30,SENSEX,2026-10-08,True,41,82,72305.64,1.86,
2026-10-05 14:42:18.402018+05:30,SENSEX,2026-10-15,True,41,82,72301.24,1.84,
2026-10-05 14:42:20.601857+05:30,FINNIFTY,2026-10-27,True,41,81,24650.4,2.2,
2026-10-05 14:42:22.456058+05:30,MIDCPNIFTY,2026-10-27,True,41,82,13641.35,1.85,
2026-10-05 14:43:06.792446+05:30,NIFTY,2026-10-06,True,41,82,22550.8,1.81,
2026-10-05 14:43:08.625534+05:30,NIFTY,2026-10-13,True,41,82,22551.3,1.83,
2026-10-05 14:43:10.482040+05:30,NIFTY,2026-10-19,True,41,82,22551.95,1.86,
2026-10-05 14:43:12.357869+05:30,BANKNIFTY,2026-10-27,True,41,82,54741.15,1.87,
2026-10-05 14:43:14.202135+05:30,BANKNIFTY,2026-11-23,True,41,82,54738.65,1.84,
2026-10-05 14:43:16.033105+05:30,SENSEX,2026-10-08,True,41,81,72344.02,1.83,
2026-10-05 14:43:18.135205+05:30,SENSEX,2026-10-15,True,41,82,72346.17,2.1,
2026-10-05 14:43:20.044598+05:30,FINNIFTY,2026-10-27,True,41,81,24661.85,1.91,
2026-10-05 14:43:21.931321+05:30,MIDCPNIFTY,2026-10-27,True,41,82,13644.25,1.89,
2026-10-05 14:44:06.814566+05:30,NIFTY,2026-10-06,True,41,82,22551.4,1.83,
2026-10-05 14:44:08.642384+05:30,NIFTY,2026-10-13,True,41,82,22551.4,1.82,
2026-10-05 14:44:10.476888+05:30,NIFTY,2026-10-19,True,41,82,22551.7,1.83,
2026-10-05 14:44:12.318523+05:30,BANKNIFTY,2026-10-27,True,41,82,54744.55,1.84,
2026-10-05 14:44:14.160391+05:30,BANKNIFTY,2026-11-23,True,41,82,54742.6,1.84,
2026-10-05 14:44:15.987621+05:30,SENSEX,2026-10-08,True,41,82,72345.94,1.83,
2026-10-05 14:44:17.832240+05:30,SENSEX,2026-10-15,True,41,82,72343.69,1.84,
2026-10-05 14:44:19.683380+05:30,FINNIFTY,2026-10-27,True,41,81,24662.8,1.85,
2026-10-05 14:44:21.536969+05:30,MIDCPNIFTY,2026-10-27,True,41,82,13642.35,1.85,
2026-10-05 14:45:06.803557+05:30,NIFTY,2026-10-06,True,41,82,22554.25,1.82,
2026-10-05 14:45:08.650006+05:30,NIFTY,2026-10-13,True,41,82,22553.2,1.85,
2026-10-05 14:45:10.498219+05:30,NIFTY,2026-10-19,True,41,82,22553.05,1.84,
2026-10-05 14:45:12.378203+05:30,BANKNIFTY,2026-10-27,True,41,82,54760.0,1.88,
2026-10-05 14:45:14.236098+05:30,BANKNIFTY,2026-11-23,True,41,82,54764.7,1.86,
2026-10-05 14:45:16.115232+05:30,SENSEX,2026-10-08,True,41,81,72363.69,1.88,
2026-10-05 14:45:17.979300+05:30,SENSEX,2026-10-15,True,41,81,72358.78,1.86,
2026-10-05 14:45:19.827699+05:30,FINNIFTY,2026-10-27,True,41,81,24670.4,1.85,
2026-10-05 14:45:21.735517+05:30,MIDCPNIFTY,2026-10-27,True,41,82,13643.05,1.91,
2026-10-05 14:46:06.796493+05:30,NIFTY,2026-10-06,True,41,82,22549.3,1.81,
2026-10-05 14:46:08.635640+05:30,NIFTY,2026-10-13,True,41,82,22548.5,1.84,
2026-10-05 14:46:10.477143+05:30,NIFTY,2026-10-19,True,41,82,22547.65,1.84,
2026-10-05 14:46:12.331148+05:30,BANKNIFTY,2026-10-27,True,41,82,54735.35,1.85,
2026-10-05 14:46:14.184190+05:30,BANKNIFTY,2026-11-23,True,41,82,54732.65,1.93,
2026-10-05 14:46:16.065539+05:30,SENSEX,2026-10-08,True,41,82,72348.45,1.8,
2026-10-05 14:46:17.892279+05:30,SENSEX,2026-10-15,True,41,82,72349.3,1.83,
2026-10-05 14:46:19.735824+05:30,FINNIFTY,2026-10-27,True,41,81,24659.3,1.84,
2026-10-05 14:46:21.511713+05:30,MIDCPNIFTY,2026-10-27,True,41,82,13639.5,1.77,
2026-10-05 14:47:06.681329+05:30,NIFTY,2026-10-06,True,41,82,22546.3,1.7,
2026-10-05 14:47:08.372100+05:30,NIFTY,2026-10-13,True,41,82,22546.4,1.69,
2026-10-05 14:47:10.063381+05:30,NIFTY,2026-10-19,True,41,82,22545.35,1.69,
2026-10-05 14:47:11.755866+05:30,BANKNIFTY,2026-10-27,True,41,82,54740.6,1.69,
2026-10-05 14:47:13.451205+05:30,BANKNIFTY,2026-11-23,True,41,82,54734.65,1.7,
2026-10-05 14:47:15.141075+05:30,SENSEX,2026-10-08,True,41,82,72329.91,1.69,
2026-10-05 14:47:16.861944+05:30,SENSEX,2026-10-15,True,41,82,72329.92,1.72,
2026-10-05 14:47:18.574878+05:30,FINNIFTY,2026-10-27,True,41,81,24657.25,1.71,
2026-10-05 14:47:20.284981+05:30,MIDCPNIFTY,2026-10-27,True,41,82,13638.05,1.71,
2026-10-05 14:48:06.813369+05:30,NIFTY,2026-10-06,True,41,82,22543.15,1.83,
2026-10-05 14:48:08.684933+05:30,NIFTY,2026-10-13,True,41,82,22543.15,1.87,
2026-10-05 14:48:10.591878+05:30,NIFTY,2026-10-19,True,41,82,22541.95,1.91,
2026-10-05 14:48:12.488695+05:30,BANKNIFTY,2026-10-27,True,41,82,54741.1,1.9,
2026-10-05 14:48:14.373390+05:30,BANKNIFTY,2026-11-23,True,41,82,54741.75,1.88,
2026-10-05 14:48:16.213051+05:30,SENSEX,2026-10-08,True,41,82,72317.95,1.84,
2026-10-05 14:48:18.073612+05:30,SENSEX,2026-10-15,True,41,82,72322.74,1.86,
2026-10-05 14:48:19.981565+05:30,FINNIFTY,2026-10-27,True,41,81,24655.4,1.91,
2026-10-05 14:48:21.854410+05:30,MIDCPNIFTY,2026-10-27,True,41,82,13634.9,1.87,
2026-10-05 14:49:06.818881+05:30,NIFTY,2026-10-06,True,41,82,22547.0,1.83,
2026-10-05 14:49:08.658693+05:30,NIFTY,2026-10-13,True,41,82,22547.8,1.84,
2026-10-05 14:49:10.854801+05:30,NIFTY,2026-10-19,True,41,82,22547.7,2.19,
2026-10-05 14:49:12.739041+05:30,BANKNIFTY,2026-10-27,True,41,82,54758.35,1.88,
2026-10-05 14:49:14.961075+05:30,BANKNIFTY,2026-11-23,True,41,82,54758.6,2.22,
2026-10-05 14:49:16.810704+05:30,SENSEX,2026-10-08,True,41,82,72335.65,1.85,
2026-10-05 14:49:18.646595+05:30,SENSEX,2026-10-15,True,41,82,72334.75,1.83,
2026-10-05 14:49:20.490867+05:30,FINNIFTY,2026-10-27,True,41,81,24664.95,1.84,
2026-10-05 14:49:22.347882+05:30,MIDCPNIFTY,2026-10-27,True,41,82,13640.9,1.86,
2026-10-05 14:50:06.815718+05:30,NIFTY,2026-10-06,True,41,82,22535.8,1.83,
2026-10-05 14:50:08.683937+05:30,NIFTY,2026-10-13,True,41,82,22536.7,1.87,
2026-10-05 14:50:10.610201+05:30,NIFTY,2026-10-19,True,41,82,22538.15,1.93,
2026-10-05 14:50:13.204129+05:30,BANKNIFTY,2026-10-27,True,41,82,54728.75,2.59,
2026-10-05 14:50:15.140212+05:30,BANKNIFTY,2026-11-23,True,41,82,54728.45,1.94,
2026-10-05 14:50:17.008816+05:30,SENSEX,2026-10-08,True,41,82,72318.38,1.87,
2026-10-05 14:50:18.892150+05:30,SENSEX,2026-10-15,True,41,82,72318.79,1.88,
2026-10-05 14:50:20.759386+05:30,FINNIFTY,2026-10-27,True,41,79,24651.9,1.87,
2026-10-05 14:50:22.617406+05:30,MIDCPNIFTY,2026-10-27,True,41,82,13634.85,1.86,
2026-10-05 14:51:06.808771+05:30,NIFTY,2026-10-06,True,41,82,22542.7,1.82,
2026-10-05 14:51:08.721643+05:30,NIFTY,2026-10-13,True,41,82,22542.0,1.91,
2026-10-05 14:51:10.576211+05:30,NIFTY,2026-10-19,True,41,82,22541.2,1.85,
2026-10-05 14:51:12.446273+05:30,BANKNIFTY,2026-10-27,True,41,82,54731.0,1.87,
2026-10-05 14:51:14.330697+05:30,BANKNIFTY,2026-11-23,True,41,82,54734.8,1.88,
2026-10-05 14:51:16.194972+05:30,SENSEX,2026-10-08,True,41,82,72318.17,1.86,
2026-10-05 14:51:18.076165+05:30,SENSEX,2026-10-15,True,41,82,72318.62,1.88,
2026-10-05 14:51:19.992342+05:30,FINNIFTY,2026-10-27,True,41,79,24654.5,1.91,
2026-10-05 14:51:21.860069+05:30,MIDCPNIFTY,2026-10-27,True,41,82,13637.05,1.87,
2026-10-05 14:52:06.845620+05:30,NIFTY,2026-10-06,True,41,82,22543.65,1.86,
2026-10-05 14:52:09.710812+05:30,NIFTY,2026-10-13,True,41,82,22542.95,2.86,
2026-10-05 14:52:11.596634+05:30,NIFTY,2026-10-19,True,41,82,22544.8,1.88,
2026-10-05 14:52:13.459595+05:30,BANKNIFTY,2026-10-27,True,41,82,54743.05,1.86,
2026-10-05 14:52:15.324080+05:30,BANKNIFTY,2026-11-23,True,41,82,54743.15,1.86,
2026-10-05 14:52:17.221499+05:30,SENSEX,2026-10-08,True,41,82,72327.49,1.9,
2026-10-05 14:52:19.109723+05:30,SENSEX,2026-10-15,True,41,82,72325.55,1.89,
2026-10-05 14:52:20.965955+05:30,FINNIFTY,2026-10-27,True,41,79,24656.8,1.85,
2026-10-05 14:52:22.867389+05:30,MIDCPNIFTY,2026-10-27,True,41,82,13636.4,1.9,
2026-10-05 14:53:06.793845+05:30,NIFTY,2026-10-06,True,41,82,22537.4,1.81,
2026-10-05 14:53:08.639040+05:30,NIFTY,2026-10-13,True,41,82,22539.4,1.84,
2026-10-05 14:53:10.500854+05:30,NIFTY,2026-10-19,True,41,82,22538.6,1.86,
2026-10-05 14:53:12.378690+05:30,BANKNIFTY,2026-10-27,True,41,82,54734.1,1.88,
2026-10-05 14:53:14.240222+05:30,BANKNIFTY,2026-11-23,True,41,82,54736.1,1.88,
2026-10-05 14:53:16.150995+05:30,SENSEX,2026-10-08,True,41,82,72310.64,1.89,
2026-10-05 14:53:18.013527+05:30,SENSEX,2026-10-15,True,41,82,72312.0,1.86,
2026-10-05 14:53:19.879736+05:30,FINNIFTY,2026-10-27,True,41,81,24654.7,1.86,
2026-10-05 14:53:21.740393+05:30,MIDCPNIFTY,2026-10-27,True,41,82,13637.55,1.86,
2026-10-05 14:54:06.871896+05:30,NIFTY,2026-10-06,True,41,82,22546.5,1.89,
2026-10-05 14:54:08.757309+05:30,NIFTY,2026-10-13,True,41,82,22547.05,1.88,
2026-10-05 14:54:10.641673+05:30,NIFTY,2026-10-19,True,41,82,22545.45,1.88,
2026-10-05 14:54:12.543790+05:30,BANKNIFTY,2026-10-27,True,41,82,54731.4,1.9,
2026-10-05 14:54:14.433654+05:30,BANKNIFTY,2026-11-23,True,41,82,54727.35,1.89,
2026-10-05 14:54:16.298200+05:30,SENSEX,2026-10-08,True,41,82,72339.04,1.86,
2026-10-05 14:54:18.153082+05:30,SENSEX,2026-10-15,True,41,82,72340.7,1.85,
2026-10-05 14:54:20.027011+05:30,FINNIFTY,2026-10-27,True,41,81,24658.95,1.87,
2026-10-05 14:54:21.881870+05:30,MIDCPNIFTY,2026-10-27,True,41,82,13638.4,1.85,
2026-10-05 14:55:06.681481+05:30,NIFTY,2026-10-06,True,41,82,22552.0,1.7,
2026-10-05 14:55:08.431151+05:30,NIFTY,2026-10-13,True,41,82,22552.1,1.75,
2026-10-05 14:55:10.166837+05:30,NIFTY,2026-10-19,True,41,82,22551.75,1.73,
2026-10-05 14:55:11.906202+05:30,BANKNIFTY,2026-10-27,True,41,82,54745.05,1.74,
2026-10-05 14:55:13.677995+05:30,BANKNIFTY,2026-11-23,True,41,82,54739.7,1.77,
2026-10-05 14:55:15.408907+05:30,SENSEX,2026-10-08,True,41,82,72345.61,1.73,
2026-10-05 14:55:17.161838+05:30,SENSEX,2026-10-15,True,41,82,72347.06,1.75,
2026-10-05 14:55:18.891423+05:30,FINNIFTY,2026-10-27,True,41,81,24661.8,1.73,
2026-10-05 14:55:20.614711+05:30,MIDCPNIFTY,2026-10-27,True,41,82,13638.45,1.72,
2026-10-05 14:56:06.864807+05:30,NIFTY,2026-10-06,True,41,82,22546.3,1.88,
2026-10-05 14:56:08.747033+05:30,NIFTY,2026-10-13,True,41,82,22546.25,1.88,
2026-10-05 14:56:10.972655+05:30,NIFTY,2026-10-19,True,41,82,22545.35,2.22,
2026-10-05 14:56:12.889153+05:30,BANKNIFTY,2026-10-27,True,41,82,54710.1,1.91,
2026-10-05 14:56:14.778951+05:30,BANKNIFTY,2026-11-23,True,41,82,54709.3,1.89,
2026-10-05 14:56:16.656236+05:30,SENSEX,2026-10-08,True,41,81,72322.93,1.88,
2026-10-05 14:56:18.528760+05:30,SENSEX,2026-10-15,True,41,82,72324.85,1.87,
2026-10-05 14:56:20.387803+05:30,FINNIFTY,2026-10-27,True,41,81,24645.75,1.86,
2026-10-05 14:56:22.264939+05:30,MIDCPNIFTY,2026-10-27,True,41,82,13634.25,1.88,
2026-10-05 14:57:07.787503+05:30,NIFTY,2026-10-06,True,41,82,22545.1,2.81,
2026-10-05 14:57:09.652144+05:30,NIFTY,2026-10-13,True,41,82,22546.65,1.86,
2026-10-05 14:57:11.519229+05:30,NIFTY,2026-10-19,True,41,82,22546.9,1.86,
2026-10-05 14:57:13.404162+05:30,BANKNIFTY,2026-10-27,True,41,82,54710.35,1.88,
2026-10-05 14:57:15.290394+05:30,BANKNIFTY,2026-11-23,True,41,82,54708.6,1.89,
2026-10-05 14:57:17.243619+05:30,SENSEX,2026-10-08,True,41,81,72326.77,1.95,
2026-10-05 14:57:19.105434+05:30,SENSEX,2026-10-15,True,41,82,72321.87,1.86,
2026-10-05 14:57:20.960006+05:30,FINNIFTY,2026-10-27,True,41,81,24642.55,1.85,
2026-10-05 14:57:22.831712+05:30,MIDCPNIFTY,2026-10-27,True,41,82,13631.4,1.87,
2026-10-05 14:58:06.807415+05:30,NIFTY,2026-10-06,True,41,82,22541.5,1.82,
2026-10-05 14:58:08.693449+05:30,NIFTY,2026-10-13,True,41,82,22540.85,1.88,
2026-10-05 14:58:10.572763+05:30,NIFTY,2026-10-19,True,41,82,22541.55,1.88,
2026-10-05 14:58:12.640091+05:30,BANKNIFTY,2026-10-27,True,41,82,54708.15,2.07,
2026-10-05 14:58:14.538307+05:30,BANKNIFTY,2026-11-23,True,41,82,54701.55,1.9,
2026-10-05 14:58:16.391160+05:30,SENSEX,2026-10-08,True,41,82,72324.12,1.85,
2026-10-05 14:58:18.273703+05:30,SENSEX,2026-10-15,True,41,82,72326.43,1.88,
2026-10-05 14:58:20.146231+05:30,FINNIFTY,2026-10-27,True,41,81,24647.2,1.87,
2026-10-05 14:58:22.024688+05:30,MIDCPNIFTY,2026-10-27,True,41,82,13627.6,1.88,
2026-10-05 14:59:06.823374+05:30,NIFTY,2026-10-06,True,41,82,22534.7,1.84,
2026-10-05 14:59:08.726024+05:30,NIFTY,2026-10-13,True,41,82,22534.45,1.9,
2026-10-05 14:59:10.629440+05:30,NIFTY,2026-10-19,True,41,82,22534.7,1.9,
2026-10-05 14:59:12.490949+05:30,BANKNIFTY,2026-10-27,True,41,82,54681.6,1.88,
2026-10-05 14:59:14.366564+05:30,BANKNIFTY,2026-11-23,True,41,82,54681.95,1.85,
2026-10-05 14:59:16.215279+05:30,SENSEX,2026-10-08,True,41,81,72295.23,1.85,
2026-10-05 14:59:18.068620+05:30,SENSEX,2026-10-15,True,41,82,72294.51,1.87,
2026-10-05 14:59:19.992348+05:30,FINNIFTY,2026-10-27,True,41,81,24640.25,1.9,
2026-10-05 14:59:21.853727+05:30,MIDCPNIFTY,2026-10-27,True,41,82,13625.45,1.86,
2026-10-05 15:00:06.881692+05:30,NIFTY,2026-10-06,True,41,82,22535.55,1.9,
2026-10-05 15:00:08.746247+05:30,NIFTY,2026-10-13,True,41,82,22534.9,1.86,
2026-10-05 15:00:10.633982+05:30,NIFTY,2026-10-19,True,41,82,22537.4,1.89,
2026-10-05 15:00:12.526153+05:30,BANKNIFTY,2026-10-27,True,41,82,54679.95,1.89,
2026-10-05 15:00:14.412537+05:30,BANKNIFTY,2026-11-23,True,41,82,54674.4,1.89,
2026-10-05 15:00:16.254083+05:30,SENSEX,2026-10-08,True,41,81,72296.39,1.84,
2026-10-05 15:00:18.147679+05:30,SENSEX,2026-10-15,True,41,82,72296.16,1.89,
2026-10-05 15:00:20.012369+05:30,FINNIFTY,2026-10-27,True,41,81,24644.5,1.86,
2026-10-05 15:00:21.895148+05:30,MIDCPNIFTY,2026-10-27,True,41,82,13624.15,1.88,
2026-10-05 15:01:06.802815+05:30,NIFTY,2026-10-06,True,41,82,22529.95,1.82,
2026-10-05 15:01:08.695384+05:30,NIFTY,2026-10-13,True,41,82,22528.45,1.89,
2026-10-05 15:01:10.602557+05:30,NIFTY,2026-10-19,True,41,82,22527.65,1.91,
2026-10-05 15:01:12.492698+05:30,BANKNIFTY,2026-10-27,True,41,82,54640.0,1.89,
2026-10-05 15:01:15.380645+05:30,BANKNIFTY,2026-11-23,True,41,82,54639.55,2.89,
2026-10-05 15:01:17.235459+05:30,SENSEX,2026-10-08,True,41,81,72258.04,1.85,
2026-10-05 15:01:19.137326+05:30,SENSEX,2026-10-15,True,41,82,72255.56,1.9,
2026-10-05 15:01:21.023687+05:30,FINNIFTY,2026-10-27,True,41,81,24627.2,1.88,
2026-10-05 15:01:23.196089+05:30,MIDCPNIFTY,2026-10-27,True,41,82,13618.8,2.17,
2026-10-05 15:02:06.830835+05:30,NIFTY,2026-10-06,True,41,82,22523.0,1.85,
2026-10-05 15:02:08.696915+05:30,NIFTY,2026-10-13,True,41,82,22522.8,1.86,
2026-10-05 15:02:10.559214+05:30,NIFTY,2026-10-19,True,41,82,22521.75,1.86,
2026-10-05 15:02:13.470475+05:30,BANKNIFTY,2026-10-27,True,41,82,54631.55,2.91,
2026-10-05 15:02:15.343451+05:30,BANKNIFTY,2026-11-23,True,41,82,54634.65,1.88,
2026-10-05 15:02:17.197654+05:30,SENSEX,2026-10-08,True,41,81,72249.83,1.85,
2026-10-05 15:02:19.069846+05:30,SENSEX,2026-10-15,True,41,82,72245.6,1.87,
2026-10-05 15:02:20.930197+05:30,FINNIFTY,2026-10-27,True,41,81,24626.4,1.86,
2026-10-05 15:02:22.828096+05:30,MIDCPNIFTY,2026-10-27,True,41,82,13615.65,1.9,
2026-10-05 15:03:06.977343+05:30,NIFTY,2026-10-06,True,41,82,22525.45,2.0,
2026-10-05 15:03:08.846145+05:30,NIFTY,2026-10-13,True,41,82,22525.45,1.87,
2026-10-05 15:03:10.711671+05:30,NIFTY,2026-10-19,True,41,82,22526.65,1.86,
2026-10-05 15:03:12.580185+05:30,BANKNIFTY,2026-10-27,True,41,82,54626.65,1.87,
2026-10-05 15:03:14.441055+05:30,BANKNIFTY,2026-11-23,True,41,82,54629.95,1.86,
2026-10-05 15:03:16.330154+05:30,SENSEX,2026-10-08,True,41,82,72251.58,1.89,
2026-10-05 15:03:18.205281+05:30,SENSEX,2026-10-15,True,41,82,72256.2,1.87,
2026-10-05 15:03:20.071430+05:30,FINNIFTY,2026-10-27,True,41,81,24628.55,1.86,
2026-10-05 15:03:22.937705+05:30,MIDCPNIFTY,2026-10-27,True,41,82,13619.0,2.86,
2026-10-05 15:04:06.824176+05:30,NIFTY,2026-10-06,True,41,82,22517.25,1.84,
2026-10-05 15:04:08.703825+05:30,NIFTY,2026-10-13,True,41,82,22517.2,1.88,
2026-10-05 15:04:10.561829+05:30,NIFTY,2026-10-19,True,41,82,22517.5,1.85,
2026-10-05 15:04:12.443755+05:30,BANKNIFTY,2026-10-27,True,41,82,54612.05,1.88,
2026-10-05 15:04:14.309819+05:30,BANKNIFTY,2026-11-23,True,41,82,54618.2,1.86,
2026-10-05 15:04:16.164168+05:30,SENSEX,2026-10-08,True,41,82,72237.02,1.85,
2026-10-05 15:04:18.019574+05:30,SENSEX,2026-10-15,True,41,82,72235.51,1.85,
2026-10-05 15:04:19.883555+05:30,FINNIFTY,2026-10-27,True,41,81,24623.9,1.86,
2026-10-05 15:04:21.742648+05:30,MIDCPNIFTY,2026-10-27,True,41,82,13617.75,1.86,
2026-10-05 15:05:06.832384+05:30,NIFTY,2026-10-06,True,41,82,22520.85,1.85,
2026-10-05 15:05:08.742011+05:30,NIFTY,2026-10-13,True,41,82,22520.35,1.91,
2026-10-05 15:05:10.602257+05:30,NIFTY,2026-10-19,True,41,82,22521.4,1.86,
2026-10-05 15:05:12.459812+05:30,BANKNIFTY,2026-10-27,True,41,82,54622.45,1.86,
2026-10-05 15:05:14.325746+05:30,BANKNIFTY,2026-11-23,True,41,82,54622.95,1.87,
2026-10-05 15:05:16.202121+05:30,SENSEX,2026-10-08,True,41,81,72245.55,1.88,
2026-10-05 15:05:18.124434+05:30,SENSEX,2026-10-15,True,41,82,72248.09,1.92,
2026-10-05 15:05:19.989868+05:30,FINNIFTY,2026-10-27,True,41,81,24624.95,1.86,
2026-10-05 15:05:21.851213+05:30,MIDCPNIFTY,2026-10-27,True,41,82,13618.7,1.86,
2026-10-05 15:06:06.837784+05:30,NIFTY,2026-10-06,True,41,82,22526.6,1.85,
2026-10-05 15:06:08.732818+05:30,NIFTY,2026-10-13,True,41,82,22525.8,1.89,
2026-10-05 15:06:10.656434+05:30,NIFTY,2026-10-19,True,41,82,22524.85,1.92,
2026-10-05 15:06:12.527119+05:30,BANKNIFTY,2026-10-27,True,41,82,54623.55,1.87,
2026-10-05 15:06:14.398012+05:30,BANKNIFTY,2026-11-23,True,41,82,54619.9,1.87,
2026-10-05 15:06:16.261886+05:30,SENSEX,2026-10-08,True,41,82,72246.82,1.86,
2026-10-05 15:06:18.108092+05:30,SENSEX,2026-10-15,True,41,82,72244.59,1.85,
2026-10-05 15:06:20.017259+05:30,FINNIFTY,2026-10-27,True,41,81,24629.15,1.91,
2026-10-05 15:06:21.878901+05:30,MIDCPNIFTY,2026-10-27,True,41,82,13615.0,1.86,
2026-10-05 15:07:06.787189+05:30,NIFTY,2026-10-06,True,41,82,22529.05,1.8,
2026-10-05 15:07:08.624665+05:30,NIFTY,2026-10-13,True,41,82,22529.2,1.84,
2026-10-05 15:07:10.481385+05:30,NIFTY,2026-10-19,True,41,82,22530.35,1.85,
2026-10-05 15:07:12.355413+05:30,BANKNIFTY,2026-10-27,True,41,82,54648.3,1.87,
2026-10-05 15:07:14.235479+05:30,BANKNIFTY,2026-11-23,True,41,82,54651.0,1.88,
2026-10-05 15:07:16.097297+05:30,SENSEX,2026-10-08,True,41,82,72270.0,1.86,
2026-10-05 15:07:17.954294+05:30,SENSEX,2026-10-15,True,41,82,72271.83,1.86,
2026-10-05 15:07:19.847806+05:30,FINNIFTY,2026-10-27,True,41,81,24635.25,1.89,
2026-10-05 15:07:21.716246+05:30,MIDCPNIFTY,2026-10-27,True,41,82,13617.85,1.87,
2026-10-05 15:08:06.838547+05:30,NIFTY,2026-10-06,True,41,82,22525.25,1.86,
2026-10-05 15:08:08.709962+05:30,NIFTY,2026-10-13,True,41,82,22526.15,1.87,
2026-10-05 15:08:10.612464+05:30,NIFTY,2026-10-19,True,41,82,22525.8,1.9,
2026-10-05 15:08:12.482636+05:30,BANKNIFTY,2026-10-27,True,41,82,54645.45,1.87,
2026-10-05 15:08:14.381500+05:30,BANKNIFTY,2026-11-23,True,41,82,54642.8,1.9,
2026-10-05 15:08:16.267797+05:30,SENSEX,2026-10-08,True,41,82,72258.72,1.89,
2026-10-05 15:08:18.124780+05:30,SENSEX,2026-10-15,True,41,82,72256.67,1.86,
2026-10-05 15:08:20.000974+05:30,FINNIFTY,2026-10-27,True,41,81,24629.6,1.87,
2026-10-05 15:08:21.861519+05:30,MIDCPNIFTY,2026-10-27,True,41,82,13612.15,1.86,
2026-10-05 15:09:06.821489+05:30,NIFTY,2026-10-06,True,41,82,22515.95,1.84,
2026-10-05 15:09:08.678571+05:30,NIFTY,2026-10-13,True,41,82,22517.0,1.86,
2026-10-05 15:09:10.550972+05:30,NIFTY,2026-10-19,True,41,82,22518.9,1.87,
2026-10-05 15:09:12.504242+05:30,BANKNIFTY,2026-10-27,True,41,82,54626.2,1.95,
2026-10-05 15:09:14.390432+05:30,BANKNIFTY,2026-11-23,True,41,82,54627.7,1.89,
2026-10-05 15:09:16.235497+05:30,SENSEX,2026-10-08,True,41,82,72243.63,1.84,
2026-10-05 15:09:18.087287+05:30,SENSEX,2026-10-15,True,41,82,72239.76,1.85,
2026-10-05 15:09:19.939351+05:30,FINNIFTY,2026-10-27,True,41,81,24625.8,1.85,
2026-10-05 15:09:21.803776+05:30,MIDCPNIFTY,2026-10-27,True,41,82,13610.35,1.86,
2026-10-05 15:10:07.917656+05:30,NIFTY,2026-10-06,True,41,82,22525.1,2.93,
2026-10-05 15:10:09.794395+05:30,NIFTY,2026-10-13,True,41,82,22526.7,1.87,
2026-10-05 15:10:11.661057+05:30,NIFTY,2026-10-19,True,41,82,22526.5,1.86,
2026-10-05 15:10:13.545651+05:30,BANKNIFTY,2026-10-27,True,41,82,54659.6,1.88,
2026-10-05 15:10:15.433465+05:30,BANKNIFTY,2026-11-23,True,41,82,54662.65,1.89,
2026-10-05 15:10:17.308980+05:30,SENSEX,2026-10-08,True,41,81,72264.76,1.88,
2026-10-05 15:10:19.183965+05:30,SENSEX,2026-10-15,True,41,82,72265.83,1.87,
2026-10-05 15:10:21.033841+05:30,FINNIFTY,2026-10-27,True,41,81,24636.7,1.85,
2026-10-05 15:10:22.900893+05:30,MIDCPNIFTY,2026-10-27,True,41,82,13614.7,1.87,
2026-10-05 15:11:06.855512+05:30,NIFTY,2026-10-06,True,41,82,22534.2,1.87,
2026-10-05 15:11:08.741925+05:30,NIFTY,2026-10-13,True,41,82,22532.35,1.88,
2026-10-05 15:11:10.592374+05:30,NIFTY,2026-10-19,True,41,82,22530.65,1.85,
2026-10-05 15:11:12.459452+05:30,BANKNIFTY,2026-10-27,True,41,82,54657.1,1.87,
2026-10-05 15:11:14.341405+05:30,BANKNIFTY,2026-11-23,True,41,82,54658.7,1.88,
2026-10-05 15:11:16.192037+05:30,SENSEX,2026-10-08,True,41,82,72274.96,1.85,
2026-10-05 15:11:18.046152+05:30,SENSEX,2026-10-15,True,41,82,72275.06,1.85,
2026-10-05 15:11:19.900826+05:30,FINNIFTY,2026-10-27,True,41,81,24636.45,1.85,
2026-10-05 15:11:21.757208+05:30,MIDCPNIFTY,2026-10-27,True,41,82,13616.95,1.86,
2026-10-05 15:12:06.865307+05:30,NIFTY,2026-10-06,True,41,82,22530.6,1.88,
2026-10-05 15:12:08.759591+05:30,NIFTY,2026-10-13,True,41,82,22526.95,1.89,
2026-10-05 15:12:10.611738+05:30,NIFTY,2026-10-19,True,41,82,22528.75,1.85,
2026-10-05 15:12:12.494181+05:30,BANKNIFTY,2026-10-27,True,41,82,54662.2,1.88,
2026-10-05 15:12:14.366374+05:30,BANKNIFTY,2026-11-23,True,41,82,54658.3,1.87,
2026-10-05 15:12:16.225690+05:30,SENSEX,2026-10-08,True,41,82,72274.94,1.86,
2026-10-05 15:12:19.129068+05:30,SENSEX,2026-10-15,True,41,82,72278.52,2.9,
2026-10-05 15:12:21.016876+05:30,FINNIFTY,2026-10-27,True,41,81,24633.5,1.89,
2026-10-05 15:12:22.880309+05:30,MIDCPNIFTY,2026-10-27,True,41,82,13618.25,1.86,
2026-10-05 15:13:06.791613+05:30,NIFTY,2026-10-06,True,41,82,22534.5,1.81,
2026-10-05 15:13:08.637060+05:30,NIFTY,2026-10-13,True,41,82,22532.45,1.84,
2026-10-05 15:13:10.494709+05:30,NIFTY,2026-10-19,True,41,82,22531.25,1.86,
2026-10-05 15:13:12.369397+05:30,BANKNIFTY,2026-10-27,True,41,82,54677.55,1.87,
2026-10-05 15:13:14.285060+05:30,BANKNIFTY,2026-11-23,True,41,82,54675.35,1.91,
2026-10-05 15:13:16.136944+05:30,SENSEX,2026-10-08,True,41,82,72274.0,1.85,
2026-10-05 15:13:17.998067+05:30,SENSEX,2026-10-15,True,41,82,72284.9,1.86,
2026-10-05 15:13:19.845883+05:30,FINNIFTY,2026-10-27,True,41,81,24640.35,1.85,
2026-10-05 15:13:21.696928+05:30,MIDCPNIFTY,2026-10-27,True,41,82,13624.0,1.85,
2026-10-05 15:14:06.809460+05:30,NIFTY,2026-10-06,True,41,82,22537.85,1.82,
2026-10-05 15:14:08.710149+05:30,NIFTY,2026-10-13,True,41,82,22537.2,1.9,
2026-10-05 15:14:10.587039+05:30,NIFTY,2026-10-19,True,41,82,22536.35,1.87,
2026-10-05 15:14:12.453904+05:30,BANKNIFTY,2026-10-27,True,41,82,54692.35,1.87,
2026-10-05 15:14:14.315597+05:30,BANKNIFTY,2026-11-23,True,41,82,54688.55,1.86,
2026-10-05 15:14:16.174344+05:30,SENSEX,2026-10-08,True,41,82,72285.53,1.86,
2026-10-05 15:14:18.056780+05:30,SENSEX,2026-10-15,True,41,82,72299.15,1.88,
2026-10-05 15:14:19.988376+05:30,FINNIFTY,2026-10-27,True,41,81,24642.75,1.93,
2026-10-05 15:14:21.861738+05:30,MIDCPNIFTY,2026-10-27,True,41,82,13624.45,1.87,
2026-10-05 15:15:06.807005+05:30,NIFTY,2026-10-06,True,41,82,22535.45,1.83,
2026-10-05 15:15:08.771865+05:30,NIFTY,2026-10-13,True,41,82,22535.45,1.96,
2026-10-05 15:15:10.691770+05:30,NIFTY,2026-10-19,True,41,82,22535.45,1.92,
2026-10-05 15:15:12.563708+05:30,BANKNIFTY,2026-10-27,True,41,82,54713.6,1.87,
2026-10-05 15:15:14.436967+05:30,BANKNIFTY,2026-11-23,True,41,82,54713.6,1.87,
2026-10-05 15:15:16.278066+05:30,SENSEX,2026-10-08,True,41,82,72312.23,1.84,
2026-10-05 15:15:18.122729+05:30,SENSEX,2026-10-15,True,41,82,72312.23,1.84,
2026-10-05 15:15:19.961865+05:30,FINNIFTY,2026-10-27,True,41,81,24650.45,1.84,
2026-10-05 15:15:21.822669+05:30,MIDCPNIFTY,2026-10-27,True,41,82,13628.6,1.86,
2026-10-05 15:16:06.804392+05:30,NIFTY,2026-10-06,True,41,82,22535.45,1.82,
2026-10-05 15:16:08.643359+05:30,NIFTY,2026-10-13,True,41,82,22535.45,1.84,
2026-10-05 15:16:10.506286+05:30,NIFTY,2026-10-19,True,41,82,22535.45,1.86,
2026-10-05 15:16:12.367525+05:30,BANKNIFTY,2026-10-27,True,41,82,54713.6,1.86,
2026-10-05 15:16:14.218201+05:30,BANKNIFTY,2026-11-23,True,41,79,54713.6,1.85,
2026-10-05 15:16:16.097394+05:30,SENSEX,2026-10-08,True,41,82,72312.23,1.88,
2026-10-05 15:16:17.933378+05:30,SENSEX,2026-10-15,True,41,82,72312.23,1.83,
2026-10-05 15:16:19.773043+05:30,FINNIFTY,2026-10-27,True,41,81,24650.45,1.84,
2026-10-05 15:16:21.624887+05:30,MIDCPNIFTY,2026-10-27,True,41,82,13628.6,1.85,
2026-10-05 15:17:06.828161+05:30,NIFTY,2026-10-06,True,41,82,22535.45,1.84,
2026-10-05 15:17:08.702169+05:30,NIFTY,2026-10-13,True,41,82,22535.45,1.87,
2026-10-05 15:17:10.569946+05:30,NIFTY,2026-10-19,True,41,82,22535.45,1.87,
2026-10-05 15:17:12.488298+05:30,BANKNIFTY,2026-10-27,True,41,82,54713.6,1.92,
2026-10-05 15:17:14.405350+05:30,BANKNIFTY,2026-11-23,True,41,82,54713.6,1.92,
2026-10-05 15:17:16.271497+05:30,SENSEX,2026-10-08,True,41,82,72312.23,1.87,
2026-10-05 15:17:18.155429+05:30,SENSEX,2026-10-15,True,41,82,72312.23,1.88,
2026-10-05 15:17:20.036647+05:30,FINNIFTY,2026-10-27,True,41,82,24650.45,1.88,
2026-10-05 15:17:21.901820+05:30,MIDCPNIFTY,2026-10-27,True,41,82,13628.6,1.86,
2026-10-05 15:18:06.815337+05:30,NIFTY,2026-10-06,True,41,82,22535.45,1.83,
2026-10-05 15:18:08.688510+05:30,NIFTY,2026-10-13,True,41,82,22535.45,1.87,
2026-10-05 15:18:10.588148+05:30,NIFTY,2026-10-19,True,41,82,22535.45,1.9,
2026-10-05 15:18:12.469773+05:30,BANKNIFTY,2026-10-27,True,41,82,54713.6,1.88,
2026-10-05 15:18:14.357743+05:30,BANKNIFTY,2026-11-23,True,41,82,54713.6,1.89,
2026-10-05 15:18:16.258056+05:30,SENSEX,2026-10-08,True,41,82,72312.23,1.9,
2026-10-05 15:18:18.130936+05:30,SENSEX,2026-10-15,True,41,82,72312.23,1.87,
2026-10-05 15:18:20.021939+05:30,FINNIFTY,2026-10-27,True,41,82,24650.45,1.89,
2026-10-05 15:18:21.924566+05:30,MIDCPNIFTY,2026-10-27,True,41,82,13628.6,1.9,
2026-10-05 15:19:06.782740+05:30,NIFTY,2026-10-06,True,41,82,22535.45,1.8,
2026-10-05 15:19:08.640330+05:30,NIFTY,2026-10-13,True,41,82,22535.45,1.86,
2026-10-05 15:19:11.223796+05:30,NIFTY,2026-10-19,True,41,82,22535.45,2.59,
2026-10-05 15:19:13.107383+05:30,BANKNIFTY,2026-10-27,True,41,82,54713.6,1.87,
2026-10-05 15:19:14.978476+05:30,BANKNIFTY,2026-11-23,True,41,82,54713.6,1.87,
2026-10-05 15:19:16.864526+05:30,SENSEX,2026-10-08,True,41,82,72312.23,1.97,
2026-10-05 15:19:18.803093+05:30,SENSEX,2026-10-15,True,41,82,72312.23,1.86,
2026-10-05 15:19:20.675999+05:30,FINNIFTY,2026-10-27,True,41,82,24650.45,1.87,
2026-10-05 15:19:22.563855+05:30,MIDCPNIFTY,2026-10-27,True,41,82,13628.6,1.89,
2026-10-05 15:20:06.839074+05:30,NIFTY,2026-10-06,True,41,82,22535.45,1.85,
2026-10-05 15:20:08.725699+05:30,NIFTY,2026-10-13,True,41,82,22535.45,1.88,
2026-10-05 15:20:10.597474+05:30,NIFTY,2026-10-19,True,41,82,22535.45,1.87,
2026-10-05 15:20:12.494955+05:30,BANKNIFTY,2026-10-27,True,41,82,54713.6,1.9,
2026-10-05 15:20:14.371467+05:30,BANKNIFTY,2026-11-23,True,41,82,54713.6,1.88,
2026-10-05 15:20:16.250237+05:30,SENSEX,2026-10-08,True,41,82,72312.23,1.88,
2026-10-05 15:20:18.128363+05:30,SENSEX,2026-10-15,True,41,82,72312.23,1.88,
2026-10-05 15:20:19.998375+05:30,FINNIFTY,2026-10-27,True,41,82,24650.45,1.87,
2026-10-05 15:20:21.858518+05:30,MIDCPNIFTY,2026-10-27,True,41,82,13628.6,1.86,
2026-10-05 15:21:06.817498+05:30,NIFTY,2026-10-06,True,41,82,22535.45,1.83,
2026-10-05 15:21:08.673344+05:30,NIFTY,2026-10-13,True,41,82,22535.45,1.85,
2026-10-05 15:21:10.538780+05:30,NIFTY,2026-10-19,True,41,82,22535.45,1.86,
2026-10-05 15:21:12.416344+05:30,BANKNIFTY,2026-10-27,True,41,82,54713.6,1.88,
2026-10-05 15:21:14.286144+05:30,BANKNIFTY,2026-11-23,True,41,82,54713.6,1.87,
2026-10-05 15:21:16.202396+05:30,SENSEX,2026-10-08,True,41,82,72312.23,1.92,
2026-10-05 15:21:18.071117+05:30,SENSEX,2026-10-15,True,41,82,72312.23,1.87,
2026-10-05 15:21:19.936491+05:30,FINNIFTY,2026-10-27,True,41,82,24650.45,1.86,
2026-10-05 15:21:21.796791+05:30,MIDCPNIFTY,2026-10-27,True,41,82,13628.6,1.86,
2026-10-05 15:22:06.822653+05:30,NIFTY,2026-10-06,True,41,82,22535.45,1.84,
2026-10-05 15:22:08.697213+05:30,NIFTY,2026-10-13,True,41,82,22535.45,1.87,
2026-10-05 15:22:10.594189+05:30,NIFTY,2026-10-19,True,41,82,22535.45,1.9,
2026-10-05 15:22:12.507309+05:30,BANKNIFTY,2026-10-27,True,41,82,54713.6,1.91,
2026-10-05 15:22:14.438442+05:30,BANKNIFTY,2026-11-23,True,41,82,54713.6,1.93,
2026-10-05 15:22:16.306155+05:30,SENSEX,2026-10-08,True,41,82,72312.23,1.87,
2026-10-05 15:22:18.201403+05:30,SENSEX,2026-10-15,True,41,82,72312.23,1.89,
2026-10-05 15:22:20.092652+05:30,FINNIFTY,2026-10-27,True,41,82,24650.45,1.89,
2026-10-05 15:22:22.997276+05:30,MIDCPNIFTY,2026-10-27,True,41,82,13628.6,2.9,
2026-10-05 15:23:06.704242+05:30,NIFTY,2026-10-06,True,41,82,22535.45,1.72,
2026-10-05 15:23:08.450960+05:30,NIFTY,2026-10-13,True,41,82,22535.45,1.74,
2026-10-05 15:23:10.165624+05:30,NIFTY,2026-10-19,True,41,82,22535.45,1.71,
2026-10-05 15:23:11.889162+05:30,BANKNIFTY,2026-10-27,True,41,82,54713.6,1.72,
2026-10-05 15:23:13.621645+05:30,BANKNIFTY,2026-11-23,True,41,82,54713.6,1.73,
2026-10-05 15:23:15.374513+05:30,SENSEX,2026-10-08,True,41,82,72312.23,1.75,
2026-10-05 15:23:17.143492+05:30,SENSEX,2026-10-15,True,41,82,72312.23,1.77,
2026-10-05 15:23:18.930752+05:30,FINNIFTY,2026-10-27,True,41,82,24650.45,1.79,
2026-10-05 15:23:20.772428+05:30,MIDCPNIFTY,2026-10-27,True,41,82,13628.6,1.84,
2026-10-05 15:24:06.815336+05:30,NIFTY,2026-10-06,True,41,82,22535.45,1.83,
2026-10-05 15:24:08.685307+05:30,NIFTY,2026-10-13,True,41,82,22535.45,1.87,
2026-10-05 15:24:10.591356+05:30,NIFTY,2026-10-19,True,41,82,22535.45,1.9,
2026-10-05 15:24:12.485397+05:30,BANKNIFTY,2026-10-27,True,41,82,54713.6,1.89,
2026-10-05 15:24:14.345069+05:30,BANKNIFTY,2026-11-23,True,41,82,54713.6,1.86,
2026-10-05 15:24:16.196440+05:30,SENSEX,2026-10-08,True,41,82,72312.23,1.85,
2026-10-05 15:24:18.045738+05:30,SENSEX,2026-10-15,True,41,82,72312.23,1.85,
2026-10-05 15:24:19.913828+05:30,FINNIFTY,2026-10-27,True,41,82,24650.45,1.87,
2026-10-05 15:24:21.756234+05:30,MIDCPNIFTY,2026-10-27,True,41,82,13628.6,1.84,
2026-10-05 15:25:06.830185+05:30,NIFTY,2026-10-06,True,41,82,22535.45,1.85,
2026-10-05 15:25:08.683082+05:30,NIFTY,2026-10-13,True,41,82,22535.45,1.86,
2026-10-05 15:25:10.544700+05:30,NIFTY,2026-10-19,True,41,82,22535.45,1.85,
2026-10-05 15:25:12.412074+05:30,BANKNIFTY,2026-10-27,True,41,82,54713.6,1.87,
2026-10-05 15:25:14.292026+05:30,BANKNIFTY,2026-11-23,True,41,82,54713.6,1.88,
2026-10-05 15:25:16.174519+05:30,SENSEX,2026-10-08,True,41,82,72312.23,1.88,
2026-10-05 15:25:18.043925+05:30,SENSEX,2026-10-15,True,41,82,72312.23,1.87,
2026-10-05 15:25:19.882759+05:30,FINNIFTY,2026-10-27,True,41,82,24650.45,1.84,
2026-10-05 15:25:21.724957+05:30,MIDCPNIFTY,2026-10-27,True,41,82,13628.6,1.84,
2026-10-05 15:26:06.785009+05:30,NIFTY,2026-10-06,True,41,82,22535.45,1.8,
2026-10-05 15:26:08.631482+05:30,NIFTY,2026-10-13,True,41,82,22535.45,1.85,
2026-10-05 15:26:10.468846+05:30,NIFTY,2026-10-19,True,41,82,22535.45,1.83,
2026-10-05 15:26:12.399502+05:30,BANKNIFTY,2026-10-27,True,41,82,54713.6,1.93,
2026-10-05 15:26:14.266020+05:30,BANKNIFTY,2026-11-23,True,41,82,54713.6,1.87,
2026-10-05 15:26:16.093862+05:30,SENSEX,2026-10-08,True,41,82,72312.23,1.83,
2026-10-05 15:26:18.540377+05:30,SENSEX,2026-10-15,True,41,82,72312.23,2.44,
2026-10-05 15:26:20.414368+05:30,FINNIFTY,2026-10-27,True,41,82,24650.45,1.87,
2026-10-05 15:26:22.313540+05:30,MIDCPNIFTY,2026-10-27,True,41,82,13628.6,1.9,
2026-10-05 15:27:06.794955+05:30,NIFTY,2026-10-06,True,41,82,22535.45,1.81,
2026-10-05 15:27:08.631158+05:30,NIFTY,2026-10-13,True,41,82,22535.45,1.83,
2026-10-05 15:27:10.466870+05:30,NIFTY,2026-10-19,True,41,82,22535.45,1.84,
2026-10-05 15:27:12.339222+05:30,BANKNIFTY,2026-10-27,True,41,82,54713.6,1.87,
2026-10-05 15:27:14.190346+05:30,BANKNIFTY,2026-11-23,True,41,82,54713.6,1.85,
2026-10-05 15:27:16.036572+05:30,SENSEX,2026-10-08,True,41,82,72312.23,1.84,
2026-10-05 15:27:17.896713+05:30,SENSEX,2026-10-15,True,41,82,72312.23,1.86,
2026-10-05 15:27:19.754947+05:30,FINNIFTY,2026-10-27,True,41,82,24650.45,1.86,
2026-10-05 15:27:21.600193+05:30,MIDCPNIFTY,2026-10-27,True,41,82,13628.6,1.84,
2026-10-05 15:28:08.072402+05:30,NIFTY,2026-10-06,True,41,82,22535.45,3.09,
2026-10-05 15:28:10.131987+05:30,NIFTY,2026-10-13,True,41,82,22535.45,2.06,
2026-10-05 15:28:12.018312+05:30,NIFTY,2026-10-19,True,41,82,22535.45,1.89,
2026-10-05 15:28:13.884738+05:30,BANKNIFTY,2026-10-27,True,41,82,54713.6,1.86,
2026-10-05 15:28:15.733563+05:30,BANKNIFTY,2026-11-23,True,41,82,54713.6,1.85,
2026-10-05 15:28:17.575401+05:30,SENSEX,2026-10-08,True,41,82,72312.23,1.84,
2026-10-05 15:28:19.419178+05:30,SENSEX,2026-10-15,True,41,82,72312.23,1.84,
2026-10-05 15:28:21.260457+05:30,FINNIFTY,2026-10-27,True,41,82,24650.45,1.84,
2026-10-05 15:28:23.143090+05:30,MIDCPNIFTY,2026-10-27,True,41,82,13628.6,1.88,
2026-10-05 15:29:06.841348+05:30,NIFTY,2026-10-06,True,41,82,22535.45,1.86,
2026-10-05 15:29:08.691825+05:30,NIFTY,2026-10-13,True,41,82,22535.45,1.85,
2026-10-05 15:29:10.548194+05:30,NIFTY,2026-10-19,True,41,82,22535.45,1.85,
2026-10-05 15:29:12.396447+05:30,BANKNIFTY,2026-10-27,True,41,82,54713.6,1.85,
2026-10-05 15:29:14.272427+05:30,BANKNIFTY,2026-11-23,True,41,82,54713.6,1.87,
2026-10-05 15:29:16.113533+05:30,SENSEX,2026-10-08,True,41,82,72312.23,1.84,
2026-10-05 15:29:17.972599+05:30,SENSEX,2026-10-15,True,41,82,72312.23,1.86,
2026-10-05 15:29:19.875725+05:30,FINNIFTY,2026-10-27,True,41,82,24650.45,1.9,
2026-10-05 15:29:21.707811+05:30,MIDCPNIFTY,2026-10-27,True,41,82,13628.6,1.83,
