ts,underlying,expiry,ok,strikes,quoted,spot,secs,error
2026-10-07 09:15:03.396751+05:30,NIFTY,2026-10-13,True,41,63,22670.15,2.43,
2026-10-07 09:15:05.519569+05:30,NIFTY,2026-10-19,True,41,74,22658.35,2.12,
2026-10-07 09:15:07.349008+05:30,NIFTY,2026-10-27,True,41,78,22651.55,1.83,
2026-10-07 09:15:09.529929+05:30,BANKNIFTY,2026-10-27,True,41,82,54838.7,1.86,
2026-10-07 09:15:11.333151+05:30,BANKNIFTY,2026-11-23,True,41,24,54851.8,1.79,
2026-10-07 09:15:13.485794+05:30,SENSEX,2026-10-08,True,41,82,72742.84,1.83,
2026-10-07 09:15:15.275673+05:30,SENSEX,2026-10-15,True,41,65,72727.85,1.78,
2026-10-07 09:15:17.406764+05:30,FINNIFTY,2026-10-27,True,41,16,24809.55,1.79,
2026-10-07 09:15:19.578727+05:30,MIDCPNIFTY,2026-10-27,True,41,80,13753.7,1.84,
2026-10-07 09:16:06.745853+05:30,NIFTY,2026-10-13,True,41,82,22612.4,1.76,
2026-10-07 09:16:08.524540+05:30,NIFTY,2026-10-19,True,41,82,22609.15,1.78,
2026-10-07 09:16:10.344659+05:30,NIFTY,2026-10-27,True,41,82,22612.8,1.82,
2026-10-07 09:16:12.152257+05:30,BANKNIFTY,2026-10-27,True,41,82,54726.6,1.8,
2026-10-07 09:16:13.947974+05:30,BANKNIFTY,2026-11-23,True,41,81,54735.5,1.79,
2026-10-07 09:16:15.762292+05:30,SENSEX,2026-10-08,True,41,82,72635.09,1.81,
2026-10-07 09:16:17.538252+05:30,SENSEX,2026-10-15,True,41,82,72651.2,1.77,
2026-10-07 09:16:19.330831+05:30,FINNIFTY,2026-10-27,True,41,78,24772.95,1.79,
2026-10-07 09:16:22.186992+05:30,MIDCPNIFTY,2026-10-27,True,41,82,13749.9,2.86,
2026-10-07 09:17:07.795160+05:30,NIFTY,2026-10-13,True,41,82,22609.9,2.81,
2026-10-07 09:17:09.576009+05:30,NIFTY,2026-10-19,True,41,82,22606.55,1.78,
2026-10-07 09:17:11.387309+05:30,NIFTY,2026-10-27,True,41,82,22606.9,1.81,
2026-10-07 09:17:13.160077+05:30,BANKNIFTY,2026-10-27,True,41,82,54734.0,1.77,
2026-10-07 09:17:14.930028+05:30,BANKNIFTY,2026-11-23,True,41,82,54722.85,1.77,
2026-10-07 09:17:16.724497+05:30,SENSEX,2026-10-08,True,41,82,72611.68,1.79,
2026-10-07 09:17:18.516843+05:30,SENSEX,2026-10-15,True,41,82,72622.11,1.79,
2026-10-07 09:17:20.300711+05:30,FINNIFTY,2026-10-27,True,41,77,24784.65,1.78,
2026-10-07 09:17:22.087936+05:30,MIDCPNIFTY,2026-10-27,True,41,82,13754.5,1.79,
2026-10-07 09:18:06.722651+05:30,NIFTY,2026-10-13,True,41,82,22610.85,1.74,
2026-10-07 09:18:08.493582+05:30,NIFTY,2026-10-19,True,41,82,22613.15,1.77,
2026-10-07 09:18:10.267043+05:30,NIFTY,2026-10-27,True,41,82,22613.15,1.77,
2026-10-07 09:18:12.074894+05:30,BANKNIFTY,2026-10-27,True,41,82,54772.65,1.81,
2026-10-07 09:18:13.883216+05:30,BANKNIFTY,2026-11-23,True,41,82,54768.65,1.8,
2026-10-07 09:18:15.668857+05:30,SENSEX,2026-10-08,True,41,82,72638.88,1.78,
2026-10-07 09:18:17.456816+05:30,SENSEX,2026-10-15,True,41,82,72652.47,1.79,
2026-10-07 09:18:19.233187+05:30,FINNIFTY,2026-10-27,True,41,78,24802.7,1.77,
2026-10-07 09:18:21.030004+05:30,MIDCPNIFTY,2026-10-27,True,41,82,13758.15,1.8,
2026-10-07 09:19:06.736789+05:30,NIFTY,2026-10-13,True,41,82,22622.65,1.75,
2026-10-07 09:19:08.485694+05:30,NIFTY,2026-10-19,True,41,82,22624.0,1.75,
2026-10-07 09:19:10.245815+05:30,NIFTY,2026-10-27,True,41,82,22623.65,1.76,
2026-10-07 09:19:12.038924+05:30,BANKNIFTY,2026-10-27,True,41,82,54814.6,1.79,
2026-10-07 09:19:13.781594+05:30,BANKNIFTY,2026-11-23,True,41,82,54822.9,1.74,
2026-10-07 09:19:15.537183+05:30,SENSEX,2026-10-08,True,41,82,72661.55,1.75,
2026-10-07 09:19:17.303187+05:30,SENSEX,2026-10-15,True,41,82,72660.91,1.77,
2026-10-07 09:19:20.102177+05:30,FINNIFTY,2026-10-27,True,41,78,24819.8,2.8,
2026-10-07 09:19:21.866021+05:30,MIDCPNIFTY,2026-10-27,True,41,82,13771.95,1.76,
2026-10-07 09:20:06.716156+05:30,NIFTY,2026-10-13,True,41,82,22620.7,1.73,
2026-10-07 09:20:08.479245+05:30,NIFTY,2026-10-19,True,41,82,22619.5,1.76,
2026-10-07 09:20:10.267538+05:30,NIFTY,2026-10-27,True,41,82,22622.25,1.79,
2026-10-07 09:20:12.112615+05:30,BANKNIFTY,2026-10-27,True,41,82,54814.05,1.84,
2026-10-07 09:20:13.885851+05:30,BANKNIFTY,2026-11-23,True,41,82,54811.45,1.77,
2026-10-07 09:20:15.636391+05:30,SENSEX,2026-10-08,True,41,82,72644.6,1.75,
2026-10-07 09:20:17.455103+05:30,SENSEX,2026-10-15,True,41,82,72650.26,1.82,
2026-10-07 09:20:19.207236+05:30,FINNIFTY,2026-10-27,True,41,80,24820.05,1.75,
2026-10-07 09:20:20.964004+05:30,MIDCPNIFTY,2026-10-27,True,41,82,13766.25,1.76,
2026-10-07 09:21:06.703630+05:30,NIFTY,2026-10-13,True,41,82,22612.25,1.72,
2026-10-07 09:21:08.457854+05:30,NIFTY,2026-10-19,True,41,82,22611.2,1.75,
2026-10-07 09:21:10.219480+05:30,NIFTY,2026-10-27,True,41,82,22613.15,1.76,
2026-10-07 09:21:12.016515+05:30,BANKNIFTY,2026-10-27,True,41,82,54756.45,1.79,
2026-10-07 09:21:13.791123+05:30,BANKNIFTY,2026-11-23,True,41,82,54751.75,1.77,
2026-10-07 09:21:15.567538+05:30,SENSEX,2026-10-08,True,41,82,72610.14,1.78,
2026-10-07 09:21:17.332368+05:30,SENSEX,2026-10-15,True,41,82,72610.69,1.77,
2026-10-07 09:21:19.111012+05:30,FINNIFTY,2026-10-27,True,41,80,24805.75,1.78,
2026-10-07 09:21:20.883975+05:30,MIDCPNIFTY,2026-10-27,True,41,82,13768.15,1.77,
2026-10-07 09:22:06.742603+05:30,NIFTY,2026-10-13,True,41,82,22618.3,1.76,
2026-10-07 09:22:08.514805+05:30,NIFTY,2026-10-19,True,41,82,22619.4,1.78,
2026-10-07 09:22:10.276172+05:30,NIFTY,2026-10-27,True,41,82,22619.5,1.75,
2026-10-07 09:22:12.051990+05:30,BANKNIFTY,2026-10-27,True,41,82,54785.95,1.77,
2026-10-07 09:22:13.828742+05:30,BANKNIFTY,2026-11-23,True,41,82,54787.6,1.77,
2026-10-07 09:22:15.583521+05:30,SENSEX,2026-10-08,True,41,82,72641.14,1.75,
2026-10-07 09:22:17.501583+05:30,SENSEX,2026-10-15,True,41,82,72650.1,1.92,
2026-10-07 09:22:19.278542+05:30,FINNIFTY,2026-10-27,True,41,80,24817.15,1.77,
2026-10-07 09:22:21.053949+05:30,MIDCPNIFTY,2026-10-27,True,41,82,13782.9,1.77,
2026-10-07 09:23:06.739373+05:30,NIFTY,2026-10-13,True,41,82,22614.9,1.75,
2026-10-07 09:23:08.506467+05:30,NIFTY,2026-10-19,True,41,82,22616.05,1.77,
2026-10-07 09:23:10.281094+05:30,NIFTY,2026-10-27,True,41,82,22616.0,1.77,
2026-10-07 09:23:12.074444+05:30,BANKNIFTY,2026-10-27,True,41,82,54769.9,1.79,
2026-10-07 09:23:13.843949+05:30,BANKNIFTY,2026-11-23,True,41,82,54770.5,1.77,
2026-10-07 09:23:15.614767+05:30,SENSEX,2026-10-08,True,41,82,72627.47,1.77,
2026-10-07 09:23:17.380748+05:30,SENSEX,2026-10-15,True,41,82,72624.29,1.77,
2026-10-07 09:23:19.147934+05:30,FINNIFTY,2026-10-27,True,41,80,24816.4,1.76,
2026-10-07 09:23:20.914997+05:30,MIDCPNIFTY,2026-10-27,True,41,82,13773.6,1.77,
2026-10-07 09:24:06.718560+05:30,NIFTY,2026-10-13,True,41,82,22614.25,1.73,
2026-10-07 09:24:08.467249+05:30,NIFTY,2026-10-19,True,41,82,22613.1,1.75,
2026-10-07 09:24:10.226995+05:30,NIFTY,2026-10-27,True,41,82,22612.0,1.76,
2026-10-07 09:24:11.982120+05:30,BANKNIFTY,2026-10-27,True,41,82,54759.35,1.75,
2026-10-07 09:24:13.761239+05:30,BANKNIFTY,2026-11-23,True,41,82,54758.5,1.78,
2026-10-07 09:24:15.530196+05:30,SENSEX,2026-10-08,True,41,82,72623.57,1.77,
2026-10-07 09:24:17.281757+05:30,SENSEX,2026-10-15,True,41,82,72619.24,1.75,
2026-10-07 09:24:19.036527+05:30,FINNIFTY,2026-10-27,True,41,80,24817.95,1.75,
2026-10-07 09:24:20.801741+05:30,MIDCPNIFTY,2026-10-27,True,41,82,13772.3,1.76,
2026-10-07 09:25:06.712537+05:30,NIFTY,2026-10-13,True,41,82,22616.7,1.73,
2026-10-07 09:25:08.476450+05:30,NIFTY,2026-10-19,True,41,82,22615.95,1.77,
2026-10-07 09:25:10.240290+05:30,NIFTY,2026-10-27,True,41,82,22616.2,1.76,
2026-10-07 09:25:12.019830+05:30,BANKNIFTY,2026-10-27,True,41,82,54782.15,1.78,
2026-10-07 09:25:13.778537+05:30,BANKNIFTY,2026-11-23,True,41,82,54776.4,1.76,
2026-10-07 09:25:15.538473+05:30,SENSEX,2026-10-08,True,41,82,72634.26,1.76,
2026-10-07 09:25:17.287556+05:30,SENSEX,2026-10-15,True,41,82,72632.63,1.75,
2026-10-07 09:25:19.059419+05:30,FINNIFTY,2026-10-27,True,41,80,24820.05,1.77,
2026-10-07 09:25:20.842285+05:30,MIDCPNIFTY,2026-10-27,True,41,82,13768.15,1.78,
2026-10-07 09:26:07.005070+05:30,NIFTY,2026-10-13,True,41,82,22611.05,2.02,
2026-10-07 09:26:08.783321+05:30,NIFTY,2026-10-19,True,41,82,22611.25,1.78,
2026-10-07 09:26:10.544581+05:30,NIFTY,2026-10-27,True,41,82,22609.0,1.76,
2026-10-07 09:26:12.320209+05:30,BANKNIFTY,2026-10-27,True,41,82,54753.4,1.77,
2026-10-07 09:26:14.091861+05:30,BANKNIFTY,2026-11-23,True,41,82,54754.35,1.77,
2026-10-07 09:26:15.852285+05:30,SENSEX,2026-10-08,True,41,82,72606.29,1.76,
2026-10-07 09:26:17.595301+05:30,SENSEX,2026-10-15,True,41,82,72603.49,1.74,
2026-10-07 09:26:19.363555+05:30,FINNIFTY,2026-10-27,True,41,80,24818.2,1.77,
2026-10-07 09:26:21.144633+05:30,MIDCPNIFTY,2026-10-27,True,41,82,13769.05,1.78,
2026-10-07 09:27:06.720831+05:30,NIFTY,2026-10-13,True,41,82,22610.0,1.74,
2026-10-07 09:27:08.489684+05:30,NIFTY,2026-10-19,True,41,82,22609.4,1.77,
2026-10-07 09:27:10.240631+05:30,NIFTY,2026-10-27,True,41,82,22611.3,1.75,
2026-10-07 09:27:12.010190+05:30,BANKNIFTY,2026-10-27,True,41,82,54761.95,1.77,
2026-10-07 09:27:13.802028+05:30,BANKNIFTY,2026-11-23,True,41,82,54762.85,1.79,
2026-10-07 09:27:15.573653+05:30,SENSEX,2026-10-08,True,41,82,72600.22,1.77,
2026-10-07 09:27:17.332883+05:30,SENSEX,2026-10-15,True,41,82,72603.77,1.76,
2026-10-07 09:27:19.129414+05:30,FINNIFTY,2026-10-27,True,41,80,24815.35,1.79,
2026-10-07 09:27:20.912814+05:30,MIDCPNIFTY,2026-10-27,True,41,82,13777.9,1.78,
2026-10-07 09:28:06.730367+05:30,NIFTY,2026-10-13,True,41,82,22618.6,1.75,
2026-10-07 09:28:08.487965+05:30,NIFTY,2026-10-19,True,41,82,22618.5,1.76,
2026-10-07 09:28:10.240854+05:30,NIFTY,2026-10-27,True,41,82,22619.25,1.75,
2026-10-07 09:28:12.025700+05:30,BANKNIFTY,2026-10-27,True,41,82,54749.5,1.78,
2026-10-07 09:28:13.785730+05:30,BANKNIFTY,2026-11-23,True,41,82,54749.15,1.76,
2026-10-07 09:28:15.544854+05:30,SENSEX,2026-10-08,True,41,82,72634.62,1.76,
2026-10-07 09:28:17.288881+05:30,SENSEX,2026-10-15,True,41,82,72634.66,1.74,
2026-10-07 09:28:19.052023+05:30,FINNIFTY,2026-10-27,True,41,80,24827.6,1.76,
2026-10-07 09:28:20.829572+05:30,MIDCPNIFTY,2026-10-27,True,41,82,13785.4,1.78,
2026-10-07 09:29:06.694656+05:30,NIFTY,2026-10-13,True,41,82,22627.2,1.71,
2026-10-07 09:29:08.453775+05:30,NIFTY,2026-10-19,True,41,82,22629.05,1.76,
2026-10-07 09:29:10.434481+05:30,NIFTY,2026-10-27,True,41,82,22628.7,1.98,
2026-10-07 09:29:12.219334+05:30,BANKNIFTY,2026-10-27,True,41,82,54751.25,1.78,
2026-10-07 09:29:14.003654+05:30,BANKNIFTY,2026-11-23,True,41,82,54748.0,1.78,
2026-10-07 09:29:15.762807+05:30,SENSEX,2026-10-08,True,41,82,72653.97,1.76,
2026-10-07 09:29:17.575154+05:30,SENSEX,2026-10-15,True,41,82,72652.65,1.81,
2026-10-07 09:29:19.348564+05:30,FINNIFTY,2026-10-27,True,41,80,24818.35,1.77,
2026-10-07 09:29:21.130446+05:30,MIDCPNIFTY,2026-10-27,True,41,82,13788.15,1.78,
2026-10-07 09:30:06.698785+05:30,NIFTY,2026-10-13,True,41,82,22620.05,1.71,
2026-10-07 09:30:08.454758+05:30,NIFTY,2026-10-19,True,41,82,22619.1,1.76,
2026-10-07 09:30:10.212841+05:30,NIFTY,2026-10-27,True,41,82,22619.35,1.75,
2026-10-07 09:30:12.011413+05:30,BANKNIFTY,2026-10-27,True,41,82,54723.9,1.8,
2026-10-07 09:30:13.789028+05:30,BANKNIFTY,2026-11-23,True,41,78,54724.2,1.78,
2026-10-07 09:30:15.565888+05:30,SENSEX,2026-10-08,True,41,82,72630.26,1.78,
2026-10-07 09:30:17.316525+05:30,SENSEX,2026-10-15,True,41,82,72633.64,1.75,
2026-10-07 09:30:20.097634+05:30,FINNIFTY,2026-10-27,True,41,80,24814.6,2.78,
2026-10-07 09:30:21.854406+05:30,MIDCPNIFTY,2026-10-27,True,41,82,13794.35,1.76,
2026-10-07 09:31:07.732564+05:30,NIFTY,2026-10-13,True,41,82,22626.05,2.75,
2026-10-07 09:31:09.482290+05:30,NIFTY,2026-10-19,True,41,82,22624.2,1.75,
2026-10-07 09:31:12.257819+05:30,NIFTY,2026-10-27,True,41,82,22624.75,2.77,
2026-10-07 09:31:14.028269+05:30,BANKNIFTY,2026-10-27,True,41,82,54739.55,1.77,
2026-10-07 09:31:15.780240+05:30,BANKNIFTY,2026-11-23,True,41,82,54741.7,1.75,
2026-10-07 09:31:17.527234+05:30,SENSEX,2026-10-08,True,41,82,72653.27,1.75,
2026-10-07 09:31:19.259689+05:30,SENSEX,2026-10-15,True,41,82,72660.12,1.73,
2026-10-07 09:31:21.015878+05:30,FINNIFTY,2026-10-27,True,41,80,24825.75,1.75,
2026-10-07 09:31:22.805333+05:30,MIDCPNIFTY,2026-10-27,True,41,82,13797.75,1.79,
2026-10-07 09:32:06.716482+05:30,NIFTY,2026-10-13,True,41,82,22628.45,1.73,
2026-10-07 09:32:08.489177+05:30,NIFTY,2026-10-19,True,41,82,22627.6,1.77,
2026-10-07 09:32:10.254238+05:30,NIFTY,2026-10-27,True,41,82,22627.35,1.76,
2026-10-07 09:32:12.039249+05:30,BANKNIFTY,2026-10-27,True,41,82,54757.9,1.78,
2026-10-07 09:32:13.795373+05:30,BANKNIFTY,2026-11-23,True,41,82,54765.4,1.75,
2026-10-07 09:32:15.534097+05:30,SENSEX,2026-10-08,True,41,82,72675.66,1.74,
2026-10-07 09:32:17.283526+05:30,SENSEX,2026-10-15,True,41,82,72676.61,1.75,
2026-10-07 09:32:19.051053+05:30,FINNIFTY,2026-10-27,True,41,80,24829.8,1.76,
2026-10-07 09:32:20.836076+05:30,MIDCPNIFTY,2026-10-27,True,41,82,13784.6,1.78,
2026-10-07 09:33:06.718122+05:30,NIFTY,2026-10-13,True,41,82,22626.6,1.73,
2026-10-07 09:33:08.472475+05:30,NIFTY,2026-10-19,True,41,82,22628.45,1.75,
2026-10-07 09:33:10.295401+05:30,NIFTY,2026-10-27,True,41,82,22627.95,1.82,
2026-10-07 09:33:12.261114+05:30,BANKNIFTY,2026-10-27,True,41,82,54757.4,1.96,
2026-10-07 09:33:14.016558+05:30,BANKNIFTY,2026-11-23,True,41,82,54762.7,1.75,
2026-10-07 09:33:15.758395+05:30,SENSEX,2026-10-08,True,41,82,72670.11,1.74,
2026-10-07 09:33:17.509174+05:30,SENSEX,2026-10-15,True,41,82,72669.85,1.75,
2026-10-07 09:33:21.198152+05:30,FINNIFTY,2026-10-27,True,41,80,24829.25,3.69,
2026-10-07 09:33:22.984391+05:30,MIDCPNIFTY,2026-10-27,True,41,82,13781.7,1.78,
2026-10-07 09:34:06.757263+05:30,NIFTY,2026-10-13,True,41,82,22620.3,1.77,
2026-10-07 09:34:08.526087+05:30,NIFTY,2026-10-19,True,41,82,22620.3,1.77,
2026-10-07 09:34:10.294154+05:30,NIFTY,2026-10-27,True,41,82,22620.65,1.76,
2026-10-07 09:34:12.062983+05:30,BANKNIFTY,2026-10-27,True,41,82,54750.55,1.77,
2026-10-07 09:34:13.835086+05:30,BANKNIFTY,2026-11-23,True,41,82,54755.5,1.77,
2026-10-07 09:34:15.591502+05:30,SENSEX,2026-10-08,True,41,82,72644.51,1.76,
2026-10-07 09:34:17.357331+05:30,SENSEX,2026-10-15,True,41,82,72644.72,1.77,
2026-10-07 09:34:19.120265+05:30,FINNIFTY,2026-10-27,True,41,80,24830.3,1.76,
2026-10-07 09:34:20.880846+05:30,MIDCPNIFTY,2026-10-27,True,41,82,13773.55,1.76,
2026-10-07 09:35:06.718407+05:30,NIFTY,2026-10-13,True,41,82,22613.85,1.73,
2026-10-07 09:35:08.481527+05:30,NIFTY,2026-10-19,True,41,82,22613.55,1.77,
2026-10-07 09:35:10.253421+05:30,NIFTY,2026-10-27,True,41,82,22613.4,1.77,
2026-10-07 09:35:12.265485+05:30,BANKNIFTY,2026-10-27,True,41,82,54715.1,2.01,
2026-10-07 09:35:14.045629+05:30,BANKNIFTY,2026-11-23,True,41,82,54711.85,1.78,
2026-10-07 09:35:15.797860+05:30,SENSEX,2026-10-08,True,41,82,72625.54,1.75,
2026-10-07 09:35:17.551891+05:30,SENSEX,2026-10-15,True,41,82,72626.14,1.75,
2026-10-07 09:35:19.327727+05:30,FINNIFTY,2026-10-27,True,41,80,24804.8,1.77,
2026-10-07 09:35:22.123575+05:30,MIDCPNIFTY,2026-10-27,True,41,82,13769.05,2.79,
2026-10-07 09:36:06.733130+05:30,NIFTY,2026-10-13,True,41,82,22611.2,1.75,
2026-10-07 09:36:08.658735+05:30,NIFTY,2026-10-19,True,41,82,22611.55,1.93,
2026-10-07 09:36:10.431131+05:30,NIFTY,2026-10-27,True,41,82,22611.85,1.77,
2026-10-07 09:36:12.205061+05:30,BANKNIFTY,2026-10-27,True,41,82,54714.65,1.78,
2026-10-07 09:36:13.979817+05:30,BANKNIFTY,2026-11-23,True,41,82,54709.95,1.77,
2026-10-07 09:36:16.242048+05:30,SENSEX,2026-10-08,True,41,82,72619.21,2.26,
2026-10-07 09:36:19.076479+05:30,SENSEX,2026-10-15,True,41,82,72616.07,2.83,
2026-10-07 09:36:20.838507+05:30,FINNIFTY,2026-10-27,True,41,80,24808.0,1.76,
2026-10-07 09:36:22.614254+05:30,MIDCPNIFTY,2026-10-27,True,41,82,13769.45,1.77,
2026-10-07 09:37:06.712087+05:30,NIFTY,2026-10-13,True,41,82,22610.75,1.73,
2026-10-07 09:37:09.334551+05:30,NIFTY,2026-10-19,True,41,82,22611.05,2.62,
2026-10-07 09:37:11.240792+05:30,NIFTY,2026-10-27,True,41,82,22611.15,1.9,
2026-10-07 09:37:13.143041+05:30,BANKNIFTY,2026-10-27,True,41,82,54712.2,1.9,
2026-10-07 09:37:15.058386+05:30,BANKNIFTY,2026-11-23,True,41,82,54709.5,1.91,
2026-10-07 09:37:17.054996+05:30,SENSEX,2026-10-08,True,41,82,72631.1,2.0,
2026-10-07 09:37:18.936378+05:30,SENSEX,2026-10-15,True,41,82,72628.34,1.88,
2026-10-07 09:37:20.839397+05:30,FINNIFTY,2026-10-27,True,41,80,24802.15,1.9,
2026-10-07 09:37:22.738874+05:30,MIDCPNIFTY,2026-10-27,True,41,82,13770.95,1.9,
2026-10-07 09:38:06.849760+05:30,NIFTY,2026-10-13,True,41,82,22604.8,1.86,
2026-10-07 09:38:08.754458+05:30,NIFTY,2026-10-19,True,41,82,22604.65,1.9,
2026-10-07 09:38:10.641778+05:30,NIFTY,2026-10-27,True,41,82,22604.0,1.89,
2026-10-07 09:38:12.550399+05:30,BANKNIFTY,2026-10-27,True,41,82,54694.65,1.91,
2026-10-07 09:38:14.449809+05:30,BANKNIFTY,2026-11-23,True,41,82,54693.2,1.9,
2026-10-07 09:38:16.349616+05:30,SENSEX,2026-10-08,True,41,82,72604.02,1.9,
2026-10-07 09:38:18.234853+05:30,SENSEX,2026-10-15,True,41,82,72604.72,1.89,
2026-10-07 09:38:20.118111+05:30,FINNIFTY,2026-10-27,True,41,80,24795.4,1.88,
2026-10-07 09:38:22.011210+05:30,MIDCPNIFTY,2026-10-27,True,41,82,13759.15,1.89,
2026-10-07 09:39:06.834389+05:30,NIFTY,2026-10-13,True,41,82,22604.35,1.85,
2026-10-07 09:39:09.571851+05:30,NIFTY,2026-10-19,True,41,82,22603.45,2.74,
2026-10-07 09:39:11.499331+05:30,NIFTY,2026-10-27,True,41,82,22598.8,1.92,
2026-10-07 09:39:13.404767+05:30,BANKNIFTY,2026-10-27,True,41,82,54688.55,1.9,
2026-10-07 09:39:15.305558+05:30,BANKNIFTY,2026-11-23,True,41,82,54681.35,1.91,
2026-10-07 09:39:17.191053+05:30,SENSEX,2026-10-08,True,41,82,72582.92,1.88,
2026-10-07 09:39:19.093653+05:30,SENSEX,2026-10-15,True,41,82,72580.35,1.9,
2026-10-07 09:39:20.979609+05:30,FINNIFTY,2026-10-27,True,41,81,24791.05,1.88,
2026-10-07 09:39:22.878643+05:30,MIDCPNIFTY,2026-10-27,True,41,82,13752.4,1.9,
2026-10-07 09:40:06.847634+05:30,NIFTY,2026-10-13,True,41,82,22588.9,1.86,
2026-10-07 09:40:08.741408+05:30,NIFTY,2026-10-19,True,41,82,22589.5,1.89,
2026-10-07 09:40:11.671234+05:30,NIFTY,2026-10-27,True,41,82,22590.05,2.93,
2026-10-07 09:40:13.580164+05:30,BANKNIFTY,2026-10-27,True,41,82,54657.7,1.9,
2026-10-07 09:40:15.511795+05:30,BANKNIFTY,2026-11-23,True,41,82,54656.95,1.93,
2026-10-07 09:40:17.434608+05:30,SENSEX,2026-10-08,True,41,82,72556.48,1.92,
2026-10-07 09:40:19.336296+05:30,SENSEX,2026-10-15,True,41,82,72550.38,1.91,
2026-10-07 09:40:21.253298+05:30,FINNIFTY,2026-10-27,True,41,81,24784.35,1.9,
2026-10-07 09:40:23.177170+05:30,MIDCPNIFTY,2026-10-27,True,41,82,13748.85,1.92,
2026-10-07 09:41:06.854214+05:30,NIFTY,2026-10-13,True,41,82,22591.1,1.87,
2026-10-07 09:41:08.735696+05:30,NIFTY,2026-10-19,True,41,82,22591.3,1.88,
2026-10-07 09:41:10.647195+05:30,NIFTY,2026-10-27,True,41,82,22590.85,1.91,
2026-10-07 09:41:12.600561+05:30,BANKNIFTY,2026-10-27,True,41,82,54652.9,1.95,
2026-10-07 09:41:14.513182+05:30,BANKNIFTY,2026-11-23,True,41,82,54647.7,1.91,
2026-10-07 09:41:16.408655+05:30,SENSEX,2026-10-08,True,41,82,72553.07,1.89,
2026-10-07 09:41:18.292299+05:30,SENSEX,2026-10-15,True,41,82,72549.72,1.88,
2026-10-07 09:41:20.187202+05:30,FINNIFTY,2026-10-27,True,41,81,24776.35,1.89,
2026-10-07 09:41:22.098364+05:30,MIDCPNIFTY,2026-10-27,True,41,82,13747.25,1.91,
2026-10-07 09:42:06.836222+05:30,NIFTY,2026-10-13,True,41,82,22604.4,1.85,
2026-10-07 09:42:08.724341+05:30,NIFTY,2026-10-19,True,41,82,22606.6,1.89,
2026-10-07 09:42:10.624134+05:30,NIFTY,2026-10-27,True,41,82,22607.15,1.9,
2026-10-07 09:42:12.533795+05:30,BANKNIFTY,2026-10-27,True,41,82,54706.6,1.91,
2026-10-07 09:42:14.443271+05:30,BANKNIFTY,2026-11-23,True,41,82,54709.1,1.91,
2026-10-07 09:42:16.619077+05:30,SENSEX,2026-10-08,True,41,82,72608.77,2.17,
2026-10-07 09:42:18.521789+05:30,SENSEX,2026-10-15,True,41,82,72607.87,1.9,
2026-10-07 09:42:20.410195+05:30,FINNIFTY,2026-10-27,True,41,81,24799.85,1.89,
2026-10-07 09:42:22.321057+05:30,MIDCPNIFTY,2026-10-27,True,41,82,13761.35,1.91,
2026-10-07 09:43:06.843686+05:30,NIFTY,2026-10-13,True,41,82,22618.15,1.86,
2026-10-07 09:43:08.747498+05:30,NIFTY,2026-10-19,True,41,82,22618.65,1.9,
2026-10-07 09:43:10.635293+05:30,NIFTY,2026-10-27,True,41,82,22619.75,1.89,
2026-10-07 09:43:12.529107+05:30,BANKNIFTY,2026-10-27,True,41,82,54751.6,1.89,
2026-10-07 09:43:14.434325+05:30,BANKNIFTY,2026-11-23,True,41,82,54747.75,1.9,
2026-10-07 09:43:16.324451+05:30,SENSEX,2026-10-08,True,41,82,72638.68,1.89,
2026-10-07 09:43:18.221974+05:30,SENSEX,2026-10-15,True,41,82,72643.26,1.9,
2026-10-07 09:43:20.129827+05:30,FINNIFTY,2026-10-27,True,41,81,24816.7,1.91,
2026-10-07 09:43:22.020982+05:30,MIDCPNIFTY,2026-10-27,True,41,82,13763.7,1.89,
2026-10-07 09:44:06.801696+05:30,NIFTY,2026-10-13,True,41,82,22622.2,1.82,
2026-10-07 09:44:08.664725+05:30,NIFTY,2026-10-19,True,41,82,22623.05,1.86,
2026-10-07 09:44:10.523550+05:30,NIFTY,2026-10-27,True,41,82,22623.1,1.86,
2026-10-07 09:44:12.390648+05:30,BANKNIFTY,2026-10-27,True,41,82,54759.65,1.86,
2026-10-07 09:44:14.325972+05:30,BANKNIFTY,2026-11-23,True,41,82,54758.55,1.93,
2026-10-07 09:44:16.177240+05:30,SENSEX,2026-10-08,True,41,82,72665.11,1.85,
2026-10-07 09:44:18.017193+05:30,SENSEX,2026-10-15,True,41,82,72664.92,1.84,
2026-10-07 09:44:19.875224+05:30,FINNIFTY,2026-10-27,True,41,81,24823.35,1.86,
2026-10-07 09:44:21.741872+05:30,MIDCPNIFTY,2026-10-27,True,41,82,13767.4,1.87,
2026-10-07 09:45:06.884393+05:30,NIFTY,2026-10-13,True,41,82,22616.2,1.9,
2026-10-07 09:45:08.756115+05:30,NIFTY,2026-10-19,True,41,82,22616.8,1.87,
2026-10-07 09:45:10.608536+05:30,NIFTY,2026-10-27,True,41,82,22617.55,1.85,
2026-10-07 09:45:12.480989+05:30,BANKNIFTY,2026-10-27,True,41,82,54742.85,1.87,
2026-10-07 09:45:14.340093+05:30,BANKNIFTY,2026-11-23,True,41,82,54741.45,1.86,
2026-10-07 09:45:16.187010+05:30,SENSEX,2026-10-08,True,41,82,72661.43,1.85,
2026-10-07 09:45:18.041450+05:30,SENSEX,2026-10-15,True,41,82,72659.04,1.85,
2026-10-07 09:45:19.897316+05:30,FINNIFTY,2026-10-27,True,41,81,24820.65,1.85,
2026-10-07 09:45:21.747077+05:30,MIDCPNIFTY,2026-10-27,True,41,82,13765.3,1.85,
2026-10-07 09:46:06.806578+05:30,NIFTY,2026-10-13,True,41,82,22620.65,1.82,
2026-10-07 09:46:08.652595+05:30,NIFTY,2026-10-19,True,41,82,22620.95,1.85,
2026-10-07 09:46:10.519112+05:30,NIFTY,2026-10-27,True,41,82,22621.0,1.86,
2026-10-07 09:46:12.381109+05:30,BANKNIFTY,2026-10-27,True,41,82,54731.6,1.86,
2026-10-07 09:46:14.254087+05:30,BANKNIFTY,2026-11-23,True,41,82,54729.55,1.87,
2026-10-07 09:46:16.106390+05:30,SENSEX,2026-10-08,True,41,82,72662.79,1.85,
2026-10-07 09:46:17.945735+05:30,SENSEX,2026-10-15,True,41,82,72661.78,1.84,
2026-10-07 09:46:19.802503+05:30,FINNIFTY,2026-10-27,True,41,81,24810.4,1.85,
2026-10-07 09:46:21.672959+05:30,MIDCPNIFTY,2026-10-27,True,41,82,13759.25,1.87,
2026-10-07 09:47:06.790244+05:30,NIFTY,2026-10-13,True,41,82,22612.3,1.81,
2026-10-07 09:47:08.659498+05:30,NIFTY,2026-10-19,True,41,82,22612.95,1.87,
2026-10-07 09:47:10.514330+05:30,NIFTY,2026-10-27,True,41,82,22612.55,1.85,
2026-10-07 09:47:12.371827+05:30,BANKNIFTY,2026-10-27,True,41,82,54702.4,1.86,
2026-10-07 09:47:14.242750+05:30,BANKNIFTY,2026-11-23,True,41,82,54692.2,1.87,
2026-10-07 09:47:16.113201+05:30,SENSEX,2026-10-08,True,41,82,72633.55,1.87,
2026-10-07 09:47:17.959716+05:30,SENSEX,2026-10-15,True,41,82,72630.97,1.85,
2026-10-07 09:47:19.831455+05:30,FINNIFTY,2026-10-27,True,41,81,24802.55,1.87,
2026-10-07 09:47:21.686822+05:30,MIDCPNIFTY,2026-10-27,True,41,82,13754.15,1.85,
2026-10-07 09:48:07.052760+05:30,NIFTY,2026-10-13,True,41,82,22606.85,2.07,
2026-10-07 09:48:08.935628+05:30,NIFTY,2026-10-19,True,41,82,22607.5,1.88,
2026-10-07 09:48:10.845916+05:30,NIFTY,2026-10-27,True,41,82,22607.55,1.91,
2026-10-07 09:48:12.752107+05:30,BANKNIFTY,2026-10-27,True,41,82,54700.2,1.9,
2026-10-07 09:48:14.635957+05:30,BANKNIFTY,2026-11-23,True,41,82,54701.3,1.88,
2026-10-07 09:48:16.493738+05:30,SENSEX,2026-10-08,True,41,82,72615.2,1.86,
2026-10-07 09:48:18.464954+05:30,SENSEX,2026-10-15,True,41,82,72619.61,1.97,
2026-10-07 09:48:20.328572+05:30,FINNIFTY,2026-10-27,True,41,81,24794.3,1.86,
2026-10-07 09:48:22.184117+05:30,MIDCPNIFTY,2026-10-27,True,41,82,13762.8,1.85,
2026-10-07 09:49:06.803792+05:30,NIFTY,2026-10-13,True,41,82,22612.0,1.82,
2026-10-07 09:49:08.656380+05:30,NIFTY,2026-10-19,True,41,82,22610.45,1.85,
2026-10-07 09:49:10.520161+05:30,NIFTY,2026-10-27,True,41,82,22612.4,1.86,
2026-10-07 09:49:12.398258+05:30,BANKNIFTY,2026-10-27,True,41,82,54710.15,1.88,
2026-10-07 09:49:14.391197+05:30,BANKNIFTY,2026-11-23,True,41,82,54709.35,1.99,
2026-10-07 09:49:16.262092+05:30,SENSEX,2026-10-08,True,41,82,72629.24,1.87,
2026-10-07 09:49:18.112733+05:30,SENSEX,2026-10-15,True,41,82,72628.67,1.85,
2026-10-07 09:49:19.963419+05:30,FINNIFTY,2026-10-27,True,41,81,24800.0,1.85,
2026-10-07 09:49:21.827438+05:30,MIDCPNIFTY,2026-10-27,True,41,82,13761.9,1.86,
2026-10-07 09:50:06.790703+05:30,NIFTY,2026-10-13,True,41,82,22616.2,1.81,
2026-10-07 09:50:08.635732+05:30,NIFTY,2026-10-19,True,41,82,22615.55,1.85,
2026-10-07 09:50:10.510768+05:30,NIFTY,2026-10-27,True,41,82,22616.65,1.88,
2026-10-07 09:50:12.414556+05:30,BANKNIFTY,2026-10-27,True,41,82,54749.95,1.89,
2026-10-07 09:50:14.278645+05:30,BANKNIFTY,2026-11-23,True,41,82,54748.25,1.86,
2026-10-07 09:50:16.130257+05:30,SENSEX,2026-10-08,True,41,82,72648.0,1.85,
2026-10-07 09:50:17.971821+05:30,SENSEX,2026-10-15,True,41,82,72648.15,1.84,
2026-10-07 09:50:19.833053+05:30,FINNIFTY,2026-10-27,True,41,81,24811.1,1.86,
2026-10-07 09:50:21.698553+05:30,MIDCPNIFTY,2026-10-27,True,41,82,13772.0,1.86,
2026-10-07 09:51:06.804637+05:30,NIFTY,2026-10-13,True,41,82,22620.8,1.82,
2026-10-07 09:51:08.650361+05:30,NIFTY,2026-10-19,True,41,82,22619.95,1.85,
2026-10-07 09:51:10.506846+05:30,NIFTY,2026-10-27,True,41,82,22619.45,1.85,
2026-10-07 09:51:12.384443+05:30,BANKNIFTY,2026-10-27,True,41,82,54761.55,1.88,
2026-10-07 09:51:14.251782+05:30,BANKNIFTY,2026-11-23,True,41,82,54761.2,1.87,
2026-10-07 09:51:16.119745+05:30,SENSEX,2026-10-08,True,41,82,72661.78,1.87,
2026-10-07 09:51:17.968103+05:30,SENSEX,2026-10-15,True,41,82,72660.61,1.85,
2026-10-07 09:51:19.820804+05:30,FINNIFTY,2026-10-27,True,41,81,24817.65,1.85,
2026-10-07 09:51:21.673118+05:30,MIDCPNIFTY,2026-10-27,True,41,82,13773.4,1.85,
2026-10-07 09:52:06.832665+05:30,NIFTY,2026-10-13,True,41,82,22621.05,1.85,
2026-10-07 09:52:08.675561+05:30,NIFTY,2026-10-19,True,41,82,22621.3,1.84,
2026-10-07 09:52:10.526402+05:30,NIFTY,2026-10-27,True,41,82,22621.0,1.85,
2026-10-07 09:52:12.399401+05:30,BANKNIFTY,2026-10-27,True,41,82,54760.05,1.87,
2026-10-07 09:52:14.261508+05:30,BANKNIFTY,2026-11-23,True,41,82,54755.0,1.86,
2026-10-07 09:52:16.109590+05:30,SENSEX,2026-10-08,True,41,82,72668.76,1.85,
2026-10-07 09:52:17.974755+05:30,SENSEX,2026-10-15,True,41,82,72666.55,1.86,
2026-10-07 09:52:19.832657+05:30,FINNIFTY,2026-10-27,True,41,81,24816.9,1.86,
2026-10-07 09:52:21.741567+05:30,MIDCPNIFTY,2026-10-27,True,41,82,13771.1,1.91,
2026-10-07 09:53:06.801608+05:30,NIFTY,2026-10-13,True,41,82,22622.3,1.82,
2026-10-07 09:53:08.642522+05:30,NIFTY,2026-10-19,True,41,82,22622.05,1.84,
2026-10-07 09:53:10.487506+05:30,NIFTY,2026-10-27,True,41,82,22621.15,1.84,
2026-10-07 09:53:12.328900+05:30,BANKNIFTY,2026-10-27,True,41,82,54762.45,1.84,
2026-10-07 09:53:14.200825+05:30,BANKNIFTY,2026-11-23,True,41,82,54767.1,1.87,
2026-10-07 09:53:16.051671+05:30,SENSEX,2026-10-08,True,41,82,72665.86,1.85,
2026-10-07 09:53:17.894254+05:30,SENSEX,2026-10-15,True,41,82,72671.59,1.84,
2026-10-07 09:53:19.747445+05:30,FINNIFTY,2026-10-27,True,41,81,24819.6,1.85,
2026-10-07 09:53:21.585462+05:30,MIDCPNIFTY,2026-10-27,True,41,82,13774.45,1.84,
2026-10-07 09:54:06.811834+05:30,NIFTY,2026-10-13,True,41,82,22625.5,1.83,
2026-10-07 09:54:08.678729+05:30,NIFTY,2026-10-19,True,41,82,22625.5,1.87,
2026-10-07 09:54:10.528107+05:30,NIFTY,2026-10-27,True,41,82,22625.25,1.85,
2026-10-07 09:54:12.505271+05:30,BANKNIFTY,2026-10-27,True,41,82,54768.95,1.98,
2026-10-07 09:54:14.360282+05:30,BANKNIFTY,2026-11-23,True,41,82,54766.7,1.85,
2026-10-07 09:54:16.214355+05:30,SENSEX,2026-10-08,True,41,82,72684.36,1.85,
2026-10-07 09:54:18.055699+05:30,SENSEX,2026-10-15,True,41,82,72685.78,1.84,
2026-10-07 09:54:19.927654+05:30,FINNIFTY,2026-10-27,True,41,81,24819.25,1.87,
2026-10-07 09:54:21.782940+05:30,MIDCPNIFTY,2026-10-27,True,41,82,13773.25,1.85,
2026-10-07 09:55:06.802776+05:30,NIFTY,2026-10-13,True,41,82,22611.85,1.82,
2026-10-07 09:55:08.662524+05:30,NIFTY,2026-10-19,True,41,82,22613.3,1.86,
2026-10-07 09:55:10.547056+05:30,NIFTY,2026-10-27,True,41,82,22613.35,1.88,
2026-10-07 09:55:12.404946+05:30,BANKNIFTY,2026-10-27,True,41,82,54755.35,1.86,
2026-10-07 09:55:14.266907+05:30,BANKNIFTY,2026-11-23,True,41,82,54757.7,1.86,
2026-10-07 09:55:16.099542+05:30,SENSEX,2026-10-08,True,41,82,72638.86,1.83,
2026-10-07 09:55:17.974500+05:30,SENSEX,2026-10-15,True,41,82,72637.82,1.87,
2026-10-07 09:55:19.824786+05:30,FINNIFTY,2026-10-27,True,41,81,24812.75,1.85,
2026-10-07 09:55:21.708336+05:30,MIDCPNIFTY,2026-10-27,True,41,82,13767.35,1.88,
2026-10-07 09:56:06.795775+05:30,NIFTY,2026-10-13,True,41,82,22611.4,1.81,
2026-10-07 09:56:08.646004+05:30,NIFTY,2026-10-19,True,41,82,22611.45,1.85,
2026-10-07 09:56:10.492869+05:30,NIFTY,2026-10-27,True,41,82,22610.9,1.84,
2026-10-07 09:56:12.355195+05:30,BANKNIFTY,2026-10-27,True,41,82,54761.75,1.86,
2026-10-07 09:56:14.736831+05:30,BANKNIFTY,2026-11-23,True,41,82,54761.6,2.38,
2026-10-07 09:56:16.597788+05:30,SENSEX,2026-10-08,True,41,82,72636.17,1.86,
2026-10-07 09:56:18.445421+05:30,SENSEX,2026-10-15,True,41,82,72635.41,1.85,
2026-10-07 09:56:20.297724+05:30,FINNIFTY,2026-10-27,True,41,81,24815.05,1.85,
2026-10-07 09:56:22.165578+05:30,MIDCPNIFTY,2026-10-27,True,41,82,13769.6,1.87,
2026-10-07 09:57:06.824484+05:30,NIFTY,2026-10-13,True,41,82,22613.0,1.84,
2026-10-07 09:57:08.679116+05:30,NIFTY,2026-10-19,True,41,82,22612.15,1.85,
2026-10-07 09:57:10.557089+05:30,NIFTY,2026-10-27,True,41,82,22611.85,1.88,
2026-10-07 09:57:12.408572+05:30,BANKNIFTY,2026-10-27,True,41,82,54772.3,1.85,
2026-10-07 09:57:14.267299+05:30,BANKNIFTY,2026-11-23,True,41,82,54773.25,1.86,
2026-10-07 09:57:16.151579+05:30,SENSEX,2026-10-08,True,41,82,72636.65,1.88,
2026-10-07 09:57:18.035436+05:30,SENSEX,2026-10-15,True,41,82,72642.07,1.88,
2026-10-07 09:57:19.931321+05:30,FINNIFTY,2026-10-27,True,41,81,24823.4,1.89,
2026-10-07 09:57:21.832688+05:30,MIDCPNIFTY,2026-10-27,True,41,82,13770.2,1.9,
2026-10-07 09:58:06.832865+05:30,NIFTY,2026-10-13,True,41,82,22609.85,1.85,
2026-10-07 09:58:08.740655+05:30,NIFTY,2026-10-19,True,41,82,22610.55,1.91,
2026-10-07 09:58:10.628537+05:30,NIFTY,2026-10-27,True,41,82,22609.25,1.88,
2026-10-07 09:58:12.538091+05:30,BANKNIFTY,2026-10-27,True,41,82,54756.5,1.91,
2026-10-07 09:58:14.418981+05:30,BANKNIFTY,2026-11-23,True,41,82,54759.7,1.88,
2026-10-07 09:58:16.295410+05:30,SENSEX,2026-10-08,True,41,82,72625.69,1.88,
2026-10-07 09:58:18.171863+05:30,SENSEX,2026-10-15,True,41,82,72623.77,1.88,
2026-10-07 09:58:20.070124+05:30,FINNIFTY,2026-10-27,True,41,81,24813.15,1.9,
2026-10-07 09:58:21.949649+05:30,MIDCPNIFTY,2026-10-27,True,41,82,13770.5,1.88,
2026-10-07 09:59:06.828917+05:30,NIFTY,2026-10-13,True,41,82,22607.6,1.84,
2026-10-07 09:59:08.744972+05:30,NIFTY,2026-10-19,True,41,82,22608.1,1.92,
2026-10-07 09:59:11.627979+05:30,NIFTY,2026-10-27,True,41,82,22607.1,2.88,
2026-10-07 09:59:13.966195+05:30,BANKNIFTY,2026-10-27,True,41,82,54767.9,2.34,
2026-10-07 09:59:15.704957+05:30,BANKNIFTY,2026-11-23,True,41,82,54772.0,1.74,
2026-10-07 09:59:17.441993+05:30,SENSEX,2026-10-08,True,41,82,72621.46,1.74,
2026-10-07 09:59:19.199143+05:30,SENSEX,2026-10-15,True,41,82,72621.35,1.76,
2026-10-07 09:59:20.936218+05:30,FINNIFTY,2026-10-27,True,41,81,24822.85,1.73,
2026-10-07 09:59:22.669082+05:30,MIDCPNIFTY,2026-10-27,True,41,82,13772.45,1.73,
2026-10-07 10:00:06.703684+05:30,NIFTY,2026-10-13,True,41,82,22612.0,1.72,
2026-10-07 10:00:08.466983+05:30,NIFTY,2026-10-19,True,41,82,22612.3,1.76,
2026-10-07 10:00:10.206050+05:30,NIFTY,2026-10-27,True,41,82,22613.35,1.74,
2026-10-07 10:00:11.967522+05:30,BANKNIFTY,2026-10-27,True,41,82,54808.7,1.76,
2026-10-07 10:00:13.740683+05:30,BANKNIFTY,2026-11-23,True,41,82,54811.7,1.77,
2026-10-07 10:00:15.497131+05:30,SENSEX,2026-10-08,True,41,82,72633.3,1.76,
2026-10-07 10:00:17.237912+05:30,SENSEX,2026-10-15,True,41,82,72631.13,1.74,
2026-10-07 10:00:18.976194+05:30,FINNIFTY,2026-10-27,True,41,81,24843.25,1.74,
2026-10-07 10:00:20.736245+05:30,MIDCPNIFTY,2026-10-27,True,41,82,13782.25,1.76,
2026-10-07 10:01:06.715928+05:30,NIFTY,2026-10-13,True,41,82,22617.15,1.73,
2026-10-07 10:01:08.463945+05:30,NIFTY,2026-10-19,True,41,82,22616.6,1.75,
2026-10-07 10:01:10.212577+05:30,NIFTY,2026-10-27,True,41,82,22616.8,1.74,
2026-10-07 10:01:11.996588+05:30,BANKNIFTY,2026-10-27,True,41,82,54850.0,1.78,
2026-10-07 10:01:13.749951+05:30,BANKNIFTY,2026-11-23,True,41,82,54845.75,1.75,
2026-10-07 10:01:15.495758+05:30,SENSEX,2026-10-08,True,41,82,72640.21,1.74,
2026-10-07 10:01:17.243763+05:30,SENSEX,2026-10-15,True,41,82,72630.93,1.75,
2026-10-07 10:01:18.970713+05:30,FINNIFTY,2026-10-27,True,41,81,24843.7,1.72,
2026-10-07 10:01:20.737739+05:30,MIDCPNIFTY,2026-10-27,True,41,82,13784.35,1.77,
2026-10-07 10:02:06.690363+05:30,NIFTY,2026-10-13,True,41,82,22602.2,1.71,
2026-10-07 10:02:08.449679+05:30,NIFTY,2026-10-19,True,41,82,22602.45,1.77,
2026-10-07 10:02:10.179788+05:30,NIFTY,2026-10-27,True,41,82,22602.35,1.72,
2026-10-07 10:02:11.926286+05:30,BANKNIFTY,2026-10-27,True,41,82,54787.9,1.74,
2026-10-07 10:02:13.689621+05:30,BANKNIFTY,2026-11-23,True,41,82,54786.2,1.76,
2026-10-07 10:02:15.434922+05:30,SENSEX,2026-10-08,True,41,82,72604.99,1.74,
2026-10-07 10:02:17.195687+05:30,SENSEX,2026-10-15,True,41,82,72595.39,1.76,
2026-10-07 10:02:18.932818+05:30,FINNIFTY,2026-10-27,True,41,80,24824.0,1.73,
2026-10-07 10:02:20.664362+05:30,MIDCPNIFTY,2026-10-27,True,41,82,13774.0,1.73,
2026-10-07 10:03:06.734752+05:30,NIFTY,2026-10-13,True,41,82,22584.5,1.75,
2026-10-07 10:03:08.516416+05:30,NIFTY,2026-10-19,True,41,82,22582.75,1.78,
2026-10-07 10:03:10.284040+05:30,NIFTY,2026-10-27,True,41,82,22582.6,1.77,
2026-10-07 10:03:12.082471+05:30,BANKNIFTY,2026-10-27,True,41,82,54706.8,1.8,
2026-10-07 10:03:13.875515+05:30,BANKNIFTY,2026-11-23,True,41,82,54704.55,1.79,
2026-10-07 10:03:15.615194+05:30,SENSEX,2026-10-08,True,41,82,72535.23,1.74,
2026-10-07 10:03:17.458256+05:30,SENSEX,2026-10-15,True,41,82,72535.2,1.84,
2026-10-07 10:03:19.229851+05:30,FINNIFTY,2026-10-27,True,41,81,24791.85,1.77,
2026-10-07 10:03:21.035943+05:30,MIDCPNIFTY,2026-10-27,True,41,82,13761.9,1.8,
2026-10-07 10:04:06.709958+05:30,NIFTY,2026-10-13,True,41,82,22596.05,1.72,
2026-10-07 10:04:08.484677+05:30,NIFTY,2026-10-19,True,41,82,22596.65,1.78,
2026-10-07 10:04:10.252545+05:30,NIFTY,2026-10-27,True,41,82,22596.7,1.77,
2026-10-07 10:04:12.017082+05:30,BANKNIFTY,2026-10-27,True,41,82,54760.7,1.76,
2026-10-07 10:04:13.805524+05:30,BANKNIFTY,2026-11-23,True,41,82,54764.05,1.79,
2026-10-07 10:04:15.565972+05:30,SENSEX,2026-10-08,True,41,82,72575.02,1.76,
2026-10-07 10:04:17.334781+05:30,SENSEX,2026-10-15,True,41,82,72569.66,1.77,
2026-10-07 10:04:19.149370+05:30,FINNIFTY,2026-10-27,True,41,81,24813.75,1.81,
2026-10-07 10:04:20.910458+05:30,MIDCPNIFTY,2026-10-27,True,41,82,13765.1,1.76,
2026-10-07 10:05:06.751606+05:30,NIFTY,2026-10-13,True,41,82,22608.6,1.77,
2026-10-07 10:05:08.512269+05:30,NIFTY,2026-10-19,True,41,82,22606.5,1.76,
2026-10-07 10:05:10.274854+05:30,NIFTY,2026-10-27,True,41,82,22607.75,1.76,
2026-10-07 10:05:12.056196+05:30,BANKNIFTY,2026-10-27,True,41,82,54801.6,1.78,
2026-10-07 10:05:13.837501+05:30,BANKNIFTY,2026-11-23,True,41,82,54805.75,1.78,
2026-10-07 10:05:15.598759+05:30,SENSEX,2026-10-08,True,41,82,72618.76,1.76,
2026-10-07 10:05:17.356062+05:30,SENSEX,2026-10-15,True,41,82,72622.17,1.76,
2026-10-07 10:05:19.133278+05:30,FINNIFTY,2026-10-27,True,41,81,24831.35,1.77,
2026-10-07 10:05:20.904593+05:30,MIDCPNIFTY,2026-10-27,True,41,82,13774.75,1.77,
2026-10-07 10:06:06.710073+05:30,NIFTY,2026-10-13,True,41,82,22620.0,1.72,
2026-10-07 10:06:08.488652+05:30,NIFTY,2026-10-19,True,41,82,22620.35,1.78,
2026-10-07 10:06:10.248017+05:30,NIFTY,2026-10-27,True,41,82,22625.55,1.76,
2026-10-07 10:06:12.051530+05:30,BANKNIFTY,2026-10-27,True,41,82,54914.8,1.8,
2026-10-07 10:06:13.836351+05:30,BANKNIFTY,2026-11-23,True,41,82,54907.4,1.78,
2026-10-07 10:06:16.343945+05:30,SENSEX,2026-10-08,True,41,82,72687.66,2.51,
2026-10-07 10:06:18.087754+05:30,SENSEX,2026-10-15,True,41,82,72694.33,1.74,
2026-10-07 10:06:19.843293+05:30,FINNIFTY,2026-10-27,True,41,81,24866.05,1.75,
2026-10-07 10:06:21.601483+05:30,MIDCPNIFTY,2026-10-27,True,41,82,13779.45,1.76,
2026-10-07 10:07:06.711350+05:30,NIFTY,2026-10-13,True,41,82,22617.45,1.73,
2026-10-07 10:07:08.495524+05:30,NIFTY,2026-10-19,True,41,82,22616.3,1.78,
2026-10-07 10:07:10.262114+05:30,NIFTY,2026-10-27,True,41,82,22616.4,1.76,
2026-10-07 10:07:12.057055+05:30,BANKNIFTY,2026-10-27,True,41,82,54858.85,1.79,
2026-10-07 10:07:13.844737+05:30,BANKNIFTY,2026-11-23,True,41,82,54858.6,1.79,
2026-10-07 10:07:15.603632+05:30,SENSEX,2026-10-08,True,41,82,72649.61,1.76,
2026-10-07 10:07:17.374257+05:30,SENSEX,2026-10-15,True,41,82,72652.79,1.77,
2026-10-07 10:07:19.132398+05:30,FINNIFTY,2026-10-27,True,41,81,24835.3,1.76,
2026-10-07 10:07:20.921763+05:30,MIDCPNIFTY,2026-10-27,True,41,82,13772.45,1.79,
2026-10-07 10:08:06.719125+05:30,NIFTY,2026-10-13,True,41,82,22605.45,1.73,
2026-10-07 10:08:08.503262+05:30,NIFTY,2026-10-19,True,41,82,22603.5,1.78,
2026-10-07 10:08:10.280272+05:30,NIFTY,2026-10-27,True,41,82,22604.95,1.78,
2026-10-07 10:08:12.069578+05:30,BANKNIFTY,2026-10-27,True,41,82,54841.5,1.79,
2026-10-07 10:08:13.865157+05:30,BANKNIFTY,2026-11-23,True,41,82,54846.05,1.79,
2026-10-07 10:08:15.633528+05:30,SENSEX,2026-10-08,True,41,82,72610.97,1.77,
2026-10-07 10:08:17.411163+05:30,SENSEX,2026-10-15,True,41,82,72610.63,1.78,
2026-10-07 10:08:20.215552+05:30,FINNIFTY,2026-10-27,True,41,81,24820.1,2.8,
2026-10-07 10:08:21.994848+05:30,MIDCPNIFTY,2026-10-27,True,41,82,13773.9,1.78,
2026-10-07 10:09:06.713400+05:30,NIFTY,2026-10-13,True,41,82,22617.7,1.73,
2026-10-07 10:09:08.476048+05:30,NIFTY,2026-10-19,True,41,82,22617.15,1.76,
2026-10-07 10:09:10.246199+05:30,NIFTY,2026-10-27,True,41,82,22616.25,1.77,
2026-10-07 10:09:12.025814+05:30,BANKNIFTY,2026-10-27,True,41,82,54897.75,1.78,
2026-10-07 10:09:13.800711+05:30,BANKNIFTY,2026-11-23,True,41,82,54905.9,1.77,
2026-10-07 10:09:15.564052+05:30,SENSEX,2026-10-08,True,41,82,72658.47,1.76,
2026-10-07 10:09:17.321994+05:30,SENSEX,2026-10-15,True,41,82,72659.12,1.76,
2026-10-07 10:09:19.085971+05:30,FINNIFTY,2026-10-27,True,41,81,24850.35,1.76,
2026-10-07 10:09:20.907749+05:30,MIDCPNIFTY,2026-10-27,True,41,82,13773.0,1.82,
2026-10-07 10:10:06.718728+05:30,NIFTY,2026-10-13,True,41,82,22619.4,1.73,
2026-10-07 10:10:08.533287+05:30,NIFTY,2026-10-19,True,41,82,22618.45,1.82,
2026-10-07 10:10:10.341555+05:30,NIFTY,2026-10-27,True,41,82,22615.05,1.81,
2026-10-07 10:10:12.144687+05:30,BANKNIFTY,2026-10-27,True,41,82,54904.4,1.8,
2026-10-07 10:10:13.931659+05:30,BANKNIFTY,2026-11-23,True,41,82,54903.2,1.79,
2026-10-07 10:10:16.826300+05:30,SENSEX,2026-10-08,True,41,82,72659.04,2.89,
2026-10-07 10:10:18.592960+05:30,SENSEX,2026-10-15,True,41,82,72655.48,1.77,
2026-10-07 10:10:20.372045+05:30,FINNIFTY,2026-10-27,True,41,81,24859.95,1.78,
2026-10-07 10:10:22.141500+05:30,MIDCPNIFTY,2026-10-27,True,41,82,13764.65,1.77,
2026-10-07 10:11:06.716015+05:30,NIFTY,2026-10-13,True,41,82,22612.55,1.73,
2026-10-07 10:11:08.509027+05:30,NIFTY,2026-10-19,True,41,82,22614.5,1.79,
2026-10-07 10:11:10.281393+05:30,NIFTY,2026-10-27,True,41,82,22614.05,1.77,
2026-10-07 10:11:12.074267+05:30,BANKNIFTY,2026-10-27,True,41,82,54909.45,1.79,
2026-10-07 10:11:13.858612+05:30,BANKNIFTY,2026-11-23,True,41,82,54916.0,1.78,
2026-10-07 10:11:15.632006+05:30,SENSEX,2026-10-08,True,41,82,72663.13,1.77,
2026-10-07 10:11:17.406023+05:30,SENSEX,2026-10-15,True,41,82,72666.64,1.77,
2026-10-07 10:11:19.175274+05:30,FINNIFTY,2026-10-27,True,41,81,24863.15,1.77,
2026-10-07 10:11:20.943648+05:30,MIDCPNIFTY,2026-10-27,True,41,82,13763.4,1.77,
2026-10-07 10:12:06.711374+05:30,NIFTY,2026-10-13,True,41,82,22621.05,1.73,
2026-10-07 10:12:08.496155+05:30,NIFTY,2026-10-19,True,41,82,22619.25,1.79,
2026-10-07 10:12:10.269601+05:30,NIFTY,2026-10-27,True,41,82,22619.35,1.77,
2026-10-07 10:12:12.051836+05:30,BANKNIFTY,2026-10-27,True,41,82,54947.8,1.78,
2026-10-07 10:12:13.841466+05:30,BANKNIFTY,2026-11-23,True,41,82,54952.2,1.79,
2026-10-07 10:12:15.607107+05:30,SENSEX,2026-10-08,True,41,82,72680.38,1.77,
2026-10-07 10:12:17.375131+05:30,SENSEX,2026-10-15,True,41,82,72682.32,1.76,
2026-10-07 10:12:19.164855+05:30,FINNIFTY,2026-10-27,True,41,81,24878.25,1.79,
2026-10-07 10:12:20.939474+05:30,MIDCPNIFTY,2026-10-27,True,41,82,13768.25,1.77,
2026-10-07 10:13:06.729873+05:30,NIFTY,2026-10-13,True,41,82,22618.8,1.75,
2026-10-07 10:13:08.525643+05:30,NIFTY,2026-10-19,True,41,82,22619.95,1.8,
2026-10-07 10:13:10.325172+05:30,NIFTY,2026-10-27,True,41,82,22620.45,1.8,
2026-10-07 10:13:12.154206+05:30,BANKNIFTY,2026-10-27,True,41,82,54963.1,1.83,
2026-10-07 10:13:13.945239+05:30,BANKNIFTY,2026-11-23,True,41,82,54966.15,1.79,
2026-10-07 10:13:15.739605+05:30,SENSEX,2026-10-08,True,41,82,72675.11,1.79,
2026-10-07 10:13:17.541524+05:30,SENSEX,2026-10-15,True,41,82,72682.69,1.8,
2026-10-07 10:13:19.940482+05:30,FINNIFTY,2026-10-27,True,41,81,24877.0,2.4,
2026-10-07 10:13:21.738344+05:30,MIDCPNIFTY,2026-10-27,True,41,82,13771.15,1.8,
2026-10-07 10:14:06.951700+05:30,NIFTY,2026-10-13,True,41,82,22617.65,1.97,
2026-10-07 10:14:08.751499+05:30,NIFTY,2026-10-19,True,41,82,22617.2,1.8,
2026-10-07 10:14:10.528707+05:30,NIFTY,2026-10-27,True,41,82,22615.8,1.78,
2026-10-07 10:14:12.320183+05:30,BANKNIFTY,2026-10-27,True,41,82,54951.85,1.79,
2026-10-07 10:14:14.124799+05:30,BANKNIFTY,2026-11-23,True,41,82,54952.05,1.8,
2026-10-07 10:14:15.892490+05:30,SENSEX,2026-10-08,True,41,82,72656.57,1.77,
2026-10-07 10:14:17.662369+05:30,SENSEX,2026-10-15,True,41,82,72662.26,1.77,
2026-10-07 10:14:19.502544+05:30,FINNIFTY,2026-10-27,True,41,81,24859.65,1.84,
2026-10-07 10:14:21.459763+05:30,MIDCPNIFTY,2026-10-27,True,41,82,13771.25,1.96,
2026-10-07 10:15:06.740264+05:30,NIFTY,2026-10-13,True,41,82,22616.6,1.76,
2026-10-07 10:15:08.543921+05:30,NIFTY,2026-10-19,True,41,82,22618.85,1.8,
2026-10-07 10:15:10.370058+05:30,NIFTY,2026-10-27,True,41,82,22619.8,1.83,
2026-10-07 10:15:12.185500+05:30,BANKNIFTY,2026-10-27,True,41,82,55007.25,1.81,
2026-10-07 10:15:14.002950+05:30,BANKNIFTY,2026-11-23,True,41,82,55000.85,1.82,
2026-10-07 10:15:15.783233+05:30,SENSEX,2026-10-08,True,41,82,72659.0,1.78,
2026-10-07 10:15:17.549870+05:30,SENSEX,2026-10-15,True,41,82,72660.0,1.77,
2026-10-07 10:15:19.344581+05:30,FINNIFTY,2026-10-27,True,41,81,24862.65,1.79,
2026-10-07 10:15:21.130024+05:30,MIDCPNIFTY,2026-10-27,True,41,82,13774.0,1.78,
2026-10-07 10:16:06.730508+05:30,NIFTY,2026-10-13,True,41,82,22616.0,1.75,
2026-10-07 10:16:08.507737+05:30,NIFTY,2026-10-19,True,41,82,22617.2,1.78,
2026-10-07 10:16:11.114592+05:30,NIFTY,2026-10-27,True,41,82,22616.65,2.61,
2026-10-07 10:16:12.906611+05:30,BANKNIFTY,2026-10-27,True,41,82,55036.3,1.79,
2026-10-07 10:16:14.719990+05:30,BANKNIFTY,2026-11-23,True,41,82,55044.8,1.81,
2026-10-07 10:16:16.508372+05:30,SENSEX,2026-10-08,True,41,82,72668.0,1.79,
2026-10-07 10:16:18.290743+05:30,SENSEX,2026-10-15,True,41,82,72672.42,1.78,
2026-10-07 10:16:20.080841+05:30,FINNIFTY,2026-10-27,True,41,81,24862.2,1.79,
2026-10-07 10:16:21.866701+05:30,MIDCPNIFTY,2026-10-27,True,41,82,13779.8,1.78,
2026-10-07 10:17:07.746166+05:30,NIFTY,2026-10-13,True,41,82,22642.3,2.76,
2026-10-07 10:17:09.529922+05:30,NIFTY,2026-10-19,True,41,82,22642.85,1.78,
2026-10-07 10:17:11.340552+05:30,NIFTY,2026-10-27,True,41,82,22643.55,1.81,
2026-10-07 10:17:16.400283+05:30,BANKNIFTY,2026-10-27,True,41,82,55142.75,5.06,
2026-10-07 10:17:18.210945+05:30,BANKNIFTY,2026-11-23,True,41,82,55155.15,1.81,
2026-10-07 10:17:19.998464+05:30,SENSEX,2026-10-08,True,41,82,72734.41,1.79,
2026-10-07 10:17:21.837972+05:30,SENSEX,2026-10-15,True,41,82,72736.54,1.84,
2026-10-07 10:17:23.612001+05:30,FINNIFTY,2026-10-27,True,41,80,24907.35,1.77,
2026-10-07 10:17:25.419503+05:30,MIDCPNIFTY,2026-10-27,True,41,82,13796.8,1.81,
2026-10-07 10:18:06.729731+05:30,NIFTY,2026-10-13,True,41,82,22646.95,1.74,
2026-10-07 10:18:08.530471+05:30,NIFTY,2026-10-19,True,41,82,22650.95,1.8,
2026-10-07 10:18:10.327990+05:30,NIFTY,2026-10-27,True,41,82,22650.85,1.8,
2026-10-07 10:18:12.118723+05:30,BANKNIFTY,2026-10-27,True,41,82,55151.35,1.79,
2026-10-07 10:18:13.916929+05:30,BANKNIFTY,2026-11-23,True,41,82,55149.5,1.8,
2026-10-07 10:18:15.713831+05:30,SENSEX,2026-10-08,True,41,82,72768.75,1.79,
2026-10-07 10:18:17.508390+05:30,SENSEX,2026-10-15,True,41,82,72774.89,1.79,
2026-10-07 10:18:19.297010+05:30,FINNIFTY,2026-10-27,True,41,79,24922.45,1.79,
2026-10-07 10:18:21.096402+05:30,MIDCPNIFTY,2026-10-27,True,41,82,13806.85,1.8,
2026-10-07 10:19:07.777483+05:30,NIFTY,2026-10-13,True,41,82,22679.9,2.79,
2026-10-07 10:19:09.589037+05:30,NIFTY,2026-10-19,True,41,82,22678.55,1.81,
2026-10-07 10:19:11.383029+05:30,NIFTY,2026-10-27,True,41,82,22673.15,1.79,
2026-10-07 10:19:13.193120+05:30,BANKNIFTY,2026-10-27,True,41,82,55212.55,1.81,
2026-10-07 10:19:15.023066+05:30,BANKNIFTY,2026-11-23,True,41,82,55214.7,1.83,
2026-10-07 10:19:16.825082+05:30,SENSEX,2026-10-08,True,41,82,72833.85,1.8,
2026-10-07 10:19:18.618921+05:30,SENSEX,2026-10-15,True,41,82,72834.1,1.79,
2026-10-07 10:19:20.447232+05:30,FINNIFTY,2026-10-27,True,41,82,24929.9,1.83,
2026-10-07 10:19:23.264209+05:30,MIDCPNIFTY,2026-10-27,True,41,82,13819.45,2.82,
2026-10-07 10:20:06.707289+05:30,NIFTY,2026-10-13,True,41,82,22666.0,1.72,
2026-10-07 10:20:08.466141+05:30,NIFTY,2026-10-19,True,41,82,22667.05,1.76,
2026-10-07 10:20:11.258554+05:30,NIFTY,2026-10-27,True,41,82,22663.15,2.79,
2026-10-07 10:20:13.040884+05:30,BANKNIFTY,2026-10-27,True,41,82,55180.85,1.78,
2026-10-07 10:20:14.813286+05:30,BANKNIFTY,2026-11-23,True,41,82,55180.0,1.77,
2026-10-07 10:20:16.573494+05:30,SENSEX,2026-10-08,True,41,82,72820.75,1.76,
2026-10-07 10:20:18.343156+05:30,SENSEX,2026-10-15,True,41,82,72820.38,1.77,
2026-10-07 10:20:20.135542+05:30,FINNIFTY,2026-10-27,True,41,82,24926.4,1.79,
2026-10-07 10:20:21.895469+05:30,MIDCPNIFTY,2026-10-27,True,41,82,13823.35,1.76,
2026-10-07 10:21:06.721753+05:30,NIFTY,2026-10-13,True,41,82,22675.35,1.74,
2026-10-07 10:21:08.510593+05:30,NIFTY,2026-10-19,True,41,82,22676.75,1.79,
2026-10-07 10:21:10.281155+05:30,NIFTY,2026-10-27,True,41,82,22677.35,1.77,
2026-10-07 10:21:12.063791+05:30,BANKNIFTY,2026-10-27,True,41,82,55225.85,1.79,
2026-10-07 10:21:13.831900+05:30,BANKNIFTY,2026-11-23,True,41,82,55226.75,1.76,
2026-10-07 10:21:16.142580+05:30,SENSEX,2026-10-08,True,41,82,72849.44,2.31,
2026-10-07 10:21:17.835654+05:30,SENSEX,2026-10-15,True,41,82,72847.46,1.69,
2026-10-07 10:21:19.630177+05:30,FINNIFTY,2026-10-27,True,41,82,24952.2,1.79,
2026-10-07 10:21:21.678446+05:30,MIDCPNIFTY,2026-10-27,True,41,82,13826.25,2.05,
2026-10-07 10:22:07.151699+05:30,NIFTY,2026-10-13,True,41,82,22682.4,2.17,
2026-10-07 10:22:08.826682+05:30,NIFTY,2026-10-19,True,41,82,22683.45,1.68,
2026-10-07 10:22:10.524201+05:30,NIFTY,2026-10-27,True,41,82,22682.95,1.7,
2026-10-07 10:22:12.232387+05:30,BANKNIFTY,2026-10-27,True,41,82,55213.45,1.71,
2026-10-07 10:22:13.931082+05:30,BANKNIFTY,2026-11-23,True,41,82,55208.2,1.7,
2026-10-07 10:22:15.633966+05:30,SENSEX,2026-10-08,True,41,82,72872.15,1.7,
2026-10-07 10:22:17.334208+05:30,SENSEX,2026-10-15,True,41,82,72869.57,1.7,
2026-10-07 10:22:19.042665+05:30,FINNIFTY,2026-10-27,True,41,82,24952.45,1.71,
2026-10-07 10:22:20.747514+05:30,MIDCPNIFTY,2026-10-27,True,41,82,13826.4,1.7,
2026-10-07 10:23:06.634286+05:30,NIFTY,2026-10-13,True,41,82,22664.95,1.65,
2026-10-07 10:23:08.339626+05:30,NIFTY,2026-10-19,True,41,82,22663.2,1.71,
2026-10-07 10:23:10.058585+05:30,NIFTY,2026-10-27,True,41,82,22661.9,1.72,
2026-10-07 10:23:11.770626+05:30,BANKNIFTY,2026-10-27,True,41,82,55110.25,1.71,
2026-10-07 10:23:13.468192+05:30,BANKNIFTY,2026-11-23,True,41,82,55110.6,1.7,
2026-10-07 10:23:15.156272+05:30,SENSEX,2026-10-08,True,41,82,72813.49,1.69,
2026-10-07 10:23:16.837910+05:30,SENSEX,2026-10-15,True,41,82,72814.01,1.68,
2026-10-07 10:23:18.560243+05:30,FINNIFTY,2026-10-27,True,41,82,24933.0,1.72,
2026-10-07 10:23:20.335208+05:30,MIDCPNIFTY,2026-10-27,True,41,82,13809.25,1.77,
2026-10-07 10:24:06.650269+05:30,NIFTY,2026-10-13,True,41,82,22670.95,1.67,
2026-10-07 10:24:08.361072+05:30,NIFTY,2026-10-19,True,41,82,22671.6,1.71,
2026-10-07 10:24:10.076670+05:30,NIFTY,2026-10-27,True,41,82,22672.6,1.76,
2026-10-07 10:24:11.803550+05:30,BANKNIFTY,2026-10-27,True,41,82,55122.9,1.68,
2026-10-07 10:24:13.540624+05:30,BANKNIFTY,2026-11-23,True,41,82,55115.5,1.73,
2026-10-07 10:24:15.250960+05:30,SENSEX,2026-10-08,True,41,82,72826.62,1.71,
2026-10-07 10:24:16.945671+05:30,SENSEX,2026-10-15,True,41,82,72838.23,1.7,
2026-10-07 10:24:18.628342+05:30,FINNIFTY,2026-10-27,True,41,82,24943.95,1.68,
2026-10-07 10:24:20.327609+05:30,MIDCPNIFTY,2026-10-27,True,41,82,13809.7,1.7,
2026-10-07 10:25:06.639281+05:30,NIFTY,2026-10-13,True,41,82,22669.85,1.65,
2026-10-07 10:25:08.333408+05:30,NIFTY,2026-10-19,True,41,82,22669.05,1.7,
2026-10-07 10:25:10.046647+05:30,NIFTY,2026-10-27,True,41,82,22667.75,1.7,
2026-10-07 10:25:11.770633+05:30,BANKNIFTY,2026-10-27,True,41,82,55119.35,1.72,
2026-10-07 10:25:13.508810+05:30,BANKNIFTY,2026-11-23,True,41,82,55112.3,1.74,
2026-10-07 10:25:15.214043+05:30,SENSEX,2026-10-08,True,41,82,72837.0,1.7,
2026-10-07 10:25:16.924065+05:30,SENSEX,2026-10-15,True,41,82,72837.85,1.71,
2026-10-07 10:25:18.607328+05:30,FINNIFTY,2026-10-27,True,41,82,24944.0,1.68,
2026-10-07 10:25:20.318570+05:30,MIDCPNIFTY,2026-10-27,True,41,82,13805.45,1.71,
2026-10-07 10:26:06.636901+05:30,NIFTY,2026-10-13,True,41,82,22677.45,1.69,
2026-10-07 10:26:08.335904+05:30,NIFTY,2026-10-19,True,41,82,22678.55,1.66,
2026-10-07 10:26:10.035277+05:30,NIFTY,2026-10-27,True,41,82,22678.45,1.7,
2026-10-07 10:26:11.738102+05:30,BANKNIFTY,2026-10-27,True,41,82,55165.45,1.7,
2026-10-07 10:26:13.455418+05:30,BANKNIFTY,2026-11-23,True,41,82,55168.75,1.72,
2026-10-07 10:26:15.142716+05:30,SENSEX,2026-10-08,True,41,82,72859.66,1.69,
2026-10-07 10:26:16.829518+05:30,SENSEX,2026-10-15,True,41,82,72860.09,1.69,
2026-10-07 10:26:18.529236+05:30,FINNIFTY,2026-10-27,True,41,82,24958.85,1.7,
2026-10-07 10:26:20.370213+05:30,MIDCPNIFTY,2026-10-27,True,41,82,13809.5,1.84,
2026-10-07 10:27:06.677202+05:30,NIFTY,2026-10-13,True,41,82,22679.8,1.69,
2026-10-07 10:27:08.396451+05:30,NIFTY,2026-10-19,True,41,82,22678.05,1.72,
2026-10-07 10:27:10.101642+05:30,NIFTY,2026-10-27,True,41,82,22677.75,1.7,
2026-10-07 10:27:11.814872+05:30,BANKNIFTY,2026-10-27,True,41,82,55189.45,1.71,
2026-10-07 10:27:13.537368+05:30,BANKNIFTY,2026-11-23,True,41,82,55198.05,1.72,
2026-10-07 10:27:15.235260+05:30,SENSEX,2026-10-08,True,41,82,72869.04,1.7,
2026-10-07 10:27:16.946182+05:30,SENSEX,2026-10-15,True,41,82,72870.65,1.71,
2026-10-07 10:27:18.652148+05:30,FINNIFTY,2026-10-27,True,41,82,24970.05,1.7,
2026-10-07 10:27:20.362550+05:30,MIDCPNIFTY,2026-10-27,True,41,82,13818.45,1.71,
2026-10-07 10:28:06.644557+05:30,NIFTY,2026-10-13,True,41,82,22678.65,1.66,
2026-10-07 10:28:08.357665+05:30,NIFTY,2026-10-19,True,41,82,22679.4,1.71,
2026-10-07 10:28:10.054338+05:30,NIFTY,2026-10-27,True,41,82,22679.0,1.7,
2026-10-07 10:28:11.759265+05:30,BANKNIFTY,2026-10-27,True,41,82,55197.85,1.7,
2026-10-07 10:28:13.479093+05:30,BANKNIFTY,2026-11-23,True,41,82,55203.55,1.72,
2026-10-07 10:28:15.157957+05:30,SENSEX,2026-10-08,True,41,82,72869.45,1.68,
2026-10-07 10:28:16.838107+05:30,SENSEX,2026-10-15,True,41,82,72866.18,1.68,
2026-10-07 10:28:18.533927+05:30,FINNIFTY,2026-10-27,True,41,82,24969.55,1.69,
2026-10-07 10:28:20.299991+05:30,MIDCPNIFTY,2026-10-27,True,41,82,13820.75,1.76,
2026-10-07 10:29:06.659871+05:30,NIFTY,2026-10-13,True,41,82,22685.25,1.67,
2026-10-07 10:29:08.374916+05:30,NIFTY,2026-10-19,True,41,82,22685.35,1.72,
2026-10-07 10:29:10.060441+05:30,NIFTY,2026-10-27,True,41,82,22685.45,1.68,
2026-10-07 10:29:11.758306+05:30,BANKNIFTY,2026-10-27,True,41,82,55225.45,1.7,
2026-10-07 10:29:13.471891+05:30,BANKNIFTY,2026-11-23,True,41,82,55225.2,1.71,
2026-10-07 10:29:15.168886+05:30,SENSEX,2026-10-08,True,41,82,72904.02,1.7,
2026-10-07 10:29:16.856384+05:30,SENSEX,2026-10-15,True,41,82,72906.12,1.69,
2026-10-07 10:29:18.558350+05:30,FINNIFTY,2026-10-27,True,41,82,24977.2,1.7,
2026-10-07 10:29:20.340035+05:30,MIDCPNIFTY,2026-10-27,True,41,82,13823.05,1.78,
2026-10-07 10:30:06.800986+05:30,NIFTY,2026-10-13,True,41,82,22697.7,1.82,
2026-10-07 10:30:08.510905+05:30,NIFTY,2026-10-19,True,41,82,22697.25,1.71,
2026-10-07 10:30:10.388889+05:30,NIFTY,2026-10-27,True,41,82,22698.2,1.88,
2026-10-07 10:30:13.169297+05:30,BANKNIFTY,2026-10-27,True,41,82,55249.5,2.78,
2026-10-07 10:30:14.892530+05:30,BANKNIFTY,2026-11-23,True,41,82,55247.85,1.72,
2026-10-07 10:30:16.579906+05:30,SENSEX,2026-10-08,True,41,82,72940.88,1.68,
2026-10-07 10:30:18.296501+05:30,SENSEX,2026-10-15,True,41,82,72939.32,1.72,
2026-10-07 10:30:20.019414+05:30,FINNIFTY,2026-10-27,True,41,82,24985.55,1.72,
2026-10-07 10:30:21.719071+05:30,MIDCPNIFTY,2026-10-27,True,41,82,13821.8,1.7,
2026-10-07 10:31:06.717051+05:30,NIFTY,2026-10-13,True,41,82,22691.4,1.73,
2026-10-07 10:31:08.439733+05:30,NIFTY,2026-10-19,True,41,82,22694.2,1.72,
2026-10-07 10:31:10.428418+05:30,NIFTY,2026-10-27,True,41,82,22695.5,1.99,
2026-10-07 10:31:12.175681+05:30,BANKNIFTY,2026-10-27,True,41,82,55263.2,1.74,
2026-10-07 10:31:13.876004+05:30,BANKNIFTY,2026-11-23,True,41,82,55266.6,1.7,
2026-10-07 10:31:15.604553+05:30,SENSEX,2026-10-08,True,41,82,72938.39,1.73,
2026-10-07 10:31:05.000184+05:30,SENSEX,2026-10-15,False,,,,0.29,"('Connection aborted.', RemoteDisconnected('Remote end closed connection without response'))"
2026-10-07 10:31:18.362286+05:30,FINNIFTY,2026-10-27,True,41,82,24996.95,2.46,
2026-10-07 10:31:20.201575+05:30,MIDCPNIFTY,2026-10-27,True,41,82,13818.35,1.84,
2026-10-07 10:32:06.763024+05:30,NIFTY,2026-10-13,True,41,82,22686.65,1.78,
2026-10-07 10:32:08.574610+05:30,NIFTY,2026-10-19,True,41,82,22686.35,1.81,
2026-10-07 10:32:10.391038+05:30,NIFTY,2026-10-27,True,41,82,22686.7,1.83,
2026-10-07 10:32:12.428077+05:30,BANKNIFTY,2026-10-27,True,41,82,55239.6,2.02,
2026-10-07 10:32:14.275639+05:30,BANKNIFTY,2026-11-23,True,41,82,55246.5,1.85,
2026-10-07 10:32:16.089761+05:30,SENSEX,2026-10-08,True,41,82,72912.97,1.81,
2026-10-07 10:32:17.894642+05:30,SENSEX,2026-10-15,True,41,82,72912.45,1.8,
2026-10-07 10:32:19.711113+05:30,FINNIFTY,2026-10-27,True,41,82,24977.6,1.81,
2026-10-07 10:32:21.526266+05:30,MIDCPNIFTY,2026-10-27,True,41,82,13815.7,1.81,
2026-10-07 10:33:06.770259+05:30,NIFTY,2026-10-13,True,41,82,22688.85,1.79,
2026-10-07 10:33:08.583958+05:30,NIFTY,2026-10-19,True,41,82,22687.8,1.81,
2026-10-07 10:33:10.400133+05:30,NIFTY,2026-10-27,True,41,82,22687.7,1.81,
2026-10-07 10:33:12.346046+05:30,BANKNIFTY,2026-10-27,True,41,82,55252.5,1.95,
2026-10-07 10:33:14.175659+05:30,BANKNIFTY,2026-11-23,True,41,82,55242.4,1.83,
2026-10-07 10:33:15.967345+05:30,SENSEX,2026-10-08,True,41,82,72911.0,1.79,
2026-10-07 10:33:18.774037+05:30,SENSEX,2026-10-15,True,41,82,72908.71,2.81,
2026-10-07 10:33:20.588495+05:30,FINNIFTY,2026-10-27,True,41,82,24974.65,1.81,
2026-10-07 10:33:23.099489+05:30,MIDCPNIFTY,2026-10-27,True,41,82,13803.45,2.51,
2026-10-07 10:34:06.760311+05:30,NIFTY,2026-10-13,True,41,82,22676.65,1.78,
2026-10-07 10:34:08.592684+05:30,NIFTY,2026-10-19,True,41,82,22676.6,1.83,
2026-10-07 10:34:10.416092+05:30,NIFTY,2026-10-27,True,41,82,22673.35,1.82,
2026-10-07 10:34:12.288883+05:30,BANKNIFTY,2026-10-27,True,41,82,55194.55,1.87,
2026-10-07 10:34:14.118372+05:30,BANKNIFTY,2026-11-23,True,41,82,55195.75,1.83,
2026-10-07 10:34:15.935713+05:30,SENSEX,2026-10-08,True,41,82,72879.47,1.82,
2026-10-07 10:34:17.729341+05:30,SENSEX,2026-10-15,True,41,82,72873.96,1.79,
2026-10-07 10:34:19.531239+05:30,FINNIFTY,2026-10-27,True,41,82,24940.4,1.8,
2026-10-07 10:34:21.355961+05:30,MIDCPNIFTY,2026-10-27,True,41,82,13787.15,1.82,
2026-10-07 10:35:06.793275+05:30,NIFTY,2026-10-13,True,41,82,22662.8,1.81,
2026-10-07 10:35:08.633862+05:30,NIFTY,2026-10-19,True,41,82,22662.95,1.84,
2026-10-07 10:35:10.476980+05:30,NIFTY,2026-10-27,True,41,82,22663.35,1.84,
2026-10-07 10:35:12.324372+05:30,BANKNIFTY,2026-10-27,True,41,82,55157.05,1.85,
2026-10-07 10:35:14.181334+05:30,BANKNIFTY,2026-11-23,True,41,82,55153.4,1.86,
2026-10-07 10:35:16.021292+05:30,SENSEX,2026-10-08,True,41,82,72831.02,1.84,
2026-10-07 10:35:17.869294+05:30,SENSEX,2026-10-15,True,41,82,72837.07,1.85,
2026-10-07 10:35:19.733953+05:30,FINNIFTY,2026-10-27,True,41,82,24922.95,1.86,
2026-10-07 10:35:21.589471+05:30,MIDCPNIFTY,2026-10-27,True,41,82,13779.5,1.85,
2026-10-07 10:36:06.773527+05:30,NIFTY,2026-10-13,True,41,82,22652.0,1.79,
2026-10-07 10:36:08.578598+05:30,NIFTY,2026-10-19,True,41,82,22652.05,1.8,
2026-10-07 10:36:10.398075+05:30,NIFTY,2026-10-27,True,41,82,22652.15,1.82,
2026-10-07 10:36:12.986417+05:30,BANKNIFTY,2026-10-27,True,41,82,55131.15,2.59,
2026-10-07 10:36:14.868836+05:30,BANKNIFTY,2026-11-23,True,41,82,55126.55,1.88,
2026-10-07 10:36:16.676643+05:30,SENSEX,2026-10-08,True,41,82,72806.4,1.81,
2026-10-07 10:36:18.531286+05:30,SENSEX,2026-10-15,True,41,82,72805.1,1.85,
2026-10-07 10:36:20.323706+05:30,FINNIFTY,2026-10-27,True,41,82,24902.15,1.79,
2026-10-07 10:36:22.141295+05:30,MIDCPNIFTY,2026-10-27,True,41,82,13778.95,1.82,
2026-10-07 10:37:06.778783+05:30,NIFTY,2026-10-13,True,41,82,22627.05,1.79,
2026-10-07 10:37:08.589699+05:30,NIFTY,2026-10-19,True,41,82,22627.55,1.82,
2026-10-07 10:37:10.394146+05:30,NIFTY,2026-10-27,True,41,82,22626.35,1.8,
2026-10-07 10:37:12.307978+05:30,BANKNIFTY,2026-10-27,True,41,82,55053.15,1.91,
2026-10-07 10:37:14.176754+05:30,BANKNIFTY,2026-11-23,True,41,82,55049.5,1.87,
2026-10-07 10:37:17.046277+05:30,SENSEX,2026-10-08,True,41,82,72731.31,2.87,
2026-10-07 10:37:18.842604+05:30,SENSEX,2026-10-15,True,41,82,72730.91,1.8,
2026-10-07 10:37:20.651699+05:30,FINNIFTY,2026-10-27,True,41,82,24867.95,1.81,
2026-10-07 10:37:22.466511+05:30,MIDCPNIFTY,2026-10-27,True,41,82,13765.65,1.81,
2026-10-07 10:38:06.750750+05:30,NIFTY,2026-10-13,True,41,82,22642.4,1.77,
2026-10-07 10:38:08.574299+05:30,NIFTY,2026-10-19,True,41,82,22644.85,1.82,
2026-10-07 10:38:10.395474+05:30,NIFTY,2026-10-27,True,41,82,22644.8,1.82,
2026-10-07 10:38:12.279638+05:30,BANKNIFTY,2026-10-27,True,41,82,55085.1,1.88,
2026-10-07 10:38:14.103882+05:30,BANKNIFTY,2026-11-23,True,41,82,55086.65,1.82,
2026-10-07 10:38:15.904818+05:30,SENSEX,2026-10-08,True,41,82,72778.28,1.8,
2026-10-07 10:38:17.694333+05:30,SENSEX,2026-10-15,True,41,82,72778.37,1.79,
2026-10-07 10:38:19.500676+05:30,FINNIFTY,2026-10-27,True,41,82,24896.35,1.8,
2026-10-07 10:38:22.329438+05:30,MIDCPNIFTY,2026-10-27,True,41,82,13780.0,2.83,
2026-10-07 10:39:07.462150+05:30,NIFTY,2026-10-13,True,41,82,22650.7,2.48,
2026-10-07 10:39:09.251972+05:30,NIFTY,2026-10-19,True,41,82,22649.45,1.79,
2026-10-07 10:39:11.061295+05:30,NIFTY,2026-10-27,True,41,82,22649.15,1.81,
2026-10-07 10:39:12.956863+05:30,BANKNIFTY,2026-10-27,True,41,82,55103.0,1.89,
2026-10-07 10:39:14.760611+05:30,BANKNIFTY,2026-11-23,True,41,82,55104.95,1.8,
2026-10-07 10:39:16.571077+05:30,SENSEX,2026-10-08,True,41,82,72787.56,1.81,
2026-10-07 10:39:19.426192+05:30,SENSEX,2026-10-15,True,41,82,72789.07,2.85,
2026-10-07 10:39:21.523112+05:30,FINNIFTY,2026-10-27,True,41,82,24907.55,2.09,
2026-10-07 10:39:23.346032+05:30,MIDCPNIFTY,2026-10-27,True,41,82,13781.85,1.82,
2026-10-07 10:40:06.746900+05:30,NIFTY,2026-10-13,True,41,82,22642.6,1.76,
2026-10-07 10:40:08.545573+05:30,NIFTY,2026-10-19,True,41,82,22643.2,1.8,
2026-10-07 10:40:10.373721+05:30,NIFTY,2026-10-27,True,41,82,22642.1,1.83,
2026-10-07 10:40:12.134448+05:30,BANKNIFTY,2026-10-27,True,41,82,55101.0,1.76,
2026-10-07 10:40:13.953025+05:30,BANKNIFTY,2026-11-23,True,41,82,55097.2,1.82,
2026-10-07 10:40:15.856853+05:30,SENSEX,2026-10-08,True,41,82,72779.55,1.9,
2026-10-07 10:40:17.711706+05:30,SENSEX,2026-10-15,True,41,82,72782.48,1.86,
2026-10-07 10:40:19.503086+05:30,FINNIFTY,2026-10-27,True,41,82,24891.65,1.79,
2026-10-07 10:40:21.343587+05:30,MIDCPNIFTY,2026-10-27,True,41,82,13776.3,1.84,
2026-10-07 10:41:06.751629+05:30,NIFTY,2026-10-13,True,41,82,22645.6,1.77,
2026-10-07 10:41:08.569355+05:30,NIFTY,2026-10-19,True,41,82,22646.55,1.83,
2026-10-07 10:41:10.389364+05:30,NIFTY,2026-10-27,True,41,82,22647.05,1.81,
2026-10-07 10:41:12.339049+05:30,BANKNIFTY,2026-10-27,True,41,82,55119.75,1.95,
2026-10-07 10:41:14.158345+05:30,BANKNIFTY,2026-11-23,True,41,82,55109.4,1.82,
2026-10-07 10:41:15.960887+05:30,SENSEX,2026-10-08,True,41,82,72797.57,1.8,
2026-10-07 10:41:17.758697+05:30,SENSEX,2026-10-15,True,41,82,72797.57,1.8,
2026-10-07 10:41:19.556216+05:30,FINNIFTY,2026-10-27,True,41,82,24891.15,1.79,
2026-10-07 10:41:21.364330+05:30,MIDCPNIFTY,2026-10-27,True,41,82,13781.2,1.81,
2026-10-07 10:42:06.749545+05:30,NIFTY,2026-10-13,True,41,82,22657.2,1.77,
2026-10-07 10:42:08.576855+05:30,NIFTY,2026-10-19,True,41,82,22656.3,1.83,
2026-10-07 10:42:10.392006+05:30,NIFTY,2026-10-27,True,41,82,22656.15,1.81,
2026-10-07 10:42:12.370160+05:30,BANKNIFTY,2026-10-27,True,41,82,55163.7,1.98,
2026-10-07 10:42:14.194133+05:30,BANKNIFTY,2026-11-23,True,41,82,55165.05,1.82,
2026-10-07 10:42:15.998349+05:30,SENSEX,2026-10-08,True,41,82,72821.57,1.8,
2026-10-07 10:42:17.800558+05:30,SENSEX,2026-10-15,True,41,82,72821.84,1.8,
2026-10-07 10:42:19.605350+05:30,FINNIFTY,2026-10-27,True,41,82,24905.3,1.8,
2026-10-07 10:42:21.412394+05:30,MIDCPNIFTY,2026-10-27,True,41,82,13793.15,1.81,
2026-10-07 10:43:06.752327+05:30,NIFTY,2026-10-13,True,41,82,22658.05,1.77,
2026-10-07 10:43:08.576582+05:30,NIFTY,2026-10-19,True,41,82,22656.95,1.82,
2026-10-07 10:43:10.397568+05:30,NIFTY,2026-10-27,True,41,82,22655.25,1.82,
2026-10-07 10:43:12.256309+05:30,BANKNIFTY,2026-10-27,True,41,82,55160.6,1.86,
2026-10-07 10:43:14.089171+05:30,BANKNIFTY,2026-11-23,True,41,82,55163.9,1.83,
2026-10-07 10:43:15.872716+05:30,SENSEX,2026-10-08,True,41,82,72832.43,1.78,
2026-10-07 10:43:17.668908+05:30,SENSEX,2026-10-15,True,41,82,72831.23,1.8,
2026-10-07 10:43:19.484891+05:30,FINNIFTY,2026-10-27,True,41,82,24905.8,1.81,
2026-10-07 10:43:21.280183+05:30,MIDCPNIFTY,2026-10-27,True,41,82,13793.95,1.79,
2026-10-07 10:44:06.742736+05:30,NIFTY,2026-10-13,True,41,82,22656.65,1.76,
2026-10-07 10:44:08.548933+05:30,NIFTY,2026-10-19,True,41,82,22657.5,1.8,
2026-10-07 10:44:10.356664+05:30,NIFTY,2026-10-27,True,41,82,22658.05,1.81,
2026-10-07 10:44:12.251518+05:30,BANKNIFTY,2026-10-27,True,41,82,55182.0,1.89,
2026-10-07 10:44:14.058374+05:30,BANKNIFTY,2026-11-23,True,41,82,55183.55,1.8,
2026-10-07 10:44:15.869801+05:30,SENSEX,2026-10-08,True,41,82,72827.57,1.81,
2026-10-07 10:44:17.677670+05:30,SENSEX,2026-10-15,True,41,82,72826.88,1.8,
2026-10-07 10:44:19.487131+05:30,FINNIFTY,2026-10-27,True,41,82,24921.1,1.81,
2026-10-07 10:44:21.293494+05:30,MIDCPNIFTY,2026-10-27,True,41,82,13798.0,1.81,
2026-10-07 10:45:06.749041+05:30,NIFTY,2026-10-13,True,41,82,22656.95,1.76,
2026-10-07 10:45:08.568503+05:30,NIFTY,2026-10-19,True,41,82,22656.6,1.82,
2026-10-07 10:45:10.400356+05:30,NIFTY,2026-10-27,True,41,82,22657.1,1.83,
2026-10-07 10:45:12.301670+05:30,BANKNIFTY,2026-10-27,True,41,82,55189.7,1.9,
2026-10-07 10:45:14.146287+05:30,BANKNIFTY,2026-11-23,True,41,82,55185.75,1.84,
2026-10-07 10:45:15.932086+05:30,SENSEX,2026-10-08,True,41,82,72837.32,1.78,
2026-10-07 10:45:17.737225+05:30,SENSEX,2026-10-15,True,41,82,72839.25,1.81,
2026-10-07 10:45:19.530071+05:30,FINNIFTY,2026-10-27,True,41,82,24916.2,1.79,
2026-10-07 10:45:21.366420+05:30,MIDCPNIFTY,2026-10-27,True,41,82,13793.3,1.84,
2026-10-07 10:46:06.831113+05:30,NIFTY,2026-10-13,True,41,82,22653.15,1.85,
2026-10-07 10:46:08.628473+05:30,NIFTY,2026-10-19,True,41,82,22652.75,1.8,
2026-10-07 10:46:10.450444+05:30,NIFTY,2026-10-27,True,41,82,22653.3,1.82,
2026-10-07 10:46:12.309985+05:30,BANKNIFTY,2026-10-27,True,41,82,55184.1,1.86,
2026-10-07 10:46:14.139279+05:30,BANKNIFTY,2026-11-23,True,41,82,55183.1,1.83,
2026-10-07 10:46:15.927273+05:30,SENSEX,2026-10-08,True,41,82,72827.12,1.79,
2026-10-07 10:46:17.742122+05:30,SENSEX,2026-10-15,True,41,82,72826.02,1.81,
2026-10-07 10:46:19.536361+05:30,FINNIFTY,2026-10-27,True,41,82,24907.85,1.79,
2026-10-07 10:46:21.339337+05:30,MIDCPNIFTY,2026-10-27,True,41,82,13783.8,1.8,
2026-10-07 10:47:06.747755+05:30,NIFTY,2026-10-13,True,41,82,22652.6,1.76,
2026-10-07 10:47:08.555601+05:30,NIFTY,2026-10-19,True,41,82,22652.8,1.81,
2026-10-07 10:47:10.372928+05:30,NIFTY,2026-10-27,True,41,82,22651.6,1.81,
2026-10-07 10:47:12.349964+05:30,BANKNIFTY,2026-10-27,True,41,82,55159.1,1.98,
2026-10-07 10:47:14.171483+05:30,BANKNIFTY,2026-11-23,True,41,82,55159.65,1.82,
2026-10-07 10:47:16.022079+05:30,SENSEX,2026-10-08,True,41,82,72824.97,1.85,
2026-10-07 10:47:17.830871+05:30,SENSEX,2026-10-15,True,41,82,72821.71,1.81,
2026-10-07 10:47:19.629489+05:30,FINNIFTY,2026-10-27,True,41,82,24906.8,1.8,
2026-10-07 10:47:21.452240+05:30,MIDCPNIFTY,2026-10-27,True,41,82,13787.6,1.82,
2026-10-07 10:48:06.751517+05:30,NIFTY,2026-10-13,True,41,82,22660.3,1.77,
2026-10-07 10:48:08.579367+05:30,NIFTY,2026-10-19,True,41,82,22659.7,1.83,
2026-10-07 10:48:10.389058+05:30,NIFTY,2026-10-27,True,41,82,22658.55,1.81,
2026-10-07 10:48:12.320411+05:30,BANKNIFTY,2026-10-27,True,41,82,55164.35,1.93,
2026-10-07 10:48:14.183786+05:30,BANKNIFTY,2026-11-23,True,41,82,55168.7,1.86,
2026-10-07 10:48:15.986998+05:30,SENSEX,2026-10-08,True,41,82,72838.08,1.8,
2026-10-07 10:48:17.786226+05:30,SENSEX,2026-10-15,True,41,82,72836.69,1.8,
2026-10-07 10:48:19.596961+05:30,FINNIFTY,2026-10-27,True,41,82,24913.75,1.81,
2026-10-07 10:48:21.425790+05:30,MIDCPNIFTY,2026-10-27,True,41,82,13789.85,1.83,
2026-10-07 10:49:06.756546+05:30,NIFTY,2026-10-13,True,41,82,22658.35,1.77,
2026-10-07 10:49:08.553862+05:30,NIFTY,2026-10-19,True,41,82,22658.95,1.8,
2026-10-07 10:49:10.359654+05:30,NIFTY,2026-10-27,True,41,82,22658.85,1.8,
2026-10-07 10:49:12.295984+05:30,BANKNIFTY,2026-10-27,True,41,82,55183.4,1.93,
2026-10-07 10:49:14.108157+05:30,BANKNIFTY,2026-11-23,True,41,82,55183.4,1.81,
2026-10-07 10:49:15.901232+05:30,SENSEX,2026-10-08,True,41,82,72844.7,1.79,
2026-10-07 10:49:17.691475+05:30,SENSEX,2026-10-15,True,41,82,72846.28,1.79,
2026-10-07 10:49:19.505771+05:30,FINNIFTY,2026-10-27,True,41,82,24922.5,1.81,
2026-10-07 10:49:21.324665+05:30,MIDCPNIFTY,2026-10-27,True,41,82,13789.9,1.82,
2026-10-07 10:50:06.752334+05:30,NIFTY,2026-10-13,True,41,82,22660.35,1.77,
2026-10-07 10:50:08.540477+05:30,NIFTY,2026-10-19,True,41,82,22661.55,1.79,
2026-10-07 10:50:10.327327+05:30,NIFTY,2026-10-27,True,41,82,22661.95,1.78,
2026-10-07 10:50:12.123910+05:30,BANKNIFTY,2026-10-27,True,41,82,55168.85,1.79,
2026-10-07 10:50:13.924951+05:30,BANKNIFTY,2026-11-23,True,41,82,55168.2,1.8,
2026-10-07 10:50:15.719972+05:30,SENSEX,2026-10-08,True,41,82,72840.8,1.79,
2026-10-07 10:50:18.045500+05:30,SENSEX,2026-10-15,True,41,82,72839.15,2.33,
2026-10-07 10:50:19.848070+05:30,FINNIFTY,2026-10-27,True,41,82,24921.9,1.8,
2026-10-07 10:50:21.639637+05:30,MIDCPNIFTY,2026-10-27,True,41,82,13797.15,1.79,
2026-10-07 10:51:06.734959+05:30,NIFTY,2026-10-13,True,41,82,22662.0,1.75,
2026-10-07 10:51:08.527487+05:30,NIFTY,2026-10-19,True,41,82,22660.6,1.8,
2026-10-07 10:51:10.319402+05:30,NIFTY,2026-10-27,True,41,82,22661.5,1.79,
2026-10-07 10:51:12.131922+05:30,BANKNIFTY,2026-10-27,True,41,82,55166.3,1.81,
2026-10-07 10:51:13.961352+05:30,BANKNIFTY,2026-11-23,True,41,82,55166.1,1.83,
2026-10-07 10:51:15.778033+05:30,SENSEX,2026-10-08,True,41,82,72843.03,1.81,
2026-10-07 10:51:17.563324+05:30,SENSEX,2026-10-15,True,41,82,72843.88,1.79,
2026-10-07 10:51:19.362882+05:30,FINNIFTY,2026-10-27,True,41,82,24922.4,1.8,
2026-10-07 10:51:21.184878+05:30,MIDCPNIFTY,2026-10-27,True,41,82,13799.45,1.82,
2026-10-07 10:52:06.759525+05:30,NIFTY,2026-10-13,True,41,82,22667.9,1.77,
2026-10-07 10:52:08.566573+05:30,NIFTY,2026-10-19,True,41,82,22667.45,1.81,
2026-10-07 10:52:10.374368+05:30,NIFTY,2026-10-27,True,41,82,22667.9,1.81,
2026-10-07 10:52:12.372488+05:30,BANKNIFTY,2026-10-27,True,41,82,55180.8,2.0,
2026-10-07 10:52:15.216332+05:30,BANKNIFTY,2026-11-23,True,41,82,55181.8,2.84,
2026-10-07 10:52:17.022178+05:30,SENSEX,2026-10-08,True,41,82,72863.71,1.8,
2026-10-07 10:52:18.820576+05:30,SENSEX,2026-10-15,True,41,82,72862.54,1.8,
2026-10-07 10:52:20.623872+05:30,FINNIFTY,2026-10-27,True,41,82,24932.0,1.8,
2026-10-07 10:52:22.447616+05:30,MIDCPNIFTY,2026-10-27,True,41,82,13800.45,1.82,
2026-10-07 10:53:06.756898+05:30,NIFTY,2026-10-13,True,41,82,22660.05,1.77,
2026-10-07 10:53:08.564200+05:30,NIFTY,2026-10-19,True,41,82,22660.3,1.81,
2026-10-07 10:53:10.388299+05:30,NIFTY,2026-10-27,True,41,82,22660.7,1.82,
2026-10-07 10:53:12.381331+05:30,BANKNIFTY,2026-10-27,True,41,82,55157.45,1.99,
2026-10-07 10:53:14.211133+05:30,BANKNIFTY,2026-11-23,True,41,82,55156.8,1.83,
2026-10-07 10:53:16.116154+05:30,SENSEX,2026-10-08,True,41,82,72845.78,1.9,
2026-10-07 10:53:18.944450+05:30,SENSEX,2026-10-15,True,41,82,72847.19,2.83,
2026-10-07 10:53:20.756125+05:30,FINNIFTY,2026-10-27,True,41,82,24929.85,1.81,
2026-10-07 10:53:22.557143+05:30,MIDCPNIFTY,2026-10-27,True,41,82,13793.35,1.8,
2026-10-07 10:54:07.476127+05:30,NIFTY,2026-10-13,True,41,82,22667.0,2.49,
2026-10-07 10:54:09.329456+05:30,NIFTY,2026-10-19,True,41,82,22667.65,1.85,
2026-10-07 10:54:11.170904+05:30,NIFTY,2026-10-27,True,41,82,22667.1,1.84,
2026-10-07 10:54:13.043465+05:30,BANKNIFTY,2026-10-27,True,41,82,55165.6,1.87,
2026-10-07 10:54:14.902457+05:30,BANKNIFTY,2026-11-23,True,41,82,55169.3,1.86,
2026-10-07 10:54:16.769639+05:30,SENSEX,2026-10-08,True,41,82,72869.79,1.87,
2026-10-07 10:54:18.629046+05:30,SENSEX,2026-10-15,True,41,82,72868.49,1.86,
2026-10-07 10:54:20.486145+05:30,FINNIFTY,2026-10-27,True,41,82,24946.7,1.85,
2026-10-07 10:54:22.332973+05:30,MIDCPNIFTY,2026-10-27,True,41,82,13800.85,1.85,
2026-10-07 10:55:06.796626+05:30,NIFTY,2026-10-13,True,41,82,22680.4,1.81,
2026-10-07 10:55:08.654346+05:30,NIFTY,2026-10-19,True,41,82,22681.65,1.86,
2026-10-07 10:55:10.518667+05:30,NIFTY,2026-10-27,True,41,82,22680.45,1.86,
2026-10-07 10:55:12.414488+05:30,BANKNIFTY,2026-10-27,True,41,82,55213.7,1.89,
2026-10-07 10:55:14.275058+05:30,BANKNIFTY,2026-11-23,True,41,82,55212.6,1.86,
2026-10-07 10:55:16.130193+05:30,SENSEX,2026-10-08,True,41,82,72912.54,1.85,
2026-10-07 10:55:18.062751+05:30,SENSEX,2026-10-15,True,41,82,72911.5,1.93,
2026-10-07 10:55:19.915357+05:30,FINNIFTY,2026-10-27,True,41,82,24968.5,1.85,
2026-10-07 10:55:21.789562+05:30,MIDCPNIFTY,2026-10-27,True,41,82,13804.8,1.87,
2026-10-07 10:56:05.000141+05:30,NIFTY,2026-10-13,False,,,,1.37,"('Connection aborted.', RemoteDisconnected('Remote end closed connection without response'))"
2026-10-07 10:56:08.782064+05:30,NIFTY,2026-10-19,True,41,82,22683.2,2.43,
2026-10-07 10:56:10.582857+05:30,NIFTY,2026-10-27,True,41,82,22684.1,1.8,
2026-10-07 10:56:12.420787+05:30,BANKNIFTY,2026-10-27,True,41,82,55218.6,1.84,
2026-10-07 10:56:14.266280+05:30,BANKNIFTY,2026-11-23,True,41,82,55221.1,1.84,
2026-10-07 10:56:16.062495+05:30,SENSEX,2026-10-08,True,41,82,72922.54,1.79,
2026-10-07 10:56:17.855157+05:30,SENSEX,2026-10-15,True,41,82,72920.48,1.79,
2026-10-07 10:56:19.662572+05:30,FINNIFTY,2026-10-27,True,41,82,24984.7,1.8,
2026-10-07 10:56:21.509328+05:30,MIDCPNIFTY,2026-10-27,True,41,82,13804.5,1.88,
2026-10-07 10:57:06.786280+05:30,NIFTY,2026-10-13,True,41,82,22693.0,1.8,
2026-10-07 10:57:08.633596+05:30,NIFTY,2026-10-19,True,41,82,22691.95,1.85,
2026-10-07 10:57:10.462581+05:30,NIFTY,2026-10-27,True,41,82,22692.15,1.83,
2026-10-07 10:57:12.303895+05:30,BANKNIFTY,2026-10-27,True,41,82,55227.35,1.84,
2026-10-07 10:57:14.173951+05:30,BANKNIFTY,2026-11-23,True,41,82,55228.9,1.87,
2026-10-07 10:57:16.000762+05:30,SENSEX,2026-10-08,True,41,82,72942.68,1.83,
2026-10-07 10:57:17.835803+05:30,SENSEX,2026-10-15,True,41,82,72943.65,1.84,
2026-10-07 10:57:19.665490+05:30,FINNIFTY,2026-10-27,True,41,82,24993.0,1.83,
2026-10-07 10:57:21.488969+05:30,MIDCPNIFTY,2026-10-27,True,41,82,13804.2,1.82,
2026-10-07 10:58:06.775658+05:30,NIFTY,2026-10-13,True,41,82,22697.5,1.79,
2026-10-07 10:58:08.625225+05:30,NIFTY,2026-10-19,True,41,82,22697.7,1.85,
2026-10-07 10:58:10.467826+05:30,NIFTY,2026-10-27,True,41,82,22696.6,1.84,
2026-10-07 10:58:12.316349+05:30,BANKNIFTY,2026-10-27,True,41,82,55236.75,1.85,
2026-10-07 10:58:14.164935+05:30,BANKNIFTY,2026-11-23,True,41,82,55241.85,1.85,
2026-10-07 10:58:16.008707+05:30,SENSEX,2026-10-08,True,41,82,72967.88,1.84,
2026-10-07 10:58:17.848611+05:30,SENSEX,2026-10-15,True,41,82,72968.02,1.84,
2026-10-07 10:58:19.672194+05:30,FINNIFTY,2026-10-27,True,41,82,25006.25,1.82,
2026-10-07 10:58:21.512803+05:30,MIDCPNIFTY,2026-10-27,True,41,82,13808.65,1.84,
2026-10-07 10:59:06.785681+05:30,NIFTY,2026-10-13,True,41,82,22696.9,1.8,
2026-10-07 10:59:08.856118+05:30,NIFTY,2026-10-19,True,41,82,22696.1,2.07,
2026-10-07 10:59:10.700328+05:30,NIFTY,2026-10-27,True,41,82,22696.65,1.84,
2026-10-07 10:59:12.561795+05:30,BANKNIFTY,2026-10-27,True,41,82,55263.7,1.86,
2026-10-07 10:59:14.443826+05:30,BANKNIFTY,2026-11-23,True,41,82,55264.95,1.88,
2026-10-07 10:59:16.290814+05:30,SENSEX,2026-10-08,True,41,82,72957.79,1.85,
2026-10-07 10:59:18.115820+05:30,SENSEX,2026-10-15,True,41,82,72963.56,1.82,
2026-10-07 10:59:19.947243+05:30,FINNIFTY,2026-10-27,True,41,82,25006.2,1.83,
2026-10-07 10:59:21.783250+05:30,MIDCPNIFTY,2026-10-27,True,41,82,13809.1,1.83,
2026-10-07 11:00:06.786588+05:30,NIFTY,2026-10-13,True,41,82,22704.6,1.8,
2026-10-07 11:00:08.659663+05:30,NIFTY,2026-10-19,True,41,82,22704.2,1.87,
2026-10-07 11:00:10.501914+05:30,NIFTY,2026-10-27,True,41,82,22702.3,1.84,
2026-10-07 11:00:12.353469+05:30,BANKNIFTY,2026-10-27,True,41,82,55289.4,1.85,
2026-10-07 11:00:14.213756+05:30,BANKNIFTY,2026-11-23,True,41,82,55287.8,1.86,
2026-10-07 11:00:16.053090+05:30,SENSEX,2026-10-08,True,41,82,72976.16,1.84,
2026-10-07 11:00:17.908962+05:30,SENSEX,2026-10-15,True,41,82,72976.02,1.86,
2026-10-07 11:00:19.747676+05:30,FINNIFTY,2026-10-27,True,41,82,25003.2,1.84,
2026-10-07 11:00:21.644141+05:30,MIDCPNIFTY,2026-10-27,True,41,82,13809.45,1.9,
2026-10-07 11:01:06.777322+05:30,NIFTY,2026-10-13,True,41,82,22693.85,1.79,
2026-10-07 11:01:08.590422+05:30,NIFTY,2026-10-19,True,41,82,22693.75,1.81,
2026-10-07 11:01:10.434120+05:30,NIFTY,2026-10-27,True,41,82,22694.15,1.84,
2026-10-07 11:01:12.286216+05:30,BANKNIFTY,2026-10-27,True,41,82,55263.55,1.85,
2026-10-07 11:01:14.151311+05:30,BANKNIFTY,2026-11-23,True,41,82,55261.0,1.86,
2026-10-07 11:01:15.967597+05:30,SENSEX,2026-10-08,True,41,82,72955.24,1.82,
2026-10-07 11:01:17.758935+05:30,SENSEX,2026-10-15,True,41,82,72954.18,1.79,
2026-10-07 11:01:19.559789+05:30,FINNIFTY,2026-10-27,True,41,82,24985.1,1.8,
2026-10-07 11:01:21.354125+05:30,MIDCPNIFTY,2026-10-27,True,41,82,13810.45,1.79,
2026-10-07 11:02:06.744453+05:30,NIFTY,2026-10-13,True,41,82,22693.9,1.76,
2026-10-07 11:02:08.537533+05:30,NIFTY,2026-10-19,True,41,82,22692.6,1.79,
2026-10-07 11:02:10.342195+05:30,NIFTY,2026-10-27,True,41,82,22692.6,1.8,
2026-10-07 11:02:12.160968+05:30,BANKNIFTY,2026-10-27,True,41,82,55295.5,1.82,
2026-10-07 11:02:13.979027+05:30,BANKNIFTY,2026-11-23,True,41,82,55307.6,1.82,
2026-10-07 11:02:15.772324+05:30,SENSEX,2026-10-08,True,41,82,72943.76,1.79,
2026-10-07 11:02:18.589074+05:30,SENSEX,2026-10-15,True,41,82,72946.38,2.82,
2026-10-07 11:02:20.383732+05:30,FINNIFTY,2026-10-27,True,41,82,24989.3,1.79,
2026-10-07 11:02:22.189111+05:30,MIDCPNIFTY,2026-10-27,True,41,82,13808.0,1.8,
2026-10-07 11:03:06.751722+05:30,NIFTY,2026-10-13,True,41,82,22693.8,1.77,
2026-10-07 11:03:08.565329+05:30,NIFTY,2026-10-19,True,41,82,22693.05,1.81,
2026-10-07 11:03:10.395544+05:30,NIFTY,2026-10-27,True,41,82,22693.35,1.83,
2026-10-07 11:03:12.306206+05:30,BANKNIFTY,2026-10-27,True,41,82,55292.55,1.91,
2026-10-07 11:03:14.144104+05:30,BANKNIFTY,2026-11-23,True,41,82,55289.75,1.84,
2026-10-07 11:03:15.954991+05:30,SENSEX,2026-10-08,True,41,82,72942.67,1.81,
2026-10-07 11:03:17.764249+05:30,SENSEX,2026-10-15,True,41,82,72941.53,1.81,
2026-10-07 11:03:19.610813+05:30,FINNIFTY,2026-10-27,True,41,81,24989.1,1.84,
2026-10-07 11:03:21.450080+05:30,MIDCPNIFTY,2026-10-27,True,41,82,13808.45,1.84,
2026-10-07 11:04:06.752867+05:30,NIFTY,2026-10-13,True,41,82,22693.8,1.77,
2026-10-07 11:04:08.556606+05:30,NIFTY,2026-10-19,True,41,82,22694.55,1.81,
2026-10-07 11:04:10.373934+05:30,NIFTY,2026-10-27,True,41,82,22694.2,1.81,
2026-10-07 11:04:12.181112+05:30,BANKNIFTY,2026-10-27,True,41,82,55293.0,1.8,
2026-10-07 11:04:13.993086+05:30,BANKNIFTY,2026-11-23,True,41,82,55291.25,1.81,
2026-10-07 11:04:15.797680+05:30,SENSEX,2026-10-08,True,41,82,72938.77,1.8,
2026-10-07 11:04:18.077839+05:30,SENSEX,2026-10-15,True,41,82,72941.37,2.28,
2026-10-07 11:04:19.893661+05:30,FINNIFTY,2026-10-27,True,41,81,24984.35,1.81,
2026-10-07 11:04:21.715810+05:30,MIDCPNIFTY,2026-10-27,True,41,82,13806.7,1.82,
2026-10-07 11:05:06.803117+05:30,NIFTY,2026-10-13,True,41,82,22693.0,1.82,
2026-10-07 11:05:08.662743+05:30,NIFTY,2026-10-19,True,41,82,22691.05,1.86,
2026-10-07 11:05:10.495494+05:30,NIFTY,2026-10-27,True,41,82,22691.85,1.83,
2026-10-07 11:05:12.347564+05:30,BANKNIFTY,2026-10-27,True,41,82,55283.1,1.85,
2026-10-07 11:05:14.215799+05:30,BANKNIFTY,2026-11-23,True,41,82,55283.65,1.87,
2026-10-07 11:05:16.059585+05:30,SENSEX,2026-10-08,True,41,82,72951.62,1.84,
2026-10-07 11:05:17.891372+05:30,SENSEX,2026-10-15,True,41,82,72951.71,1.83,
2026-10-07 11:05:19.767442+05:30,FINNIFTY,2026-10-27,True,41,82,24995.2,1.87,
2026-10-07 11:05:21.652357+05:30,MIDCPNIFTY,2026-10-27,True,41,82,13803.35,1.88,
2026-10-07 11:06:06.791225+05:30,NIFTY,2026-10-13,True,41,82,22703.4,1.81,
2026-10-07 11:06:08.629625+05:30,NIFTY,2026-10-19,True,41,82,22703.15,1.84,
2026-10-07 11:06:10.475848+05:30,NIFTY,2026-10-27,True,41,82,22703.9,1.84,
2026-10-07 11:06:12.308473+05:30,BANKNIFTY,2026-10-27,True,41,82,55303.95,1.83,
2026-10-07 11:06:14.164533+05:30,BANKNIFTY,2026-11-23,True,41,82,55291.45,1.85,
2026-10-07 11:06:16.009703+05:30,SENSEX,2026-10-08,True,41,82,72971.31,1.84,
2026-10-07 11:06:17.846415+05:30,SENSEX,2026-10-15,True,41,82,72972.46,1.84,
2026-10-07 11:06:19.798053+05:30,FINNIFTY,2026-10-27,True,41,82,25008.15,1.95,
2026-10-07 11:06:21.643222+05:30,MIDCPNIFTY,2026-10-27,True,41,82,13809.1,1.84,
2026-10-07 11:07:07.252529+05:30,NIFTY,2026-10-13,True,41,82,22704.3,2.27,
2026-10-07 11:07:09.096195+05:30,NIFTY,2026-10-19,True,41,82,22705.7,1.84,
2026-10-07 11:07:10.936142+05:30,NIFTY,2026-10-27,True,41,82,22705.75,1.84,
2026-10-07 11:07:12.799907+05:30,BANKNIFTY,2026-10-27,True,41,82,55322.2,1.86,
2026-10-07 11:07:14.643515+05:30,BANKNIFTY,2026-11-23,True,41,82,55332.1,1.84,
2026-10-07 11:07:16.468531+05:30,SENSEX,2026-10-08,True,41,82,72989.2,1.82,
2026-10-07 11:07:18.318475+05:30,SENSEX,2026-10-15,True,41,82,72993.08,1.85,
2026-10-07 11:07:20.185087+05:30,FINNIFTY,2026-10-27,True,41,82,25009.5,1.86,
2026-10-07 11:07:22.033624+05:30,MIDCPNIFTY,2026-10-27,True,41,82,13810.7,1.85,
2026-10-07 11:08:07.438402+05:30,NIFTY,2026-10-13,True,41,82,22704.7,2.45,
2026-10-07 11:08:09.324676+05:30,NIFTY,2026-10-19,True,41,82,22704.3,1.89,
2026-10-07 11:08:11.225792+05:30,NIFTY,2026-10-27,True,41,82,22703.85,1.9,
2026-10-07 11:08:13.147200+05:30,BANKNIFTY,2026-10-27,True,41,82,55317.85,1.92,
2026-10-07 11:08:15.080036+05:30,BANKNIFTY,2026-11-23,True,41,82,55308.4,1.93,
2026-10-07 11:08:16.962812+05:30,SENSEX,2026-10-08,True,41,82,72974.15,1.88,
2026-10-07 11:08:18.848878+05:30,SENSEX,2026-10-15,True,41,82,72976.28,1.89,
2026-10-07 11:08:20.767991+05:30,FINNIFTY,2026-10-27,True,41,82,24997.1,1.92,
2026-10-07 11:08:22.670675+05:30,MIDCPNIFTY,2026-10-27,True,41,82,13806.5,1.9,
2026-10-07 11:09:06.840760+05:30,NIFTY,2026-10-13,True,41,82,22700.6,1.86,
2026-10-07 11:09:08.724791+05:30,NIFTY,2026-10-19,True,41,82,22701.35,1.88,
2026-10-07 11:09:10.622241+05:30,NIFTY,2026-10-27,True,41,82,22702.35,1.9,
2026-10-07 11:09:12.540692+05:30,BANKNIFTY,2026-10-27,True,41,82,55321.05,1.92,
2026-10-07 11:09:14.445188+05:30,BANKNIFTY,2026-11-23,True,41,82,55322.5,1.9,
2026-10-07 11:09:16.331310+05:30,SENSEX,2026-10-08,True,41,82,72981.16,1.88,
2026-10-07 11:09:18.237093+05:30,SENSEX,2026-10-15,True,41,82,72979.65,1.91,
2026-10-07 11:09:20.130257+05:30,FINNIFTY,2026-10-27,True,41,82,25003.2,1.89,
2026-10-07 11:09:22.042007+05:30,MIDCPNIFTY,2026-10-27,True,41,82,13811.75,1.91,
2026-10-07 11:10:06.844599+05:30,NIFTY,2026-10-13,True,41,82,22699.95,1.86,
2026-10-07 11:10:08.765885+05:30,NIFTY,2026-10-19,True,41,82,22698.55,1.92,
2026-10-07 11:10:10.681415+05:30,NIFTY,2026-10-27,True,41,82,22696.35,1.92,
2026-10-07 11:10:12.602862+05:30,BANKNIFTY,2026-10-27,True,41,82,55300.8,1.91,
2026-10-07 11:10:14.504419+05:30,BANKNIFTY,2026-11-23,True,41,82,55301.0,1.9,
2026-10-07 11:10:16.411571+05:30,SENSEX,2026-10-08,True,41,82,72952.9,1.91,
2026-10-07 11:10:18.309905+05:30,SENSEX,2026-10-15,True,41,82,72955.36,1.9,
2026-10-07 11:10:20.229436+05:30,FINNIFTY,2026-10-27,True,41,82,24999.6,1.92,
2026-10-07 11:10:22.138374+05:30,MIDCPNIFTY,2026-10-27,True,41,82,13806.2,1.91,
2026-10-07 11:11:06.712084+05:30,NIFTY,2026-10-13,True,41,82,22692.9,1.73,
2026-10-07 11:11:05.000148+05:30,NIFTY,2026-10-19,False,,,,1.43,"('Connection aborted.', RemoteDisconnected('Remote end closed connection without response'))"
2026-10-07 11:11:10.590937+05:30,NIFTY,2026-10-27,True,41,82,22693.6,2.44,
2026-10-07 11:11:12.510329+05:30,BANKNIFTY,2026-10-27,True,41,82,55296.2,1.92,
2026-10-07 11:11:14.400887+05:30,BANKNIFTY,2026-11-23,True,41,82,55297.2,1.89,
2026-10-07 11:11:16.270736+05:30,SENSEX,2026-10-08,True,41,82,72949.77,1.87,
2026-10-07 11:11:18.132384+05:30,SENSEX,2026-10-15,True,41,82,72942.19,1.86,
2026-10-07 11:11:19.994904+05:30,FINNIFTY,2026-10-27,True,41,82,25000.65,1.86,
2026-10-07 11:11:21.858942+05:30,MIDCPNIFTY,2026-10-27,True,41,82,13806.0,1.86,
2026-10-07 11:12:06.794986+05:30,NIFTY,2026-10-13,True,41,82,22696.3,1.81,
2026-10-07 11:12:08.641669+05:30,NIFTY,2026-10-19,True,41,82,22696.85,1.85,
2026-10-07 11:12:11.544147+05:30,NIFTY,2026-10-27,True,41,82,22697.0,2.9,
2026-10-07 11:12:13.422782+05:30,BANKNIFTY,2026-10-27,True,41,82,55314.05,1.88,
2026-10-07 11:12:15.282775+05:30,BANKNIFTY,2026-11-23,True,41,82,55314.55,1.86,
2026-10-07 11:12:17.136775+05:30,SENSEX,2026-10-08,True,41,82,72956.14,1.85,
2026-10-07 11:12:18.995449+05:30,SENSEX,2026-10-15,True,41,82,72950.25,1.86,
2026-10-07 11:12:20.862052+05:30,FINNIFTY,2026-10-27,True,41,82,25004.4,1.86,
2026-10-07 11:12:22.712262+05:30,MIDCPNIFTY,2026-10-27,True,41,82,13811.45,1.85,
2026-10-07 11:13:07.369577+05:30,NIFTY,2026-10-13,True,41,82,22695.55,2.39,
2026-10-07 11:13:09.196044+05:30,NIFTY,2026-10-19,True,41,82,22695.95,1.83,
2026-10-07 11:13:11.054735+05:30,NIFTY,2026-10-27,True,41,82,22695.1,1.86,
2026-10-07 11:13:12.910939+05:30,BANKNIFTY,2026-10-27,True,41,82,55282.2,1.85,
2026-10-07 11:13:14.754893+05:30,BANKNIFTY,2026-11-23,True,41,82,55281.85,1.84,
2026-10-07 11:13:16.621220+05:30,SENSEX,2026-10-08,True,41,82,72937.55,1.86,
2026-10-07 11:13:18.478001+05:30,SENSEX,2026-10-15,True,41,82,72940.64,1.86,
2026-10-07 11:13:20.320334+05:30,FINNIFTY,2026-10-27,True,41,82,24999.3,1.84,
2026-10-07 11:13:22.173251+05:30,MIDCPNIFTY,2026-10-27,True,41,82,13807.2,1.85,
2026-10-07 11:14:06.770347+05:30,NIFTY,2026-10-13,True,41,82,22694.95,1.79,
2026-10-07 11:14:08.589204+05:30,NIFTY,2026-10-19,True,41,82,22695.25,1.82,
2026-10-07 11:14:10.430651+05:30,NIFTY,2026-10-27,True,41,82,22694.6,1.84,
2026-10-07 11:14:12.271940+05:30,BANKNIFTY,2026-10-27,True,41,82,55268.5,1.84,
2026-10-07 11:14:14.126393+05:30,BANKNIFTY,2026-11-23,True,41,82,55266.35,1.85,
2026-10-07 11:14:16.308287+05:30,SENSEX,2026-10-08,True,41,82,72936.08,2.18,
2026-10-07 11:14:18.131468+05:30,SENSEX,2026-10-15,True,41,82,72935.87,1.82,
2026-10-07 11:14:19.954807+05:30,FINNIFTY,2026-10-27,True,41,82,24990.35,1.82,
2026-10-07 11:14:21.785348+05:30,MIDCPNIFTY,2026-10-27,True,41,82,13802.2,1.83,
2026-10-07 11:15:06.912831+05:30,NIFTY,2026-10-13,True,41,82,22689.05,1.93,
2026-10-07 11:15:08.736879+05:30,NIFTY,2026-10-19,True,41,82,22688.3,1.82,
2026-10-07 11:15:10.590881+05:30,NIFTY,2026-10-27,True,41,82,22688.9,1.85,
2026-10-07 11:15:12.427444+05:30,BANKNIFTY,2026-10-27,True,41,82,55276.25,1.83,
2026-10-07 11:15:14.266937+05:30,BANKNIFTY,2026-11-23,True,41,82,55275.9,1.84,
2026-10-07 11:15:16.100599+05:30,SENSEX,2026-10-08,True,41,82,72919.98,1.83,
2026-10-07 11:15:17.934966+05:30,SENSEX,2026-10-15,True,41,82,72917.9,1.83,
2026-10-07 11:15:19.763392+05:30,FINNIFTY,2026-10-27,True,41,82,24985.65,1.83,
2026-10-07 11:15:21.589576+05:30,MIDCPNIFTY,2026-10-27,True,41,82,13799.7,1.83,
2026-10-07 11:16:07.492764+05:30,NIFTY,2026-10-13,True,41,82,22691.8,2.51,
2026-10-07 11:16:09.399407+05:30,NIFTY,2026-10-19,True,41,82,22691.15,1.91,
2026-10-07 11:16:11.415375+05:30,NIFTY,2026-10-27,True,41,82,22691.8,2.01,
2026-10-07 11:16:13.355829+05:30,BANKNIFTY,2026-10-27,True,41,82,55280.9,1.94,
2026-10-07 11:16:15.260592+05:30,BANKNIFTY,2026-11-23,True,41,82,55281.8,1.9,
2026-10-07 11:16:17.169798+05:30,SENSEX,2026-10-08,True,41,82,72939.34,1.91,
2026-10-07 11:16:19.058603+05:30,SENSEX,2026-10-15,True,41,82,72939.34,1.89,
2026-10-07 11:16:20.951848+05:30,FINNIFTY,2026-10-27,True,41,82,24994.75,1.89,
2026-10-07 11:16:22.841019+05:30,MIDCPNIFTY,2026-10-27,True,41,82,13802.15,1.89,
2026-10-07 11:17:06.829368+05:30,NIFTY,2026-10-13,True,41,82,22691.3,1.85,
2026-10-07 11:17:08.728788+05:30,NIFTY,2026-10-19,True,41,82,22691.8,1.9,
2026-10-07 11:17:10.624215+05:30,NIFTY,2026-10-27,True,41,82,22692.3,1.89,
2026-10-07 11:17:12.524335+05:30,BANKNIFTY,2026-10-27,True,41,82,55295.6,1.9,
2026-10-07 11:17:14.428765+05:30,BANKNIFTY,2026-11-23,True,41,82,55296.55,1.9,
2026-10-07 11:17:16.312071+05:30,SENSEX,2026-10-08,True,41,82,72930.27,1.88,
2026-10-07 11:17:18.237405+05:30,SENSEX,2026-10-15,True,41,82,72934.25,1.93,
2026-10-07 11:17:20.140550+05:30,FINNIFTY,2026-10-27,True,41,82,24999.15,1.9,
2026-10-07 11:17:22.040363+05:30,MIDCPNIFTY,2026-10-27,True,41,82,13804.4,1.9,
2026-10-07 11:18:06.841018+05:30,NIFTY,2026-10-13,True,41,82,22689.3,1.86,
2026-10-07 11:18:08.729127+05:30,NIFTY,2026-10-19,True,41,82,22690.3,1.89,
2026-10-07 11:18:10.624530+05:30,NIFTY,2026-10-27,True,41,82,22691.1,1.89,
2026-10-07 11:18:12.543498+05:30,BANKNIFTY,2026-10-27,True,41,82,55304.7,1.92,
2026-10-07 11:18:14.446379+05:30,BANKNIFTY,2026-11-23,True,41,82,55305.0,1.9,
2026-10-07 11:18:16.346373+05:30,SENSEX,2026-10-08,True,41,82,72935.33,1.9,
2026-10-07 11:18:18.245926+05:30,SENSEX,2026-10-15,True,41,82,72932.93,1.9,
2026-10-07 11:18:20.181825+05:30,FINNIFTY,2026-10-27,True,41,82,24997.95,1.93,
2026-10-07 11:18:22.074083+05:30,MIDCPNIFTY,2026-10-27,True,41,82,13798.15,1.89,
2026-10-07 11:19:06.840538+05:30,NIFTY,2026-10-13,True,41,82,22684.3,1.86,
2026-10-07 11:19:08.739121+05:30,NIFTY,2026-10-19,True,41,82,22683.65,1.9,
2026-10-07 11:19:11.698858+05:30,NIFTY,2026-10-27,True,41,82,22683.35,2.96,
2026-10-07 11:19:13.617878+05:30,BANKNIFTY,2026-10-27,True,41,82,55288.8,1.92,
2026-10-07 11:19:15.529538+05:30,BANKNIFTY,2026-11-23,True,41,82,55286.95,1.91,
2026-10-07 11:19:17.424361+05:30,SENSEX,2026-10-08,True,41,82,72901.08,1.89,
2026-10-07 11:19:19.325028+05:30,SENSEX,2026-10-15,True,41,82,72901.08,1.9,
2026-10-07 11:19:21.202069+05:30,FINNIFTY,2026-10-27,True,41,82,24986.8,1.87,
2026-10-07 11:19:23.125945+05:30,MIDCPNIFTY,2026-10-27,True,41,82,13792.15,1.92,
2026-10-07 11:20:06.859010+05:30,NIFTY,2026-10-13,True,41,82,22676.75,1.88,
2026-10-07 11:20:08.757003+05:30,NIFTY,2026-10-19,True,41,82,22675.75,1.9,
2026-10-07 11:20:10.659868+05:30,NIFTY,2026-10-27,True,41,82,22674.85,1.9,
2026-10-07 11:20:12.723442+05:30,BANKNIFTY,2026-10-27,True,41,82,55263.8,2.06,
2026-10-07 11:20:14.630817+05:30,BANKNIFTY,2026-11-23,True,41,82,55265.2,1.91,
2026-10-07 11:20:16.565106+05:30,SENSEX,2026-10-08,True,41,82,72877.69,1.93,
2026-10-07 11:20:18.469694+05:30,SENSEX,2026-10-15,True,41,82,72875.62,1.9,
2026-10-07 11:20:20.364447+05:30,FINNIFTY,2026-10-27,True,41,82,24974.55,1.89,
2026-10-07 11:20:22.275364+05:30,MIDCPNIFTY,2026-10-27,True,41,82,13789.7,1.91,
2026-10-07 11:21:06.841455+05:30,NIFTY,2026-10-13,True,41,82,22681.55,1.86,
2026-10-07 11:21:08.734493+05:30,NIFTY,2026-10-19,True,41,82,22681.65,1.89,
2026-10-07 11:21:10.618041+05:30,NIFTY,2026-10-27,True,41,82,22680.65,1.88,
2026-10-07 11:21:12.527522+05:30,BANKNIFTY,2026-10-27,True,41,82,55293.45,1.91,
2026-10-07 11:21:14.439661+05:30,BANKNIFTY,2026-11-23,True,41,82,55298.5,1.91,
2026-10-07 11:21:16.323343+05:30,SENSEX,2026-10-08,True,41,82,72901.0,1.88,
2026-10-07 11:21:18.206676+05:30,SENSEX,2026-10-15,True,41,82,72900.75,1.88,
2026-10-07 11:21:20.109300+05:30,FINNIFTY,2026-10-27,True,41,82,24987.95,1.9,
2026-10-07 11:21:23.039989+05:30,MIDCPNIFTY,2026-10-27,True,41,82,13793.2,2.93,
2026-10-07 11:22:06.853356+05:30,NIFTY,2026-10-13,True,41,82,22681.45,1.87,
2026-10-07 11:22:08.754177+05:30,NIFTY,2026-10-19,True,41,82,22681.35,1.9,
2026-10-07 11:22:10.650259+05:30,NIFTY,2026-10-27,True,41,82,22680.9,1.89,
2026-10-07 11:22:12.550597+05:30,BANKNIFTY,2026-10-27,True,41,82,55285.1,1.9,
2026-10-07 11:22:14.473816+05:30,BANKNIFTY,2026-11-23,True,41,82,55288.45,1.92,
2026-10-07 11:22:16.370043+05:30,SENSEX,2026-10-08,True,41,82,72897.27,1.9,
2026-10-07 11:22:18.263419+05:30,SENSEX,2026-10-15,True,41,82,72895.73,1.89,
2026-10-07 11:22:20.149751+05:30,FINNIFTY,2026-10-27,True,41,82,24979.6,1.88,
2026-10-07 11:22:22.055871+05:30,MIDCPNIFTY,2026-10-27,True,41,82,13791.0,1.91,
2026-10-07 11:23:06.831048+05:30,NIFTY,2026-10-13,True,41,82,22681.9,1.85,
2026-10-07 11:23:08.717740+05:30,NIFTY,2026-10-19,True,41,82,22681.5,1.89,
2026-10-07 11:23:10.596133+05:30,NIFTY,2026-10-27,True,41,82,22681.4,1.88,
2026-10-07 11:23:12.475037+05:30,BANKNIFTY,2026-10-27,True,41,82,55297.35,1.88,
2026-10-07 11:23:14.553348+05:30,BANKNIFTY,2026-11-23,True,41,82,55297.65,2.08,
2026-10-07 11:23:16.435235+05:30,SENSEX,2026-10-08,True,41,82,72892.28,1.88,
2026-10-07 11:23:18.305093+05:30,SENSEX,2026-10-15,True,41,82,72891.47,1.87,
2026-10-07 11:23:20.182833+05:30,FINNIFTY,2026-10-27,True,41,82,24982.1,1.87,
2026-10-07 11:23:22.287524+05:30,MIDCPNIFTY,2026-10-27,True,41,82,13799.15,2.1,
2026-10-07 11:24:06.828592+05:30,NIFTY,2026-10-13,True,41,82,22682.5,1.84,
2026-10-07 11:24:08.718789+05:30,NIFTY,2026-10-19,True,41,82,22682.8,1.89,
2026-10-07 11:24:11.066811+05:30,NIFTY,2026-10-27,True,41,82,22683.5,2.35,
2026-10-07 11:24:12.984012+05:30,BANKNIFTY,2026-10-27,True,41,82,55315.9,1.92,
2026-10-07 11:24:14.903759+05:30,BANKNIFTY,2026-11-23,True,41,82,55321.3,1.92,
2026-10-07 11:24:16.822811+05:30,SENSEX,2026-10-08,True,41,82,72899.71,1.92,
2026-10-07 11:24:18.712559+05:30,SENSEX,2026-10-15,True,41,82,72897.55,1.89,
2026-10-07 11:24:21.632750+05:30,FINNIFTY,2026-10-27,True,41,82,24988.95,2.92,
2026-10-07 11:24:23.532861+05:30,MIDCPNIFTY,2026-10-27,True,41,82,13803.45,1.9,
2026-10-07 11:25:06.857031+05:30,NIFTY,2026-10-13,True,41,82,22684.85,1.87,
2026-10-07 11:25:08.746574+05:30,NIFTY,2026-10-19,True,41,82,22684.35,1.89,
2026-10-07 11:25:10.673001+05:30,NIFTY,2026-10-27,True,41,82,22683.9,1.93,
2026-10-07 11:25:12.584375+05:30,BANKNIFTY,2026-10-27,True,41,82,55324.8,1.91,
2026-10-07 11:25:14.475692+05:30,BANKNIFTY,2026-11-23,True,41,82,55324.45,1.89,
2026-10-07 11:25:16.387135+05:30,SENSEX,2026-10-08,True,41,82,72899.9,1.91,
2026-10-07 11:25:18.276550+05:30,SENSEX,2026-10-15,True,41,82,72900.26,1.89,
2026-10-07 11:25:20.375401+05:30,FINNIFTY,2026-10-27,True,41,82,24987.95,2.1,
2026-10-07 11:25:22.271270+05:30,MIDCPNIFTY,2026-10-27,True,41,82,13803.1,1.89,
2026-10-07 11:26:06.834984+05:30,NIFTY,2026-10-13,True,41,82,22687.8,1.85,
2026-10-07 11:26:08.725840+05:30,NIFTY,2026-10-19,True,41,82,22688.3,1.89,
2026-10-07 11:26:10.636491+05:30,NIFTY,2026-10-27,True,41,82,22688.45,1.91,
2026-10-07 11:26:12.548085+05:30,BANKNIFTY,2026-10-27,True,41,82,55318.7,1.91,
2026-10-07 11:26:14.473350+05:30,BANKNIFTY,2026-11-23,True,41,82,55320.6,1.92,
2026-10-07 11:26:16.355955+05:30,SENSEX,2026-10-08,True,41,82,72913.55,1.88,
2026-10-07 11:26:18.243342+05:30,SENSEX,2026-10-15,True,41,82,72912.61,1.89,
2026-10-07 11:26:20.158493+05:30,FINNIFTY,2026-10-27,True,41,82,24994.6,1.91,
2026-10-07 11:26:22.088391+05:30,MIDCPNIFTY,2026-10-27,True,41,82,13807.85,1.93,
2026-10-07 11:27:06.836405+05:30,NIFTY,2026-10-13,True,41,82,22690.2,1.85,
2026-10-07 11:27:08.732793+05:30,NIFTY,2026-10-19,True,41,82,22690.55,1.89,
2026-10-07 11:27:10.628668+05:30,NIFTY,2026-10-27,True,41,82,22689.95,1.89,
2026-10-07 11:27:12.533061+05:30,BANKNIFTY,2026-10-27,True,41,82,55323.3,1.9,
2026-10-07 11:27:14.450020+05:30,BANKNIFTY,2026-11-23,True,41,82,55325.8,1.91,
2026-10-07 11:27:16.322978+05:30,SENSEX,2026-10-08,True,41,82,72921.71,1.87,
2026-10-07 11:27:18.227579+05:30,SENSEX,2026-10-15,True,41,82,72919.73,1.9,
2026-10-07 11:27:20.121324+05:30,FINNIFTY,2026-10-27,True,41,82,24996.55,1.89,
2026-10-07 11:27:22.032079+05:30,MIDCPNIFTY,2026-10-27,True,41,82,13803.6,1.91,
2026-10-07 11:28:06.834365+05:30,NIFTY,2026-10-13,True,41,82,22683.65,1.85,
2026-10-07 11:28:08.721485+05:30,NIFTY,2026-10-19,True,41,82,22683.65,1.89,
2026-10-07 11:28:10.621793+05:30,NIFTY,2026-10-27,True,41,82,22685.45,1.89,
2026-10-07 11:28:12.523032+05:30,BANKNIFTY,2026-10-27,True,41,82,55298.65,1.9,
2026-10-07 11:28:14.430144+05:30,BANKNIFTY,2026-11-23,True,41,82,55303.25,1.91,
2026-10-07 11:28:16.303799+05:30,SENSEX,2026-10-08,True,41,82,72904.31,1.87,
2026-10-07 11:28:18.214025+05:30,SENSEX,2026-10-15,True,41,82,72908.53,1.91,
2026-10-07 11:28:20.105690+05:30,FINNIFTY,2026-10-27,True,41,82,24991.9,1.89,
2026-10-07 11:28:22.003282+05:30,MIDCPNIFTY,2026-10-27,True,41,82,13803.75,1.9,
2026-10-07 11:29:06.838603+05:30,NIFTY,2026-10-13,True,41,82,22691.55,1.86,
2026-10-07 11:29:08.733749+05:30,NIFTY,2026-10-19,True,41,82,22690.9,1.89,
2026-10-07 11:29:10.661417+05:30,NIFTY,2026-10-27,True,41,82,22690.25,1.93,
2026-10-07 11:29:12.584476+05:30,BANKNIFTY,2026-10-27,True,41,82,55318.65,1.92,
2026-10-07 11:29:14.509152+05:30,BANKNIFTY,2026-11-23,True,41,82,55313.55,1.92,
2026-10-07 11:29:16.399475+05:30,SENSEX,2026-10-08,True,41,82,72922.33,1.89,
2026-10-07 11:29:18.326460+05:30,SENSEX,2026-10-15,True,41,82,72922.37,1.93,
2026-10-07 11:29:20.240521+05:30,FINNIFTY,2026-10-27,True,41,82,24992.65,1.91,
2026-10-07 11:29:22.151411+05:30,MIDCPNIFTY,2026-10-27,True,41,82,13806.4,1.91,
2026-10-07 11:30:06.882383+05:30,NIFTY,2026-10-13,True,41,82,22685.45,1.9,
2026-10-07 11:30:08.789392+05:30,NIFTY,2026-10-19,True,41,82,22684.7,1.91,
2026-10-07 11:30:10.758098+05:30,NIFTY,2026-10-27,True,41,82,22685.1,1.97,
2026-10-07 11:30:13.736154+05:30,BANKNIFTY,2026-10-27,True,41,82,55302.9,2.98,
2026-10-07 11:30:15.640266+05:30,BANKNIFTY,2026-11-23,True,41,82,55303.5,1.9,
2026-10-07 11:30:17.530350+05:30,SENSEX,2026-10-08,True,41,82,72919.78,1.89,
2026-10-07 11:30:19.422712+05:30,SENSEX,2026-10-15,True,41,82,72920.78,1.89,
2026-10-07 11:30:21.310160+05:30,FINNIFTY,2026-10-27,True,41,82,24985.05,1.88,
2026-10-07 11:30:23.267810+05:30,MIDCPNIFTY,2026-10-27,True,41,82,13809.3,1.96,
2026-10-07 11:31:06.828099+05:30,NIFTY,2026-10-13,True,41,82,22673.85,1.84,
2026-10-07 11:31:08.729180+05:30,NIFTY,2026-10-19,True,41,82,22672.95,1.9,
2026-10-07 11:31:10.648486+05:30,NIFTY,2026-10-27,True,41,82,22676.05,1.92,
2026-10-07 11:31:12.554761+05:30,BANKNIFTY,2026-10-27,True,41,82,55275.2,1.9,
2026-10-07 11:31:14.451301+05:30,BANKNIFTY,2026-11-23,True,41,82,55275.0,1.89,
2026-10-07 11:31:16.341836+05:30,SENSEX,2026-10-08,True,41,82,72886.14,1.89,
2026-10-07 11:31:18.245768+05:30,SENSEX,2026-10-15,True,41,82,72886.58,1.9,
2026-10-07 11:31:20.138485+05:30,FINNIFTY,2026-10-27,True,41,82,24975.75,1.89,
2026-10-07 11:31:22.044812+05:30,MIDCPNIFTY,2026-10-27,True,41,82,13804.0,1.91,
2026-10-07 11:32:06.852268+05:30,NIFTY,2026-10-13,True,41,82,22666.0,1.87,
2026-10-07 11:32:08.750016+05:30,NIFTY,2026-10-19,True,41,82,22666.0,1.9,
2026-10-07 11:32:10.676391+05:30,NIFTY,2026-10-27,True,41,82,22663.6,1.92,
2026-10-07 11:32:12.603848+05:30,BANKNIFTY,2026-10-27,True,41,82,55222.25,1.93,
2026-10-07 11:32:14.530303+05:30,BANKNIFTY,2026-11-23,True,41,82,55221.9,1.92,
2026-10-07 11:32:16.429074+05:30,SENSEX,2026-10-08,True,41,82,72852.29,1.9,
2026-10-07 11:32:18.339710+05:30,SENSEX,2026-10-15,True,41,82,72852.35,1.91,
2026-10-07 11:32:20.237282+05:30,FINNIFTY,2026-10-27,True,41,82,24959.5,1.89,
2026-10-07 11:32:22.150246+05:30,MIDCPNIFTY,2026-10-27,True,41,82,13801.0,1.91,
2026-10-07 11:33:06.838226+05:30,NIFTY,2026-10-13,True,41,82,22668.25,1.85,
2026-10-07 11:33:08.768043+05:30,NIFTY,2026-10-19,True,41,82,22667.4,1.93,
2026-10-07 11:33:10.671350+05:30,NIFTY,2026-10-27,True,41,82,22667.3,1.9,
2026-10-07 11:33:12.603751+05:30,BANKNIFTY,2026-10-27,True,41,82,55243.7,1.93,
2026-10-07 11:33:14.517207+05:30,BANKNIFTY,2026-11-23,True,41,82,55255.35,1.91,
2026-10-07 11:33:16.431800+05:30,SENSEX,2026-10-08,True,41,82,72859.46,1.91,
2026-10-07 11:33:18.349651+05:30,SENSEX,2026-10-15,True,41,82,72852.15,1.92,
2026-10-07 11:33:20.251573+05:30,FINNIFTY,2026-10-27,True,41,82,24973.15,1.9,
2026-10-07 11:33:23.202638+05:30,MIDCPNIFTY,2026-10-27,True,41,82,13806.8,2.95,
2026-10-07 11:34:06.841719+05:30,NIFTY,2026-10-13,True,41,82,22673.05,1.86,
2026-10-07 11:34:08.753887+05:30,NIFTY,2026-10-19,True,41,82,22674.4,1.91,
2026-10-07 11:34:10.667930+05:30,NIFTY,2026-10-27,True,41,82,22674.45,1.91,
2026-10-07 11:34:12.571114+05:30,BANKNIFTY,2026-10-27,True,41,82,55259.7,1.9,
2026-10-07 11:34:14.467011+05:30,BANKNIFTY,2026-11-23,True,41,82,55259.1,1.89,
2026-10-07 11:34:16.482966+05:30,SENSEX,2026-10-08,True,41,82,72863.92,2.01,
2026-10-07 11:34:18.375087+05:30,SENSEX,2026-10-15,True,41,82,72864.97,1.89,
2026-10-07 11:34:20.272961+05:30,FINNIFTY,2026-10-27,True,41,82,24977.05,1.89,
2026-10-07 11:34:22.188139+05:30,MIDCPNIFTY,2026-10-27,True,41,82,13810.6,1.91,
2026-10-07 11:35:06.857167+05:30,NIFTY,2026-10-13,True,41,82,22674.05,1.87,
2026-10-07 11:35:08.770519+05:30,NIFTY,2026-10-19,True,41,82,22675.3,1.91,
2026-10-07 11:35:10.662548+05:30,NIFTY,2026-10-27,True,41,82,22675.9,1.89,
2026-10-07 11:35:12.589147+05:30,BANKNIFTY,2026-10-27,True,41,82,55251.15,1.92,
2026-10-07 11:35:14.499151+05:30,BANKNIFTY,2026-11-23,True,41,82,55250.85,1.91,
2026-10-07 11:35:16.378546+05:30,SENSEX,2026-10-08,True,41,82,72872.11,1.88,
2026-10-07 11:35:18.272009+05:30,SENSEX,2026-10-15,True,41,82,72874.67,1.89,
2026-10-07 11:35:20.182951+05:30,FINNIFTY,2026-10-27,True,41,82,24981.95,1.91,
2026-10-07 11:35:22.093195+05:30,MIDCPNIFTY,2026-10-27,True,41,82,13809.65,1.91,
2026-10-07 11:36:06.844449+05:30,NIFTY,2026-10-13,True,41,82,22676.1,1.86,
2026-10-07 11:36:08.730567+05:30,NIFTY,2026-10-19,True,41,82,22676.7,1.89,
2026-10-07 11:36:10.630162+05:30,NIFTY,2026-10-27,True,41,82,22677.8,1.9,
2026-10-07 11:36:12.558755+05:30,BANKNIFTY,2026-10-27,True,41,82,55271.45,1.93,
2026-10-07 11:36:15.065081+05:30,BANKNIFTY,2026-11-23,True,41,82,55268.75,2.5,
2026-10-07 11:36:17.556573+05:30,SENSEX,2026-10-08,True,41,82,72878.36,2.49,
2026-10-07 11:36:19.997874+05:30,SENSEX,2026-10-15,True,41,82,72878.16,2.44,
2026-10-07 11:36:25.241763+05:30,FINNIFTY,2026-10-27,True,41,82,24984.75,5.24,
2026-10-07 11:36:27.673346+05:30,MIDCPNIFTY,2026-10-27,True,41,82,13810.6,2.43,
2026-10-07 11:37:06.842334+05:30,NIFTY,2026-10-13,True,41,82,22683.3,1.86,
2026-10-07 11:37:08.738569+05:30,NIFTY,2026-10-19,True,41,82,22682.9,1.9,
2026-10-07 11:37:10.637682+05:30,NIFTY,2026-10-27,True,41,82,22683.1,1.9,
2026-10-07 11:37:12.552854+05:30,BANKNIFTY,2026-10-27,True,41,82,55296.2,1.91,
2026-10-07 11:37:14.448967+05:30,BANKNIFTY,2026-11-23,True,41,82,55291.2,1.89,
2026-10-07 11:37:16.332037+05:30,SENSEX,2026-10-08,True,41,82,72895.8,1.88,
2026-10-07 11:37:18.217005+05:30,SENSEX,2026-10-15,True,41,82,72896.66,1.88,
2026-10-07 11:37:20.124651+05:30,FINNIFTY,2026-10-27,True,41,82,24992.75,1.9,
2026-10-07 11:37:22.009950+05:30,MIDCPNIFTY,2026-10-27,True,41,82,13808.95,1.88,
2026-10-07 11:38:06.850105+05:30,NIFTY,2026-10-13,True,41,82,22686.5,1.87,
2026-10-07 11:38:08.747821+05:30,NIFTY,2026-10-19,True,41,82,22686.55,1.9,
2026-10-07 11:38:11.178769+05:30,NIFTY,2026-10-27,True,41,82,22687.65,2.43,
2026-10-07 11:38:12.965317+05:30,BANKNIFTY,2026-10-27,True,41,82,55289.95,1.78,
2026-10-07 11:38:14.761071+05:30,BANKNIFTY,2026-11-23,True,41,82,55294.35,1.79,
2026-10-07 11:38:17.042439+05:30,SENSEX,2026-10-08,True,41,82,72910.82,2.28,
2026-10-07 11:38:18.806577+05:30,SENSEX,2026-10-15,True,41,82,72910.23,1.76,
2026-10-07 11:38:20.588371+05:30,FINNIFTY,2026-10-27,True,41,82,24994.45,1.78,
2026-10-07 11:38:22.368664+05:30,MIDCPNIFTY,2026-10-27,True,41,82,13810.9,1.78,
2026-10-07 11:39:07.763784+05:30,NIFTY,2026-10-13,True,41,82,22694.45,2.78,
2026-10-07 11:39:09.532362+05:30,NIFTY,2026-10-19,True,41,82,22695.3,1.77,
2026-10-07 11:39:11.415580+05:30,NIFTY,2026-10-27,True,41,82,22695.95,1.88,
2026-10-07 11:39:13.195076+05:30,BANKNIFTY,2026-10-27,True,41,82,55318.15,1.78,
2026-10-07 11:39:14.974842+05:30,BANKNIFTY,2026-11-23,True,41,82,55311.75,1.78,
2026-10-07 11:39:16.752161+05:30,SENSEX,2026-10-08,True,41,82,72925.63,1.78,
2026-10-07 11:39:18.524210+05:30,SENSEX,2026-10-15,True,41,82,72925.63,1.77,
2026-10-07 11:39:20.290806+05:30,FINNIFTY,2026-10-27,True,41,82,25005.15,1.76,
2026-10-07 11:39:22.059709+05:30,MIDCPNIFTY,2026-10-27,True,41,82,13816.4,1.77,
2026-10-07 11:40:06.735496+05:30,NIFTY,2026-10-13,True,41,82,22689.5,1.75,
2026-10-07 11:40:08.510832+05:30,NIFTY,2026-10-19,True,41,82,22689.2,1.77,
2026-10-07 11:40:10.317065+05:30,NIFTY,2026-10-27,True,41,82,22689.6,1.8,
2026-10-07 11:40:12.104987+05:30,BANKNIFTY,2026-10-27,True,41,82,55291.25,1.79,
2026-10-07 11:40:13.877616+05:30,BANKNIFTY,2026-11-23,True,41,82,55287.65,1.77,
2026-10-07 11:40:15.656732+05:30,SENSEX,2026-10-08,True,41,82,72903.14,1.78,
2026-10-07 11:40:17.428404+05:30,SENSEX,2026-10-15,True,41,82,72908.19,1.77,
2026-10-07 11:40:19.754034+05:30,FINNIFTY,2026-10-27,True,41,82,24995.6,2.32,
2026-10-07 11:40:21.531861+05:30,MIDCPNIFTY,2026-10-27,True,41,82,13814.25,1.78,
2026-10-07 11:41:06.717997+05:30,NIFTY,2026-10-13,True,41,82,22690.0,1.73,
2026-10-07 11:41:08.492864+05:30,NIFTY,2026-10-19,True,41,82,22691.1,1.77,
2026-10-07 11:41:10.258518+05:30,NIFTY,2026-10-27,True,41,82,22691.0,1.76,
2026-10-07 11:41:12.276064+05:30,BANKNIFTY,2026-10-27,True,41,82,55295.55,2.02,
2026-10-07 11:41:14.084789+05:30,BANKNIFTY,2026-11-23,True,41,82,55290.4,1.81,
2026-10-07 11:41:15.854289+05:30,SENSEX,2026-10-08,True,41,82,72910.78,1.77,
2026-10-07 11:41:17.622086+05:30,SENSEX,2026-10-15,True,41,82,72909.17,1.77,
2026-10-07 11:41:19.432415+05:30,FINNIFTY,2026-10-27,True,41,82,24998.45,1.81,
2026-10-07 11:41:21.204212+05:30,MIDCPNIFTY,2026-10-27,True,41,82,13812.05,1.77,
2026-10-07 11:42:06.732575+05:30,NIFTY,2026-10-13,True,41,82,22683.25,1.75,
2026-10-07 11:42:08.511069+05:30,NIFTY,2026-10-19,True,41,82,22683.5,1.78,
2026-10-07 11:42:10.285378+05:30,NIFTY,2026-10-27,True,41,82,22683.35,1.77,
2026-10-07 11:42:12.062481+05:30,BANKNIFTY,2026-10-27,True,41,82,55282.95,1.77,
2026-10-07 11:42:13.856208+05:30,BANKNIFTY,2026-11-23,True,41,82,55283.7,1.79,
2026-10-07 11:42:15.648185+05:30,SENSEX,2026-10-08,True,41,82,72891.29,1.79,
2026-10-07 11:42:17.425844+05:30,SENSEX,2026-10-15,True,41,82,72890.66,1.78,
2026-10-07 11:42:19.206386+05:30,FINNIFTY,2026-10-27,True,41,82,24988.1,1.78,
2026-10-07 11:42:20.987544+05:30,MIDCPNIFTY,2026-10-27,True,41,82,13805.15,1.78,
2026-10-07 11:43:06.713928+05:30,NIFTY,2026-10-13,True,41,82,22678.15,1.73,
2026-10-07 11:43:08.501837+05:30,NIFTY,2026-10-19,True,41,82,22678.7,1.79,
2026-10-07 11:43:10.264589+05:30,NIFTY,2026-10-27,True,41,82,22678.75,1.76,
2026-10-07 11:43:12.059257+05:30,BANKNIFTY,2026-10-27,True,41,82,55267.25,1.79,
2026-10-07 11:43:13.841818+05:30,BANKNIFTY,2026-11-23,True,41,82,55263.7,1.78,
2026-10-07 11:43:15.612363+05:30,SENSEX,2026-10-08,True,41,82,72871.76,1.77,
2026-10-07 11:43:17.395242+05:30,SENSEX,2026-10-15,True,41,82,72869.74,1.78,
2026-10-07 11:43:19.172416+05:30,FINNIFTY,2026-10-27,True,41,82,24985.55,1.77,
2026-10-07 11:43:20.963624+05:30,MIDCPNIFTY,2026-10-27,True,41,82,13804.5,1.79,
2026-10-07 11:44:06.649172+05:30,NIFTY,2026-10-13,True,41,82,22674.6,1.67,
2026-10-07 11:44:08.364038+05:30,NIFTY,2026-10-19,True,41,82,22674.1,1.71,
2026-10-07 11:44:10.099495+05:30,NIFTY,2026-10-27,True,41,82,22674.15,1.73,
2026-10-07 11:44:11.816509+05:30,BANKNIFTY,2026-10-27,True,41,82,55253.3,1.71,
2026-10-07 11:44:13.547347+05:30,BANKNIFTY,2026-11-23,True,41,82,55251.45,1.73,
2026-10-07 11:44:15.257543+05:30,SENSEX,2026-10-08,True,41,82,72853.24,1.71,
2026-10-07 11:44:16.992611+05:30,SENSEX,2026-10-15,True,41,82,72855.13,1.74,
2026-10-07 11:44:18.709681+05:30,FINNIFTY,2026-10-27,True,41,82,24976.2,1.71,
2026-10-07 11:44:20.465804+05:30,MIDCPNIFTY,2026-10-27,True,41,82,13800.35,1.75,
2026-10-07 11:45:06.646526+05:30,NIFTY,2026-10-13,True,41,82,22674.05,1.66,
2026-10-07 11:45:08.369886+05:30,NIFTY,2026-10-19,True,41,82,22673.0,1.73,
2026-10-07 11:45:10.082717+05:30,NIFTY,2026-10-27,True,41,82,22673.45,1.7,
2026-10-07 11:45:11.797087+05:30,BANKNIFTY,2026-10-27,True,41,82,55262.75,1.71,
2026-10-07 11:45:14.273797+05:30,BANKNIFTY,2026-11-23,True,41,81,55257.7,2.48,
2026-10-07 11:45:15.967132+05:30,SENSEX,2026-10-08,True,41,82,72859.05,1.69,
2026-10-07 11:45:17.688587+05:30,SENSEX,2026-10-15,True,41,82,72858.14,1.72,
2026-10-07 11:45:19.417057+05:30,FINNIFTY,2026-10-27,True,41,82,24986.35,1.73,
2026-10-07 11:45:21.135164+05:30,MIDCPNIFTY,2026-10-27,True,41,82,13798.15,1.72,
2026-10-07 11:46:06.637980+05:30,NIFTY,2026-10-13,True,41,82,22682.5,1.65,
2026-10-07 11:46:08.357643+05:30,NIFTY,2026-10-19,True,41,82,22683.45,1.75,
2026-10-07 11:46:10.062116+05:30,NIFTY,2026-10-27,True,41,82,22683.45,1.67,
2026-10-07 11:46:11.775553+05:30,BANKNIFTY,2026-10-27,True,41,82,55299.6,1.71,
2026-10-07 11:46:13.480038+05:30,BANKNIFTY,2026-11-23,True,41,82,55292.0,1.7,
2026-10-07 11:46:15.177088+05:30,SENSEX,2026-10-08,True,41,82,72886.42,1.7,
2026-10-07 11:46:16.862132+05:30,SENSEX,2026-10-15,True,41,82,72880.62,1.68,
2026-10-07 11:46:18.571987+05:30,FINNIFTY,2026-10-27,True,41,82,24997.8,1.71,
2026-10-07 11:46:20.283914+05:30,MIDCPNIFTY,2026-10-27,True,41,82,13807.95,1.71,
2026-10-07 11:47:06.661437+05:30,NIFTY,2026-10-13,True,41,82,22677.0,1.68,
2026-10-07 11:47:08.386378+05:30,NIFTY,2026-10-19,True,41,82,22676.9,1.73,
2026-10-07 11:47:10.098383+05:30,NIFTY,2026-10-27,True,41,82,22677.15,1.71,
2026-10-07 11:47:11.876394+05:30,BANKNIFTY,2026-10-27,True,41,82,55263.3,1.78,
2026-10-07 11:47:13.598458+05:30,BANKNIFTY,2026-11-23,True,41,82,55263.0,1.72,
2026-10-07 11:47:15.339567+05:30,SENSEX,2026-10-08,True,41,82,72871.56,1.74,
2026-10-07 11:47:17.042066+05:30,SENSEX,2026-10-15,True,41,82,72871.56,1.7,
2026-10-07 11:47:18.740268+05:30,FINNIFTY,2026-10-27,True,41,82,24991.2,1.7,
2026-10-07 11:47:20.439617+05:30,MIDCPNIFTY,2026-10-27,True,41,82,13807.8,1.7,
2026-10-07 11:48:06.659444+05:30,NIFTY,2026-10-13,True,41,82,22680.3,1.68,
2026-10-07 11:48:08.365830+05:30,NIFTY,2026-10-19,True,41,82,22680.25,1.7,
2026-10-07 11:48:10.069832+05:30,NIFTY,2026-10-27,True,41,82,22679.9,1.7,
2026-10-07 11:48:11.782348+05:30,BANKNIFTY,2026-10-27,True,41,82,55261.3,1.71,
2026-10-07 11:48:13.486200+05:30,BANKNIFTY,2026-11-23,True,41,82,55261.8,1.7,
2026-10-07 11:48:15.176176+05:30,SENSEX,2026-10-08,True,41,82,72888.8,1.69,
2026-10-07 11:48:16.864691+05:30,SENSEX,2026-10-15,True,41,82,72891.07,1.69,
2026-10-07 11:48:18.569604+05:30,FINNIFTY,2026-10-27,True,41,82,24996.0,1.7,
2026-10-07 11:48:20.273295+05:30,MIDCPNIFTY,2026-10-27,True,41,82,13809.85,1.7,
2026-10-07 11:49:06.638101+05:30,NIFTY,2026-10-13,True,41,82,22683.0,1.65,
2026-10-07 11:49:08.338640+05:30,NIFTY,2026-10-19,True,41,82,22682.55,1.7,
2026-10-07 11:49:10.035474+05:30,NIFTY,2026-10-27,True,41,82,22682.15,1.69,
2026-10-07 11:49:11.743161+05:30,BANKNIFTY,2026-10-27,True,41,82,55242.25,1.71,
2026-10-07 11:49:13.472104+05:30,BANKNIFTY,2026-11-23,True,41,82,55240.85,1.72,
2026-10-07 11:49:15.159849+05:30,SENSEX,2026-10-08,True,41,82,72898.96,1.69,
2026-10-07 11:49:16.852373+05:30,SENSEX,2026-10-15,True,41,82,72904.18,1.69,
2026-10-07 11:49:18.563290+05:30,FINNIFTY,2026-10-27,True,41,82,24992.2,1.71,
2026-10-07 11:49:20.268512+05:30,MIDCPNIFTY,2026-10-27,True,41,82,13809.1,1.7,
2026-10-07 11:50:07.672816+05:30,NIFTY,2026-10-13,True,41,82,22686.0,2.69,
2026-10-07 11:50:09.406959+05:30,NIFTY,2026-10-19,True,41,82,22685.85,1.74,
2026-10-07 11:50:11.117151+05:30,NIFTY,2026-10-27,True,41,82,22687.8,1.7,
2026-10-07 11:50:12.850094+05:30,BANKNIFTY,2026-10-27,True,41,82,55253.95,1.73,
2026-10-07 11:50:14.631228+05:30,BANKNIFTY,2026-11-23,True,41,82,55257.95,1.78,
2026-10-07 11:50:16.382286+05:30,SENSEX,2026-10-08,True,41,82,72911.14,1.75,
2026-10-07 11:50:18.166003+05:30,SENSEX,2026-10-15,True,41,82,72911.2,1.78,
2026-10-07 11:50:19.921412+05:30,FINNIFTY,2026-10-27,True,41,82,24995.5,1.75,
2026-10-07 11:50:21.701257+05:30,MIDCPNIFTY,2026-10-27,True,41,82,13809.35,1.78,
2026-10-07 11:51:06.694527+05:30,NIFTY,2026-10-13,True,41,82,22684.75,1.71,
2026-10-07 11:51:08.418815+05:30,NIFTY,2026-10-19,True,41,82,22684.25,1.73,
2026-10-07 11:51:10.121347+05:30,NIFTY,2026-10-27,True,41,82,22684.05,1.7,
2026-10-07 11:51:11.847627+05:30,BANKNIFTY,2026-10-27,True,41,82,55244.5,1.72,
2026-10-07 11:51:13.567973+05:30,BANKNIFTY,2026-11-23,True,41,82,55245.75,1.72,
2026-10-07 11:51:15.273990+05:30,SENSEX,2026-10-08,True,41,82,72907.45,1.7,
2026-10-07 11:51:16.989403+05:30,SENSEX,2026-10-15,True,41,82,72906.55,1.72,
2026-10-07 11:51:18.711603+05:30,FINNIFTY,2026-10-27,True,41,82,24989.7,1.72,
2026-10-07 11:51:20.438462+05:30,MIDCPNIFTY,2026-10-27,True,41,82,13807.4,1.73,
2026-10-07 11:52:06.671571+05:30,NIFTY,2026-10-13,True,41,82,22687.5,1.69,
2026-10-07 11:52:08.368640+05:30,NIFTY,2026-10-19,True,41,82,22687.3,1.7,
2026-10-07 11:52:10.108226+05:30,NIFTY,2026-10-27,True,41,82,22686.8,1.74,
2026-10-07 11:52:11.830308+05:30,BANKNIFTY,2026-10-27,True,41,82,55218.7,1.72,
2026-10-07 11:52:13.535896+05:30,BANKNIFTY,2026-11-23,True,41,82,55215.55,1.7,
2026-10-07 11:52:15.260274+05:30,SENSEX,2026-10-08,True,41,82,72910.77,1.72,
2026-10-07 11:52:16.988804+05:30,SENSEX,2026-10-15,True,41,82,72915.8,1.73,
2026-10-07 11:52:19.249980+05:30,FINNIFTY,2026-10-27,True,41,82,24982.35,2.26,
2026-10-07 11:52:20.985385+05:30,MIDCPNIFTY,2026-10-27,True,41,82,13807.6,1.73,
2026-10-07 11:53:06.648095+05:30,NIFTY,2026-10-13,True,41,82,22685.7,1.66,
2026-10-07 11:53:08.350387+05:30,NIFTY,2026-10-19,True,41,82,22685.55,1.7,
2026-10-07 11:53:10.056364+05:30,NIFTY,2026-10-27,True,41,82,22687.0,1.7,
2026-10-07 11:53:12.809098+05:30,BANKNIFTY,2026-10-27,True,41,82,55226.05,2.75,
2026-10-07 11:53:14.511484+05:30,BANKNIFTY,2026-11-23,True,41,82,55228.25,1.7,
2026-10-07 11:53:16.230948+05:30,SENSEX,2026-10-08,True,41,82,72910.98,1.72,
2026-10-07 11:53:17.934828+05:30,SENSEX,2026-10-15,True,41,82,72912.85,1.7,
2026-10-07 11:53:19.634389+05:30,FINNIFTY,2026-10-27,True,41,82,24982.7,1.7,
2026-10-07 11:53:21.350818+05:30,MIDCPNIFTY,2026-10-27,True,41,82,13812.9,1.72,
2026-10-07 11:54:06.680878+05:30,NIFTY,2026-10-13,True,41,82,22681.45,1.7,
2026-10-07 11:54:08.376123+05:30,NIFTY,2026-10-19,True,41,82,22681.4,1.69,
2026-10-07 11:54:10.085489+05:30,NIFTY,2026-10-27,True,41,82,22680.7,1.72,
2026-10-07 11:54:11.782694+05:30,BANKNIFTY,2026-10-27,True,41,82,55220.15,1.68,
2026-10-07 11:54:13.481603+05:30,BANKNIFTY,2026-11-23,True,41,82,55218.8,1.7,
2026-10-07 11:54:15.170775+05:30,SENSEX,2026-10-08,True,41,82,72879.07,1.69,
2026-10-07 11:54:16.879646+05:30,SENSEX,2026-10-15,True,41,82,72881.56,1.71,
2026-10-07 11:54:18.565157+05:30,FINNIFTY,2026-10-27,True,41,82,24977.95,1.68,
2026-10-07 11:54:20.259969+05:30,MIDCPNIFTY,2026-10-27,True,41,82,13812.55,1.69,
2026-10-07 11:55:07.176071+05:30,NIFTY,2026-10-13,True,41,82,22687.45,2.19,
2026-10-07 11:55:08.900000+05:30,NIFTY,2026-10-19,True,41,82,22687.5,1.72,
2026-10-07 11:55:10.643641+05:30,NIFTY,2026-10-27,True,41,82,22687.7,1.74,
2026-10-07 11:55:12.402765+05:30,BANKNIFTY,2026-10-27,True,41,82,55244.95,1.76,
2026-10-07 11:55:14.141867+05:30,BANKNIFTY,2026-11-23,True,41,82,55243.05,1.74,
2026-10-07 11:55:15.864668+05:30,SENSEX,2026-10-08,True,41,82,72913.32,1.72,
2026-10-07 11:55:17.575422+05:30,SENSEX,2026-10-15,True,41,82,72913.94,1.71,
2026-10-07 11:55:19.281149+05:30,FINNIFTY,2026-10-27,True,41,82,24985.15,1.7,
2026-10-07 11:55:21.023316+05:30,MIDCPNIFTY,2026-10-27,True,41,82,13816.15,1.74,
2026-10-07 11:56:06.656512+05:30,NIFTY,2026-10-13,True,41,82,22692.8,1.67,
2026-10-07 11:56:08.384548+05:30,NIFTY,2026-10-19,True,41,82,22691.9,1.73,
2026-10-07 11:56:10.123171+05:30,NIFTY,2026-10-27,True,41,82,22692.45,1.73,
2026-10-07 11:56:11.850340+05:30,BANKNIFTY,2026-10-27,True,41,82,55227.55,1.72,
2026-10-07 11:56:13.557639+05:30,BANKNIFTY,2026-11-23,True,41,82,55228.4,1.71,
2026-10-07 11:56:15.261413+05:30,SENSEX,2026-10-08,True,41,82,72947.8,1.7,
2026-10-07 11:56:16.972203+05:30,SENSEX,2026-10-15,True,41,82,72951.11,1.71,
2026-10-07 11:56:18.709445+05:30,FINNIFTY,2026-10-27,True,41,82,24979.75,1.73,
2026-10-07 11:56:20.429441+05:30,MIDCPNIFTY,2026-10-27,True,41,82,13816.9,1.72,
2026-10-07 11:57:06.656333+05:30,NIFTY,2026-10-13,True,41,82,22683.35,1.67,
2026-10-07 11:57:08.381223+05:30,NIFTY,2026-10-19,True,41,82,22684.65,1.73,
2026-10-07 11:57:10.097089+05:30,NIFTY,2026-10-27,True,41,82,22685.25,1.71,
2026-10-07 11:57:11.839576+05:30,BANKNIFTY,2026-10-27,True,41,82,55225.5,1.74,
2026-10-07 11:57:13.556128+05:30,BANKNIFTY,2026-11-23,True,41,82,55225.15,1.71,
2026-10-07 11:57:15.310123+05:30,SENSEX,2026-10-08,True,41,82,72910.37,1.75,
2026-10-07 11:57:17.020689+05:30,SENSEX,2026-10-15,True,41,82,72911.64,1.71,
2026-10-07 11:57:18.744281+05:30,FINNIFTY,2026-10-27,True,41,82,24977.45,1.72,
2026-10-07 11:57:20.503327+05:30,MIDCPNIFTY,2026-10-27,True,41,82,13819.0,1.76,
2026-10-07 11:58:06.718993+05:30,NIFTY,2026-10-13,True,41,82,22687.55,1.73,
2026-10-07 11:58:08.430956+05:30,NIFTY,2026-10-19,True,41,82,22687.65,1.71,
2026-10-07 11:58:10.148112+05:30,NIFTY,2026-10-27,True,41,82,22687.85,1.72,
2026-10-07 11:58:11.866296+05:30,BANKNIFTY,2026-10-27,True,41,82,55229.5,1.72,
2026-10-07 11:58:13.585615+05:30,BANKNIFTY,2026-11-23,True,41,82,55228.75,1.72,
2026-10-07 11:58:15.275563+05:30,SENSEX,2026-10-08,True,41,82,72916.32,1.69,
2026-10-07 11:58:16.990096+05:30,SENSEX,2026-10-15,True,41,82,72915.7,1.71,
2026-10-07 11:58:18.709286+05:30,FINNIFTY,2026-10-27,True,41,82,24977.6,1.72,
2026-10-07 11:58:20.449951+05:30,MIDCPNIFTY,2026-10-27,True,41,82,13819.85,1.74,
2026-10-07 11:59:06.667137+05:30,NIFTY,2026-10-13,True,41,82,22685.55,1.68,
2026-10-07 11:59:08.391389+05:30,NIFTY,2026-10-19,True,41,82,22685.9,1.73,
2026-10-07 11:59:10.113177+05:30,NIFTY,2026-10-27,True,41,82,22685.8,1.71,
2026-10-07 11:59:11.825774+05:30,BANKNIFTY,2026-10-27,True,41,82,55229.3,1.71,
2026-10-07 11:59:13.558463+05:30,BANKNIFTY,2026-11-23,True,41,82,55226.65,1.73,
2026-10-07 11:59:15.288329+05:30,SENSEX,2026-10-08,True,41,82,72919.26,1.73,
2026-10-07 11:59:17.016802+05:30,SENSEX,2026-10-15,True,41,82,72917.63,1.73,
2026-10-07 11:59:18.722321+05:30,FINNIFTY,2026-10-27,True,41,82,24971.75,1.7,
2026-10-07 11:59:20.443631+05:30,MIDCPNIFTY,2026-10-27,True,41,82,13816.0,1.72,
2026-10-07 12:00:06.638439+05:30,NIFTY,2026-10-13,True,41,82,22687.55,1.65,
2026-10-07 12:00:08.331150+05:30,NIFTY,2026-10-19,True,41,82,22687.8,1.69,
2026-10-07 12:00:10.059688+05:30,NIFTY,2026-10-27,True,41,82,22688.95,1.73,
2026-10-07 12:00:11.748032+05:30,BANKNIFTY,2026-10-27,True,41,82,55227.5,1.69,
2026-10-07 12:00:14.272837+05:30,BANKNIFTY,2026-11-23,True,41,82,55225.7,2.52,
2026-10-07 12:00:16.149354+05:30,SENSEX,2026-10-08,True,41,82,72927.12,1.88,
2026-10-07 12:00:18.014476+05:30,SENSEX,2026-10-15,True,41,82,72927.76,1.87,
2026-10-07 12:00:19.891630+05:30,FINNIFTY,2026-10-27,True,41,82,24969.25,1.87,
2026-10-07 12:00:21.766466+05:30,MIDCPNIFTY,2026-10-27,True,41,82,13811.3,1.87,
2026-10-07 12:01:06.825019+05:30,NIFTY,2026-10-13,True,41,82,22691.8,1.84,
2026-10-07 12:01:08.794894+05:30,NIFTY,2026-10-19,True,41,82,22692.65,1.97,
2026-10-07 12:01:10.696146+05:30,NIFTY,2026-10-27,True,41,82,22691.6,1.91,
2026-10-07 12:01:12.607340+05:30,BANKNIFTY,2026-10-27,True,41,82,55235.0,1.9,
2026-10-07 12:01:14.476477+05:30,BANKNIFTY,2026-11-23,True,41,82,55236.45,1.87,
2026-10-07 12:01:16.335697+05:30,SENSEX,2026-10-08,True,41,82,72935.28,1.86,
2026-10-07 12:01:18.181949+05:30,SENSEX,2026-10-15,True,41,82,72939.2,1.85,
2026-10-07 12:01:21.054638+05:30,FINNIFTY,2026-10-27,True,41,82,24979.7,2.87,
2026-10-07 12:01:22.934906+05:30,MIDCPNIFTY,2026-10-27,True,41,82,13810.6,1.88,
2026-10-07 12:02:06.813467+05:30,NIFTY,2026-10-13,True,41,82,22696.4,1.83,
2026-10-07 12:02:08.674885+05:30,NIFTY,2026-10-19,True,41,82,22694.8,1.86,
2026-10-07 12:02:10.570867+05:30,NIFTY,2026-10-27,True,41,82,22695.9,1.89,
2026-10-07 12:02:12.445700+05:30,BANKNIFTY,2026-10-27,True,41,82,55249.35,1.87,
2026-10-07 12:02:14.314668+05:30,BANKNIFTY,2026-11-23,True,41,82,55248.2,1.87,
2026-10-07 12:02:16.250064+05:30,SENSEX,2026-10-08,True,41,82,72959.39,1.93,
2026-10-07 12:02:18.126387+05:30,SENSEX,2026-10-15,True,41,82,72955.85,1.88,
2026-10-07 12:02:19.994407+05:30,FINNIFTY,2026-10-27,True,41,82,24978.1,1.87,
2026-10-07 12:02:21.864449+05:30,MIDCPNIFTY,2026-10-27,True,41,82,13812.5,1.87,
2026-10-07 12:03:06.831051+05:30,NIFTY,2026-10-13,True,41,82,22699.05,1.85,
2026-10-07 12:03:08.677517+05:30,NIFTY,2026-10-19,True,41,82,22698.5,1.85,
2026-10-07 12:03:10.576276+05:30,NIFTY,2026-10-27,True,41,82,22697.9,1.9,
2026-10-07 12:03:12.442842+05:30,BANKNIFTY,2026-10-27,True,41,82,55256.35,1.86,
2026-10-07 12:03:14.294601+05:30,BANKNIFTY,2026-11-23,True,41,82,55256.55,1.85,
2026-10-07 12:03:16.149146+05:30,SENSEX,2026-10-08,True,41,82,72958.72,1.85,
2026-10-07 12:03:18.018945+05:30,SENSEX,2026-10-15,True,41,82,72962.09,1.87,
2026-10-07 12:03:19.871931+05:30,FINNIFTY,2026-10-27,True,41,82,24980.15,1.85,
2026-10-07 12:03:21.750392+05:30,MIDCPNIFTY,2026-10-27,True,41,82,13815.6,1.88,
2026-10-07 12:04:06.808061+05:30,NIFTY,2026-10-13,True,41,82,22704.2,1.83,
2026-10-07 12:04:08.689817+05:30,NIFTY,2026-10-19,True,41,82,22704.35,1.88,
2026-10-07 12:04:10.562594+05:30,NIFTY,2026-10-27,True,41,82,22704.15,1.87,
2026-10-07 12:04:12.454145+05:30,BANKNIFTY,2026-10-27,True,41,82,55265.2,1.89,
2026-10-07 12:04:14.333322+05:30,BANKNIFTY,2026-11-23,True,41,82,55264.5,1.88,
2026-10-07 12:04:16.195463+05:30,SENSEX,2026-10-08,True,41,82,72976.75,1.86,
2026-10-07 12:04:18.070724+05:30,SENSEX,2026-10-15,True,41,82,72977.54,1.88,
2026-10-07 12:04:19.964704+05:30,FINNIFTY,2026-10-27,True,41,82,24991.4,1.89,
2026-10-07 12:04:21.874972+05:30,MIDCPNIFTY,2026-10-27,True,41,82,13818.3,1.91,
2026-10-07 12:05:06.839627+05:30,NIFTY,2026-10-13,True,41,82,22713.4,1.86,
2026-10-07 12:05:08.730797+05:30,NIFTY,2026-10-19,True,41,82,22712.45,1.89,
2026-10-07 12:05:10.594802+05:30,NIFTY,2026-10-27,True,41,82,22712.95,1.86,
2026-10-07 12:05:13.471949+05:30,BANKNIFTY,2026-10-27,True,41,82,55287.5,2.87,
2026-10-07 12:05:15.363167+05:30,BANKNIFTY,2026-11-23,True,41,82,55283.15,1.89,
2026-10-07 12:05:17.233340+05:30,SENSEX,2026-10-08,True,41,82,73011.85,1.87,
2026-10-07 12:05:19.126073+05:30,SENSEX,2026-10-15,True,41,82,73011.81,1.89,
2026-10-07 12:05:21.010263+05:30,FINNIFTY,2026-10-27,True,41,82,24999.9,1.88,
2026-10-07 12:05:22.901845+05:30,MIDCPNIFTY,2026-10-27,True,41,82,13822.0,1.89,
2026-10-07 12:06:06.827385+05:30,NIFTY,2026-10-13,True,41,82,22711.4,1.84,
2026-10-07 12:06:08.680690+05:30,NIFTY,2026-10-19,True,41,82,22711.5,1.85,
2026-10-07 12:06:10.570335+05:30,NIFTY,2026-10-27,True,41,82,22712.45,1.9,
2026-10-07 12:06:12.516472+05:30,BANKNIFTY,2026-10-27,True,41,82,55299.15,1.93,
2026-10-07 12:06:14.491342+05:30,BANKNIFTY,2026-11-23,True,41,82,55298.4,1.97,
2026-10-07 12:06:16.339650+05:30,SENSEX,2026-10-08,True,41,82,73004.84,1.85,
2026-10-07 12:06:18.207475+05:30,SENSEX,2026-10-15,True,41,82,73002.75,1.87,
2026-10-07 12:06:20.696787+05:30,FINNIFTY,2026-10-27,True,41,82,24999.85,2.49,
2026-10-07 12:06:22.575787+05:30,MIDCPNIFTY,2026-10-27,True,41,82,13821.5,1.88,
2026-10-07 12:07:06.835903+05:30,NIFTY,2026-10-13,True,41,82,22707.5,1.85,
2026-10-07 12:07:08.722279+05:30,NIFTY,2026-10-19,True,41,82,22708.05,1.88,
2026-10-07 12:07:10.624964+05:30,NIFTY,2026-10-27,True,41,82,22708.4,1.9,
2026-10-07 12:07:12.545962+05:30,BANKNIFTY,2026-10-27,True,41,82,55283.3,1.92,
2026-10-07 12:07:14.422933+05:30,BANKNIFTY,2026-11-23,True,41,82,55287.25,1.88,
2026-10-07 12:07:16.293376+05:30,SENSEX,2026-10-08,True,41,82,72998.5,1.87,
2026-10-07 12:07:18.168264+05:30,SENSEX,2026-10-15,True,41,82,72999.55,1.88,
2026-10-07 12:07:20.095853+05:30,FINNIFTY,2026-10-27,True,41,82,24999.85,1.92,
2026-10-07 12:07:21.945914+05:30,MIDCPNIFTY,2026-10-27,True,41,82,13820.3,1.85,
2026-10-07 12:08:06.824214+05:30,NIFTY,2026-10-13,True,41,82,22702.6,1.84,
2026-10-07 12:08:08.695934+05:30,NIFTY,2026-10-19,True,41,82,22703.05,1.87,
2026-10-07 12:08:10.576189+05:30,NIFTY,2026-10-27,True,41,82,22702.65,1.88,
2026-10-07 12:08:12.448996+05:30,BANKNIFTY,2026-10-27,True,41,82,55242.0,1.87,
2026-10-07 12:08:14.315718+05:30,BANKNIFTY,2026-11-23,True,41,82,55244.6,1.86,
2026-10-07 12:08:16.175818+05:30,SENSEX,2026-10-08,True,41,82,72977.42,1.86,
2026-10-07 12:08:18.044089+05:30,SENSEX,2026-10-15,True,41,82,72977.42,1.87,
2026-10-07 12:08:19.905417+05:30,FINNIFTY,2026-10-27,True,41,82,24990.25,1.86,
2026-10-07 12:08:22.817207+05:30,MIDCPNIFTY,2026-10-27,True,41,82,13817.65,2.91,
2026-10-07 12:09:07.429654+05:30,NIFTY,2026-10-13,True,41,82,22698.45,2.45,
2026-10-07 12:09:09.310592+05:30,NIFTY,2026-10-19,True,41,82,22698.7,1.88,
2026-10-07 12:09:11.186500+05:30,NIFTY,2026-10-27,True,41,82,22697.9,1.87,
2026-10-07 12:09:13.059235+05:30,BANKNIFTY,2026-10-27,True,41,82,55223.95,1.87,
2026-10-07 12:09:14.918909+05:30,BANKNIFTY,2026-11-23,True,41,81,55221.7,1.86,
2026-10-07 12:09:16.768079+05:30,SENSEX,2026-10-08,True,41,82,72949.29,1.85,
2026-10-07 12:09:18.630704+05:30,SENSEX,2026-10-15,True,41,82,72950.29,1.86,
2026-10-07 12:09:21.542874+05:30,FINNIFTY,2026-10-27,True,41,82,24987.4,2.91,
2026-10-07 12:09:23.435667+05:30,MIDCPNIFTY,2026-10-27,True,41,82,13814.3,1.89,
2026-10-07 12:10:06.668235+05:30,NIFTY,2026-10-13,True,41,82,22696.25,1.68,
2026-10-07 12:10:08.784154+05:30,NIFTY,2026-10-19,True,41,82,22695.95,2.11,
2026-10-07 12:10:10.520328+05:30,NIFTY,2026-10-27,True,41,82,22696.5,1.73,
2026-10-07 12:10:12.227462+05:30,BANKNIFTY,2026-10-27,True,41,82,55218.3,1.71,
2026-10-07 12:10:13.924360+05:30,BANKNIFTY,2026-11-23,True,41,82,55219.75,1.7,
2026-10-07 12:10:15.618440+05:30,SENSEX,2026-10-08,True,41,82,72952.17,1.69,
2026-10-07 12:10:17.317639+05:30,SENSEX,2026-10-15,True,41,82,72951.41,1.7,
2026-10-07 12:10:19.015043+05:30,FINNIFTY,2026-10-27,True,41,82,24986.95,1.69,
2026-10-07 12:10:20.738468+05:30,MIDCPNIFTY,2026-10-27,True,41,82,13814.7,1.72,
2026-10-07 12:11:06.654140+05:30,NIFTY,2026-10-13,True,41,82,22691.65,1.67,
2026-10-07 12:11:08.389525+05:30,NIFTY,2026-10-19,True,41,82,22690.95,1.74,
2026-10-07 12:11:10.157833+05:30,NIFTY,2026-10-27,True,41,82,22691.25,1.77,
2026-10-07 12:11:11.880918+05:30,BANKNIFTY,2026-10-27,True,41,82,55205.4,1.72,
2026-10-07 12:11:13.587621+05:30,BANKNIFTY,2026-11-23,True,41,82,55211.1,1.7,
2026-10-07 12:11:15.300088+05:30,SENSEX,2026-10-08,True,41,82,72937.84,1.71,
2026-10-07 12:11:16.998064+05:30,SENSEX,2026-10-15,True,41,82,72934.14,1.7,
2026-10-07 12:11:18.707600+05:30,FINNIFTY,2026-10-27,True,41,82,24979.35,1.71,
2026-10-07 12:11:20.400648+05:30,MIDCPNIFTY,2026-10-27,True,41,82,13809.15,1.69,
2026-10-07 12:12:06.655368+05:30,NIFTY,2026-10-13,True,41,82,22680.0,1.67,
2026-10-07 12:12:08.373194+05:30,NIFTY,2026-10-19,True,41,82,22680.05,1.72,
2026-10-07 12:12:10.067121+05:30,NIFTY,2026-10-27,True,41,82,22679.95,1.69,
2026-10-07 12:12:11.913723+05:30,BANKNIFTY,2026-10-27,True,41,82,55171.45,1.84,
2026-10-07 12:12:13.645714+05:30,BANKNIFTY,2026-11-23,True,41,82,55171.7,1.73,
2026-10-07 12:12:15.386330+05:30,SENSEX,2026-10-08,True,41,82,72895.94,1.74,
2026-10-07 12:12:17.076974+05:30,SENSEX,2026-10-15,True,41,82,72895.24,1.69,
2026-10-07 12:12:19.210251+05:30,FINNIFTY,2026-10-27,True,41,82,24964.25,2.13,
2026-10-07 12:12:20.913478+05:30,MIDCPNIFTY,2026-10-27,True,41,82,13798.9,1.7,
2026-10-07 12:13:06.653686+05:30,NIFTY,2026-10-13,True,41,82,22676.5,1.67,
2026-10-07 12:13:08.355896+05:30,NIFTY,2026-10-19,True,41,82,22675.15,1.71,
2026-10-07 12:13:10.063199+05:30,NIFTY,2026-10-27,True,41,82,22675.15,1.7,
2026-10-07 12:13:11.771177+05:30,BANKNIFTY,2026-10-27,True,41,82,55136.95,1.71,
2026-10-07 12:13:13.502181+05:30,BANKNIFTY,2026-11-23,True,41,82,55133.65,1.73,
2026-10-07 12:13:15.203795+05:30,SENSEX,2026-10-08,True,41,82,72886.01,1.7,
2026-10-07 12:13:16.892676+05:30,SENSEX,2026-10-15,True,41,82,72884.02,1.69,
2026-10-07 12:13:18.587328+05:30,FINNIFTY,2026-10-27,True,41,82,24950.1,1.69,
2026-10-07 12:13:20.276074+05:30,MIDCPNIFTY,2026-10-27,True,41,82,13796.2,1.69,
2026-10-07 12:14:06.653106+05:30,NIFTY,2026-10-13,True,41,82,22672.1,1.67,
2026-10-07 12:14:08.382772+05:30,NIFTY,2026-10-19,True,41,82,22671.95,1.73,
2026-10-07 12:14:10.105129+05:30,NIFTY,2026-10-27,True,41,82,22671.95,1.72,
2026-10-07 12:14:11.805162+05:30,BANKNIFTY,2026-10-27,True,41,82,55122.2,1.7,
2026-10-07 12:14:13.510678+05:30,BANKNIFTY,2026-11-23,True,41,82,55120.0,1.7,
2026-10-07 12:14:15.209860+05:30,SENSEX,2026-10-08,True,41,82,72877.43,1.7,
2026-10-07 12:14:16.895992+05:30,SENSEX,2026-10-15,True,41,82,72877.04,1.69,
2026-10-07 12:14:18.585442+05:30,FINNIFTY,2026-10-27,True,41,82,24945.05,1.69,
2026-10-07 12:14:20.271863+05:30,MIDCPNIFTY,2026-10-27,True,41,82,13795.65,1.69,
2026-10-07 12:15:06.650240+05:30,NIFTY,2026-10-13,True,41,82,22675.5,1.67,
2026-10-07 12:15:08.329721+05:30,NIFTY,2026-10-19,True,41,82,22676.7,1.68,
2026-10-07 12:15:10.015637+05:30,NIFTY,2026-10-27,True,41,82,22678.6,1.68,
2026-10-07 12:15:11.680349+05:30,BANKNIFTY,2026-10-27,True,41,82,55147.45,1.66,
2026-10-07 12:15:13.356390+05:30,BANKNIFTY,2026-11-23,True,41,82,55150.55,1.67,
2026-10-07 12:15:15.043372+05:30,SENSEX,2026-10-08,True,41,82,72885.53,1.69,
2026-10-07 12:15:16.732698+05:30,SENSEX,2026-10-15,True,41,82,72883.08,1.69,
2026-10-07 12:15:18.506330+05:30,FINNIFTY,2026-10-27,True,41,82,24954.75,1.77,
2026-10-07 12:15:20.216212+05:30,MIDCPNIFTY,2026-10-27,True,41,82,13799.55,1.71,
2026-10-07 12:16:06.660954+05:30,NIFTY,2026-10-13,True,41,82,22679.55,1.68,
2026-10-07 12:16:08.372194+05:30,NIFTY,2026-10-19,True,41,82,22679.55,1.71,
2026-10-07 12:16:10.079474+05:30,NIFTY,2026-10-27,True,41,82,22679.3,1.71,
2026-10-07 12:16:11.781737+05:30,BANKNIFTY,2026-10-27,True,41,82,55156.3,1.7,
2026-10-07 12:16:13.483809+05:30,BANKNIFTY,2026-11-23,True,41,82,55157.65,1.7,
2026-10-07 12:16:15.146880+05:30,SENSEX,2026-10-08,True,41,82,72905.42,1.66,
2026-10-07 12:16:16.824386+05:30,SENSEX,2026-10-15,True,41,82,72905.82,1.68,
2026-10-07 12:16:18.518116+05:30,FINNIFTY,2026-10-27,True,41,82,24959.75,1.69,
2026-10-07 12:16:20.259087+05:30,MIDCPNIFTY,2026-10-27,True,41,82,13806.8,1.74,
2026-10-07 12:17:06.639847+05:30,NIFTY,2026-10-13,True,41,82,22682.9,1.66,
2026-10-07 12:17:08.331147+05:30,NIFTY,2026-10-19,True,41,82,22683.25,1.69,
2026-10-07 12:17:10.027249+05:30,NIFTY,2026-10-27,True,41,82,22683.75,1.69,
2026-10-07 12:17:11.749139+05:30,BANKNIFTY,2026-10-27,True,41,82,55156.15,1.72,
2026-10-07 12:17:13.481074+05:30,BANKNIFTY,2026-11-23,True,41,82,55159.4,1.73,
2026-10-07 12:17:15.195619+05:30,SENSEX,2026-10-08,True,41,82,72908.62,1.71,
2026-10-07 12:17:16.895539+05:30,SENSEX,2026-10-15,True,41,82,72909.89,1.7,
2026-10-07 12:17:18.573813+05:30,FINNIFTY,2026-10-27,True,41,82,24962.2,1.68,
2026-10-07 12:17:20.280361+05:30,MIDCPNIFTY,2026-10-27,True,41,82,13806.6,1.71,
2026-10-07 12:18:06.637860+05:30,NIFTY,2026-10-13,True,41,82,22679.2,1.65,
2026-10-07 12:18:08.330100+05:30,NIFTY,2026-10-19,True,41,82,22677.1,1.7,
2026-10-07 12:18:10.009270+05:30,NIFTY,2026-10-27,True,41,82,22675.7,1.67,
2026-10-07 12:18:11.704641+05:30,BANKNIFTY,2026-10-27,True,41,82,55142.85,1.69,
2026-10-07 12:18:13.411051+05:30,BANKNIFTY,2026-11-23,True,41,82,55137.8,1.7,
2026-10-07 12:18:15.105367+05:30,SENSEX,2026-10-08,True,41,82,72896.6,1.69,
2026-10-07 12:18:16.779076+05:30,SENSEX,2026-10-15,True,41,82,72900.58,1.67,
2026-10-07 12:18:18.489333+05:30,FINNIFTY,2026-10-27,True,41,82,24952.05,1.71,
2026-10-07 12:18:20.171645+05:30,MIDCPNIFTY,2026-10-27,True,41,82,13801.9,1.68,
2026-10-07 12:19:06.639161+05:30,NIFTY,2026-10-13,True,41,82,22667.25,1.65,
2026-10-07 12:19:08.327062+05:30,NIFTY,2026-10-19,True,41,82,22666.55,1.69,
2026-10-07 12:19:10.039257+05:30,NIFTY,2026-10-27,True,41,82,22667.2,1.71,
2026-10-07 12:19:11.740145+05:30,BANKNIFTY,2026-10-27,True,41,82,55109.0,1.7,
2026-10-07 12:19:13.475908+05:30,BANKNIFTY,2026-11-23,True,41,82,55107.65,1.73,
2026-10-07 12:19:15.176942+05:30,SENSEX,2026-10-08,True,41,82,72864.7,1.7,
2026-10-07 12:19:16.867666+05:30,SENSEX,2026-10-15,True,41,82,72863.66,1.69,
2026-10-07 12:19:19.251484+05:30,FINNIFTY,2026-10-27,True,41,82,24939.55,2.38,
2026-10-07 12:19:20.980201+05:30,MIDCPNIFTY,2026-10-27,True,41,82,13797.8,1.73,
2026-10-07 12:22:01.857064+05:30,NIFTY,2026-10-13,True,41,82,22676.9,1.86,
2026-10-07 12:22:03.669956+05:30,NIFTY,2026-10-19,True,41,82,22675.65,1.8,
2026-10-07 12:22:05.512899+05:30,NIFTY,2026-10-27,True,41,82,22675.45,1.84,
2026-10-07 12:22:07.760021+05:30,BANKNIFTY,2026-10-27,True,41,82,55130.7,1.91,
2026-10-07 12:22:09.642230+05:30,BANKNIFTY,2026-11-23,True,41,82,55135.8,1.88,
2026-10-07 12:22:11.851904+05:30,SENSEX,2026-10-08,True,41,82,72888.63,1.84,
2026-10-07 12:22:13.678137+05:30,SENSEX,2026-10-15,True,41,82,72887.82,1.83,
2026-10-07 12:22:15.852428+05:30,FINNIFTY,2026-10-27,True,41,82,24951.5,1.84,
2026-10-07 12:22:18.057236+05:30,MIDCPNIFTY,2026-10-27,True,41,82,13798.45,1.86,
2026-10-07 12:22:20.853902+05:30,NIFTY,2026-10-13,True,41,82,22672.25,1.8,
2026-10-07 12:22:23.686960+05:30,NIFTY,2026-10-19,True,41,82,22670.95,2.83,
2026-10-07 12:22:25.540894+05:30,NIFTY,2026-10-27,True,41,82,22670.55,1.85,
2026-10-07 12:22:27.385267+05:30,BANKNIFTY,2026-10-27,True,41,82,55123.0,1.84,
2026-10-07 12:22:29.226339+05:30,BANKNIFTY,2026-11-23,True,41,82,55125.2,1.84,
2026-10-07 12:22:31.063091+05:30,SENSEX,2026-10-08,True,41,82,72879.87,1.84,
2026-10-07 12:22:32.867666+05:30,SENSEX,2026-10-15,True,41,82,72881.2,1.8,
2026-10-07 12:22:34.680251+05:30,FINNIFTY,2026-10-27,True,41,82,24948.85,1.81,
2026-10-07 12:22:36.502274+05:30,MIDCPNIFTY,2026-10-27,True,41,82,13795.75,1.82,
2026-10-07 12:23:06.779205+05:30,NIFTY,2026-10-13,True,41,82,22668.65,1.8,
2026-10-07 12:23:08.598677+05:30,NIFTY,2026-10-19,True,41,82,22669.15,1.82,
2026-10-07 12:23:10.434901+05:30,NIFTY,2026-10-27,True,41,82,22668.8,1.85,
2026-10-07 12:23:12.278905+05:30,BANKNIFTY,2026-10-27,True,41,82,55114.1,1.83,
2026-10-07 12:23:14.130344+05:30,BANKNIFTY,2026-11-23,True,41,82,55117.2,1.84,
2026-10-07 12:23:15.943132+05:30,SENSEX,2026-10-08,True,41,82,72875.31,1.81,
2026-10-07 12:23:17.766978+05:30,SENSEX,2026-10-15,True,41,82,72872.06,1.82,
2026-10-07 12:23:19.599260+05:30,FINNIFTY,2026-10-27,True,41,82,24947.9,1.83,
2026-10-07 12:23:21.440895+05:30,MIDCPNIFTY,2026-10-27,True,41,82,13793.2,1.84,
2026-10-07 12:24:06.797604+05:30,NIFTY,2026-10-13,True,41,82,22668.8,1.82,
2026-10-07 12:24:08.722502+05:30,NIFTY,2026-10-19,True,41,82,22666.75,1.92,
2026-10-07 12:24:10.535334+05:30,NIFTY,2026-10-27,True,41,82,22666.65,1.81,
2026-10-07 12:24:12.360951+05:30,BANKNIFTY,2026-10-27,True,41,82,55099.15,1.82,
2026-10-07 12:24:14.198747+05:30,BANKNIFTY,2026-11-23,True,41,82,55099.95,1.84,
2026-10-07 12:24:16.029245+05:30,SENSEX,2026-10-08,True,41,82,72867.25,1.83,
2026-10-07 12:24:17.838493+05:30,SENSEX,2026-10-15,True,41,82,72868.98,1.81,
2026-10-07 12:24:19.672974+05:30,FINNIFTY,2026-10-27,True,41,82,24938.6,1.83,
2026-10-07 12:24:21.509699+05:30,MIDCPNIFTY,2026-10-27,True,41,82,13792.95,1.84,
2026-10-07 12:25:06.779114+05:30,NIFTY,2026-10-13,True,41,82,22664.5,1.8,
2026-10-07 12:25:08.603733+05:30,NIFTY,2026-10-19,True,41,82,22663.7,1.82,
2026-10-07 12:25:10.415391+05:30,NIFTY,2026-10-27,True,41,82,22665.25,1.81,
2026-10-07 12:25:12.246652+05:30,BANKNIFTY,2026-10-27,True,41,82,55085.35,1.83,
2026-10-07 12:25:14.105880+05:30,BANKNIFTY,2026-11-23,True,41,82,55087.1,1.86,
2026-10-07 12:25:15.921789+05:30,SENSEX,2026-10-08,True,41,82,72851.69,1.81,
2026-10-07 12:25:17.756417+05:30,SENSEX,2026-10-15,True,41,82,72851.69,1.84,
2026-10-07 12:25:19.558168+05:30,FINNIFTY,2026-10-27,True,41,82,24935.3,1.8,
2026-10-07 12:25:21.418255+05:30,MIDCPNIFTY,2026-10-27,True,41,82,13788.0,1.86,
2026-10-07 12:26:06.796599+05:30,NIFTY,2026-10-13,True,41,82,22664.0,1.82,
2026-10-07 12:26:08.629672+05:30,NIFTY,2026-10-19,True,41,82,22664.65,1.83,
2026-10-07 12:26:10.457290+05:30,NIFTY,2026-10-27,True,41,82,22664.75,1.83,
2026-10-07 12:26:12.293597+05:30,BANKNIFTY,2026-10-27,True,41,82,55084.1,1.83,
2026-10-07 12:26:14.130857+05:30,BANKNIFTY,2026-11-23,True,41,82,55085.9,1.84,
2026-10-07 12:26:15.930216+05:30,SENSEX,2026-10-08,True,41,82,72856.45,1.8,
2026-10-07 12:26:17.749748+05:30,SENSEX,2026-10-15,True,41,82,72853.81,1.82,
2026-10-07 12:26:19.589471+05:30,FINNIFTY,2026-10-27,True,41,82,24937.25,1.84,
2026-10-07 12:26:21.430586+05:30,MIDCPNIFTY,2026-10-27,True,41,82,13787.05,1.84,
2026-10-07 12:27:06.764682+05:30,NIFTY,2026-10-13,True,41,82,22655.3,1.79,
2026-10-07 12:27:08.600960+05:30,NIFTY,2026-10-19,True,41,82,22655.75,1.84,
2026-10-07 12:27:10.437574+05:30,NIFTY,2026-10-27,True,41,82,22655.5,1.83,
2026-10-07 12:27:12.276069+05:30,BANKNIFTY,2026-10-27,True,41,82,55059.95,1.84,
2026-10-07 12:27:14.118096+05:30,BANKNIFTY,2026-11-23,True,41,81,55060.45,1.84,
2026-10-07 12:27:15.944903+05:30,SENSEX,2026-10-08,True,41,82,72824.04,1.83,
2026-10-07 12:27:17.771214+05:30,SENSEX,2026-10-15,True,41,82,72826.94,1.83,
2026-10-07 12:27:19.593828+05:30,FINNIFTY,2026-10-27,True,41,82,24924.7,1.82,
2026-10-07 12:27:21.424230+05:30,MIDCPNIFTY,2026-10-27,True,41,82,13780.2,1.83,
2026-10-07 12:28:06.785505+05:30,NIFTY,2026-10-13,True,41,82,22654.45,1.81,
2026-10-07 12:28:09.659604+05:30,NIFTY,2026-10-19,True,41,82,22654.25,2.89,
2026-10-07 12:28:11.501569+05:30,NIFTY,2026-10-27,True,41,82,22653.65,1.83,
2026-10-07 12:28:13.346920+05:30,BANKNIFTY,2026-10-27,True,41,82,55050.35,1.84,
2026-10-07 12:28:15.175883+05:30,BANKNIFTY,2026-11-23,True,41,82,55052.35,1.83,
2026-10-07 12:28:16.997261+05:30,SENSEX,2026-10-08,True,41,82,72821.44,1.82,
2026-10-07 12:28:19.055802+05:30,SENSEX,2026-10-15,True,41,82,72820.48,2.06,
2026-10-07 12:28:20.875935+05:30,FINNIFTY,2026-10-27,True,41,82,24916.1,1.82,
2026-10-07 12:28:22.692223+05:30,MIDCPNIFTY,2026-10-27,True,41,82,13776.85,1.82,
2026-10-07 12:29:06.720343+05:30,NIFTY,2026-10-13,True,41,82,22648.45,1.74,
2026-10-07 12:29:08.522126+05:30,NIFTY,2026-10-19,True,41,82,22648.95,1.8,
2026-10-07 12:29:10.302306+05:30,NIFTY,2026-10-27,True,41,82,22649.1,1.78,
2026-10-07 12:29:12.089738+05:30,BANKNIFTY,2026-10-27,True,41,82,55045.0,1.79,
2026-10-07 12:29:13.852830+05:30,BANKNIFTY,2026-11-23,True,41,82,55041.45,1.76,
2026-10-07 12:29:15.613726+05:30,SENSEX,2026-10-08,True,41,82,72800.59,1.76,
2026-10-07 12:29:17.393363+05:30,SENSEX,2026-10-15,True,41,82,72801.73,1.78,
2026-10-07 12:29:19.162154+05:30,FINNIFTY,2026-10-27,True,41,82,24913.45,1.77,
2026-10-07 12:29:20.942037+05:30,MIDCPNIFTY,2026-10-27,True,41,82,13777.15,1.78,
2026-10-07 12:30:06.815197+05:30,NIFTY,2026-10-13,True,41,82,22647.5,1.84,
2026-10-07 12:30:08.567519+05:30,NIFTY,2026-10-19,True,41,82,22647.05,1.75,
2026-10-07 12:30:10.329415+05:30,NIFTY,2026-10-27,True,41,82,22646.55,1.76,
2026-10-07 12:30:12.126477+05:30,BANKNIFTY,2026-10-27,True,41,82,55057.65,1.8,
2026-10-07 12:30:13.898927+05:30,BANKNIFTY,2026-11-23,True,41,82,55058.3,1.77,
2026-10-07 12:30:15.657047+05:30,SENSEX,2026-10-08,True,41,82,72794.92,1.76,
2026-10-07 12:30:17.412166+05:30,SENSEX,2026-10-15,True,41,82,72797.17,1.76,
2026-10-07 12:30:19.159840+05:30,FINNIFTY,2026-10-27,True,41,82,24916.4,1.74,
2026-10-07 12:30:21.127559+05:30,MIDCPNIFTY,2026-10-27,True,41,82,13776.25,1.97,
2026-10-07 12:31:06.705007+05:30,NIFTY,2026-10-13,True,41,82,22654.35,1.73,
2026-10-07 12:31:08.490377+05:30,NIFTY,2026-10-19,True,41,82,22653.95,1.79,
2026-10-07 12:31:10.235464+05:30,NIFTY,2026-10-27,True,41,82,22655.3,1.74,
2026-10-07 12:31:11.990710+05:30,BANKNIFTY,2026-10-27,True,41,82,55082.3,1.75,
2026-10-07 12:31:13.754988+05:30,BANKNIFTY,2026-11-23,True,41,82,55082.95,1.76,
2026-10-07 12:31:15.510097+05:30,SENSEX,2026-10-08,True,41,82,72810.4,1.75,
2026-10-07 12:31:17.270999+05:30,SENSEX,2026-10-15,True,41,82,72818.63,1.76,
2026-10-07 12:31:19.030720+05:30,FINNIFTY,2026-10-27,True,41,82,24925.5,1.76,
2026-10-07 12:31:20.789907+05:30,MIDCPNIFTY,2026-10-27,True,41,82,13781.35,1.76,
2026-10-07 12:32:06.724381+05:30,NIFTY,2026-10-13,True,41,82,22653.15,1.74,
2026-10-07 12:32:08.489085+05:30,NIFTY,2026-10-19,True,41,82,22653.95,1.76,
2026-10-07 12:32:10.254884+05:30,NIFTY,2026-10-27,True,41,82,22654.05,1.76,
2026-10-07 12:32:12.020627+05:30,BANKNIFTY,2026-10-27,True,41,82,55076.95,1.76,
2026-10-07 12:32:13.802871+05:30,BANKNIFTY,2026-11-23,True,41,82,55073.2,1.78,
2026-10-07 12:32:15.559029+05:30,SENSEX,2026-10-08,True,41,82,72815.43,1.75,
2026-10-07 12:32:17.317720+05:30,SENSEX,2026-10-15,True,41,82,72816.82,1.76,
2026-10-07 12:32:19.076440+05:30,FINNIFTY,2026-10-27,True,41,82,24922.95,1.76,
2026-10-07 12:32:20.829007+05:30,MIDCPNIFTY,2026-10-27,True,41,82,13781.5,1.75,
2026-10-07 12:33:06.746164+05:30,NIFTY,2026-10-13,True,41,82,22653.05,1.77,
2026-10-07 12:33:08.524576+05:30,NIFTY,2026-10-19,True,41,82,22653.4,1.78,
2026-10-07 12:33:10.527502+05:30,NIFTY,2026-10-27,True,41,82,22653.5,2.0,
2026-10-07 12:33:12.306183+05:30,BANKNIFTY,2026-10-27,True,41,82,55072.1,1.78,
2026-10-07 12:33:14.094878+05:30,BANKNIFTY,2026-11-23,True,41,82,55069.2,1.79,
2026-10-07 12:33:15.849791+05:30,SENSEX,2026-10-08,True,41,82,72816.04,1.75,
2026-10-07 12:33:17.629370+05:30,SENSEX,2026-10-15,True,41,82,72812.16,1.78,
2026-10-07 12:33:19.417690+05:30,FINNIFTY,2026-10-27,True,41,82,24925.6,1.78,
2026-10-07 12:33:21.196719+05:30,MIDCPNIFTY,2026-10-27,True,41,82,13787.95,1.78,
2026-10-07 12:34:06.736268+05:30,NIFTY,2026-10-13,True,41,82,22648.55,1.76,
2026-10-07 12:34:08.511140+05:30,NIFTY,2026-10-19,True,41,82,22650.45,1.78,
2026-10-07 12:34:10.289180+05:30,NIFTY,2026-10-27,True,41,82,22650.15,1.79,
2026-10-07 12:34:12.100732+05:30,BANKNIFTY,2026-10-27,True,41,82,55059.05,1.8,
2026-10-07 12:34:13.879004+05:30,BANKNIFTY,2026-11-23,True,41,82,55061.0,1.77,
2026-10-07 12:34:16.415363+05:30,SENSEX,2026-10-08,True,41,82,72803.08,2.54,
2026-10-07 12:34:18.171591+05:30,SENSEX,2026-10-15,True,41,82,72802.44,1.76,
2026-10-07 12:34:19.955370+05:30,FINNIFTY,2026-10-27,True,41,82,24923.75,1.78,
2026-10-07 12:34:21.706326+05:30,MIDCPNIFTY,2026-10-27,True,41,82,13788.05,1.75,
2026-10-07 12:35:06.770113+05:30,NIFTY,2026-10-13,True,41,82,22661.55,1.79,
2026-10-07 12:35:08.536882+05:30,NIFTY,2026-10-19,True,41,82,22661.5,1.77,
2026-10-07 12:35:10.490886+05:30,NIFTY,2026-10-27,True,41,82,22661.2,1.95,
2026-10-07 12:35:12.311580+05:30,BANKNIFTY,2026-10-27,True,41,82,55084.2,1.82,
2026-10-07 12:35:14.099584+05:30,BANKNIFTY,2026-11-23,True,41,82,55085.15,1.79,
2026-10-07 12:35:16.891724+05:30,SENSEX,2026-10-08,True,41,82,72837.46,2.79,
2026-10-07 12:35:18.665298+05:30,SENSEX,2026-10-15,True,41,82,72838.48,1.77,
2026-10-07 12:35:20.417217+05:30,FINNIFTY,2026-10-27,True,41,82,24928.05,1.75,
2026-10-07 12:35:22.188851+05:30,MIDCPNIFTY,2026-10-27,True,41,82,13795.35,1.77,
2026-10-07 12:36:06.722745+05:30,NIFTY,2026-10-13,True,41,82,22665.5,1.74,
2026-10-07 12:36:08.486514+05:30,NIFTY,2026-10-19,True,41,82,22665.2,1.76,
2026-10-07 12:36:10.248731+05:30,NIFTY,2026-10-27,True,41,82,22665.45,1.76,
2026-10-07 12:36:12.120778+05:30,BANKNIFTY,2026-10-27,True,41,82,55086.9,1.87,
2026-10-07 12:36:13.901660+05:30,BANKNIFTY,2026-11-23,True,41,82,55084.35,1.78,
2026-10-07 12:36:15.652597+05:30,SENSEX,2026-10-08,True,41,82,72852.88,1.75,
2026-10-07 12:36:17.450966+05:30,SENSEX,2026-10-15,True,41,82,72851.97,1.8,
2026-10-07 12:36:19.215473+05:30,FINNIFTY,2026-10-27,True,41,82,24926.45,1.76,
2026-10-07 12:36:20.988887+05:30,MIDCPNIFTY,2026-10-27,True,41,82,13797.95,1.77,
2026-10-07 12:37:06.704529+05:30,NIFTY,2026-10-13,True,41,82,22659.35,1.72,
2026-10-07 12:37:08.474299+05:30,NIFTY,2026-10-19,True,41,82,22659.45,1.77,
2026-10-07 12:37:10.241130+05:30,NIFTY,2026-10-27,True,41,82,22659.65,1.76,
2026-10-07 12:37:11.999384+05:30,BANKNIFTY,2026-10-27,True,41,82,55072.05,1.76,
2026-10-07 12:37:13.829803+05:30,BANKNIFTY,2026-11-23,True,41,82,55072.0,1.83,
2026-10-07 12:37:15.625723+05:30,SENSEX,2026-10-08,True,41,82,72836.89,1.79,
2026-10-07 12:37:17.398917+05:30,SENSEX,2026-10-15,True,41,82,72837.37,1.77,
2026-10-07 12:37:19.165145+05:30,FINNIFTY,2026-10-27,True,41,82,24915.6,1.76,
2026-10-07 12:37:20.939553+05:30,MIDCPNIFTY,2026-10-27,True,41,82,13795.3,1.77,
2026-10-07 12:38:06.715552+05:30,NIFTY,2026-10-13,True,41,82,22657.15,1.74,
2026-10-07 12:38:08.474927+05:30,NIFTY,2026-10-19,True,41,82,22658.0,1.76,
2026-10-07 12:38:10.242073+05:30,NIFTY,2026-10-27,True,41,82,22657.85,1.76,
2026-10-07 12:38:12.027925+05:30,BANKNIFTY,2026-10-27,True,41,82,55067.75,1.78,
2026-10-07 12:38:13.797717+05:30,BANKNIFTY,2026-11-23,True,41,82,55071.45,1.77,
2026-10-07 12:38:15.568770+05:30,SENSEX,2026-10-08,True,41,82,72833.24,1.77,
2026-10-07 12:38:17.337949+05:30,SENSEX,2026-10-15,True,41,82,72835.52,1.77,
2026-10-07 12:38:19.098893+05:30,FINNIFTY,2026-10-27,True,41,82,24915.2,1.76,
2026-10-07 12:38:20.868584+05:30,MIDCPNIFTY,2026-10-27,True,41,82,13796.3,1.77,
2026-10-07 12:39:06.703172+05:30,NIFTY,2026-10-13,True,41,82,22660.5,1.72,
2026-10-07 12:39:08.450268+05:30,NIFTY,2026-10-19,True,41,82,22659.75,1.75,
2026-10-07 12:39:10.200499+05:30,NIFTY,2026-10-27,True,41,82,22659.75,1.75,
2026-10-07 12:39:11.958967+05:30,BANKNIFTY,2026-10-27,True,41,82,55081.55,1.75,
2026-10-07 12:39:13.737053+05:30,BANKNIFTY,2026-11-23,True,41,82,55078.95,1.78,
2026-10-07 12:39:15.484344+05:30,SENSEX,2026-10-08,True,41,82,72839.35,1.75,
2026-10-07 12:39:17.261866+05:30,SENSEX,2026-10-15,True,41,82,72841.08,1.78,
2026-10-07 12:39:19.017340+05:30,FINNIFTY,2026-10-27,True,41,82,24918.5,1.75,
2026-10-07 12:39:20.826459+05:30,MIDCPNIFTY,2026-10-27,True,41,82,13799.65,1.81,
2026-10-07 12:40:06.697932+05:30,NIFTY,2026-10-13,True,41,82,22661.85,1.72,
2026-10-07 12:40:08.469821+05:30,NIFTY,2026-10-19,True,41,82,22661.55,1.79,
2026-10-07 12:40:10.224612+05:30,NIFTY,2026-10-27,True,41,82,22661.6,1.73,
2026-10-07 12:40:11.982707+05:30,BANKNIFTY,2026-10-27,True,41,82,55080.65,1.76,
2026-10-07 12:40:13.740677+05:30,BANKNIFTY,2026-11-23,True,41,82,55082.55,1.76,
2026-10-07 12:40:15.495492+05:30,SENSEX,2026-10-08,True,41,82,72846.22,1.75,
2026-10-07 12:40:17.250662+05:30,SENSEX,2026-10-15,True,41,82,72846.72,1.76,
2026-10-07 12:40:19.014591+05:30,FINNIFTY,2026-10-27,True,41,82,24917.05,1.76,
2026-10-07 12:40:20.789701+05:30,MIDCPNIFTY,2026-10-27,True,41,82,13797.6,1.77,
2026-10-07 12:41:06.708262+05:30,NIFTY,2026-10-13,True,41,82,22663.05,1.73,
2026-10-07 12:41:08.456111+05:30,NIFTY,2026-10-19,True,41,82,22663.6,1.75,
2026-10-07 12:41:10.227195+05:30,NIFTY,2026-10-27,True,41,82,22664.05,1.79,
2026-10-07 12:41:12.008330+05:30,BANKNIFTY,2026-10-27,True,41,82,55076.8,1.76,
2026-10-07 12:41:13.778873+05:30,BANKNIFTY,2026-11-23,True,41,82,55082.7,1.77,
2026-10-07 12:41:15.544420+05:30,SENSEX,2026-10-08,True,41,82,72843.85,1.76,
2026-10-07 12:41:17.453445+05:30,SENSEX,2026-10-15,True,41,82,72843.85,1.91,
2026-10-07 12:41:19.237270+05:30,FINNIFTY,2026-10-27,True,41,82,24916.85,1.78,
2026-10-07 12:41:21.025384+05:30,MIDCPNIFTY,2026-10-27,True,41,82,13799.95,1.79,
2026-10-07 12:42:06.709574+05:30,NIFTY,2026-10-13,True,41,82,22669.0,1.73,
2026-10-07 12:42:08.498242+05:30,NIFTY,2026-10-19,True,41,82,22669.8,1.79,
2026-10-07 12:42:10.241599+05:30,NIFTY,2026-10-27,True,41,82,22669.55,1.74,
2026-10-07 12:42:12.024493+05:30,BANKNIFTY,2026-10-27,True,41,82,55103.9,1.78,
2026-10-07 12:42:13.791496+05:30,BANKNIFTY,2026-11-23,True,41,82,55103.0,1.76,
2026-10-07 12:42:15.531510+05:30,SENSEX,2026-10-08,True,41,82,72865.45,1.74,
2026-10-07 12:42:17.276853+05:30,SENSEX,2026-10-15,True,41,82,72864.76,1.75,
2026-10-07 12:42:19.045254+05:30,FINNIFTY,2026-10-27,True,41,82,24924.6,1.77,
2026-10-07 12:42:20.794902+05:30,MIDCPNIFTY,2026-10-27,True,41,82,13807.0,1.75,
2026-10-07 12:43:06.712187+05:30,NIFTY,2026-10-13,True,41,82,22668.55,1.73,
2026-10-07 12:43:09.223928+05:30,NIFTY,2026-10-19,True,41,82,22668.45,2.51,
2026-10-07 12:43:11.060255+05:30,NIFTY,2026-10-27,True,41,82,22668.2,1.83,
2026-10-07 12:43:12.883429+05:30,BANKNIFTY,2026-10-27,True,41,82,55102.05,1.82,
2026-10-07 12:43:14.709924+05:30,BANKNIFTY,2026-11-23,True,41,82,55106.65,1.82,
2026-10-07 12:43:16.520579+05:30,SENSEX,2026-10-08,True,41,82,72865.67,1.81,
2026-10-07 12:43:18.315709+05:30,SENSEX,2026-10-15,True,41,82,72865.67,1.8,
2026-10-07 12:43:20.128419+05:30,FINNIFTY,2026-10-27,True,41,82,24926.15,1.81,
2026-10-07 12:43:21.934775+05:30,MIDCPNIFTY,2026-10-27,True,41,82,13808.5,1.81,
2026-10-07 12:44:06.767534+05:30,NIFTY,2026-10-13,True,41,82,22673.25,1.79,
2026-10-07 12:44:08.568883+05:30,NIFTY,2026-10-19,True,41,82,22674.55,1.8,
2026-10-07 12:44:10.642903+05:30,NIFTY,2026-10-27,True,41,82,22673.8,2.07,
2026-10-07 12:44:12.465350+05:30,BANKNIFTY,2026-10-27,True,41,82,55114.85,1.82,
2026-10-07 12:44:14.281552+05:30,BANKNIFTY,2026-11-23,True,41,82,55112.95,1.81,
2026-10-07 12:44:16.108474+05:30,SENSEX,2026-10-08,True,41,82,72873.99,1.83,
2026-10-07 12:44:17.921683+05:30,SENSEX,2026-10-15,True,41,82,72874.05,1.81,
2026-10-07 12:44:19.758388+05:30,FINNIFTY,2026-10-27,True,41,82,24933.85,1.83,
2026-10-07 12:44:21.598377+05:30,MIDCPNIFTY,2026-10-27,True,41,82,13809.9,1.84,
2026-10-07 12:45:06.797170+05:30,NIFTY,2026-10-13,True,41,82,22667.35,1.82,
2026-10-07 12:45:08.696201+05:30,NIFTY,2026-10-19,True,41,82,22666.6,1.91,
2026-10-07 12:45:10.561321+05:30,NIFTY,2026-10-27,True,41,82,22667.15,1.86,
2026-10-07 12:45:12.379422+05:30,BANKNIFTY,2026-10-27,True,41,82,55097.0,1.82,
2026-10-07 12:45:14.196829+05:30,BANKNIFTY,2026-11-23,True,41,82,55097.15,1.82,
2026-10-07 12:45:16.003548+05:30,SENSEX,2026-10-08,True,41,82,72863.35,1.81,
2026-10-07 12:45:17.823666+05:30,SENSEX,2026-10-15,True,41,82,72863.28,1.82,
2026-10-07 12:45:19.648702+05:30,FINNIFTY,2026-10-27,True,41,82,24928.8,1.82,
2026-10-07 12:45:21.462451+05:30,MIDCPNIFTY,2026-10-27,True,41,82,13807.85,1.81,
2026-10-07 12:46:07.391001+05:30,NIFTY,2026-10-13,True,41,82,22666.25,2.41,
2026-10-07 12:46:09.251377+05:30,NIFTY,2026-10-19,True,41,82,22664.8,1.86,
2026-10-07 12:46:11.105166+05:30,NIFTY,2026-10-27,True,41,82,22663.65,1.85,
2026-10-07 12:46:12.976789+05:30,BANKNIFTY,2026-10-27,True,41,82,55085.4,1.87,
2026-10-07 12:46:14.849524+05:30,BANKNIFTY,2026-11-23,True,41,82,55085.95,1.86,
2026-10-07 12:46:16.693375+05:30,SENSEX,2026-10-08,True,41,82,72853.07,1.84,
2026-10-07 12:46:18.528572+05:30,SENSEX,2026-10-15,True,41,82,72853.71,1.84,
2026-10-07 12:46:20.375252+05:30,FINNIFTY,2026-10-27,True,41,82,24924.35,1.84,
2026-10-07 12:46:22.240833+05:30,MIDCPNIFTY,2026-10-27,True,41,82,13804.85,1.86,
2026-10-07 12:47:06.774022+05:30,NIFTY,2026-10-13,True,41,82,22665.95,1.79,
2026-10-07 12:47:08.597905+05:30,NIFTY,2026-10-19,True,41,82,22665.35,1.82,
2026-10-07 12:47:10.435301+05:30,NIFTY,2026-10-27,True,41,82,22665.25,1.83,
2026-10-07 12:47:12.613401+05:30,BANKNIFTY,2026-10-27,True,41,82,55096.3,2.18,
2026-10-07 12:47:14.455472+05:30,BANKNIFTY,2026-11-23,True,41,82,55091.9,1.84,
2026-10-07 12:47:16.281344+05:30,SENSEX,2026-10-08,True,41,82,72852.66,1.82,
2026-10-07 12:47:18.112967+05:30,SENSEX,2026-10-15,True,41,82,72854.04,1.83,
2026-10-07 12:47:19.935120+05:30,FINNIFTY,2026-10-27,True,41,82,24927.8,1.82,
2026-10-07 12:47:21.784160+05:30,MIDCPNIFTY,2026-10-27,True,41,82,13802.75,1.84,
2026-10-07 12:48:06.792937+05:30,NIFTY,2026-10-13,True,41,82,22661.85,1.81,
2026-10-07 12:48:08.622545+05:30,NIFTY,2026-10-19,True,41,82,22662.05,1.83,
2026-10-07 12:48:10.462777+05:30,NIFTY,2026-10-27,True,41,82,22662.05,1.84,
2026-10-07 12:48:12.306463+05:30,BANKNIFTY,2026-10-27,True,41,82,55079.3,1.84,
2026-10-07 12:48:14.158977+05:30,BANKNIFTY,2026-11-23,True,41,82,55077.7,1.85,
2026-10-07 12:48:16.735186+05:30,SENSEX,2026-10-08,True,41,82,72839.53,2.57,
2026-10-07 12:48:18.556125+05:30,SENSEX,2026-10-15,True,41,82,72843.35,1.82,
2026-10-07 12:48:20.407132+05:30,FINNIFTY,2026-10-27,True,41,82,24919.95,1.85,
2026-10-07 12:48:22.241911+05:30,MIDCPNIFTY,2026-10-27,True,41,82,13797.5,1.83,
2026-10-07 12:49:06.789284+05:30,NIFTY,2026-10-13,True,41,82,22655.55,1.81,
2026-10-07 12:49:08.602205+05:30,NIFTY,2026-10-19,True,41,82,22656.3,1.81,
2026-10-07 12:49:10.435158+05:30,NIFTY,2026-10-27,True,41,82,22656.2,1.83,
2026-10-07 12:49:12.279005+05:30,BANKNIFTY,2026-10-27,True,41,82,55089.3,1.84,
2026-10-07 12:49:14.130813+05:30,BANKNIFTY,2026-11-23,True,41,82,55090.75,1.85,
2026-10-07 12:49:15.961902+05:30,SENSEX,2026-10-08,True,41,82,72834.52,1.83,
2026-10-07 12:49:17.815662+05:30,SENSEX,2026-10-15,True,41,82,72831.95,1.86,
2026-10-07 12:49:19.656867+05:30,FINNIFTY,2026-10-27,True,41,82,24921.3,1.84,
2026-10-07 12:49:21.492465+05:30,MIDCPNIFTY,2026-10-27,True,41,82,13800.85,1.83,
2026-10-07 12:50:06.764895+05:30,NIFTY,2026-10-13,True,41,82,22653.3,1.78,
2026-10-07 12:50:08.619345+05:30,NIFTY,2026-10-19,True,41,82,22653.5,1.85,
2026-10-07 12:50:10.451222+05:30,NIFTY,2026-10-27,True,41,82,22653.3,1.83,
2026-10-07 12:50:12.302788+05:30,BANKNIFTY,2026-10-27,True,41,82,55066.8,1.85,
2026-10-07 12:50:14.185907+05:30,BANKNIFTY,2026-11-23,True,41,82,55071.5,1.88,
2026-10-07 12:50:16.030831+05:30,SENSEX,2026-10-08,True,41,82,72822.68,1.84,
2026-10-07 12:50:17.850103+05:30,SENSEX,2026-10-15,True,41,82,72823.8,1.82,
2026-10-07 12:50:19.684549+05:30,FINNIFTY,2026-10-27,True,41,82,24915.7,1.83,
2026-10-07 12:50:05.000160+05:30,MIDCPNIFTY,2026-10-27,False,,,,2.17,quotes: HTTP 400: 400: Failed to call upstream quote API
2026-10-07 12:51:06.822981+05:30,NIFTY,2026-10-13,True,41,82,22652.85,1.84,
2026-10-07 12:51:08.660920+05:30,NIFTY,2026-10-19,True,41,82,22651.9,1.84,
2026-10-07 12:51:10.496874+05:30,NIFTY,2026-10-27,True,41,82,22651.55,1.83,
2026-10-07 12:51:12.335852+05:30,BANKNIFTY,2026-10-27,True,41,82,55068.25,1.84,
2026-10-07 12:51:14.170637+05:30,BANKNIFTY,2026-11-23,True,41,82,55070.25,1.83,
2026-10-07 12:51:16.034966+05:30,SENSEX,2026-10-08,True,41,82,72801.36,1.86,
2026-10-07 12:51:17.855189+05:30,SENSEX,2026-10-15,True,41,82,72801.14,1.82,
2026-10-07 12:51:19.688774+05:30,FINNIFTY,2026-10-27,True,41,82,24911.5,1.83,
2026-10-07 12:51:21.524471+05:30,MIDCPNIFTY,2026-10-27,True,41,82,13801.25,1.83,
2026-10-07 12:52:06.810421+05:30,NIFTY,2026-10-13,True,41,82,22643.55,1.83,
2026-10-07 12:52:08.652498+05:30,NIFTY,2026-10-19,True,41,82,22642.65,1.84,
2026-10-07 12:52:10.490572+05:30,NIFTY,2026-10-27,True,41,82,22644.15,1.84,
2026-10-07 12:52:13.333089+05:30,BANKNIFTY,2026-10-27,True,41,82,55056.7,2.84,
2026-10-07 12:52:15.171004+05:30,BANKNIFTY,2026-11-23,True,41,82,55060.95,1.85,
2026-10-07 12:52:16.985390+05:30,SENSEX,2026-10-08,True,41,82,72783.31,1.8,
2026-10-07 12:52:18.797583+05:30,SENSEX,2026-10-15,True,41,82,72781.27,1.81,
2026-10-07 12:52:20.617394+05:30,FINNIFTY,2026-10-27,True,41,82,24906.25,1.82,
2026-10-07 12:52:22.478437+05:30,MIDCPNIFTY,2026-10-27,True,41,82,13799.0,1.86,
2026-10-07 12:53:06.771956+05:30,NIFTY,2026-10-13,True,41,82,22650.05,1.79,
2026-10-07 12:53:08.594470+05:30,NIFTY,2026-10-19,True,41,82,22651.05,1.82,
2026-10-07 12:53:10.416670+05:30,NIFTY,2026-10-27,True,41,82,22650.6,1.82,
2026-10-07 12:53:12.263365+05:30,BANKNIFTY,2026-10-27,True,41,82,55060.45,1.84,
2026-10-07 12:53:14.104032+05:30,BANKNIFTY,2026-11-23,True,41,82,55059.8,1.84,
2026-10-07 12:53:15.924996+05:30,SENSEX,2026-10-08,True,41,82,72798.94,1.82,
2026-10-07 12:53:17.752448+05:30,SENSEX,2026-10-15,True,41,82,72798.8,1.83,
2026-10-07 12:53:19.562870+05:30,FINNIFTY,2026-10-27,True,41,82,24909.95,1.81,
2026-10-07 12:53:21.387352+05:30,MIDCPNIFTY,2026-10-27,True,41,82,13798.45,1.82,
2026-10-07 12:54:06.783057+05:30,NIFTY,2026-10-13,True,41,82,22657.45,1.8,
2026-10-07 12:54:08.620358+05:30,NIFTY,2026-10-19,True,41,82,22656.0,1.84,
2026-10-07 12:54:10.470477+05:30,NIFTY,2026-10-27,True,41,82,22655.75,1.85,
2026-10-07 12:54:12.301830+05:30,BANKNIFTY,2026-10-27,True,41,82,55076.1,1.83,
2026-10-07 12:54:14.149199+05:30,BANKNIFTY,2026-11-23,True,41,82,55078.15,1.85,
2026-10-07 12:54:15.955231+05:30,SENSEX,2026-10-08,True,41,82,72823.58,1.8,
2026-10-07 12:54:17.782149+05:30,SENSEX,2026-10-15,True,41,82,72822.25,1.83,
2026-10-07 12:54:19.605608+05:30,FINNIFTY,2026-10-27,True,41,82,24918.5,1.82,
2026-10-07 12:54:21.447922+05:30,MIDCPNIFTY,2026-10-27,True,41,82,13798.5,1.84,
2026-10-07 12:55:06.773447+05:30,NIFTY,2026-10-13,True,41,82,22655.05,1.79,
2026-10-07 12:55:08.601107+05:30,NIFTY,2026-10-19,True,41,82,22654.6,1.83,
2026-10-07 12:55:10.418108+05:30,NIFTY,2026-10-27,True,41,82,22654.95,1.81,
2026-10-07 12:55:12.480709+05:30,BANKNIFTY,2026-10-27,True,41,82,55099.7,2.06,
2026-10-07 12:55:14.315171+05:30,BANKNIFTY,2026-11-23,True,41,82,55097.85,1.83,
2026-10-07 12:55:16.129129+05:30,SENSEX,2026-10-08,True,41,82,72823.62,1.81,
2026-10-07 12:55:17.943162+05:30,SENSEX,2026-10-15,True,41,82,72821.65,1.81,
2026-10-07 12:55:19.783721+05:30,FINNIFTY,2026-10-27,True,41,82,24916.2,1.84,
2026-10-07 12:55:21.615278+05:30,MIDCPNIFTY,2026-10-27,True,41,82,13800.45,1.83,
2026-10-07 12:56:07.347106+05:30,NIFTY,2026-10-13,True,41,82,22649.6,2.37,
2026-10-07 12:56:09.166291+05:30,NIFTY,2026-10-19,True,41,82,22649.05,1.82,
2026-10-07 12:56:10.982793+05:30,NIFTY,2026-10-27,True,41,82,22648.4,1.82,
2026-10-07 12:56:12.819893+05:30,BANKNIFTY,2026-10-27,True,41,82,55071.75,1.83,
2026-10-07 12:56:14.666931+05:30,BANKNIFTY,2026-11-23,True,41,82,55072.95,1.84,
2026-10-07 12:56:16.494473+05:30,SENSEX,2026-10-08,True,41,82,72788.24,1.83,
2026-10-07 12:56:18.536842+05:30,SENSEX,2026-10-15,True,41,82,72784.84,2.04,
2026-10-07 12:56:20.510374+05:30,FINNIFTY,2026-10-27,True,41,82,24909.45,1.97,
2026-10-07 12:56:22.341583+05:30,MIDCPNIFTY,2026-10-27,True,41,82,13796.7,1.83,
2026-10-07 12:57:06.751994+05:30,NIFTY,2026-10-13,True,41,82,22645.4,1.77,
2026-10-07 12:57:08.562919+05:30,NIFTY,2026-10-19,True,41,82,22644.9,1.81,
2026-10-07 12:57:10.402943+05:30,NIFTY,2026-10-27,True,41,82,22644.75,1.84,
2026-10-07 12:57:12.224091+05:30,BANKNIFTY,2026-10-27,True,41,82,55059.7,1.82,
2026-10-07 12:57:14.044951+05:30,BANKNIFTY,2026-11-23,True,41,82,55058.4,1.82,
2026-10-07 12:57:15.845618+05:30,SENSEX,2026-10-08,True,41,82,72782.24,1.8,
2026-10-07 12:57:17.669648+05:30,SENSEX,2026-10-15,True,41,82,72777.44,1.83,
2026-10-07 12:57:19.460423+05:30,FINNIFTY,2026-10-27,True,41,82,24906.25,1.79,
2026-10-07 12:57:21.296681+05:30,MIDCPNIFTY,2026-10-27,True,41,82,13797.3,1.83,
2026-10-07 12:58:06.753730+05:30,NIFTY,2026-10-13,True,41,82,22633.4,1.77,
2026-10-07 12:58:08.550549+05:30,NIFTY,2026-10-19,True,41,82,22632.7,1.8,
2026-10-07 12:58:10.356123+05:30,NIFTY,2026-10-27,True,41,82,22630.6,1.8,
2026-10-07 12:58:12.185322+05:30,BANKNIFTY,2026-10-27,True,41,82,55040.9,1.83,
2026-10-07 12:58:14.048638+05:30,BANKNIFTY,2026-11-23,True,41,82,55042.9,1.86,
2026-10-07 12:58:15.890616+05:30,SENSEX,2026-10-08,True,41,82,72746.85,1.84,
2026-10-07 12:58:17.718530+05:30,SENSEX,2026-10-15,True,41,82,72747.03,1.86,
2026-10-07 12:58:19.523199+05:30,FINNIFTY,2026-10-27,True,41,82,24892.1,1.77,
2026-10-07 12:58:21.657499+05:30,MIDCPNIFTY,2026-10-27,True,41,82,13789.0,2.13,
2026-10-07 12:59:07.022798+05:30,NIFTY,2026-10-13,True,41,82,22625.45,2.04,
2026-10-07 12:59:08.830498+05:30,NIFTY,2026-10-19,True,41,82,22624.25,1.81,
2026-10-07 12:59:10.634996+05:30,NIFTY,2026-10-27,True,41,82,22625.5,1.8,
2026-10-07 12:59:12.465526+05:30,BANKNIFTY,2026-10-27,True,41,82,55017.0,1.83,
2026-10-07 12:59:14.298250+05:30,BANKNIFTY,2026-11-23,True,41,82,55019.35,1.83,
2026-10-07 12:59:16.120910+05:30,SENSEX,2026-10-08,True,41,82,72727.93,1.82,
2026-10-07 12:59:17.915167+05:30,SENSEX,2026-10-15,True,41,82,72729.18,1.8,
2026-10-07 12:59:19.726575+05:30,FINNIFTY,2026-10-27,True,41,82,24883.2,1.81,
2026-10-07 12:59:21.537081+05:30,MIDCPNIFTY,2026-10-27,True,41,82,13779.05,1.81,
2026-10-07 13:00:06.764312+05:30,NIFTY,2026-10-13,True,41,82,22618.9,1.78,
2026-10-07 13:00:08.573807+05:30,NIFTY,2026-10-19,True,41,82,22617.35,1.81,
2026-10-07 13:00:10.416314+05:30,NIFTY,2026-10-27,True,41,82,22616.45,1.84,
2026-10-07 13:00:12.264511+05:30,BANKNIFTY,2026-10-27,True,41,82,54979.65,1.85,
2026-10-07 13:00:14.112514+05:30,BANKNIFTY,2026-11-23,True,41,82,54984.95,1.85,
2026-10-07 13:00:15.918108+05:30,SENSEX,2026-10-08,True,41,82,72698.97,1.8,
2026-10-07 13:00:17.733113+05:30,SENSEX,2026-10-15,True,41,82,72699.9,1.82,
2026-10-07 13:00:19.547183+05:30,FINNIFTY,2026-10-27,True,41,82,24875.25,1.81,
2026-10-07 13:00:21.378867+05:30,MIDCPNIFTY,2026-10-27,True,41,82,13767.1,1.83,
2026-10-07 13:01:06.787263+05:30,NIFTY,2026-10-13,True,41,82,22616.95,1.81,
2026-10-07 13:01:08.606398+05:30,NIFTY,2026-10-19,True,41,82,22616.55,1.82,
2026-10-07 13:01:10.461496+05:30,NIFTY,2026-10-27,True,41,82,22619.5,1.85,
2026-10-07 13:01:12.300598+05:30,BANKNIFTY,2026-10-27,True,41,82,54991.55,1.83,
2026-10-07 13:01:14.136691+05:30,BANKNIFTY,2026-11-23,True,41,82,54993.85,1.83,
2026-10-07 13:01:15.952308+05:30,SENSEX,2026-10-08,True,41,82,72700.94,1.81,
2026-10-07 13:01:17.769348+05:30,SENSEX,2026-10-15,True,41,82,72702.63,1.82,
2026-10-07 13:01:19.590945+05:30,FINNIFTY,2026-10-27,True,41,82,24884.4,1.82,
2026-10-07 13:01:21.443052+05:30,MIDCPNIFTY,2026-10-27,True,41,82,13770.15,1.85,
2026-10-07 13:02:06.783468+05:30,NIFTY,2026-10-13,True,41,82,22628.7,1.8,
2026-10-07 13:02:08.603627+05:30,NIFTY,2026-10-19,True,41,82,22628.35,1.83,
2026-10-07 13:02:10.436402+05:30,NIFTY,2026-10-27,True,41,82,22628.4,1.82,
2026-10-07 13:02:12.306380+05:30,BANKNIFTY,2026-10-27,True,41,82,55002.55,1.87,
2026-10-07 13:02:14.136304+05:30,BANKNIFTY,2026-11-23,True,41,82,54997.95,1.83,
2026-10-07 13:02:16.629654+05:30,SENSEX,2026-10-08,True,41,82,72731.28,2.49,
2026-10-07 13:02:18.454472+05:30,SENSEX,2026-10-15,True,41,82,72732.09,1.83,
2026-10-07 13:02:20.259736+05:30,FINNIFTY,2026-10-27,True,41,82,24889.1,1.8,
2026-10-07 13:02:22.073281+05:30,MIDCPNIFTY,2026-10-27,True,41,82,13768.8,1.81,
2026-10-07 13:03:07.324970+05:30,NIFTY,2026-10-13,True,41,82,22620.25,2.34,
2026-10-07 13:03:09.253550+05:30,NIFTY,2026-10-19,True,41,82,22621.15,1.95,
2026-10-07 13:03:11.170670+05:30,NIFTY,2026-10-27,True,41,82,22620.8,1.89,
2026-10-07 13:03:13.032065+05:30,BANKNIFTY,2026-10-27,True,41,82,54978.95,1.86,
2026-10-07 13:03:14.853182+05:30,BANKNIFTY,2026-11-23,True,41,82,54978.3,1.82,
2026-10-07 13:03:16.654505+05:30,SENSEX,2026-10-08,True,41,82,72714.9,1.8,
2026-10-07 13:03:18.476509+05:30,SENSEX,2026-10-15,True,41,82,72714.9,1.82,
2026-10-07 13:03:20.280621+05:30,FINNIFTY,2026-10-27,True,41,82,24883.25,1.8,
2026-10-07 13:03:22.096591+05:30,MIDCPNIFTY,2026-10-27,True,41,82,13768.1,1.81,
2026-10-07 13:04:06.759646+05:30,NIFTY,2026-10-13,True,41,82,22620.65,1.78,
2026-10-07 13:04:08.584457+05:30,NIFTY,2026-10-19,True,41,82,22620.5,1.83,
2026-10-07 13:04:10.411471+05:30,NIFTY,2026-10-27,True,41,82,22619.9,1.82,
2026-10-07 13:04:12.242956+05:30,BANKNIFTY,2026-10-27,True,41,82,54978.7,1.83,
2026-10-07 13:04:14.070942+05:30,BANKNIFTY,2026-11-23,True,41,82,54976.1,1.83,
2026-10-07 13:04:15.869829+05:30,SENSEX,2026-10-08,True,41,82,72705.9,1.8,
2026-10-07 13:04:17.683283+05:30,SENSEX,2026-10-15,True,41,82,72701.14,1.81,
2026-10-07 13:04:19.495659+05:30,FINNIFTY,2026-10-27,True,41,82,24882.7,1.81,
2026-10-07 13:04:22.375329+05:30,MIDCPNIFTY,2026-10-27,True,41,82,13769.15,2.88,
2026-10-07 13:05:06.775958+05:30,NIFTY,2026-10-13,True,41,82,22611.4,1.79,
2026-10-07 13:05:08.609401+05:30,NIFTY,2026-10-19,True,41,82,22610.7,1.83,
2026-10-07 13:05:10.438345+05:30,NIFTY,2026-10-27,True,41,82,22608.4,1.83,
2026-10-07 13:05:12.252112+05:30,BANKNIFTY,2026-10-27,True,41,82,54953.65,1.81,
2026-10-07 13:05:14.103677+05:30,BANKNIFTY,2026-11-23,True,41,82,54951.5,1.85,
2026-10-07 13:05:16.029997+05:30,SENSEX,2026-10-08,True,41,82,72669.28,1.92,
2026-10-07 13:05:17.871475+05:30,SENSEX,2026-10-15,True,41,82,72666.83,1.84,
2026-10-07 13:05:19.685238+05:30,FINNIFTY,2026-10-27,True,41,82,24874.0,1.81,
2026-10-07 13:05:21.506626+05:30,MIDCPNIFTY,2026-10-27,True,41,82,13760.7,1.82,
2026-10-07 13:06:06.758881+05:30,NIFTY,2026-10-13,True,41,82,22601.9,1.78,
2026-10-07 13:06:08.565134+05:30,NIFTY,2026-10-19,True,41,82,22602.15,1.81,
2026-10-07 13:06:10.463083+05:30,NIFTY,2026-10-27,True,41,82,22601.8,1.89,
2026-10-07 13:06:12.282355+05:30,BANKNIFTY,2026-10-27,True,41,82,54943.35,1.82,
2026-10-07 13:06:14.111890+05:30,BANKNIFTY,2026-11-23,True,41,82,54943.3,1.83,
2026-10-07 13:06:15.962905+05:30,SENSEX,2026-10-08,True,41,82,72649.73,1.85,
2026-10-07 13:06:17.780907+05:30,SENSEX,2026-10-15,True,41,82,72651.68,1.82,
2026-10-07 13:06:19.589217+05:30,FINNIFTY,2026-10-27,True,41,82,24865.1,1.8,
2026-10-07 13:06:21.445736+05:30,MIDCPNIFTY,2026-10-27,True,41,82,13754.95,1.86,
2026-10-07 13:07:06.772568+05:30,NIFTY,2026-10-13,True,41,82,22593.4,1.79,
2026-10-07 13:07:08.595145+05:30,NIFTY,2026-10-19,True,41,82,22592.35,1.82,
2026-10-07 13:07:11.525894+05:30,NIFTY,2026-10-27,True,41,82,22593.5,2.93,
2026-10-07 13:07:13.353813+05:30,BANKNIFTY,2026-10-27,True,41,82,54932.6,1.83,
2026-10-07 13:07:15.180926+05:30,BANKNIFTY,2026-11-23,True,41,82,54932.5,1.83,
2026-10-07 13:07:16.992435+05:30,SENSEX,2026-10-08,True,41,82,72614.67,1.81,
2026-10-07 13:07:18.795346+05:30,SENSEX,2026-10-15,True,41,82,72612.82,1.8,
2026-10-07 13:07:20.597067+05:30,FINNIFTY,2026-10-27,True,41,82,24860.45,1.8,
2026-10-07 13:07:22.405429+05:30,MIDCPNIFTY,2026-10-27,True,41,82,13748.5,1.81,
2026-10-07 13:08:06.762681+05:30,NIFTY,2026-10-13,True,41,82,22590.75,1.78,
2026-10-07 13:08:08.563919+05:30,NIFTY,2026-10-19,True,41,82,22591.2,1.8,
2026-10-07 13:08:10.399181+05:30,NIFTY,2026-10-27,True,41,82,22591.6,1.83,
2026-10-07 13:08:12.209475+05:30,BANKNIFTY,2026-10-27,True,41,82,54921.4,1.81,
2026-10-07 13:08:14.048927+05:30,BANKNIFTY,2026-11-23,True,41,82,54917.65,1.84,
2026-10-07 13:08:15.872609+05:30,SENSEX,2026-10-08,True,41,82,72608.21,1.82,
2026-10-07 13:08:17.690963+05:30,SENSEX,2026-10-15,True,41,82,72607.74,1.82,
2026-10-07 13:08:19.523726+05:30,FINNIFTY,2026-10-27,True,41,82,24859.1,1.83,
2026-10-07 13:08:21.546681+05:30,MIDCPNIFTY,2026-10-27,True,41,82,13745.25,2.02,
2026-10-07 13:09:06.777996+05:30,NIFTY,2026-10-13,True,41,82,22576.3,1.8,
2026-10-07 13:09:09.592143+05:30,NIFTY,2026-10-19,True,41,82,22574.7,2.81,
2026-10-07 13:09:11.531516+05:30,NIFTY,2026-10-27,True,41,82,22565.85,1.94,
2026-10-07 13:09:13.373038+05:30,BANKNIFTY,2026-10-27,True,41,82,54852.1,1.84,
2026-10-07 13:09:15.183802+05:30,BANKNIFTY,2026-11-23,True,41,82,54845.65,1.81,
2026-10-07 13:09:16.990196+05:30,SENSEX,2026-10-08,True,41,82,72534.75,1.8,
2026-10-07 13:09:18.826621+05:30,SENSEX,2026-10-15,True,41,82,72531.54,1.84,
2026-10-07 13:09:20.638994+05:30,FINNIFTY,2026-10-27,True,41,82,24831.8,1.81,
2026-10-07 13:09:22.483855+05:30,MIDCPNIFTY,2026-10-27,True,41,82,13725.45,1.84,
2026-10-07 13:10:06.782429+05:30,NIFTY,2026-10-13,True,41,82,22561.65,1.8,
2026-10-07 13:10:08.605407+05:30,NIFTY,2026-10-19,True,41,82,22561.25,1.83,
2026-10-07 13:10:10.429248+05:30,NIFTY,2026-10-27,True,41,82,22560.7,1.82,
2026-10-07 13:10:12.269016+05:30,BANKNIFTY,2026-10-27,True,41,82,54828.9,1.84,
2026-10-07 13:10:14.090526+05:30,BANKNIFTY,2026-11-23,True,41,82,54828.05,1.82,
2026-10-07 13:10:15.928251+05:30,SENSEX,2026-10-08,True,41,82,72512.83,1.84,
2026-10-07 13:10:17.778708+05:30,SENSEX,2026-10-15,True,41,82,72512.97,1.85,
2026-10-07 13:10:19.594396+05:30,FINNIFTY,2026-10-27,True,41,82,24824.5,1.81,
2026-10-07 13:10:21.404090+05:30,MIDCPNIFTY,2026-10-27,True,41,82,13719.05,1.81,
2026-10-07 13:11:06.776076+05:30,NIFTY,2026-10-13,True,41,82,22564.85,1.8,
2026-10-07 13:11:08.589779+05:30,NIFTY,2026-10-19,True,41,82,22563.7,1.81,
2026-10-07 13:11:10.471775+05:30,NIFTY,2026-10-27,True,41,82,22564.75,1.88,
2026-10-07 13:11:12.516233+05:30,BANKNIFTY,2026-10-27,True,41,82,54844.4,2.04,
2026-10-07 13:11:14.349843+05:30,BANKNIFTY,2026-11-23,True,41,82,54846.3,1.83,
2026-10-07 13:11:16.155203+05:30,SENSEX,2026-10-08,True,41,82,72516.61,1.8,
2026-10-07 13:11:17.986279+05:30,SENSEX,2026-10-15,True,41,82,72522.75,1.83,
2026-10-07 13:11:19.804832+05:30,FINNIFTY,2026-10-27,True,41,82,24834.85,1.81,
2026-10-07 13:11:21.630208+05:30,MIDCPNIFTY,2026-10-27,True,41,82,13722.0,1.82,
2026-10-07 13:12:06.771384+05:30,NIFTY,2026-10-13,True,41,82,22566.75,1.79,
2026-10-07 13:12:08.616220+05:30,NIFTY,2026-10-19,True,41,82,22568.2,1.85,
2026-10-07 13:12:10.469501+05:30,NIFTY,2026-10-27,True,41,82,22566.8,1.85,
2026-10-07 13:12:12.297987+05:30,BANKNIFTY,2026-10-27,True,41,82,54840.5,1.83,
2026-10-07 13:12:14.139406+05:30,BANKNIFTY,2026-11-23,True,41,82,54839.25,1.84,
2026-10-07 13:12:15.967972+05:30,SENSEX,2026-10-08,True,41,82,72539.85,1.83,
2026-10-07 13:12:17.805104+05:30,SENSEX,2026-10-15,True,41,82,72539.24,1.84,
2026-10-07 13:12:19.631239+05:30,FINNIFTY,2026-10-27,True,41,82,24832.2,1.82,
2026-10-07 13:12:21.485031+05:30,MIDCPNIFTY,2026-10-27,True,41,82,13720.45,1.85,
2026-10-07 13:13:06.763926+05:30,NIFTY,2026-10-13,True,41,82,22579.3,1.78,
2026-10-07 13:13:08.599482+05:30,NIFTY,2026-10-19,True,41,82,22578.55,1.85,
2026-10-07 13:13:10.480995+05:30,NIFTY,2026-10-27,True,41,82,22578.35,1.86,
2026-10-07 13:13:12.314829+05:30,BANKNIFTY,2026-10-27,True,41,82,54881.2,1.83,
2026-10-07 13:13:14.145551+05:30,BANKNIFTY,2026-11-23,True,41,82,54883.3,1.83,
2026-10-07 13:13:15.960108+05:30,SENSEX,2026-10-08,True,41,82,72581.99,1.81,
2026-10-07 13:13:17.772510+05:30,SENSEX,2026-10-15,True,41,82,72577.46,1.81,
2026-10-07 13:13:20.611657+05:30,FINNIFTY,2026-10-27,True,41,82,24849.75,2.84,
2026-10-07 13:13:22.440445+05:30,MIDCPNIFTY,2026-10-27,True,41,82,13730.1,1.83,
2026-10-07 13:14:06.772883+05:30,NIFTY,2026-10-13,True,41,82,22582.95,1.79,
2026-10-07 13:14:09.036110+05:30,NIFTY,2026-10-19,True,41,82,22583.6,2.26,
2026-10-07 13:14:10.870079+05:30,NIFTY,2026-10-27,True,41,82,22581.85,1.83,
2026-10-07 13:14:12.732405+05:30,BANKNIFTY,2026-10-27,True,41,82,54889.3,1.86,
2026-10-07 13:14:14.602774+05:30,BANKNIFTY,2026-11-23,True,41,82,54888.1,1.87,
2026-10-07 13:14:16.462278+05:30,SENSEX,2026-10-08,True,41,82,72584.7,1.86,
2026-10-07 13:14:18.312869+05:30,SENSEX,2026-10-15,True,41,82,72589.07,1.85,
2026-10-07 13:14:20.154435+05:30,FINNIFTY,2026-10-27,True,41,82,24851.4,1.84,
2026-10-07 13:14:21.987701+05:30,MIDCPNIFTY,2026-10-27,True,41,82,13733.05,1.83,
2026-10-07 13:15:06.782680+05:30,NIFTY,2026-10-13,True,41,82,22578.65,1.8,
2026-10-07 13:15:08.626083+05:30,NIFTY,2026-10-19,True,41,82,22580.15,1.84,
2026-10-07 13:15:10.465836+05:30,NIFTY,2026-10-27,True,41,82,22580.2,1.84,
2026-10-07 13:15:12.319115+05:30,BANKNIFTY,2026-10-27,True,41,82,54896.0,1.85,
2026-10-07 13:15:15.168976+05:30,BANKNIFTY,2026-11-23,True,41,82,54894.05,2.85,
2026-10-07 13:15:17.022059+05:30,SENSEX,2026-10-08,True,41,82,72581.17,1.85,
2026-10-07 13:15:18.849237+05:30,SENSEX,2026-10-15,True,41,82,72581.26,1.83,
2026-10-07 13:15:20.708549+05:30,FINNIFTY,2026-10-27,True,41,82,24854.7,1.86,
2026-10-07 13:15:22.567988+05:30,MIDCPNIFTY,2026-10-27,True,41,82,13733.6,1.86,
2026-10-07 13:16:06.808719+05:30,NIFTY,2026-10-13,True,41,82,22577.85,1.83,
2026-10-07 13:16:08.644868+05:30,NIFTY,2026-10-19,True,41,82,22578.7,1.84,
2026-10-07 13:16:10.488927+05:30,NIFTY,2026-10-27,True,41,82,22579.1,1.84,
2026-10-07 13:16:12.348275+05:30,BANKNIFTY,2026-10-27,True,41,82,54893.8,1.86,
2026-10-07 13:16:14.220339+05:30,BANKNIFTY,2026-11-23,True,41,82,54894.2,1.87,
2026-10-07 13:16:16.070289+05:30,SENSEX,2026-10-08,True,41,82,72576.63,1.85,
2026-10-07 13:16:17.913362+05:30,SENSEX,2026-10-15,True,41,82,72577.07,1.84,
2026-10-07 13:16:20.301022+05:30,FINNIFTY,2026-10-27,True,41,82,24854.75,2.38,
2026-10-07 13:16:22.177942+05:30,MIDCPNIFTY,2026-10-27,True,41,82,13735.9,1.88,
2026-10-07 13:17:06.804268+05:30,NIFTY,2026-10-13,True,41,82,22583.6,1.82,
2026-10-07 13:17:08.653569+05:30,NIFTY,2026-10-19,True,41,82,22583.4,1.85,
2026-10-07 13:17:10.529475+05:30,NIFTY,2026-10-27,True,41,82,22584.0,1.87,
2026-10-07 13:17:12.411905+05:30,BANKNIFTY,2026-10-27,True,41,82,54902.75,1.88,
2026-10-07 13:17:14.299863+05:30,BANKNIFTY,2026-11-23,True,41,82,54899.15,1.89,
2026-10-07 13:17:16.153479+05:30,SENSEX,2026-10-08,True,41,82,72585.99,1.85,
2026-10-07 13:17:17.988728+05:30,SENSEX,2026-10-15,True,41,82,72586.42,1.84,
2026-10-07 13:17:19.843573+05:30,FINNIFTY,2026-10-27,True,41,82,24855.95,1.85,
2026-10-07 13:17:21.697471+05:30,MIDCPNIFTY,2026-10-27,True,41,82,13738.9,1.85,
2026-10-07 13:18:07.434928+05:30,NIFTY,2026-10-13,True,41,82,22594.1,2.45,
2026-10-07 13:18:09.306667+05:30,NIFTY,2026-10-19,True,41,82,22594.75,1.87,
2026-10-07 13:18:11.203156+05:30,NIFTY,2026-10-27,True,41,82,22594.65,1.89,
2026-10-07 13:18:13.052940+05:30,BANKNIFTY,2026-10-27,True,41,82,54936.05,1.85,
2026-10-07 13:18:14.914820+05:30,BANKNIFTY,2026-11-23,True,41,82,54942.25,1.86,
2026-10-07 13:18:16.768151+05:30,SENSEX,2026-10-08,True,41,82,72626.42,1.85,
2026-10-07 13:18:18.633034+05:30,SENSEX,2026-10-15,True,41,82,72628.08,1.87,
2026-10-07 13:18:20.487630+05:30,FINNIFTY,2026-10-27,True,41,82,24870.9,1.85,
2026-10-07 13:18:22.333658+05:30,MIDCPNIFTY,2026-10-27,True,41,82,13749.3,1.84,
2026-10-07 13:19:06.991198+05:30,NIFTY,2026-10-13,True,41,82,22588.5,2.01,
2026-10-07 13:19:09.879358+05:30,NIFTY,2026-10-19,True,41,82,22588.8,2.9,
2026-10-07 13:19:11.722781+05:30,NIFTY,2026-10-27,True,41,82,22589.2,1.83,
2026-10-07 13:19:13.565682+05:30,BANKNIFTY,2026-10-27,True,41,82,54921.25,1.84,
2026-10-07 13:19:15.421154+05:30,BANKNIFTY,2026-11-23,True,41,82,54917.2,1.85,
2026-10-07 13:19:17.243742+05:30,SENSEX,2026-10-08,True,41,82,72621.41,1.82,
2026-10-07 13:19:20.108828+05:30,SENSEX,2026-10-15,True,41,82,72615.63,2.87,
2026-10-07 13:19:21.954381+05:30,FINNIFTY,2026-10-27,True,41,82,24859.7,1.84,
2026-10-07 13:19:23.838170+05:30,MIDCPNIFTY,2026-10-27,True,41,82,13745.5,1.88,
2026-10-07 13:20:06.846246+05:30,NIFTY,2026-10-13,True,41,82,22582.65,1.87,
2026-10-07 13:20:08.686011+05:30,NIFTY,2026-10-19,True,41,82,22582.65,1.84,
2026-10-07 13:20:10.527210+05:30,NIFTY,2026-10-27,True,41,82,22582.7,1.84,
2026-10-07 13:20:12.385101+05:30,BANKNIFTY,2026-10-27,True,41,82,54901.2,1.86,
2026-10-07 13:20:14.277065+05:30,BANKNIFTY,2026-11-23,True,41,82,54900.3,1.89,
2026-10-07 13:20:16.129719+05:30,SENSEX,2026-10-08,True,41,82,72598.49,1.85,
2026-10-07 13:20:17.967651+05:30,SENSEX,2026-10-15,True,41,82,72597.67,1.84,
2026-10-07 13:20:19.816163+05:30,FINNIFTY,2026-10-27,True,41,82,24855.7,1.84,
2026-10-07 13:20:21.679223+05:30,MIDCPNIFTY,2026-10-27,True,41,82,13745.9,1.86,
2026-10-07 13:21:06.803629+05:30,NIFTY,2026-10-13,True,41,82,22580.2,1.82,
2026-10-07 13:21:08.690018+05:30,NIFTY,2026-10-19,True,41,82,22581.1,1.89,
2026-10-07 13:21:10.571550+05:30,NIFTY,2026-10-27,True,41,82,22580.1,1.88,
2026-10-07 13:21:12.432403+05:30,BANKNIFTY,2026-10-27,True,41,82,54891.7,1.86,
2026-10-07 13:21:14.305840+05:30,BANKNIFTY,2026-11-23,True,41,82,54889.3,1.87,
2026-10-07 13:21:16.144616+05:30,SENSEX,2026-10-08,True,41,82,72575.01,1.84,
2026-10-07 13:21:17.991234+05:30,SENSEX,2026-10-15,True,41,82,72568.25,1.85,
2026-10-07 13:21:20.040929+05:30,FINNIFTY,2026-10-27,True,41,82,24847.35,2.05,
2026-10-07 13:21:21.905305+05:30,MIDCPNIFTY,2026-10-27,True,41,82,13741.25,1.86,
2026-10-07 13:22:06.811066+05:30,NIFTY,2026-10-13,True,41,82,22578.15,1.83,
2026-10-07 13:22:08.662342+05:30,NIFTY,2026-10-19,True,41,82,22578.3,1.85,
2026-10-07 13:22:10.515282+05:30,NIFTY,2026-10-27,True,41,82,22579.5,1.85,
2026-10-07 13:22:12.366275+05:30,BANKNIFTY,2026-10-27,True,41,82,54884.45,1.85,
2026-10-07 13:22:14.230121+05:30,BANKNIFTY,2026-11-23,True,41,82,54886.75,1.86,
2026-10-07 13:22:16.099747+05:30,SENSEX,2026-10-08,True,41,82,72569.61,1.87,
2026-10-07 13:22:17.943205+05:30,SENSEX,2026-10-15,True,41,82,72570.04,1.84,
2026-10-07 13:22:19.810695+05:30,FINNIFTY,2026-10-27,True,41,82,24855.25,1.86,
2026-10-07 13:22:21.663070+05:30,MIDCPNIFTY,2026-10-27,True,41,82,13743.65,1.85,
2026-10-07 13:23:06.806533+05:30,NIFTY,2026-10-13,True,41,82,22574.15,1.83,
2026-10-07 13:23:08.686250+05:30,NIFTY,2026-10-19,True,41,82,22574.8,1.89,
2026-10-07 13:23:10.529346+05:30,NIFTY,2026-10-27,True,41,82,22572.8,1.84,
2026-10-07 13:23:12.385975+05:30,BANKNIFTY,2026-10-27,True,41,82,54866.9,1.85,
2026-10-07 13:23:14.262556+05:30,BANKNIFTY,2026-11-23,True,41,82,54869.8,1.88,
2026-10-07 13:23:16.105876+05:30,SENSEX,2026-10-08,True,41,82,72564.78,1.84,
2026-10-07 13:23:17.937832+05:30,SENSEX,2026-10-15,True,41,82,72565.36,1.83,
2026-10-07 13:23:19.810607+05:30,FINNIFTY,2026-10-27,True,41,82,24843.7,1.87,
2026-10-07 13:23:21.699162+05:30,MIDCPNIFTY,2026-10-27,True,41,82,13738.15,1.89,
2026-10-07 13:24:06.782555+05:30,NIFTY,2026-10-13,True,41,82,22572.85,1.8,
2026-10-07 13:24:08.631826+05:30,NIFTY,2026-10-19,True,41,82,22573.05,1.85,
2026-10-07 13:24:10.552337+05:30,NIFTY,2026-10-27,True,41,82,22572.4,1.92,
2026-10-07 13:24:12.416960+05:30,BANKNIFTY,2026-10-27,True,41,82,54867.2,1.86,
2026-10-07 13:24:14.285247+05:30,BANKNIFTY,2026-11-23,True,41,82,54868.25,1.87,
2026-10-07 13:24:16.414273+05:30,SENSEX,2026-10-08,True,41,82,72559.6,2.13,
2026-10-07 13:24:18.256316+05:30,SENSEX,2026-10-15,True,41,82,72561.53,1.84,
2026-10-07 13:24:20.132561+05:30,FINNIFTY,2026-10-27,True,41,82,24843.7,1.87,
2026-10-07 13:24:21.991902+05:30,MIDCPNIFTY,2026-10-27,True,41,82,13731.15,1.86,
2026-10-07 13:25:06.797693+05:30,NIFTY,2026-10-13,True,41,82,22571.2,1.82,
2026-10-07 13:25:08.643369+05:30,NIFTY,2026-10-19,True,41,82,22571.1,1.86,
2026-10-07 13:25:11.144668+05:30,NIFTY,2026-10-27,True,41,82,22571.6,2.49,
2026-10-07 13:25:12.968782+05:30,BANKNIFTY,2026-10-27,True,41,82,54849.6,1.82,
2026-10-07 13:25:14.797590+05:30,BANKNIFTY,2026-11-23,True,41,82,54848.55,1.83,
2026-10-07 13:25:16.622991+05:30,SENSEX,2026-10-08,True,41,82,72551.43,1.82,
2026-10-07 13:25:18.463416+05:30,SENSEX,2026-10-15,True,41,82,72549.8,1.84,
2026-10-07 13:25:20.283692+05:30,FINNIFTY,2026-10-27,True,41,82,24840.55,1.82,
2026-10-07 13:25:22.099373+05:30,MIDCPNIFTY,2026-10-27,True,41,82,13730.1,1.81,
2026-10-07 13:26:06.770991+05:30,NIFTY,2026-10-13,True,41,82,22569.6,1.79,
2026-10-07 13:26:08.588523+05:30,NIFTY,2026-10-19,True,41,82,22569.9,1.82,
2026-10-07 13:26:10.433677+05:30,NIFTY,2026-10-27,True,41,82,22570.3,1.84,
2026-10-07 13:26:12.258366+05:30,BANKNIFTY,2026-10-27,True,41,82,54870.4,1.82,
2026-10-07 13:26:14.130845+05:30,BANKNIFTY,2026-11-23,True,41,82,54864.15,1.87,
2026-10-07 13:26:15.943317+05:30,SENSEX,2026-10-08,True,41,82,72555.41,1.81,
2026-10-07 13:26:18.794400+05:30,SENSEX,2026-10-15,True,41,82,72555.41,2.85,
2026-10-07 13:26:20.603444+05:30,FINNIFTY,2026-10-27,True,41,82,24846.1,1.81,
2026-10-07 13:26:22.421029+05:30,MIDCPNIFTY,2026-10-27,True,41,82,13730.4,1.82,
2026-10-07 13:27:06.786451+05:30,NIFTY,2026-10-13,True,41,82,22577.35,1.81,
2026-10-07 13:27:08.624123+05:30,NIFTY,2026-10-19,True,41,82,22578.0,1.84,
2026-10-07 13:27:10.453795+05:30,NIFTY,2026-10-27,True,41,82,22577.3,1.83,
2026-10-07 13:27:12.275923+05:30,BANKNIFTY,2026-10-27,True,41,82,54886.75,1.82,
2026-10-07 13:27:14.104699+05:30,BANKNIFTY,2026-11-23,True,41,82,54881.35,1.83,
2026-10-07 13:27:15.934271+05:30,SENSEX,2026-10-08,True,41,82,72573.92,1.83,
2026-10-07 13:27:17.816775+05:30,SENSEX,2026-10-15,True,41,82,72574.4,1.88,
2026-10-07 13:27:19.640341+05:30,FINNIFTY,2026-10-27,True,41,82,24853.2,1.82,
2026-10-07 13:27:21.488915+05:30,MIDCPNIFTY,2026-10-27,True,41,82,13732.75,1.85,
2026-10-07 13:28:06.771506+05:30,NIFTY,2026-10-13,True,41,82,22583.45,1.79,
2026-10-07 13:28:08.606022+05:30,NIFTY,2026-10-19,True,41,82,22583.5,1.84,
2026-10-07 13:28:10.452340+05:30,NIFTY,2026-10-27,True,41,82,22583.0,1.84,
2026-10-07 13:28:12.281537+05:30,BANKNIFTY,2026-10-27,True,41,82,54897.3,1.83,
2026-10-07 13:28:14.109539+05:30,BANKNIFTY,2026-11-23,True,41,82,54898.3,1.83,
2026-10-07 13:28:15.926314+05:30,SENSEX,2026-10-08,True,41,82,72590.08,1.82,
2026-10-07 13:28:17.745118+05:30,SENSEX,2026-10-15,True,41,82,72589.89,1.82,
2026-10-07 13:28:19.593549+05:30,FINNIFTY,2026-10-27,True,41,82,24859.05,1.84,
2026-10-07 13:28:21.422105+05:30,MIDCPNIFTY,2026-10-27,True,41,82,13734.95,1.83,
2026-10-07 13:29:06.781130+05:30,NIFTY,2026-10-13,True,41,82,22586.35,1.8,
2026-10-07 13:29:08.623252+05:30,NIFTY,2026-10-19,True,41,82,22585.55,1.84,
2026-10-07 13:29:10.481739+05:30,NIFTY,2026-10-27,True,41,82,22585.4,1.86,
2026-10-07 13:29:12.299295+05:30,BANKNIFTY,2026-10-27,True,41,82,54910.55,1.81,
2026-10-07 13:29:14.132193+05:30,BANKNIFTY,2026-11-23,True,41,82,54908.55,1.83,
2026-10-07 13:29:15.948526+05:30,SENSEX,2026-10-08,True,41,82,72594.9,1.81,
2026-10-07 13:29:17.792695+05:30,SENSEX,2026-10-15,True,41,82,72597.71,1.84,
2026-10-07 13:29:19.611133+05:30,FINNIFTY,2026-10-27,True,41,82,24865.8,1.81,
2026-10-07 13:29:21.439903+05:30,MIDCPNIFTY,2026-10-27,True,41,82,13739.95,1.83,
2026-10-07 13:30:06.772644+05:30,NIFTY,2026-10-13,True,41,82,22592.4,1.79,
2026-10-07 13:30:08.594626+05:30,NIFTY,2026-10-19,True,41,82,22592.65,1.82,
2026-10-07 13:30:10.422835+05:30,NIFTY,2026-10-27,True,41,82,22591.75,1.83,
2026-10-07 13:30:12.276532+05:30,BANKNIFTY,2026-10-27,True,41,82,54936.2,1.85,
2026-10-07 13:30:14.110108+05:30,BANKNIFTY,2026-11-23,True,41,82,54935.45,1.83,
2026-10-07 13:30:15.943475+05:30,SENSEX,2026-10-08,True,41,82,72619.6,1.83,
2026-10-07 13:30:17.795790+05:30,SENSEX,2026-10-15,True,41,82,72618.58,1.85,
2026-10-07 13:30:20.304104+05:30,FINNIFTY,2026-10-27,True,41,82,24875.9,2.5,
2026-10-07 13:30:22.185827+05:30,MIDCPNIFTY,2026-10-27,True,41,82,13744.0,1.88,
2026-10-07 13:31:07.856213+05:30,NIFTY,2026-10-13,True,41,82,22594.2,2.88,
2026-10-07 13:31:09.701213+05:30,NIFTY,2026-10-19,True,41,82,22594.9,1.85,
2026-10-07 13:31:11.534466+05:30,NIFTY,2026-10-27,True,41,82,22589.3,1.83,
2026-10-07 13:31:13.381869+05:30,BANKNIFTY,2026-10-27,True,41,82,54941.5,1.84,
2026-10-07 13:31:15.216217+05:30,BANKNIFTY,2026-11-23,True,41,82,54940.6,1.83,
2026-10-07 13:31:17.035890+05:30,SENSEX,2026-10-08,True,41,82,72602.79,1.82,
2026-10-07 13:31:18.866873+05:30,SENSEX,2026-10-15,True,41,82,72605.68,1.83,
2026-10-07 13:31:20.683063+05:30,FINNIFTY,2026-10-27,True,41,82,24875.9,1.81,
2026-10-07 13:31:22.507131+05:30,MIDCPNIFTY,2026-10-27,True,41,82,13740.95,1.82,
2026-10-07 13:32:06.820258+05:30,NIFTY,2026-10-13,True,41,82,22593.45,1.84,
2026-10-07 13:32:08.645741+05:30,NIFTY,2026-10-19,True,41,82,22592.5,1.84,
2026-10-07 13:32:10.487875+05:30,NIFTY,2026-10-27,True,41,82,22594.25,1.83,
2026-10-07 13:32:13.437476+05:30,BANKNIFTY,2026-10-27,True,41,82,54951.85,2.95,
2026-10-07 13:32:15.266945+05:30,BANKNIFTY,2026-11-23,True,41,82,54949.4,1.83,
2026-10-07 13:32:17.096024+05:30,SENSEX,2026-10-08,True,41,82,72617.67,1.83,
2026-10-07 13:32:18.910737+05:30,SENSEX,2026-10-15,True,41,82,72617.15,1.81,
2026-10-07 13:32:20.745252+05:30,FINNIFTY,2026-10-27,True,41,82,24884.25,1.83,
2026-10-07 13:32:22.578329+05:30,MIDCPNIFTY,2026-10-27,True,41,82,13749.05,1.83,
2026-10-07 13:33:06.774997+05:30,NIFTY,2026-10-13,True,41,82,22590.4,1.79,
2026-10-07 13:33:09.375535+05:30,NIFTY,2026-10-19,True,41,82,22583.45,2.6,
2026-10-07 13:33:11.207742+05:30,NIFTY,2026-10-27,True,41,82,22586.6,1.83,
2026-10-07 13:33:13.067114+05:30,BANKNIFTY,2026-10-27,True,41,82,54938.65,1.86,
2026-10-07 13:33:14.897449+05:30,BANKNIFTY,2026-11-23,True,41,82,54939.2,1.83,
2026-10-07 13:33:16.730947+05:30,SENSEX,2026-10-08,True,41,82,72611.27,1.83,
2026-10-07 13:33:18.565564+05:30,SENSEX,2026-10-15,True,41,82,72612.51,1.84,
2026-10-07 13:33:20.407407+05:30,FINNIFTY,2026-10-27,True,41,82,24880.15,1.84,
2026-10-07 13:33:22.240396+05:30,MIDCPNIFTY,2026-10-27,True,41,82,13748.6,1.83,
2026-10-07 13:34:06.782274+05:30,NIFTY,2026-10-13,True,41,82,22591.55,1.8,
2026-10-07 13:34:08.622794+05:30,NIFTY,2026-10-19,True,41,82,22591.75,1.84,
2026-10-07 13:34:10.452610+05:30,NIFTY,2026-10-27,True,41,82,22590.55,1.83,
2026-10-07 13:34:12.283713+05:30,BANKNIFTY,2026-10-27,True,41,82,54946.0,1.83,
2026-10-07 13:34:14.106685+05:30,BANKNIFTY,2026-11-23,True,41,82,54947.95,1.82,
2026-10-07 13:34:15.927406+05:30,SENSEX,2026-10-08,True,41,82,72614.79,1.82,
2026-10-07 13:34:17.758737+05:30,SENSEX,2026-10-15,True,41,82,72617.34,1.83,
2026-10-07 13:34:19.680105+05:30,FINNIFTY,2026-10-27,True,41,82,24889.3,1.92,
2026-10-07 13:34:21.538298+05:30,MIDCPNIFTY,2026-10-27,True,41,82,13751.05,1.86,
2026-10-07 13:35:06.789225+05:30,NIFTY,2026-10-13,True,41,82,22593.85,1.81,
2026-10-07 13:35:08.606949+05:30,NIFTY,2026-10-19,True,41,82,22593.65,1.82,
2026-10-07 13:35:10.431582+05:30,NIFTY,2026-10-27,True,41,82,22594.05,1.82,
2026-10-07 13:35:12.242910+05:30,BANKNIFTY,2026-10-27,True,41,82,54969.5,1.81,
2026-10-07 13:35:14.063627+05:30,BANKNIFTY,2026-11-23,True,41,82,54962.25,1.82,
2026-10-07 13:35:15.874625+05:30,SENSEX,2026-10-08,True,41,82,72622.19,1.81,
2026-10-07 13:35:17.701343+05:30,SENSEX,2026-10-15,True,41,82,72622.26,1.83,
2026-10-07 13:35:19.526088+05:30,FINNIFTY,2026-10-27,True,41,82,24901.3,1.82,
2026-10-07 13:35:21.351914+05:30,MIDCPNIFTY,2026-10-27,True,41,82,13759.65,1.82,
2026-10-07 13:36:06.771456+05:30,NIFTY,2026-10-13,True,41,82,22603.4,1.79,
2026-10-07 13:36:08.600262+05:30,NIFTY,2026-10-19,True,41,82,22603.35,1.83,
2026-10-07 13:36:10.438440+05:30,NIFTY,2026-10-27,True,41,82,22603.15,1.83,
2026-10-07 13:36:12.277816+05:30,BANKNIFTY,2026-10-27,True,41,82,54986.1,1.84,
2026-10-07 13:36:14.119551+05:30,BANKNIFTY,2026-11-23,True,41,82,54984.0,1.84,
2026-10-07 13:36:15.946588+05:30,SENSEX,2026-10-08,True,41,82,72649.31,1.83,
2026-10-07 13:36:17.777707+05:30,SENSEX,2026-10-15,True,41,82,72647.62,1.83,
2026-10-07 13:36:19.608960+05:30,FINNIFTY,2026-10-27,True,41,82,24904.45,1.83,
2026-10-07 13:36:21.460125+05:30,MIDCPNIFTY,2026-10-27,True,41,82,13761.5,1.85,
2026-10-07 13:37:06.907524+05:30,NIFTY,2026-10-13,True,41,82,22597.95,1.93,
2026-10-07 13:37:08.733375+05:30,NIFTY,2026-10-19,True,41,82,22598.3,1.84,
2026-10-07 13:37:10.584168+05:30,NIFTY,2026-10-27,True,41,82,22598.1,1.84,
2026-10-07 13:37:12.443275+05:30,BANKNIFTY,2026-10-27,True,41,82,54963.9,1.86,
2026-10-07 13:37:14.282992+05:30,BANKNIFTY,2026-11-23,True,41,82,54960.05,1.84,
2026-10-07 13:37:16.111608+05:30,SENSEX,2026-10-08,True,41,82,72630.05,1.83,
2026-10-07 13:37:17.923021+05:30,SENSEX,2026-10-15,True,41,82,72629.85,1.81,
2026-10-07 13:37:19.755634+05:30,FINNIFTY,2026-10-27,True,41,82,24901.05,1.83,
2026-10-07 13:37:21.603667+05:30,MIDCPNIFTY,2026-10-27,True,41,82,13755.7,1.85,
2026-10-07 13:38:06.779600+05:30,NIFTY,2026-10-13,True,41,82,22598.85,1.8,
2026-10-07 13:38:08.590435+05:30,NIFTY,2026-10-19,True,41,82,22599.1,1.81,
2026-10-07 13:38:10.413926+05:30,NIFTY,2026-10-27,True,41,82,22599.2,1.82,
2026-10-07 13:38:12.256006+05:30,BANKNIFTY,2026-10-27,True,41,82,54966.05,1.84,
2026-10-07 13:38:14.084873+05:30,BANKNIFTY,2026-11-23,True,41,82,54966.8,1.83,
2026-10-07 13:38:15.907710+05:30,SENSEX,2026-10-08,True,41,82,72637.87,1.82,
2026-10-07 13:38:17.766857+05:30,SENSEX,2026-10-15,True,41,82,72636.59,1.86,
2026-10-07 13:38:19.654034+05:30,FINNIFTY,2026-10-27,True,41,82,24903.45,1.88,
2026-10-07 13:38:21.530744+05:30,MIDCPNIFTY,2026-10-27,True,41,82,13759.15,1.88,
2026-10-07 13:39:06.770494+05:30,NIFTY,2026-10-13,True,41,82,22595.7,1.79,
2026-10-07 13:39:09.607043+05:30,NIFTY,2026-10-19,True,41,82,22595.85,2.84,
2026-10-07 13:39:11.448793+05:30,NIFTY,2026-10-27,True,41,82,22595.0,1.84,
2026-10-07 13:39:13.279260+05:30,BANKNIFTY,2026-10-27,True,41,82,54951.25,1.83,
2026-10-07 13:39:15.113781+05:30,BANKNIFTY,2026-11-23,True,41,82,54951.65,1.83,
2026-10-07 13:39:16.937683+05:30,SENSEX,2026-10-08,True,41,82,72621.11,1.82,
2026-10-07 13:39:18.771871+05:30,SENSEX,2026-10-15,True,41,82,72621.11,1.84,
2026-10-07 13:39:20.609141+05:30,FINNIFTY,2026-10-27,True,41,82,24895.35,1.83,
2026-10-07 13:39:22.418546+05:30,MIDCPNIFTY,2026-10-27,True,41,82,13754.6,1.81,
2026-10-07 13:40:06.771554+05:30,NIFTY,2026-10-13,True,41,82,22596.65,1.79,
2026-10-07 13:40:08.612939+05:30,NIFTY,2026-10-19,True,41,82,22596.7,1.85,
2026-10-07 13:40:10.463899+05:30,NIFTY,2026-10-27,True,41,82,22595.85,1.84,
2026-10-07 13:40:12.297240+05:30,BANKNIFTY,2026-10-27,True,41,82,54945.95,1.83,
2026-10-07 13:40:14.138908+05:30,BANKNIFTY,2026-11-23,True,41,82,54940.6,1.84,
2026-10-07 13:40:15.952368+05:30,SENSEX,2026-10-08,True,41,82,72626.02,1.81,
2026-10-07 13:40:17.769060+05:30,SENSEX,2026-10-15,True,41,82,72626.02,1.82,
2026-10-07 13:40:19.618119+05:30,FINNIFTY,2026-10-27,True,41,82,24892.8,1.85,
2026-10-07 13:40:21.475273+05:30,MIDCPNIFTY,2026-10-27,True,41,82,13755.55,1.86,
2026-10-07 13:41:06.763426+05:30,NIFTY,2026-10-13,True,41,82,22597.0,1.78,
2026-10-07 13:41:08.606330+05:30,NIFTY,2026-10-19,True,41,82,22597.2,1.84,
2026-10-07 13:41:10.436574+05:30,NIFTY,2026-10-27,True,41,82,22597.55,1.83,
2026-10-07 13:41:12.271568+05:30,BANKNIFTY,2026-10-27,True,41,82,54950.2,1.83,
2026-10-07 13:41:14.110443+05:30,BANKNIFTY,2026-11-23,True,41,82,54948.35,1.84,
2026-10-07 13:41:15.953194+05:30,SENSEX,2026-10-08,True,41,82,72633.87,1.84,
2026-10-07 13:41:17.793205+05:30,SENSEX,2026-10-15,True,41,82,72637.2,1.84,
2026-10-07 13:41:19.619193+05:30,FINNIFTY,2026-10-27,True,41,82,24895.65,1.82,
2026-10-07 13:41:21.436747+05:30,MIDCPNIFTY,2026-10-27,True,41,82,13755.6,1.82,
2026-10-07 13:42:06.801867+05:30,NIFTY,2026-10-13,True,41,82,22600.5,1.82,
2026-10-07 13:42:08.648544+05:30,NIFTY,2026-10-19,True,41,82,22599.5,1.85,
2026-10-07 13:42:10.468223+05:30,NIFTY,2026-10-27,True,41,82,22599.35,1.81,
2026-10-07 13:42:12.344499+05:30,BANKNIFTY,2026-10-27,True,41,82,54947.4,1.87,
2026-10-07 13:42:14.183490+05:30,BANKNIFTY,2026-11-23,True,41,82,54946.0,1.84,
2026-10-07 13:42:16.020908+05:30,SENSEX,2026-10-08,True,41,82,72630.6,1.84,
2026-10-07 13:42:17.844461+05:30,SENSEX,2026-10-15,True,41,82,72631.84,1.82,
2026-10-07 13:42:19.666687+05:30,FINNIFTY,2026-10-27,True,41,82,24900.45,1.82,
2026-10-07 13:42:21.503517+05:30,MIDCPNIFTY,2026-10-27,True,41,82,13754.65,1.84,
2026-10-07 13:43:06.785108+05:30,NIFTY,2026-10-13,True,41,82,22602.2,1.8,
2026-10-07 13:43:08.607155+05:30,NIFTY,2026-10-19,True,41,82,22601.75,1.82,
2026-10-07 13:43:10.432600+05:30,NIFTY,2026-10-27,True,41,82,22601.0,1.82,
2026-10-07 13:43:12.264863+05:30,BANKNIFTY,2026-10-27,True,41,82,54946.7,1.83,
2026-10-07 13:43:14.102690+05:30,BANKNIFTY,2026-11-23,True,41,82,54947.75,1.84,
2026-10-07 13:43:15.925024+05:30,SENSEX,2026-10-08,True,41,82,72643.22,1.82,
2026-10-07 13:43:17.777257+05:30,SENSEX,2026-10-15,True,41,82,72642.32,1.85,
2026-10-07 13:43:19.619314+05:30,FINNIFTY,2026-10-27,True,41,82,24903.6,1.84,
2026-10-07 13:43:21.443646+05:30,MIDCPNIFTY,2026-10-27,True,41,82,13758.4,1.82,
2026-10-07 13:44:07.817984+05:30,NIFTY,2026-10-13,True,41,82,22601.25,2.84,
2026-10-07 13:44:09.633377+05:30,NIFTY,2026-10-19,True,41,82,22600.6,1.82,
2026-10-07 13:44:11.461053+05:30,NIFTY,2026-10-27,True,41,82,22600.8,1.83,
2026-10-07 13:44:13.288503+05:30,BANKNIFTY,2026-10-27,True,41,82,54958.15,1.82,
2026-10-07 13:44:15.146391+05:30,BANKNIFTY,2026-11-23,True,41,82,54958.8,1.86,
2026-10-07 13:44:17.132914+05:30,SENSEX,2026-10-08,True,41,82,72643.09,1.99,
2026-10-07 13:44:20.027661+05:30,SENSEX,2026-10-15,True,41,82,72638.63,2.9,
2026-10-07 13:44:21.844744+05:30,FINNIFTY,2026-10-27,True,41,82,24903.1,1.81,
2026-10-07 13:44:23.679402+05:30,MIDCPNIFTY,2026-10-27,True,41,82,13756.7,1.83,
2026-10-07 13:45:06.816519+05:30,NIFTY,2026-10-13,True,41,82,22603.6,1.84,
2026-10-07 13:45:08.629250+05:30,NIFTY,2026-10-19,True,41,82,22604.4,1.82,
2026-10-07 13:45:10.436034+05:30,NIFTY,2026-10-27,True,41,82,22603.35,1.8,
2026-10-07 13:45:12.267719+05:30,BANKNIFTY,2026-10-27,True,41,82,54956.2,1.83,
2026-10-07 13:45:14.462033+05:30,BANKNIFTY,2026-11-23,True,41,82,54954.3,2.19,
2026-10-07 13:45:16.401771+05:30,SENSEX,2026-10-08,True,41,82,72645.46,1.94,
2026-10-07 13:45:18.221842+05:30,SENSEX,2026-10-15,True,41,82,72645.57,1.82,
2026-10-07 13:45:20.046286+05:30,FINNIFTY,2026-10-27,True,41,82,24905.3,1.82,
2026-10-07 13:45:21.921859+05:30,MIDCPNIFTY,2026-10-27,True,41,82,13760.9,1.87,
2026-10-07 13:46:06.781173+05:30,NIFTY,2026-10-13,True,41,82,22599.35,1.8,
2026-10-07 13:46:08.601514+05:30,NIFTY,2026-10-19,True,41,82,22600.7,1.82,
2026-10-07 13:46:10.417167+05:30,NIFTY,2026-10-27,True,41,82,22600.6,1.81,
2026-10-07 13:46:12.242808+05:30,BANKNIFTY,2026-10-27,True,41,82,54939.1,1.82,
2026-10-07 13:46:14.112770+05:30,BANKNIFTY,2026-11-23,True,41,82,54936.9,1.87,
2026-10-07 13:46:15.933377+05:30,SENSEX,2026-10-08,True,41,82,72638.65,1.82,
2026-10-07 13:46:17.765438+05:30,SENSEX,2026-10-15,True,41,82,72638.01,1.83,
2026-10-07 13:46:19.584874+05:30,FINNIFTY,2026-10-27,True,41,82,24894.45,1.82,
2026-10-07 13:46:21.412145+05:30,MIDCPNIFTY,2026-10-27,True,41,82,13756.9,1.83,
2026-10-07 13:47:07.852420+05:30,NIFTY,2026-10-13,True,41,82,22602.8,2.87,
2026-10-07 13:47:09.673926+05:30,NIFTY,2026-10-19,True,41,82,22603.4,1.82,
2026-10-07 13:47:11.506243+05:30,NIFTY,2026-10-27,True,41,82,22603.0,1.83,
2026-10-07 13:47:13.323485+05:30,BANKNIFTY,2026-10-27,True,41,82,54968.05,1.81,
2026-10-07 13:47:15.822038+05:30,BANKNIFTY,2026-11-23,True,41,82,54969.9,2.5,
2026-10-07 13:47:17.673421+05:30,SENSEX,2026-10-08,True,41,82,72651.35,1.85,
2026-10-07 13:47:19.523079+05:30,SENSEX,2026-10-15,True,41,82,72652.34,1.85,
2026-10-07 13:47:21.350495+05:30,FINNIFTY,2026-10-27,True,41,82,24908.8,1.82,
2026-10-07 13:47:23.176698+05:30,MIDCPNIFTY,2026-10-27,True,41,82,13761.05,1.83,
2026-10-07 13:48:06.771249+05:30,NIFTY,2026-10-13,True,41,82,22600.45,1.79,
2026-10-07 13:48:08.600395+05:30,NIFTY,2026-10-19,True,41,82,22600.3,1.83,
2026-10-07 13:48:10.437342+05:30,NIFTY,2026-10-27,True,41,82,22599.65,1.84,
2026-10-07 13:48:12.280742+05:30,BANKNIFTY,2026-10-27,True,41,82,54951.8,1.84,
2026-10-07 13:48:14.124567+05:30,BANKNIFTY,2026-11-23,True,41,82,54951.6,1.84,
2026-10-07 13:48:15.955425+05:30,SENSEX,2026-10-08,True,41,82,72635.65,1.83,
2026-10-07 13:48:17.785155+05:30,SENSEX,2026-10-15,True,41,82,72640.5,1.83,
2026-10-07 13:48:19.630425+05:30,FINNIFTY,2026-10-27,True,41,82,24905.85,1.84,
2026-10-07 13:48:21.470990+05:30,MIDCPNIFTY,2026-10-27,True,41,82,13760.75,1.84,
2026-10-07 13:49:06.766879+05:30,NIFTY,2026-10-13,True,41,82,22602.6,1.79,
2026-10-07 13:49:08.597596+05:30,NIFTY,2026-10-19,True,41,82,22603.6,1.83,
2026-10-07 13:49:10.417791+05:30,NIFTY,2026-10-27,True,41,82,22603.85,1.82,
2026-10-07 13:49:12.239060+05:30,BANKNIFTY,2026-10-27,True,41,82,54957.4,1.82,
2026-10-07 13:49:14.068746+05:30,BANKNIFTY,2026-11-23,True,41,82,54957.9,1.83,
2026-10-07 13:49:15.893264+05:30,SENSEX,2026-10-08,True,41,82,72646.99,1.82,
2026-10-07 13:49:17.708667+05:30,SENSEX,2026-10-15,True,41,82,72643.7,1.82,
2026-10-07 13:49:19.521709+05:30,FINNIFTY,2026-10-27,True,41,82,24902.05,1.81,
2026-10-07 13:49:21.358073+05:30,MIDCPNIFTY,2026-10-27,True,41,82,13757.9,1.84,
2026-10-07 13:50:07.350267+05:30,NIFTY,2026-10-13,True,41,82,22605.0,2.37,
2026-10-07 13:50:09.172472+05:30,NIFTY,2026-10-19,True,41,82,22604.5,1.82,
2026-10-07 13:50:11.181430+05:30,NIFTY,2026-10-27,True,41,82,22605.35,2.01,
2026-10-07 13:50:13.025098+05:30,BANKNIFTY,2026-10-27,True,41,82,54959.5,1.84,
2026-10-07 13:50:14.892641+05:30,BANKNIFTY,2026-11-23,True,41,82,54961.7,1.87,
2026-10-07 13:50:16.721536+05:30,SENSEX,2026-10-08,True,41,82,72654.53,1.83,
2026-10-07 13:50:18.555326+05:30,SENSEX,2026-10-15,True,41,82,72655.39,1.83,
2026-10-07 13:50:20.398852+05:30,FINNIFTY,2026-10-27,True,41,82,24902.35,1.84,
2026-10-07 13:50:22.220339+05:30,MIDCPNIFTY,2026-10-27,True,41,82,13752.45,1.82,
2026-10-07 13:51:07.385181+05:30,NIFTY,2026-10-13,True,41,82,22604.05,2.4,
2026-10-07 13:51:09.239652+05:30,NIFTY,2026-10-19,True,41,82,22604.75,1.86,
2026-10-07 13:51:11.069792+05:30,NIFTY,2026-10-27,True,41,82,22604.75,1.83,
2026-10-07 13:51:12.904256+05:30,BANKNIFTY,2026-10-27,True,41,82,54959.85,1.83,
2026-10-07 13:51:15.393618+05:30,BANKNIFTY,2026-11-23,True,41,82,54962.2,2.49,
2026-10-07 13:51:17.243597+05:30,SENSEX,2026-10-08,True,41,82,72654.28,1.85,
2026-10-07 13:51:19.066420+05:30,SENSEX,2026-10-15,True,41,82,72655.4,1.82,
2026-10-07 13:51:20.903747+05:30,FINNIFTY,2026-10-27,True,41,82,24902.25,1.83,
2026-10-07 13:51:22.727677+05:30,MIDCPNIFTY,2026-10-27,True,41,82,13754.6,1.82,
2026-10-07 13:52:07.797102+05:30,NIFTY,2026-10-13,True,41,82,22598.3,2.82,
2026-10-07 13:52:09.631325+05:30,NIFTY,2026-10-19,True,41,82,22598.0,1.84,
2026-10-07 13:52:11.467705+05:30,NIFTY,2026-10-27,True,41,82,22598.0,1.83,
2026-10-07 13:52:13.329486+05:30,BANKNIFTY,2026-10-27,True,41,82,54939.65,1.86,
2026-10-07 13:52:15.199669+05:30,BANKNIFTY,2026-11-23,True,41,82,54938.25,1.87,
2026-10-07 13:52:17.065949+05:30,SENSEX,2026-10-08,True,41,82,72619.75,1.87,
2026-10-07 13:52:18.884431+05:30,SENSEX,2026-10-15,True,41,82,72615.36,1.82,
2026-10-07 13:52:20.710179+05:30,FINNIFTY,2026-10-27,True,41,82,24885.3,1.82,
2026-10-07 13:52:22.539425+05:30,MIDCPNIFTY,2026-10-27,True,41,82,13750.9,1.83,
2026-10-07 13:53:06.772472+05:30,NIFTY,2026-10-13,True,41,82,22588.05,1.79,
2026-10-07 13:53:08.604150+05:30,NIFTY,2026-10-19,True,41,82,22588.15,1.84,
2026-10-07 13:53:10.444630+05:30,NIFTY,2026-10-27,True,41,82,22586.35,1.83,
2026-10-07 13:53:12.287065+05:30,BANKNIFTY,2026-10-27,True,41,82,54893.9,1.84,
2026-10-07 13:53:14.211542+05:30,BANKNIFTY,2026-11-23,True,41,82,54894.2,1.92,
2026-10-07 13:53:16.047795+05:30,SENSEX,2026-10-08,True,41,82,72587.17,1.84,
2026-10-07 13:53:17.927687+05:30,SENSEX,2026-10-15,True,41,82,72586.05,1.88,
2026-10-07 13:53:19.804364+05:30,FINNIFTY,2026-10-27,True,41,82,24867.8,1.87,
2026-10-07 13:53:21.658475+05:30,MIDCPNIFTY,2026-10-27,True,41,82,13744.7,1.85,
2026-10-07 13:54:06.788923+05:30,NIFTY,2026-10-13,True,41,82,22574.15,1.81,
2026-10-07 13:54:08.635587+05:30,NIFTY,2026-10-19,True,41,82,22573.2,1.85,
2026-10-07 13:54:10.478384+05:30,NIFTY,2026-10-27,True,41,82,22573.55,1.84,
2026-10-07 13:54:12.345643+05:30,BANKNIFTY,2026-10-27,True,41,82,54849.1,1.86,
2026-10-07 13:54:14.241286+05:30,BANKNIFTY,2026-11-23,True,41,80,54838.2,1.89,
2026-10-07 13:54:16.194526+05:30,SENSEX,2026-10-08,True,41,82,72535.37,1.95,
2026-10-07 13:54:18.023915+05:30,SENSEX,2026-10-15,True,41,82,72535.44,1.83,
2026-10-07 13:54:19.851194+05:30,FINNIFTY,2026-10-27,True,41,82,24837.6,1.82,
2026-10-07 13:54:21.685094+05:30,MIDCPNIFTY,2026-10-27,True,41,82,13740.4,1.83,
2026-10-07 13:55:06.954561+05:30,NIFTY,2026-10-13,True,41,82,22577.45,1.98,
2026-10-07 13:55:08.781819+05:30,NIFTY,2026-10-19,True,41,82,22579.75,1.83,
2026-10-07 13:55:10.640360+05:30,NIFTY,2026-10-27,True,41,82,22579.6,1.86,
2026-10-07 13:55:12.477627+05:30,BANKNIFTY,2026-10-27,True,41,82,54875.65,1.83,
2026-10-07 13:55:14.313923+05:30,BANKNIFTY,2026-11-23,True,41,82,54876.35,1.83,
2026-10-07 13:55:16.130378+05:30,SENSEX,2026-10-08,True,41,82,72561.31,1.82,
2026-10-07 13:55:17.954768+05:30,SENSEX,2026-10-15,True,41,82,72553.85,1.82,
2026-10-07 13:55:19.785611+05:30,FINNIFTY,2026-10-27,True,41,82,24853.85,1.83,
2026-10-07 13:55:21.627196+05:30,MIDCPNIFTY,2026-10-27,True,41,82,13737.65,1.84,
2026-10-07 13:56:06.774174+05:30,NIFTY,2026-10-13,True,41,82,22582.5,1.79,
2026-10-07 13:56:08.602679+05:30,NIFTY,2026-10-19,True,41,82,22582.5,1.83,
2026-10-07 13:56:10.490513+05:30,NIFTY,2026-10-27,True,41,82,22581.65,1.89,
2026-10-07 13:56:12.363837+05:30,BANKNIFTY,2026-10-27,True,41,82,54886.9,1.87,
2026-10-07 13:56:14.232392+05:30,BANKNIFTY,2026-11-23,True,41,82,54882.95,1.87,
2026-10-07 13:56:16.070718+05:30,SENSEX,2026-10-08,True,41,82,72567.69,1.84,
2026-10-07 13:56:17.912257+05:30,SENSEX,2026-10-15,True,41,82,72565.8,1.84,
2026-10-07 13:56:19.755638+05:30,FINNIFTY,2026-10-27,True,41,82,24854.75,1.84,
2026-10-07 13:56:21.598018+05:30,MIDCPNIFTY,2026-10-27,True,41,82,13741.45,1.84,
2026-10-07 13:57:06.795495+05:30,NIFTY,2026-10-13,True,41,82,22572.15,1.82,
2026-10-07 13:57:08.646640+05:30,NIFTY,2026-10-19,True,41,82,22572.35,1.85,
2026-10-07 13:57:10.507070+05:30,NIFTY,2026-10-27,True,41,82,22572.75,1.86,
2026-10-07 13:57:12.379371+05:30,BANKNIFTY,2026-10-27,True,41,82,54861.6,1.87,
2026-10-07 13:57:14.257534+05:30,BANKNIFTY,2026-11-23,True,41,82,54860.6,1.88,
2026-10-07 13:57:16.111920+05:30,SENSEX,2026-10-08,True,41,82,72543.23,1.85,
2026-10-07 13:57:17.938926+05:30,SENSEX,2026-10-15,True,41,82,72539.55,1.83,
2026-10-07 13:57:19.793224+05:30,FINNIFTY,2026-10-27,True,41,82,24845.3,1.85,
2026-10-07 13:57:21.651099+05:30,MIDCPNIFTY,2026-10-27,True,41,82,13738.6,1.86,
2026-10-07 13:58:06.794224+05:30,NIFTY,2026-10-13,True,41,82,22571.05,1.82,
2026-10-07 13:58:08.629983+05:30,NIFTY,2026-10-19,True,41,82,22571.75,1.83,
2026-10-07 13:58:10.476842+05:30,NIFTY,2026-10-27,True,41,82,22571.75,1.84,
2026-10-07 13:58:12.466180+05:30,BANKNIFTY,2026-10-27,True,41,82,54862.05,1.99,
2026-10-07 13:58:14.346311+05:30,BANKNIFTY,2026-11-23,True,41,82,54858.55,1.88,
2026-10-07 13:58:16.823644+05:30,SENSEX,2026-10-08,True,41,82,72547.91,2.48,
2026-10-07 13:58:18.688162+05:30,SENSEX,2026-10-15,True,41,82,72547.79,1.86,
2026-10-07 13:58:20.527426+05:30,FINNIFTY,2026-10-27,True,41,82,24844.25,1.84,
2026-10-07 13:58:22.369129+05:30,MIDCPNIFTY,2026-10-27,True,41,82,13739.0,1.84,
2026-10-07 13:59:06.773206+05:30,NIFTY,2026-10-13,True,41,82,22560.95,1.79,
2026-10-07 13:59:08.596216+05:30,NIFTY,2026-10-19,True,41,82,22561.9,1.83,
2026-10-07 13:59:10.424452+05:30,NIFTY,2026-10-27,True,41,82,22562.4,1.82,
2026-10-07 13:59:12.243522+05:30,BANKNIFTY,2026-10-27,True,41,82,54839.25,1.82,
2026-10-07 13:59:14.094807+05:30,BANKNIFTY,2026-11-23,True,41,82,54839.45,1.85,
2026-10-07 13:59:15.911816+05:30,SENSEX,2026-10-08,True,41,82,72505.39,1.82,
2026-10-07 13:59:17.753060+05:30,SENSEX,2026-10-15,True,41,82,72505.17,1.84,
2026-10-07 13:59:19.609661+05:30,FINNIFTY,2026-10-27,True,41,82,24838.7,1.85,
2026-10-07 13:59:21.463602+05:30,MIDCPNIFTY,2026-10-27,True,41,82,13733.55,1.85,
2026-10-07 14:00:06.780841+05:30,NIFTY,2026-10-13,True,41,82,22563.1,1.8,
2026-10-07 14:00:08.613275+05:30,NIFTY,2026-10-19,True,41,82,22563.3,1.83,
2026-10-07 14:00:10.512037+05:30,NIFTY,2026-10-27,True,41,82,22563.4,1.89,
2026-10-07 14:00:12.364331+05:30,BANKNIFTY,2026-10-27,True,41,82,54852.35,1.85,
2026-10-07 14:00:14.220920+05:30,BANKNIFTY,2026-11-23,True,41,80,54849.8,1.86,
2026-10-07 14:00:16.054127+05:30,SENSEX,2026-10-08,True,41,82,72515.14,1.83,
2026-10-07 14:00:17.868112+05:30,SENSEX,2026-10-15,True,41,82,72513.76,1.81,
2026-10-07 14:00:19.681560+05:30,FINNIFTY,2026-10-27,True,41,82,24839.65,1.81,
2026-10-07 14:00:21.556006+05:30,MIDCPNIFTY,2026-10-27,True,41,82,13727.5,1.87,
2026-10-07 14:01:06.790969+05:30,NIFTY,2026-10-13,True,41,82,22554.3,1.81,
2026-10-07 14:01:08.626989+05:30,NIFTY,2026-10-19,True,41,82,22554.1,1.84,
2026-10-07 14:01:10.458657+05:30,NIFTY,2026-10-27,True,41,82,22557.15,1.84,
2026-10-07 14:01:12.295728+05:30,BANKNIFTY,2026-10-27,True,41,82,54852.5,1.83,
2026-10-07 14:01:14.146911+05:30,BANKNIFTY,2026-11-23,True,41,82,54851.2,1.85,
2026-10-07 14:01:15.968426+05:30,SENSEX,2026-10-08,True,41,82,72495.11,1.82,
2026-10-07 14:01:17.796350+05:30,SENSEX,2026-10-15,True,41,82,72494.45,1.83,
2026-10-07 14:01:19.614657+05:30,FINNIFTY,2026-10-27,True,41,82,24835.5,1.81,
2026-10-07 14:01:21.444605+05:30,MIDCPNIFTY,2026-10-27,True,41,82,13721.65,1.83,
2026-10-07 14:02:06.807944+05:30,NIFTY,2026-10-13,True,41,82,22565.3,1.83,
2026-10-07 14:02:08.659586+05:30,NIFTY,2026-10-19,True,41,82,22565.3,1.85,
2026-10-07 14:02:10.608743+05:30,NIFTY,2026-10-27,True,41,82,22566.25,1.95,
2026-10-07 14:02:12.458246+05:30,BANKNIFTY,2026-10-27,True,41,82,54897.0,1.85,
2026-10-07 14:02:14.290549+05:30,BANKNIFTY,2026-11-23,True,41,82,54895.1,1.83,
2026-10-07 14:02:16.134669+05:30,SENSEX,2026-10-08,True,41,82,72521.49,1.84,
2026-10-07 14:02:17.958406+05:30,SENSEX,2026-10-15,True,41,82,72526.33,1.82,
2026-10-07 14:02:19.804684+05:30,FINNIFTY,2026-10-27,True,41,82,24849.25,1.84,
2026-10-07 14:02:21.646543+05:30,MIDCPNIFTY,2026-10-27,True,41,82,13729.75,1.84,
2026-10-07 14:03:06.786924+05:30,NIFTY,2026-10-13,True,41,82,22573.15,1.81,
2026-10-07 14:03:08.609503+05:30,NIFTY,2026-10-19,True,41,82,22574.5,1.82,
2026-10-07 14:03:10.462083+05:30,NIFTY,2026-10-27,True,41,82,22574.15,1.85,
2026-10-07 14:03:12.301464+05:30,BANKNIFTY,2026-10-27,True,41,82,54904.7,1.84,
2026-10-07 14:03:14.144069+05:30,BANKNIFTY,2026-11-23,True,41,82,54908.4,1.84,
2026-10-07 14:03:15.963972+05:30,SENSEX,2026-10-08,True,41,82,72555.06,1.82,
2026-10-07 14:03:17.771403+05:30,SENSEX,2026-10-15,True,41,82,72555.18,1.81,
2026-10-07 14:03:19.595444+05:30,FINNIFTY,2026-10-27,True,41,82,24853.7,1.82,
2026-10-07 14:03:21.424818+05:30,MIDCPNIFTY,2026-10-27,True,41,82,13731.55,1.83,
2026-10-07 14:04:06.804567+05:30,NIFTY,2026-10-13,True,41,82,22571.6,1.82,
2026-10-07 14:04:08.625958+05:30,NIFTY,2026-10-19,True,41,82,22570.5,1.82,
2026-10-07 14:04:10.462581+05:30,NIFTY,2026-10-27,True,41,82,22570.4,1.83,
2026-10-07 14:04:12.292008+05:30,BANKNIFTY,2026-10-27,True,41,82,54911.45,1.83,
2026-10-07 14:04:14.131182+05:30,BANKNIFTY,2026-11-23,True,41,82,54911.25,1.84,
2026-10-07 14:04:15.956156+05:30,SENSEX,2026-10-08,True,41,82,72550.73,1.82,
2026-10-07 14:04:17.798919+05:30,SENSEX,2026-10-15,True,41,82,72557.76,1.84,
2026-10-07 14:04:19.623586+05:30,FINNIFTY,2026-10-27,True,41,82,24858.05,1.82,
2026-10-07 14:04:21.452990+05:30,MIDCPNIFTY,2026-10-27,True,41,82,13732.85,1.83,
2026-10-07 14:05:06.756947+05:30,NIFTY,2026-10-13,True,41,82,22570.7,1.78,
2026-10-07 14:05:08.578181+05:30,NIFTY,2026-10-19,True,41,82,22570.5,1.82,
2026-10-07 14:05:10.392795+05:30,NIFTY,2026-10-27,True,41,82,22571.0,1.81,
2026-10-07 14:05:12.218635+05:30,BANKNIFTY,2026-10-27,True,41,82,54915.2,1.82,
2026-10-07 14:05:14.051297+05:30,BANKNIFTY,2026-11-23,True,41,82,54916.05,1.83,
2026-10-07 14:05:15.873495+05:30,SENSEX,2026-10-08,True,41,82,72544.62,1.82,
2026-10-07 14:05:17.694231+05:30,SENSEX,2026-10-15,True,41,82,72555.63,1.82,
2026-10-07 14:05:20.552837+05:30,FINNIFTY,2026-10-27,True,41,82,24852.2,2.86,
2026-10-07 14:05:22.393995+05:30,MIDCPNIFTY,2026-10-27,True,41,82,13731.7,1.84,
2026-10-07 14:06:07.346140+05:30,NIFTY,2026-10-13,True,41,82,22571.6,2.37,
2026-10-07 14:06:09.166544+05:30,NIFTY,2026-10-19,True,41,82,22570.55,1.83,
2026-10-07 14:06:10.989783+05:30,NIFTY,2026-10-27,True,41,82,22570.1,1.81,
2026-10-07 14:06:12.825429+05:30,BANKNIFTY,2026-10-27,True,41,82,54908.0,1.83,
2026-10-07 14:06:14.642640+05:30,BANKNIFTY,2026-11-23,True,41,82,54909.2,1.82,
2026-10-07 14:06:16.453814+05:30,SENSEX,2026-10-08,True,41,82,72549.5,1.81,
2026-10-07 14:06:18.257050+05:30,SENSEX,2026-10-15,True,41,82,72546.45,1.8,
2026-10-07 14:06:20.075161+05:30,FINNIFTY,2026-10-27,True,41,82,24853.65,1.81,
2026-10-07 14:06:21.986383+05:30,MIDCPNIFTY,2026-10-27,True,41,82,13733.05,1.91,
2026-10-07 14:07:06.779527+05:30,NIFTY,2026-10-13,True,41,82,22575.4,1.8,
2026-10-07 14:07:08.603160+05:30,NIFTY,2026-10-19,True,41,82,22575.55,1.82,
2026-10-07 14:07:10.427912+05:30,NIFTY,2026-10-27,True,41,82,22574.2,1.82,
2026-10-07 14:07:12.250648+05:30,BANKNIFTY,2026-10-27,True,41,82,54929.6,1.82,
2026-10-07 14:07:14.078723+05:30,BANKNIFTY,2026-11-23,True,41,82,54929.0,1.83,
2026-10-07 14:07:15.889266+05:30,SENSEX,2026-10-08,True,41,82,72539.43,1.81,
2026-10-07 14:07:17.708020+05:30,SENSEX,2026-10-15,True,41,82,72538.28,1.82,
2026-10-07 14:07:19.554519+05:30,FINNIFTY,2026-10-27,True,41,82,24862.8,1.84,
2026-10-07 14:07:21.369436+05:30,MIDCPNIFTY,2026-10-27,True,41,82,13737.9,1.81,
2026-10-07 14:08:06.762696+05:30,NIFTY,2026-10-13,True,41,82,22574.2,1.78,
2026-10-07 14:08:08.567970+05:30,NIFTY,2026-10-19,True,41,82,22574.8,1.81,
2026-10-07 14:08:10.396183+05:30,NIFTY,2026-10-27,True,41,82,22576.0,1.83,
2026-10-07 14:08:13.238290+05:30,BANKNIFTY,2026-10-27,True,41,82,54928.0,2.84,
2026-10-07 14:08:15.080391+05:30,BANKNIFTY,2026-11-23,True,41,82,54932.2,1.84,
2026-10-07 14:08:17.127267+05:30,SENSEX,2026-10-08,True,41,82,72568.04,2.05,
2026-10-07 14:08:18.931852+05:30,SENSEX,2026-10-15,True,41,82,72564.8,1.8,
2026-10-07 14:08:20.764857+05:30,FINNIFTY,2026-10-27,True,41,82,24860.2,1.83,
2026-10-07 14:08:22.599445+05:30,MIDCPNIFTY,2026-10-27,True,41,82,13736.55,1.83,
2026-10-07 14:09:06.753084+05:30,NIFTY,2026-10-13,True,41,82,22573.1,1.77,
2026-10-07 14:09:08.570848+05:30,NIFTY,2026-10-19,True,41,82,22572.15,1.82,
2026-10-07 14:09:10.407244+05:30,NIFTY,2026-10-27,True,41,82,22572.5,1.83,
2026-10-07 14:09:12.242086+05:30,BANKNIFTY,2026-10-27,True,41,82,54909.3,1.83,
2026-10-07 14:09:14.112887+05:30,BANKNIFTY,2026-11-23,True,41,82,54909.85,1.87,
2026-10-07 14:09:15.921194+05:30,SENSEX,2026-10-08,True,41,82,72545.96,1.81,
2026-10-07 14:09:17.732805+05:30,SENSEX,2026-10-15,True,41,82,72543.77,1.81,
2026-10-07 14:09:19.541398+05:30,FINNIFTY,2026-10-27,True,41,82,24851.15,1.81,
2026-10-07 14:09:21.357648+05:30,MIDCPNIFTY,2026-10-27,True,41,82,13732.85,1.82,
2026-10-07 14:10:06.742074+05:30,NIFTY,2026-10-13,True,41,82,22565.85,1.76,
2026-10-07 14:10:08.549829+05:30,NIFTY,2026-10-19,True,41,82,22566.25,1.81,
2026-10-07 14:10:10.355007+05:30,NIFTY,2026-10-27,True,41,82,22566.15,1.8,
2026-10-07 14:10:12.183637+05:30,BANKNIFTY,2026-10-27,True,41,82,54903.1,1.83,
2026-10-07 14:10:13.999250+05:30,BANKNIFTY,2026-11-23,True,41,82,54901.9,1.81,
2026-10-07 14:10:15.794484+05:30,SENSEX,2026-10-08,True,41,82,72503.36,1.79,
2026-10-07 14:10:17.596032+05:30,SENSEX,2026-10-15,True,41,82,72507.18,1.8,
2026-10-07 14:10:19.416457+05:30,FINNIFTY,2026-10-27,True,41,82,24850.45,1.82,
2026-10-07 14:10:21.502090+05:30,MIDCPNIFTY,2026-10-27,True,41,82,13731.1,2.08,
2026-10-07 14:11:06.761302+05:30,NIFTY,2026-10-13,True,41,82,22562.1,1.78,
2026-10-07 14:11:08.579357+05:30,NIFTY,2026-10-19,True,41,82,22562.8,1.82,
2026-10-07 14:11:10.400983+05:30,NIFTY,2026-10-27,True,41,82,22562.5,1.83,
2026-10-07 14:11:12.626392+05:30,BANKNIFTY,2026-10-27,True,41,82,54898.7,2.22,
2026-10-07 14:11:14.486287+05:30,BANKNIFTY,2026-11-23,True,41,82,54899.25,1.86,
2026-10-07 14:11:16.299731+05:30,SENSEX,2026-10-08,True,41,82,72520.38,1.81,
2026-10-07 14:11:18.116808+05:30,SENSEX,2026-10-15,True,41,82,72519.11,1.82,
2026-10-07 14:11:19.931629+05:30,FINNIFTY,2026-10-27,True,41,82,24849.05,1.81,
2026-10-07 14:11:21.747903+05:30,MIDCPNIFTY,2026-10-27,True,41,82,13726.4,1.81,
2026-10-07 14:12:06.773461+05:30,NIFTY,2026-10-13,True,41,82,22557.05,1.79,
2026-10-07 14:12:09.644420+05:30,NIFTY,2026-10-19,True,41,82,22558.45,2.87,
2026-10-07 14:12:11.910726+05:30,NIFTY,2026-10-27,True,41,82,22558.4,2.26,
2026-10-07 14:12:13.764155+05:30,BANKNIFTY,2026-10-27,True,41,82,54896.9,1.85,
2026-10-07 14:12:15.601206+05:30,BANKNIFTY,2026-11-23,True,41,82,54899.9,1.84,
2026-10-07 14:12:17.410691+05:30,SENSEX,2026-10-08,True,41,82,72498.18,1.81,
2026-10-07 14:12:19.219356+05:30,SENSEX,2026-10-15,True,41,82,72498.0,1.81,
2026-10-07 14:12:21.030855+05:30,FINNIFTY,2026-10-27,True,41,82,24846.5,1.81,
2026-10-07 14:12:22.849711+05:30,MIDCPNIFTY,2026-10-27,True,41,82,13725.85,1.82,
2026-10-07 14:13:06.753982+05:30,NIFTY,2026-10-13,True,41,82,22558.35,1.77,
2026-10-07 14:13:08.568781+05:30,NIFTY,2026-10-19,True,41,82,22559.2,1.81,
2026-10-07 14:13:10.385086+05:30,NIFTY,2026-10-27,True,41,82,22559.85,1.81,
2026-10-07 14:13:12.200726+05:30,BANKNIFTY,2026-10-27,True,41,82,54902.7,1.81,
2026-10-07 14:13:14.000715+05:30,BANKNIFTY,2026-11-23,True,41,82,54902.35,1.8,
2026-10-07 14:13:15.833381+05:30,SENSEX,2026-10-08,True,41,82,72501.77,1.83,
2026-10-07 14:13:17.659872+05:30,SENSEX,2026-10-15,True,41,82,72504.72,1.83,
2026-10-07 14:13:19.505871+05:30,FINNIFTY,2026-10-27,True,41,82,24845.6,1.84,
2026-10-07 14:13:21.339308+05:30,MIDCPNIFTY,2026-10-27,True,41,82,13725.9,1.83,
2026-10-07 14:14:06.785623+05:30,NIFTY,2026-10-13,True,41,82,22559.35,1.81,
2026-10-07 14:14:08.627224+05:30,NIFTY,2026-10-19,True,41,82,22559.2,1.84,
2026-10-07 14:14:10.597533+05:30,NIFTY,2026-10-27,True,41,82,22562.7,1.97,
2026-10-07 14:14:12.455266+05:30,BANKNIFTY,2026-10-27,True,41,82,54916.15,1.86,
2026-10-07 14:14:14.293933+05:30,BANKNIFTY,2026-11-23,True,41,82,54919.3,1.84,
2026-10-07 14:14:16.135199+05:30,SENSEX,2026-10-08,True,41,82,72500.35,1.84,
2026-10-07 14:14:17.969733+05:30,SENSEX,2026-10-15,True,41,82,72501.0,1.83,
2026-10-07 14:14:19.806143+05:30,FINNIFTY,2026-10-27,True,41,82,24848.85,1.83,
2026-10-07 14:14:21.642496+05:30,MIDCPNIFTY,2026-10-27,True,41,82,13730.0,1.84,
2026-10-07 14:15:06.799999+05:30,NIFTY,2026-10-13,True,41,82,22559.25,1.82,
2026-10-07 14:15:08.635240+05:30,NIFTY,2026-10-19,True,41,82,22560.6,1.83,
2026-10-07 14:15:10.506739+05:30,NIFTY,2026-10-27,True,41,82,22560.7,1.87,
2026-10-07 14:15:12.346041+05:30,BANKNIFTY,2026-10-27,True,41,82,54913.2,1.84,
2026-10-07 14:15:14.193801+05:30,BANKNIFTY,2026-11-23,True,41,82,54917.0,1.85,
2026-10-07 14:15:16.041458+05:30,SENSEX,2026-10-08,True,41,82,72498.11,1.85,
2026-10-07 14:15:17.872371+05:30,SENSEX,2026-10-15,True,41,82,72496.63,1.83,
2026-10-07 14:15:19.729400+05:30,FINNIFTY,2026-10-27,True,41,82,24849.15,1.85,
2026-10-07 14:15:21.609149+05:30,MIDCPNIFTY,2026-10-27,True,41,82,13734.75,1.88,
2026-10-07 14:16:06.788851+05:30,NIFTY,2026-10-13,True,41,82,22566.2,1.81,
2026-10-07 14:16:08.620253+05:30,NIFTY,2026-10-19,True,41,82,22567.05,1.83,
2026-10-07 14:16:10.484909+05:30,NIFTY,2026-10-27,True,41,82,22567.55,1.86,
2026-10-07 14:16:12.340777+05:30,BANKNIFTY,2026-10-27,True,41,82,54940.8,1.85,
2026-10-07 14:16:14.189044+05:30,BANKNIFTY,2026-11-23,True,41,82,54942.85,1.85,
2026-10-07 14:16:16.051235+05:30,SENSEX,2026-10-08,True,41,82,72512.07,1.86,
2026-10-07 14:16:17.899350+05:30,SENSEX,2026-10-15,True,41,82,72513.16,1.85,
2026-10-07 14:16:19.737142+05:30,FINNIFTY,2026-10-27,True,41,82,24861.1,1.83,
2026-10-07 14:16:21.613879+05:30,MIDCPNIFTY,2026-10-27,True,41,82,13741.75,1.88,
2026-10-07 14:17:06.785328+05:30,NIFTY,2026-10-13,True,41,82,22571.6,1.81,
2026-10-07 14:17:08.644784+05:30,NIFTY,2026-10-19,True,41,82,22572.2,1.86,
2026-10-07 14:17:10.481943+05:30,NIFTY,2026-10-27,True,41,82,22573.15,1.84,
2026-10-07 14:17:12.334956+05:30,BANKNIFTY,2026-10-27,True,41,82,54945.4,1.85,
2026-10-07 14:17:14.180150+05:30,BANKNIFTY,2026-11-23,True,41,82,54948.4,1.84,
2026-10-07 14:17:16.001299+05:30,SENSEX,2026-10-08,True,41,82,72539.83,1.82,
2026-10-07 14:17:17.834656+05:30,SENSEX,2026-10-15,True,41,82,72539.29,1.83,
2026-10-07 14:17:19.643576+05:30,FINNIFTY,2026-10-27,True,41,82,24867.05,1.81,
2026-10-07 14:17:21.473872+05:30,MIDCPNIFTY,2026-10-27,True,41,82,13743.2,1.83,
2026-10-07 14:18:06.767437+05:30,NIFTY,2026-10-13,True,41,82,22574.35,1.79,
2026-10-07 14:18:08.600148+05:30,NIFTY,2026-10-19,True,41,82,22574.95,1.83,
2026-10-07 14:18:10.447828+05:30,NIFTY,2026-10-27,True,41,82,22575.75,1.85,
2026-10-07 14:18:12.289725+05:30,BANKNIFTY,2026-10-27,True,41,82,54945.5,1.84,
2026-10-07 14:18:14.119297+05:30,BANKNIFTY,2026-11-23,True,41,82,54950.3,1.83,
2026-10-07 14:18:15.982601+05:30,SENSEX,2026-10-08,True,41,82,72542.39,1.86,
2026-10-07 14:18:18.879817+05:30,SENSEX,2026-10-15,True,41,82,72543.81,2.9,
2026-10-07 14:18:20.723470+05:30,FINNIFTY,2026-10-27,True,41,82,24876.3,1.84,
2026-10-07 14:18:22.559194+05:30,MIDCPNIFTY,2026-10-27,True,41,82,13745.75,1.83,
2026-10-07 14:19:06.782182+05:30,NIFTY,2026-10-13,True,41,82,22577.55,1.8,
2026-10-07 14:19:08.623337+05:30,NIFTY,2026-10-19,True,41,82,22578.95,1.84,
2026-10-07 14:19:10.485182+05:30,NIFTY,2026-10-27,True,41,82,22579.0,1.86,
2026-10-07 14:19:12.342541+05:30,BANKNIFTY,2026-10-27,True,41,82,54950.35,1.85,
2026-10-07 14:19:14.197223+05:30,BANKNIFTY,2026-11-23,True,41,82,54949.95,1.85,
2026-10-07 14:19:16.023445+05:30,SENSEX,2026-10-08,True,41,82,72556.64,1.83,
2026-10-07 14:19:17.836933+05:30,SENSEX,2026-10-15,True,41,82,72558.22,1.81,
2026-10-07 14:19:19.671858+05:30,FINNIFTY,2026-10-27,True,41,82,24877.05,1.83,
2026-10-07 14:19:21.502872+05:30,MIDCPNIFTY,2026-10-27,True,41,82,13747.25,1.83,
2026-10-07 14:20:06.815727+05:30,NIFTY,2026-10-13,True,41,82,22577.5,1.84,
2026-10-07 14:20:08.674716+05:30,NIFTY,2026-10-19,True,41,82,22578.65,1.86,
2026-10-07 14:20:10.507050+05:30,NIFTY,2026-10-27,True,41,82,22578.8,1.83,
2026-10-07 14:20:12.346615+05:30,BANKNIFTY,2026-10-27,True,41,82,54951.5,1.84,
2026-10-07 14:20:14.187241+05:30,BANKNIFTY,2026-11-23,True,41,82,54952.6,1.84,
2026-10-07 14:20:16.033396+05:30,SENSEX,2026-10-08,True,41,82,72556.28,1.85,
2026-10-07 14:20:17.862866+05:30,SENSEX,2026-10-15,True,41,82,72556.24,1.83,
2026-10-07 14:20:19.733543+05:30,FINNIFTY,2026-10-27,True,41,82,24880.6,1.87,
2026-10-07 14:20:21.602770+05:30,MIDCPNIFTY,2026-10-27,True,41,82,13751.6,1.87,
2026-10-07 14:21:06.793424+05:30,NIFTY,2026-10-13,True,41,82,22580.35,1.82,
2026-10-07 14:21:08.623281+05:30,NIFTY,2026-10-19,True,41,82,22581.2,1.83,
2026-10-07 14:21:10.470970+05:30,NIFTY,2026-10-27,True,41,82,22581.1,1.85,
2026-10-07 14:21:12.329987+05:30,BANKNIFTY,2026-10-27,True,41,82,54964.25,1.86,
2026-10-07 14:21:14.189995+05:30,BANKNIFTY,2026-11-23,True,41,82,54962.15,1.86,
2026-10-07 14:21:16.021946+05:30,SENSEX,2026-10-08,True,41,82,72565.65,1.83,
2026-10-07 14:21:17.855447+05:30,SENSEX,2026-10-15,True,41,82,72561.91,1.83,
2026-10-07 14:21:19.681092+05:30,FINNIFTY,2026-10-27,True,41,82,24876.35,1.82,
2026-10-07 14:21:21.512855+05:30,MIDCPNIFTY,2026-10-27,True,41,82,13747.6,1.83,
2026-10-07 14:22:06.779189+05:30,NIFTY,2026-10-13,True,41,82,22581.35,1.8,
2026-10-07 14:22:08.632047+05:30,NIFTY,2026-10-19,True,41,82,22581.65,1.85,
2026-10-07 14:22:10.472175+05:30,NIFTY,2026-10-27,True,41,82,22583.4,1.86,
2026-10-07 14:22:13.361958+05:30,BANKNIFTY,2026-10-27,True,41,82,54980.2,2.87,
2026-10-07 14:22:15.208837+05:30,BANKNIFTY,2026-11-23,True,41,82,54981.55,1.85,
2026-10-07 14:22:17.048942+05:30,SENSEX,2026-10-08,True,41,82,72580.51,1.84,
2026-10-07 14:22:18.881747+05:30,SENSEX,2026-10-15,True,41,82,72581.54,1.83,
2026-10-07 14:22:20.737397+05:30,FINNIFTY,2026-10-27,True,41,82,24883.85,1.85,
2026-10-07 14:22:22.569409+05:30,MIDCPNIFTY,2026-10-27,True,41,82,13751.05,1.83,
2026-10-07 14:23:06.782314+05:30,NIFTY,2026-10-13,True,41,82,22579.05,1.8,
2026-10-07 14:23:08.631965+05:30,NIFTY,2026-10-19,True,41,82,22579.45,1.85,
2026-10-07 14:23:10.498738+05:30,NIFTY,2026-10-27,True,41,82,22579.6,1.86,
2026-10-07 14:23:12.366155+05:30,BANKNIFTY,2026-10-27,True,41,82,54983.75,1.86,
2026-10-07 14:23:14.217583+05:30,BANKNIFTY,2026-11-23,True,41,82,54982.75,1.85,
2026-10-07 14:23:16.069124+05:30,SENSEX,2026-10-08,True,41,82,72557.3,1.85,
2026-10-07 14:23:17.931279+05:30,SENSEX,2026-10-15,True,41,82,72557.2,1.86,
2026-10-07 14:23:19.980387+05:30,FINNIFTY,2026-10-27,True,41,82,24879.15,2.05,
2026-10-07 14:23:21.836743+05:30,MIDCPNIFTY,2026-10-27,True,41,82,13752.55,1.85,
2026-10-07 14:24:06.774842+05:30,NIFTY,2026-10-13,True,41,82,22583.7,1.8,
2026-10-07 14:24:08.594085+05:30,NIFTY,2026-10-19,True,41,82,22584.1,1.82,
2026-10-07 14:24:10.426795+05:30,NIFTY,2026-10-27,True,41,82,22584.65,1.83,
2026-10-07 14:24:12.254245+05:30,BANKNIFTY,2026-10-27,True,41,82,54993.75,1.82,
2026-10-07 14:24:14.095558+05:30,BANKNIFTY,2026-11-23,True,41,82,54994.8,1.84,
2026-10-07 14:24:15.932469+05:30,SENSEX,2026-10-08,True,41,82,72567.47,1.84,
2026-10-07 14:24:17.767061+05:30,SENSEX,2026-10-15,True,41,82,72566.81,1.83,
2026-10-07 14:24:19.605556+05:30,FINNIFTY,2026-10-27,True,41,82,24883.9,1.84,
2026-10-07 14:24:21.444891+05:30,MIDCPNIFTY,2026-10-27,True,41,82,13757.35,1.84,
2026-10-07 14:25:06.797279+05:30,NIFTY,2026-10-13,True,41,82,22585.35,1.82,
2026-10-07 14:25:08.633690+05:30,NIFTY,2026-10-19,True,41,82,22585.85,1.83,
2026-10-07 14:25:11.572382+05:30,NIFTY,2026-10-27,True,41,82,22586.95,2.94,
2026-10-07 14:25:14.470861+05:30,BANKNIFTY,2026-10-27,True,41,82,55019.35,2.9,
2026-10-07 14:25:16.334908+05:30,BANKNIFTY,2026-11-23,True,41,82,55020.05,1.86,
2026-10-07 14:25:19.221132+05:30,SENSEX,2026-10-08,True,41,82,72577.49,2.89,
2026-10-07 14:25:21.079835+05:30,SENSEX,2026-10-15,True,41,82,72583.96,1.86,
2026-10-07 14:25:22.909332+05:30,FINNIFTY,2026-10-27,True,41,82,24897.3,1.83,
2026-10-07 14:25:24.772716+05:30,MIDCPNIFTY,2026-10-27,True,41,82,13757.75,1.86,
2026-10-07 14:26:07.798170+05:30,NIFTY,2026-10-13,True,41,82,22593.3,2.82,
2026-10-07 14:26:09.619991+05:30,NIFTY,2026-10-19,True,41,82,22594.15,1.82,
2026-10-07 14:26:11.470915+05:30,NIFTY,2026-10-27,True,41,82,22593.6,1.85,
2026-10-07 14:26:13.320034+05:30,BANKNIFTY,2026-10-27,True,41,82,55038.5,1.85,
2026-10-07 14:26:15.169950+05:30,BANKNIFTY,2026-11-23,True,41,82,55041.3,1.85,
2026-10-07 14:26:16.998434+05:30,SENSEX,2026-10-08,True,41,82,72587.77,1.83,
2026-10-07 14:26:18.824425+05:30,SENSEX,2026-10-15,True,41,82,72584.77,1.83,
2026-10-07 14:26:20.672108+05:30,FINNIFTY,2026-10-27,True,41,82,24905.4,1.84,
2026-10-07 14:26:22.547714+05:30,MIDCPNIFTY,2026-10-27,True,41,82,13756.7,1.87,
2026-10-07 14:27:06.787799+05:30,NIFTY,2026-10-13,True,41,82,22611.2,1.81,
2026-10-07 14:27:08.642324+05:30,NIFTY,2026-10-19,True,41,82,22611.65,1.85,
2026-10-07 14:27:10.501703+05:30,NIFTY,2026-10-27,True,41,82,22616.8,1.87,
2026-10-07 14:27:12.366436+05:30,BANKNIFTY,2026-10-27,True,41,82,55146.6,1.85,
2026-10-07 14:27:14.212545+05:30,BANKNIFTY,2026-11-23,True,41,82,55146.1,1.84,
2026-10-07 14:27:16.063390+05:30,SENSEX,2026-10-08,True,41,82,72688.43,1.85,
2026-10-07 14:27:17.929320+05:30,SENSEX,2026-10-15,True,41,82,72691.9,1.87,
2026-10-07 14:27:19.816308+05:30,FINNIFTY,2026-10-27,True,41,82,24946.05,1.88,
2026-10-07 14:27:21.693895+05:30,MIDCPNIFTY,2026-10-27,True,41,82,13773.25,1.88,
2026-10-07 14:28:07.345314+05:30,NIFTY,2026-10-13,True,41,82,22621.25,2.37,
2026-10-07 14:28:09.199740+05:30,NIFTY,2026-10-19,True,41,82,22625.95,1.86,
2026-10-07 14:28:11.031648+05:30,NIFTY,2026-10-27,True,41,82,22632.25,1.82,
2026-10-07 14:28:12.871168+05:30,BANKNIFTY,2026-10-27,True,41,82,55185.6,1.84,
2026-10-07 14:28:14.742263+05:30,BANKNIFTY,2026-11-23,True,41,82,55185.1,1.87,
2026-10-07 14:28:16.566829+05:30,SENSEX,2026-10-08,True,41,82,72729.75,1.82,
2026-10-07 14:28:18.407394+05:30,SENSEX,2026-10-15,True,41,82,72740.15,1.84,
2026-10-07 14:28:20.231143+05:30,FINNIFTY,2026-10-27,True,41,82,24967.55,1.82,
2026-10-07 14:28:22.058220+05:30,MIDCPNIFTY,2026-10-27,True,41,82,13779.75,1.83,
2026-10-07 14:29:06.792718+05:30,NIFTY,2026-10-13,True,41,82,22629.4,1.82,
2026-10-07 14:29:08.609532+05:30,NIFTY,2026-10-19,True,41,82,22631.8,1.86,
2026-10-07 14:29:10.457660+05:30,NIFTY,2026-10-27,True,41,82,22632.7,1.8,
2026-10-07 14:29:12.282663+05:30,BANKNIFTY,2026-10-27,True,41,82,55206.55,1.82,
2026-10-07 14:29:14.111010+05:30,BANKNIFTY,2026-11-23,True,41,82,55211.9,1.83,
2026-10-07 14:29:15.925365+05:30,SENSEX,2026-10-08,True,41,82,72732.26,1.81,
2026-10-07 14:29:17.772691+05:30,SENSEX,2026-10-15,True,41,82,72740.47,1.85,
2026-10-07 14:29:19.592556+05:30,FINNIFTY,2026-10-27,True,41,82,24988.25,1.82,
2026-10-07 14:29:21.435083+05:30,MIDCPNIFTY,2026-10-27,True,41,82,13785.95,1.84,
2026-10-07 14:30:06.759730+05:30,NIFTY,2026-10-13,True,41,82,22641.85,1.78,
2026-10-07 14:30:08.598905+05:30,NIFTY,2026-10-19,True,41,82,22643.35,1.84,
2026-10-07 14:30:10.452501+05:30,NIFTY,2026-10-27,True,41,82,22643.05,1.85,
2026-10-07 14:30:12.298747+05:30,BANKNIFTY,2026-10-27,True,41,82,55235.45,1.84,
2026-10-07 14:30:14.183671+05:30,BANKNIFTY,2026-11-23,True,41,82,55224.25,1.88,
2026-10-07 14:30:16.028140+05:30,SENSEX,2026-10-08,True,41,82,72712.21,1.84,
2026-10-07 14:30:17.838672+05:30,SENSEX,2026-10-15,True,41,82,72711.29,1.81,
2026-10-07 14:30:19.661973+05:30,FINNIFTY,2026-10-27,True,41,82,24978.75,1.82,
2026-10-07 14:30:21.522839+05:30,MIDCPNIFTY,2026-10-27,True,41,82,13788.95,1.86,
2026-10-07 14:31:06.806233+05:30,NIFTY,2026-10-13,True,41,82,22637.3,1.83,
2026-10-07 14:31:08.637338+05:30,NIFTY,2026-10-19,True,41,82,22636.95,1.83,
2026-10-07 14:31:10.501168+05:30,NIFTY,2026-10-27,True,41,82,22638.35,1.86,
2026-10-07 14:31:12.393418+05:30,BANKNIFTY,2026-10-27,True,41,82,55238.5,1.89,
2026-10-07 14:31:14.227677+05:30,BANKNIFTY,2026-11-23,True,41,82,55239.85,1.83,
2026-10-07 14:31:16.046782+05:30,SENSEX,2026-10-08,True,41,82,72755.71,1.82,
2026-10-07 14:31:17.873471+05:30,SENSEX,2026-10-15,True,41,82,72754.62,1.83,
2026-10-07 14:31:19.682813+05:30,FINNIFTY,2026-10-27,True,41,82,24989.1,1.81,
2026-10-07 14:31:21.512054+05:30,MIDCPNIFTY,2026-10-27,True,41,82,13787.1,1.83,
2026-10-07 14:32:06.821965+05:30,NIFTY,2026-10-13,True,41,82,22635.1,1.84,
2026-10-07 14:32:08.648485+05:30,NIFTY,2026-10-19,True,41,82,22634.6,1.82,
2026-10-07 14:32:10.548663+05:30,NIFTY,2026-10-27,True,41,82,22631.2,1.9,
2026-10-07 14:32:12.370319+05:30,BANKNIFTY,2026-10-27,True,41,82,55229.55,1.82,
2026-10-07 14:32:14.188571+05:30,BANKNIFTY,2026-11-23,True,41,82,55232.1,1.82,
2026-10-07 14:32:16.008464+05:30,SENSEX,2026-10-08,True,41,82,72725.24,1.82,
2026-10-07 14:32:17.820811+05:30,SENSEX,2026-10-15,True,41,82,72727.0,1.81,
2026-10-07 14:32:20.681938+05:30,FINNIFTY,2026-10-27,True,41,82,24980.4,2.86,
2026-10-07 14:32:22.510896+05:30,MIDCPNIFTY,2026-10-27,True,41,82,13785.3,1.83,
2026-10-07 14:33:06.773922+05:30,NIFTY,2026-10-13,True,41,82,22642.85,1.8,
2026-10-07 14:33:08.566543+05:30,NIFTY,2026-10-19,True,41,82,22642.1,1.8,
2026-10-07 14:33:10.381780+05:30,NIFTY,2026-10-27,True,41,82,22639.8,1.81,
2026-10-07 14:33:12.218238+05:30,BANKNIFTY,2026-10-27,True,41,82,55263.4,1.83,
2026-10-07 14:33:14.078929+05:30,BANKNIFTY,2026-11-23,True,41,82,55265.7,1.86,
2026-10-07 14:33:15.886424+05:30,SENSEX,2026-10-08,True,41,82,72741.44,1.81,
2026-10-07 14:33:17.723737+05:30,SENSEX,2026-10-15,True,41,82,72751.45,1.84,
2026-10-07 14:33:19.557803+05:30,FINNIFTY,2026-10-27,True,41,82,24990.25,1.83,
2026-10-07 14:33:21.394134+05:30,MIDCPNIFTY,2026-10-27,True,41,82,13790.1,1.83,
2026-10-07 14:34:06.821243+05:30,NIFTY,2026-10-13,True,41,82,22635.0,1.84,
2026-10-07 14:34:08.638234+05:30,NIFTY,2026-10-19,True,41,82,22635.15,1.81,
2026-10-07 14:34:10.453157+05:30,NIFTY,2026-10-27,True,41,82,22634.15,1.81,
2026-10-07 14:34:12.299442+05:30,BANKNIFTY,2026-10-27,True,41,82,55229.75,1.85,
2026-10-07 14:34:14.135160+05:30,BANKNIFTY,2026-11-23,True,41,82,55224.35,1.83,
2026-10-07 14:34:15.958025+05:30,SENSEX,2026-10-08,True,41,82,72739.19,1.82,
2026-10-07 14:34:17.858552+05:30,SENSEX,2026-10-15,True,41,82,72739.47,1.9,
2026-10-07 14:34:19.688271+05:30,FINNIFTY,2026-10-27,True,41,82,24976.5,1.83,
2026-10-07 14:34:22.533376+05:30,MIDCPNIFTY,2026-10-27,True,41,82,13782.35,2.84,
2026-10-07 14:35:06.750288+05:30,NIFTY,2026-10-13,True,41,82,22629.25,1.77,
2026-10-07 14:35:08.553174+05:30,NIFTY,2026-10-19,True,41,82,22629.8,1.82,
2026-10-07 14:35:10.362602+05:30,NIFTY,2026-10-27,True,41,82,22630.45,1.79,
2026-10-07 14:35:12.171838+05:30,BANKNIFTY,2026-10-27,True,41,82,55224.6,1.84,
2026-10-07 14:35:13.987288+05:30,BANKNIFTY,2026-11-23,True,41,82,55222.45,1.78,
2026-10-07 14:35:15.775438+05:30,SENSEX,2026-10-08,True,41,82,72733.61,1.79,
2026-10-07 14:35:17.585953+05:30,SENSEX,2026-10-15,True,41,82,72729.97,1.81,
2026-10-07 14:35:19.391194+05:30,FINNIFTY,2026-10-27,True,41,82,24973.0,1.8,
2026-10-07 14:35:21.187548+05:30,MIDCPNIFTY,2026-10-27,True,41,82,13778.85,1.8,
2026-10-07 14:36:06.759135+05:30,NIFTY,2026-10-13,True,41,82,22622.4,1.78,
2026-10-07 14:36:08.580470+05:30,NIFTY,2026-10-19,True,41,82,22623.6,1.82,
2026-10-07 14:36:10.388072+05:30,NIFTY,2026-10-27,True,41,82,22622.5,1.81,
2026-10-07 14:36:12.206954+05:30,BANKNIFTY,2026-10-27,True,41,82,55194.65,1.82,
2026-10-07 14:36:14.038638+05:30,BANKNIFTY,2026-11-23,True,41,82,55192.15,1.83,
2026-10-07 14:36:15.846872+05:30,SENSEX,2026-10-08,True,41,82,72701.1,1.81,
2026-10-07 14:36:17.709663+05:30,SENSEX,2026-10-15,True,41,82,72705.53,1.86,
2026-10-07 14:36:19.577678+05:30,FINNIFTY,2026-10-27,True,41,82,24963.95,1.86,
2026-10-07 14:36:21.420035+05:30,MIDCPNIFTY,2026-10-27,True,41,82,13771.05,1.84,
2026-10-07 14:37:06.754448+05:30,NIFTY,2026-10-13,True,41,82,22618.15,1.78,
2026-10-07 14:37:08.562992+05:30,NIFTY,2026-10-19,True,41,82,22618.7,1.81,
2026-10-07 14:37:10.487775+05:30,NIFTY,2026-10-27,True,41,82,22618.95,1.92,
2026-10-07 14:37:12.318315+05:30,BANKNIFTY,2026-10-27,True,41,82,55183.4,1.83,
2026-10-07 14:37:14.148192+05:30,BANKNIFTY,2026-11-23,True,41,82,55187.05,1.83,
2026-10-07 14:37:16.677607+05:30,SENSEX,2026-10-08,True,41,82,72697.44,2.53,
2026-10-07 14:37:18.481084+05:30,SENSEX,2026-10-15,True,41,82,72697.89,1.8,
2026-10-07 14:37:20.344613+05:30,FINNIFTY,2026-10-27,True,41,82,24966.25,1.86,
2026-10-07 14:37:22.154394+05:30,MIDCPNIFTY,2026-10-27,True,41,82,13765.35,1.81,
2026-10-07 14:38:06.794646+05:30,NIFTY,2026-10-13,True,41,82,22618.25,1.82,
2026-10-07 14:38:08.647473+05:30,NIFTY,2026-10-19,True,41,82,22616.65,1.85,
2026-10-07 14:38:10.467213+05:30,NIFTY,2026-10-27,True,41,82,22615.7,1.82,
2026-10-07 14:38:12.292092+05:30,BANKNIFTY,2026-10-27,True,41,82,55185.45,1.82,
2026-10-07 14:38:14.102168+05:30,BANKNIFTY,2026-11-23,True,41,82,55185.35,1.81,
2026-10-07 14:38:15.905075+05:30,SENSEX,2026-10-08,True,41,82,72667.39,1.8,
2026-10-07 14:38:17.744664+05:30,SENSEX,2026-10-15,True,41,82,72669.25,1.84,
2026-10-07 14:38:19.559298+05:30,FINNIFTY,2026-10-27,True,41,82,24962.3,1.81,
2026-10-07 14:38:21.365917+05:30,MIDCPNIFTY,2026-10-27,True,41,82,13760.8,1.8,
2026-10-07 14:39:06.795201+05:30,NIFTY,2026-10-13,True,41,82,22613.95,1.82,
2026-10-07 14:39:08.621885+05:30,NIFTY,2026-10-19,True,41,82,22613.9,1.83,
2026-10-07 14:39:10.429182+05:30,NIFTY,2026-10-27,True,41,82,22614.85,1.81,
2026-10-07 14:39:12.246733+05:30,BANKNIFTY,2026-10-27,True,41,82,55179.2,1.82,
2026-10-07 14:39:14.074997+05:30,BANKNIFTY,2026-11-23,True,41,82,55178.45,1.82,
2026-10-07 14:39:15.883782+05:30,SENSEX,2026-10-08,True,41,82,72668.06,1.81,
2026-10-07 14:39:17.676569+05:30,SENSEX,2026-10-15,True,41,82,72667.02,1.79,
2026-10-07 14:39:19.487850+05:30,FINNIFTY,2026-10-27,True,41,82,24962.5,1.81,
2026-10-07 14:39:21.287830+05:30,MIDCPNIFTY,2026-10-27,True,41,82,13764.65,1.8,
2026-10-07 14:40:06.766215+05:30,NIFTY,2026-10-13,True,41,82,22611.4,1.79,
2026-10-07 14:40:08.593500+05:30,NIFTY,2026-10-19,True,41,82,22609.95,1.82,
2026-10-07 14:40:10.405439+05:30,NIFTY,2026-10-27,True,41,82,22611.45,1.81,
2026-10-07 14:40:12.231568+05:30,BANKNIFTY,2026-10-27,True,41,82,55160.35,1.82,
2026-10-07 14:40:14.079648+05:30,BANKNIFTY,2026-11-23,True,41,82,55159.9,1.85,
2026-10-07 14:40:15.880261+05:30,SENSEX,2026-10-08,True,41,82,72680.42,1.8,
2026-10-07 14:40:17.698368+05:30,SENSEX,2026-10-15,True,41,82,72681.05,1.82,
2026-10-07 14:40:19.518278+05:30,FINNIFTY,2026-10-27,True,41,82,24957.6,1.82,
2026-10-07 14:40:22.344999+05:30,MIDCPNIFTY,2026-10-27,True,41,82,13761.65,2.83,
2026-10-07 14:41:06.823138+05:30,NIFTY,2026-10-13,True,41,82,22612.65,1.85,
2026-10-07 14:41:08.650315+05:30,NIFTY,2026-10-19,True,41,82,22611.65,1.82,
2026-10-07 14:41:10.494444+05:30,NIFTY,2026-10-27,True,41,82,22612.0,1.84,
2026-10-07 14:41:12.341510+05:30,BANKNIFTY,2026-10-27,True,41,82,55149.9,1.84,
2026-10-07 14:41:14.185081+05:30,BANKNIFTY,2026-11-23,True,41,82,55153.7,1.84,
2026-10-07 14:41:16.007847+05:30,SENSEX,2026-10-08,True,41,82,72668.36,1.82,
2026-10-07 14:41:17.851796+05:30,SENSEX,2026-10-15,True,41,82,72673.42,1.84,
2026-10-07 14:41:19.688113+05:30,FINNIFTY,2026-10-27,True,41,82,24957.05,1.83,
2026-10-07 14:41:21.545975+05:30,MIDCPNIFTY,2026-10-27,True,41,82,13756.9,1.86,
2026-10-07 14:42:06.764542+05:30,NIFTY,2026-10-13,True,41,82,22615.7,1.79,
2026-10-07 14:42:08.579187+05:30,NIFTY,2026-10-19,True,41,82,22614.65,1.81,
2026-10-07 14:42:10.397918+05:30,NIFTY,2026-10-27,True,41,82,22615.95,1.82,
2026-10-07 14:42:12.266584+05:30,BANKNIFTY,2026-10-27,True,41,82,55166.7,1.87,
2026-10-07 14:42:14.096880+05:30,BANKNIFTY,2026-11-23,True,41,82,55172.5,1.83,
2026-10-07 14:42:15.903539+05:30,SENSEX,2026-10-08,True,41,82,72681.43,1.81,
2026-10-07 14:42:17.718368+05:30,SENSEX,2026-10-15,True,41,82,72680.69,1.81,
2026-10-07 14:42:19.543701+05:30,FINNIFTY,2026-10-27,True,41,82,24960.9,1.82,
2026-10-07 14:42:21.358465+05:30,MIDCPNIFTY,2026-10-27,True,41,82,13759.75,1.81,
2026-10-07 14:43:06.775422+05:30,NIFTY,2026-10-13,True,41,82,22617.5,1.8,
2026-10-07 14:43:08.582711+05:30,NIFTY,2026-10-19,True,41,82,22617.45,1.8,
2026-10-07 14:43:10.412031+05:30,NIFTY,2026-10-27,True,41,82,22618.85,1.83,
2026-10-07 14:43:12.245313+05:30,BANKNIFTY,2026-10-27,True,41,82,55177.25,1.83,
2026-10-07 14:43:14.089777+05:30,BANKNIFTY,2026-11-23,True,41,82,55180.05,1.84,
2026-10-07 14:43:15.900898+05:30,SENSEX,2026-10-08,True,41,82,72697.46,1.81,
2026-10-07 14:43:17.744597+05:30,SENSEX,2026-10-15,True,41,82,72698.01,1.84,
2026-10-07 14:43:19.570994+05:30,FINNIFTY,2026-10-27,True,41,82,24966.3,1.82,
2026-10-07 14:43:21.429043+05:30,MIDCPNIFTY,2026-10-27,True,41,82,13759.15,1.86,
2026-10-07 14:44:06.765801+05:30,NIFTY,2026-10-13,True,41,82,22616.3,1.79,
2026-10-07 14:44:08.597380+05:30,NIFTY,2026-10-19,True,41,82,22616.45,1.83,
2026-10-07 14:44:10.442361+05:30,NIFTY,2026-10-27,True,41,82,22616.3,1.84,
2026-10-07 14:44:12.269748+05:30,BANKNIFTY,2026-10-27,True,41,82,55155.05,1.82,
2026-10-07 14:44:14.112168+05:30,BANKNIFTY,2026-11-23,True,41,82,55162.15,1.84,
2026-10-07 14:44:15.919346+05:30,SENSEX,2026-10-08,True,41,82,72688.86,1.81,
2026-10-07 14:44:17.757490+05:30,SENSEX,2026-10-15,True,41,82,72689.0,1.84,
2026-10-07 14:44:19.595956+05:30,FINNIFTY,2026-10-27,True,41,82,24960.95,1.84,
2026-10-07 14:44:21.466050+05:30,MIDCPNIFTY,2026-10-27,True,41,82,13760.4,1.87,
2026-10-07 14:45:06.779475+05:30,NIFTY,2026-10-13,True,41,82,22619.3,1.8,
2026-10-07 14:45:08.593748+05:30,NIFTY,2026-10-19,True,41,82,22618.95,1.82,
2026-10-07 14:45:10.434355+05:30,NIFTY,2026-10-27,True,41,82,22619.55,1.83,
2026-10-07 14:45:12.284935+05:30,BANKNIFTY,2026-10-27,True,41,82,55160.2,1.85,
2026-10-07 14:45:14.138299+05:30,BANKNIFTY,2026-11-23,True,41,82,55160.6,1.85,
2026-10-07 14:45:15.966638+05:30,SENSEX,2026-10-08,True,41,82,72695.27,1.83,
2026-10-07 14:45:17.828492+05:30,SENSEX,2026-10-15,True,41,82,72695.5,1.86,
2026-10-07 14:45:19.714658+05:30,FINNIFTY,2026-10-27,True,41,82,24964.4,1.88,
2026-10-07 14:45:21.567538+05:30,MIDCPNIFTY,2026-10-27,True,41,82,13761.8,1.85,
2026-10-07 14:46:06.777643+05:30,NIFTY,2026-10-13,True,41,82,22617.85,1.8,
2026-10-07 14:46:08.613392+05:30,NIFTY,2026-10-19,True,41,82,22617.85,1.84,
2026-10-07 14:46:10.447075+05:30,NIFTY,2026-10-27,True,41,82,22617.75,1.83,
2026-10-07 14:46:12.271393+05:30,BANKNIFTY,2026-10-27,True,41,82,55162.45,1.82,
2026-10-07 14:46:14.107219+05:30,BANKNIFTY,2026-11-23,True,41,82,55163.85,1.83,
2026-10-07 14:46:15.950815+05:30,SENSEX,2026-10-08,True,41,82,72694.33,1.84,
2026-10-07 14:46:17.818983+05:30,SENSEX,2026-10-15,True,41,82,72691.47,1.87,
2026-10-07 14:46:19.635032+05:30,FINNIFTY,2026-10-27,True,41,82,24957.75,1.81,
2026-10-07 14:46:21.468107+05:30,MIDCPNIFTY,2026-10-27,True,41,82,13757.55,1.83,
2026-10-07 14:47:06.792422+05:30,NIFTY,2026-10-13,True,41,82,22617.35,1.81,
2026-10-07 14:47:08.607813+05:30,NIFTY,2026-10-19,True,41,82,22617.05,1.81,
2026-10-07 14:47:10.434579+05:30,NIFTY,2026-10-27,True,41,82,22617.7,1.82,
2026-10-07 14:47:12.462702+05:30,BANKNIFTY,2026-10-27,True,41,82,55169.05,2.03,
2026-10-07 14:47:14.337460+05:30,BANKNIFTY,2026-11-23,True,41,82,55169.0,1.87,
2026-10-07 14:47:16.142276+05:30,SENSEX,2026-10-08,True,41,82,72699.68,1.8,
2026-10-07 14:47:17.979313+05:30,SENSEX,2026-10-15,True,41,82,72697.69,1.84,
2026-10-07 14:47:19.836834+05:30,FINNIFTY,2026-10-27,True,41,82,24961.65,1.87,
2026-10-07 14:47:21.665510+05:30,MIDCPNIFTY,2026-10-27,True,41,82,13757.7,1.81,
2026-10-07 14:48:06.762425+05:30,NIFTY,2026-10-13,True,41,82,22607.45,1.78,
2026-10-07 14:48:08.598171+05:30,NIFTY,2026-10-19,True,41,82,22608.0,1.83,
2026-10-07 14:48:10.415066+05:30,NIFTY,2026-10-27,True,41,82,22607.05,1.81,
2026-10-07 14:48:12.236875+05:30,BANKNIFTY,2026-10-27,True,41,82,55146.05,1.82,
2026-10-07 14:48:14.076712+05:30,BANKNIFTY,2026-11-23,True,41,82,55143.9,1.84,
2026-10-07 14:48:15.910424+05:30,SENSEX,2026-10-08,True,41,82,72660.19,1.83,
2026-10-07 14:48:17.754311+05:30,SENSEX,2026-10-15,True,41,82,72662.34,1.84,
2026-10-07 14:48:19.585704+05:30,FINNIFTY,2026-10-27,True,41,82,24945.2,1.83,
2026-10-07 14:48:21.929272+05:30,MIDCPNIFTY,2026-10-27,True,41,82,13752.05,2.34,
2026-10-07 14:49:06.782081+05:30,NIFTY,2026-10-13,True,41,82,22607.9,1.8,
2026-10-07 14:49:08.620828+05:30,NIFTY,2026-10-19,True,41,82,22607.7,1.84,
2026-10-07 14:49:10.522589+05:30,NIFTY,2026-10-27,True,41,82,22608.05,1.9,
2026-10-07 14:49:12.343223+05:30,BANKNIFTY,2026-10-27,True,41,82,55166.9,1.82,
2026-10-07 14:49:14.200510+05:30,BANKNIFTY,2026-11-23,True,41,82,55165.15,1.86,
2026-10-07 14:49:16.061594+05:30,SENSEX,2026-10-08,True,41,82,72667.21,1.86,
2026-10-07 14:49:17.892595+05:30,SENSEX,2026-10-15,True,41,82,72665.22,1.83,
2026-10-07 14:49:19.722689+05:30,FINNIFTY,2026-10-27,True,41,82,24957.55,1.83,
2026-10-07 14:49:21.549182+05:30,MIDCPNIFTY,2026-10-27,True,41,82,13753.35,1.82,
2026-10-07 14:50:06.769793+05:30,NIFTY,2026-10-13,True,41,82,22612.65,1.79,
2026-10-07 14:50:08.623219+05:30,NIFTY,2026-10-19,True,41,82,22612.1,1.85,
2026-10-07 14:50:11.150079+05:30,NIFTY,2026-10-27,True,41,82,22611.1,2.52,
2026-10-07 14:50:13.008147+05:30,BANKNIFTY,2026-10-27,True,41,82,55158.45,1.86,
2026-10-07 14:50:14.899672+05:30,BANKNIFTY,2026-11-23,True,41,82,55151.65,1.89,
2026-10-07 14:50:16.804832+05:30,SENSEX,2026-10-08,True,41,82,72670.94,1.9,
2026-10-07 14:50:18.660790+05:30,SENSEX,2026-10-15,True,41,82,72671.14,1.86,
2026-10-07 14:50:20.536567+05:30,FINNIFTY,2026-10-27,True,41,82,24951.55,1.87,
2026-10-07 14:50:22.407320+05:30,MIDCPNIFTY,2026-10-27,True,41,82,13749.9,1.87,
2026-10-07 14:51:06.823327+05:30,NIFTY,2026-10-13,True,41,82,22601.35,1.84,
2026-10-07 14:51:09.276818+05:30,NIFTY,2026-10-19,True,41,82,22599.05,2.45,
2026-10-07 14:51:11.160329+05:30,NIFTY,2026-10-27,True,41,82,22594.8,1.88,
2026-10-07 14:51:13.019837+05:30,BANKNIFTY,2026-10-27,True,41,82,55086.95,1.85,
2026-10-07 14:51:14.860400+05:30,BANKNIFTY,2026-11-23,True,41,82,55091.05,1.84,
2026-10-07 14:51:16.702662+05:30,SENSEX,2026-10-08,True,41,82,72623.24,1.84,
2026-10-07 14:51:18.547337+05:30,SENSEX,2026-10-15,True,41,82,72622.52,1.85,
2026-10-07 14:51:20.381640+05:30,FINNIFTY,2026-10-27,True,41,82,24932.1,1.83,
2026-10-07 14:51:22.228948+05:30,MIDCPNIFTY,2026-10-27,True,41,82,13742.4,1.85,
2026-10-07 14:52:06.815993+05:30,NIFTY,2026-10-13,True,41,82,22586.3,1.84,
2026-10-07 14:52:08.652207+05:30,NIFTY,2026-10-19,True,41,82,22586.2,1.83,
2026-10-07 14:52:10.483422+05:30,NIFTY,2026-10-27,True,41,82,22588.25,1.83,
2026-10-07 14:52:12.333236+05:30,BANKNIFTY,2026-10-27,True,41,82,55070.45,1.85,
2026-10-07 14:52:14.182142+05:30,BANKNIFTY,2026-11-23,True,41,82,55073.55,1.85,
2026-10-07 14:52:16.220419+05:30,SENSEX,2026-10-08,True,41,82,72589.36,2.04,
2026-10-07 14:52:18.064144+05:30,SENSEX,2026-10-15,True,41,82,72589.65,1.84,
2026-10-07 14:52:19.904657+05:30,FINNIFTY,2026-10-27,True,41,82,24921.45,1.84,
2026-10-07 14:52:21.773268+05:30,MIDCPNIFTY,2026-10-27,True,41,82,13738.3,1.86,
2026-10-07 14:53:06.785676+05:30,NIFTY,2026-10-13,True,41,82,22591.5,1.81,
2026-10-07 14:53:08.673318+05:30,NIFTY,2026-10-19,True,41,82,22592.7,1.89,
2026-10-07 14:53:10.517637+05:30,NIFTY,2026-10-27,True,41,82,22592.25,1.84,
2026-10-07 14:53:12.374848+05:30,BANKNIFTY,2026-10-27,True,41,82,55084.3,1.85,
2026-10-07 14:53:14.231011+05:30,BANKNIFTY,2026-11-23,True,41,82,55084.7,1.85,
2026-10-07 14:53:16.069941+05:30,SENSEX,2026-10-08,True,41,82,72601.23,1.84,
2026-10-07 14:53:17.901969+05:30,SENSEX,2026-10-15,True,41,82,72599.82,1.83,
2026-10-07 14:53:19.752783+05:30,FINNIFTY,2026-10-27,True,41,81,24925.75,1.85,
2026-10-07 14:53:21.618319+05:30,MIDCPNIFTY,2026-10-27,True,41,82,13739.35,1.86,
2026-10-07 14:54:06.786196+05:30,NIFTY,2026-10-13,True,41,82,22596.65,1.81,
2026-10-07 14:54:08.623253+05:30,NIFTY,2026-10-19,True,41,82,22598.05,1.84,
2026-10-07 14:54:10.473167+05:30,NIFTY,2026-10-27,True,41,82,22597.3,1.85,
2026-10-07 14:54:12.305303+05:30,BANKNIFTY,2026-10-27,True,41,82,55104.9,1.83,
2026-10-07 14:54:14.184495+05:30,BANKNIFTY,2026-11-23,True,41,82,55105.15,1.88,
2026-10-07 14:54:16.041300+05:30,SENSEX,2026-10-08,True,41,82,72618.93,1.86,
2026-10-07 14:54:17.868407+05:30,SENSEX,2026-10-15,True,41,82,72626.82,1.83,
2026-10-07 14:54:19.704582+05:30,FINNIFTY,2026-10-27,True,41,82,24939.75,1.83,
2026-10-07 14:54:21.550903+05:30,MIDCPNIFTY,2026-10-27,True,41,82,13745.1,1.84,
2026-10-07 14:55:06.773430+05:30,NIFTY,2026-10-13,True,41,82,22604.45,1.8,
2026-10-07 14:55:08.622591+05:30,NIFTY,2026-10-19,True,41,82,22604.05,1.85,
2026-10-07 14:55:10.479203+05:30,NIFTY,2026-10-27,True,41,82,22606.75,1.85,
2026-10-07 14:55:12.317475+05:30,BANKNIFTY,2026-10-27,True,41,82,55120.95,1.84,
2026-10-07 14:55:14.176056+05:30,BANKNIFTY,2026-11-23,True,41,82,55122.3,1.86,
2026-10-07 14:55:16.022918+05:30,SENSEX,2026-10-08,True,41,82,72643.28,1.85,
2026-10-07 14:55:17.854719+05:30,SENSEX,2026-10-15,True,41,82,72646.83,1.83,
2026-10-07 14:55:19.710574+05:30,FINNIFTY,2026-10-27,True,41,82,24942.3,1.85,
2026-10-07 14:55:21.563160+05:30,MIDCPNIFTY,2026-10-27,True,41,82,13748.65,1.85,
2026-10-07 14:56:06.801372+05:30,NIFTY,2026-10-13,True,41,82,22605.9,1.82,
2026-10-07 14:56:08.812024+05:30,NIFTY,2026-10-19,True,41,82,22606.35,2.01,
2026-10-07 14:56:10.659023+05:30,NIFTY,2026-10-27,True,41,82,22606.95,1.84,
2026-10-07 14:56:12.524308+05:30,BANKNIFTY,2026-10-27,True,41,82,55135.65,1.86,
2026-10-07 14:56:14.398031+05:30,BANKNIFTY,2026-11-23,True,41,82,55140.0,1.87,
2026-10-07 14:56:16.269330+05:30,SENSEX,2026-10-08,True,41,82,72655.11,1.87,
2026-10-07 14:56:18.174685+05:30,SENSEX,2026-10-15,True,41,82,72655.2,1.91,
2026-10-07 14:56:20.052852+05:30,FINNIFTY,2026-10-27,True,41,82,24948.3,1.87,
2026-10-07 14:56:21.926984+05:30,MIDCPNIFTY,2026-10-27,True,41,82,13749.15,1.87,
2026-10-07 14:57:06.814046+05:30,NIFTY,2026-10-13,True,41,82,22603.85,1.84,
2026-10-07 14:57:08.746025+05:30,NIFTY,2026-10-19,True,41,82,22605.45,1.93,
2026-10-07 14:57:10.614853+05:30,NIFTY,2026-10-27,True,41,82,22605.8,1.87,
2026-10-07 14:57:12.478829+05:30,BANKNIFTY,2026-10-27,True,41,82,55134.2,1.86,
2026-10-07 14:57:14.343436+05:30,BANKNIFTY,2026-11-23,True,41,82,55133.95,1.86,
2026-10-07 14:57:16.203562+05:30,SENSEX,2026-10-08,True,41,82,72648.27,1.86,
2026-10-07 14:57:18.056351+05:30,SENSEX,2026-10-15,True,41,82,72650.18,1.85,
2026-10-07 14:57:19.906283+05:30,FINNIFTY,2026-10-27,True,41,82,24943.9,1.85,
2026-10-07 14:57:21.776300+05:30,MIDCPNIFTY,2026-10-27,True,41,82,13751.45,1.87,
2026-10-07 14:58:06.812254+05:30,NIFTY,2026-10-13,True,41,82,22601.3,1.83,
2026-10-07 14:58:08.667688+05:30,NIFTY,2026-10-19,True,41,82,22602.1,1.85,
2026-10-07 14:58:10.527358+05:30,NIFTY,2026-10-27,True,41,82,22600.55,1.86,
2026-10-07 14:58:12.398640+05:30,BANKNIFTY,2026-10-27,True,41,82,55114.25,1.87,
2026-10-07 14:58:14.259241+05:30,BANKNIFTY,2026-11-23,True,41,82,55117.05,1.86,
2026-10-07 14:58:16.126011+05:30,SENSEX,2026-10-08,True,41,82,72638.71,1.87,
2026-10-07 14:58:17.967854+05:30,SENSEX,2026-10-15,True,41,82,72636.87,1.84,
2026-10-07 14:58:19.833380+05:30,FINNIFTY,2026-10-27,True,41,82,24938.45,1.86,
2026-10-07 14:58:21.680336+05:30,MIDCPNIFTY,2026-10-27,True,41,82,13751.3,1.85,
2026-10-07 14:59:06.825464+05:30,NIFTY,2026-10-13,True,41,82,22604.3,1.85,
2026-10-07 14:59:08.753861+05:30,NIFTY,2026-10-19,True,41,82,22603.35,1.93,
2026-10-07 14:59:10.628100+05:30,NIFTY,2026-10-27,True,41,82,22602.6,1.87,
2026-10-07 14:59:12.495171+05:30,BANKNIFTY,2026-10-27,True,41,82,55117.55,1.86,
2026-10-07 14:59:14.361933+05:30,BANKNIFTY,2026-11-23,True,41,82,55120.8,1.86,
2026-10-07 14:59:16.229233+05:30,SENSEX,2026-10-08,True,41,82,72645.58,1.87,
2026-10-07 14:59:18.092210+05:30,SENSEX,2026-10-15,True,41,82,72640.4,1.86,
2026-10-07 14:59:19.981703+05:30,FINNIFTY,2026-10-27,True,41,82,24935.85,1.89,
2026-10-07 14:59:21.882734+05:30,MIDCPNIFTY,2026-10-27,True,41,82,13752.15,1.9,
2026-10-07 15:00:06.834781+05:30,NIFTY,2026-10-13,True,41,82,22594.75,1.86,
2026-10-07 15:00:08.741086+05:30,NIFTY,2026-10-19,True,41,82,22594.45,1.91,
2026-10-07 15:00:10.616936+05:30,NIFTY,2026-10-27,True,41,82,22593.05,1.87,
2026-10-07 15:00:12.504575+05:30,BANKNIFTY,2026-10-27,True,41,82,55087.8,1.89,
2026-10-07 15:00:14.381184+05:30,BANKNIFTY,2026-11-23,True,41,82,55083.65,1.87,
2026-10-07 15:00:16.268798+05:30,SENSEX,2026-10-08,True,41,82,72608.43,1.89,
2026-10-07 15:00:18.159576+05:30,SENSEX,2026-10-15,True,41,82,72606.88,1.89,
2026-10-07 15:00:20.052789+05:30,FINNIFTY,2026-10-27,True,41,82,24922.6,1.89,
2026-10-07 15:00:21.931998+05:30,MIDCPNIFTY,2026-10-27,True,41,82,13743.65,1.88,
2026-10-07 15:01:06.825828+05:30,NIFTY,2026-10-13,True,41,82,22591.85,1.85,
2026-10-07 15:01:08.683345+05:30,NIFTY,2026-10-19,True,41,82,22592.2,1.86,
2026-10-07 15:01:10.543434+05:30,NIFTY,2026-10-27,True,41,82,22592.25,1.86,
2026-10-07 15:01:12.612524+05:30,BANKNIFTY,2026-10-27,True,41,82,55079.8,2.07,
2026-10-07 15:01:14.498855+05:30,BANKNIFTY,2026-11-23,True,41,82,55081.15,1.88,
2026-10-07 15:01:16.479351+05:30,SENSEX,2026-10-08,True,41,82,72589.87,1.98,
2026-10-07 15:01:18.380451+05:30,SENSEX,2026-10-15,True,41,82,72593.37,1.9,
2026-10-07 15:01:20.247947+05:30,FINNIFTY,2026-10-27,True,41,82,24923.4,1.86,
2026-10-07 15:01:22.110695+05:30,MIDCPNIFTY,2026-10-27,True,41,82,13744.8,1.86,
2026-10-07 15:02:06.823831+05:30,NIFTY,2026-10-13,True,41,82,22592.25,1.84,
2026-10-07 15:02:08.707511+05:30,NIFTY,2026-10-19,True,41,82,22592.75,1.88,
2026-10-07 15:02:10.571510+05:30,NIFTY,2026-10-27,True,41,82,22592.85,1.86,
2026-10-07 15:02:12.435894+05:30,BANKNIFTY,2026-10-27,True,41,82,55071.65,1.86,
2026-10-07 15:02:14.296710+05:30,BANKNIFTY,2026-11-23,True,41,82,55067.1,1.86,
2026-10-07 15:02:16.137633+05:30,SENSEX,2026-10-08,True,41,82,72600.91,1.84,
2026-10-07 15:02:18.051194+05:30,SENSEX,2026-10-15,True,41,82,72601.97,1.91,
2026-10-07 15:02:19.909523+05:30,FINNIFTY,2026-10-27,True,41,82,24917.8,1.85,
2026-10-07 15:02:21.784946+05:30,MIDCPNIFTY,2026-10-27,True,41,82,13741.95,1.87,
2026-10-07 15:03:06.798396+05:30,NIFTY,2026-10-13,True,41,82,22592.8,1.82,
2026-10-07 15:03:08.681345+05:30,NIFTY,2026-10-19,True,41,82,22593.0,1.88,
2026-10-07 15:03:10.783935+05:30,NIFTY,2026-10-27,True,41,82,22593.85,2.1,
2026-10-07 15:03:12.650876+05:30,BANKNIFTY,2026-10-27,True,41,82,55082.75,1.86,
2026-10-07 15:03:14.521387+05:30,BANKNIFTY,2026-11-23,True,41,82,55080.1,1.87,
2026-10-07 15:03:16.379489+05:30,SENSEX,2026-10-08,True,41,82,72606.9,1.86,
2026-10-07 15:03:18.239636+05:30,SENSEX,2026-10-15,True,41,82,72607.96,1.86,
2026-10-07 15:03:20.106978+05:30,FINNIFTY,2026-10-27,True,41,81,24925.45,1.86,
2026-10-07 15:03:21.960004+05:30,MIDCPNIFTY,2026-10-27,True,41,82,13742.95,1.85,
2026-10-07 15:04:06.820287+05:30,NIFTY,2026-10-13,True,41,82,22597.0,1.84,
2026-10-07 15:04:08.686164+05:30,NIFTY,2026-10-19,True,41,82,22597.3,1.86,
2026-10-07 15:04:10.538582+05:30,NIFTY,2026-10-27,True,41,82,22597.65,1.85,
2026-10-07 15:04:12.400318+05:30,BANKNIFTY,2026-10-27,True,41,82,55087.85,1.86,
2026-10-07 15:04:14.277194+05:30,BANKNIFTY,2026-11-23,True,41,82,55090.6,1.88,
2026-10-07 15:04:16.127735+05:30,SENSEX,2026-10-08,True,41,82,72614.21,1.85,
2026-10-07 15:04:18.112805+05:30,SENSEX,2026-10-15,True,41,82,72613.87,1.99,
2026-10-07 15:04:19.971908+05:30,FINNIFTY,2026-10-27,True,41,82,24928.4,1.86,
2026-10-07 15:04:21.849846+05:30,MIDCPNIFTY,2026-10-27,True,41,82,13746.25,1.88,
2026-10-07 15:05:06.823379+05:30,NIFTY,2026-10-13,True,41,82,22595.2,1.84,
2026-10-07 15:05:08.721452+05:30,NIFTY,2026-10-19,True,41,82,22594.0,1.9,
2026-10-07 15:05:10.614169+05:30,NIFTY,2026-10-27,True,41,82,22593.7,1.89,
2026-10-07 15:05:12.497840+05:30,BANKNIFTY,2026-10-27,True,41,82,55082.1,1.88,
2026-10-07 15:05:14.373323+05:30,BANKNIFTY,2026-11-23,True,41,82,55082.55,1.87,
2026-10-07 15:05:16.263487+05:30,SENSEX,2026-10-08,True,41,82,72603.04,1.89,
2026-10-07 15:05:18.134305+05:30,SENSEX,2026-10-15,True,41,82,72597.45,1.87,
2026-10-07 15:05:20.081207+05:30,FINNIFTY,2026-10-27,True,41,82,24918.95,1.94,
2026-10-07 15:05:21.983587+05:30,MIDCPNIFTY,2026-10-27,True,41,82,13740.45,1.9,
2026-10-07 15:06:06.807816+05:30,NIFTY,2026-10-13,True,41,82,22587.45,1.83,
2026-10-07 15:06:08.697963+05:30,NIFTY,2026-10-19,True,41,82,22586.0,1.89,
2026-10-07 15:06:10.567726+05:30,NIFTY,2026-10-27,True,41,82,22583.75,1.86,
2026-10-07 15:06:12.429859+05:30,BANKNIFTY,2026-10-27,True,41,82,55057.85,1.86,
2026-10-07 15:06:14.278602+05:30,BANKNIFTY,2026-11-23,True,41,82,55060.35,1.85,
2026-10-07 15:06:16.173485+05:30,SENSEX,2026-10-08,True,41,82,72560.55,1.89,
2026-10-07 15:06:18.052607+05:30,SENSEX,2026-10-15,True,41,82,72561.65,1.88,
2026-10-07 15:06:19.896786+05:30,FINNIFTY,2026-10-27,True,41,82,24918.3,1.85,
2026-10-07 15:06:21.773373+05:30,MIDCPNIFTY,2026-10-27,True,41,82,13737.1,1.87,
2026-10-07 15:07:06.810878+05:30,NIFTY,2026-10-13,True,41,82,22585.25,1.83,
2026-10-07 15:07:08.673363+05:30,NIFTY,2026-10-19,True,41,82,22583.75,1.86,
2026-10-07 15:07:10.534839+05:30,NIFTY,2026-10-27,True,41,82,22582.55,1.86,
2026-10-07 15:07:12.413804+05:30,BANKNIFTY,2026-10-27,True,41,82,55056.05,1.88,
2026-10-07 15:07:14.274321+05:30,BANKNIFTY,2026-11-23,True,41,82,55056.0,1.86,
2026-10-07 15:07:16.118791+05:30,SENSEX,2026-10-08,True,41,82,72552.32,1.84,
2026-10-07 15:07:17.980170+05:30,SENSEX,2026-10-15,True,41,82,72548.29,1.86,
2026-10-07 15:07:19.846681+05:30,FINNIFTY,2026-10-27,True,41,82,24921.9,1.86,
2026-10-07 15:07:21.726280+05:30,MIDCPNIFTY,2026-10-27,True,41,82,13738.05,1.88,
2026-10-07 15:08:06.833895+05:30,NIFTY,2026-10-13,True,41,82,22583.65,1.86,
2026-10-07 15:08:08.702429+05:30,NIFTY,2026-10-19,True,41,82,22582.95,1.87,
2026-10-07 15:08:10.567858+05:30,NIFTY,2026-10-27,True,41,82,22583.15,1.86,
2026-10-07 15:08:12.443296+05:30,BANKNIFTY,2026-10-27,True,41,82,55057.05,1.87,
2026-10-07 15:08:14.308098+05:30,BANKNIFTY,2026-11-23,True,41,82,55058.7,1.86,
2026-10-07 15:08:16.195096+05:30,SENSEX,2026-10-08,True,41,82,72561.03,1.89,
2026-10-07 15:08:18.068489+05:30,SENSEX,2026-10-15,True,41,82,72560.0,1.87,
2026-10-07 15:08:19.967313+05:30,FINNIFTY,2026-10-27,True,41,82,24920.0,1.9,
2026-10-07 15:08:21.902871+05:30,MIDCPNIFTY,2026-10-27,True,41,82,13738.0,1.93,
2026-10-07 15:09:06.826869+05:30,NIFTY,2026-10-13,True,41,82,22579.85,1.85,
2026-10-07 15:09:08.682178+05:30,NIFTY,2026-10-19,True,41,82,22577.25,1.85,
2026-10-07 15:09:10.579897+05:30,NIFTY,2026-10-27,True,41,82,22577.5,1.9,
2026-10-07 15:09:12.469634+05:30,BANKNIFTY,2026-10-27,True,41,82,55046.85,1.89,
2026-10-07 15:09:14.369856+05:30,BANKNIFTY,2026-11-23,True,41,82,55045.35,1.9,
2026-10-07 15:09:16.224709+05:30,SENSEX,2026-10-08,True,41,82,72551.53,1.85,
2026-10-07 15:09:18.092209+05:30,SENSEX,2026-10-15,True,41,82,72551.87,1.87,
2026-10-07 15:09:19.954725+05:30,FINNIFTY,2026-10-27,True,41,82,24915.6,1.86,
2026-10-07 15:09:21.841969+05:30,MIDCPNIFTY,2026-10-27,True,41,82,13733.5,1.89,
2026-10-07 15:10:06.836159+05:30,NIFTY,2026-10-13,True,41,82,22582.45,1.86,
2026-10-07 15:10:08.711094+05:30,NIFTY,2026-10-19,True,41,82,22581.25,1.87,
2026-10-07 15:10:10.576918+05:30,NIFTY,2026-10-27,True,41,82,22579.6,1.86,
2026-10-07 15:10:12.490124+05:30,BANKNIFTY,2026-10-27,True,41,82,55054.6,1.91,
2026-10-07 15:10:14.371992+05:30,BANKNIFTY,2026-11-23,True,41,82,55057.45,1.88,
2026-10-07 15:10:16.232019+05:30,SENSEX,2026-10-08,True,41,82,72553.13,1.86,
2026-10-07 15:10:18.122934+05:30,SENSEX,2026-10-15,True,41,82,72553.11,1.89,
2026-10-07 15:10:19.998297+05:30,FINNIFTY,2026-10-27,True,41,82,24919.5,1.87,
2026-10-07 15:10:21.881647+05:30,MIDCPNIFTY,2026-10-27,True,41,82,13737.5,1.88,
2026-10-07 15:11:06.864736+05:30,NIFTY,2026-10-13,True,41,82,22583.05,1.89,
2026-10-07 15:11:09.807545+05:30,NIFTY,2026-10-19,True,41,82,22584.3,2.94,
2026-10-07 15:11:11.693085+05:30,NIFTY,2026-10-27,True,41,82,22583.7,1.88,
2026-10-07 15:11:13.585216+05:30,BANKNIFTY,2026-10-27,True,41,82,55057.2,1.89,
2026-10-07 15:11:15.454240+05:30,BANKNIFTY,2026-11-23,True,41,82,55054.4,1.87,
2026-10-07 15:11:17.303694+05:30,SENSEX,2026-10-08,True,41,82,72571.57,1.85,
2026-10-07 15:11:19.171437+05:30,SENSEX,2026-10-15,True,41,82,72573.36,1.87,
2026-10-07 15:11:21.179479+05:30,FINNIFTY,2026-10-27,True,41,82,24915.9,2.0,
2026-10-07 15:11:23.053300+05:30,MIDCPNIFTY,2026-10-27,True,41,82,13736.75,1.87,
2026-10-07 15:12:06.819827+05:30,NIFTY,2026-10-13,True,41,82,22584.2,1.84,
2026-10-07 15:12:08.686439+05:30,NIFTY,2026-10-19,True,41,82,22582.5,1.87,
2026-10-07 15:12:10.571717+05:30,NIFTY,2026-10-27,True,41,82,22584.25,1.88,
2026-10-07 15:12:12.492105+05:30,BANKNIFTY,2026-10-27,True,41,82,55024.6,1.92,
2026-10-07 15:12:15.000813+05:30,BANKNIFTY,2026-11-23,True,41,82,55022.9,2.51,
2026-10-07 15:12:16.815558+05:30,SENSEX,2026-10-08,True,41,82,72575.09,1.81,
2026-10-07 15:12:18.641849+05:30,SENSEX,2026-10-15,True,41,82,72570.71,1.83,
2026-10-07 15:12:20.496577+05:30,FINNIFTY,2026-10-27,True,41,82,24909.55,1.85,
2026-10-07 15:12:22.356215+05:30,MIDCPNIFTY,2026-10-27,True,41,82,13733.65,1.86,
2026-10-07 15:13:06.805458+05:30,NIFTY,2026-10-13,True,41,82,22587.0,1.83,
2026-10-07 15:13:08.643279+05:30,NIFTY,2026-10-19,True,41,82,22587.2,1.84,
2026-10-07 15:13:10.483164+05:30,NIFTY,2026-10-27,True,41,82,22587.55,1.84,
2026-10-07 15:13:12.315282+05:30,BANKNIFTY,2026-10-27,True,41,82,55008.4,1.83,
2026-10-07 15:13:14.161695+05:30,BANKNIFTY,2026-11-23,True,41,82,55008.3,1.84,
2026-10-07 15:13:15.998148+05:30,SENSEX,2026-10-08,True,41,82,72566.91,1.84,
2026-10-07 15:13:17.838153+05:30,SENSEX,2026-10-15,True,41,82,72567.28,1.84,
2026-10-07 15:13:19.695147+05:30,FINNIFTY,2026-10-27,True,41,82,24912.9,1.85,
2026-10-07 15:13:21.564598+05:30,MIDCPNIFTY,2026-10-27,True,41,82,13734.0,1.87,
2026-10-07 15:14:06.775329+05:30,NIFTY,2026-10-13,True,41,82,22589.0,1.79,
2026-10-07 15:14:08.604017+05:30,NIFTY,2026-10-19,True,41,82,22588.45,1.83,
2026-10-07 15:14:10.436413+05:30,NIFTY,2026-10-27,True,41,82,22589.0,1.83,
2026-10-07 15:14:12.267166+05:30,BANKNIFTY,2026-10-27,True,41,82,55020.6,1.83,
2026-10-07 15:14:14.179977+05:30,BANKNIFTY,2026-11-23,True,41,82,55022.4,1.91,
2026-10-07 15:14:16.079324+05:30,SENSEX,2026-10-08,True,41,82,72573.35,1.9,
2026-10-07 15:14:18.908355+05:30,SENSEX,2026-10-15,True,41,82,72574.89,2.83,
2026-10-07 15:14:20.735624+05:30,FINNIFTY,2026-10-27,True,41,82,24920.7,1.82,
2026-10-07 15:14:22.569029+05:30,MIDCPNIFTY,2026-10-27,True,41,82,13734.85,1.83,
2026-10-07 15:15:06.778027+05:30,NIFTY,2026-10-13,True,41,82,22615.45,1.8,
2026-10-07 15:15:08.639595+05:30,NIFTY,2026-10-19,True,41,82,22615.45,1.86,
2026-10-07 15:15:10.562261+05:30,NIFTY,2026-10-27,True,41,82,22615.45,1.92,
2026-10-07 15:15:12.420238+05:30,BANKNIFTY,2026-10-27,True,41,82,55065.4,1.86,
2026-10-07 15:15:14.261904+05:30,BANKNIFTY,2026-11-23,True,41,82,55065.4,1.84,
2026-10-07 15:15:16.087475+05:30,SENSEX,2026-10-08,True,41,82,72648.4,1.82,
2026-10-07 15:15:17.897845+05:30,SENSEX,2026-10-15,True,41,82,72648.4,1.81,
2026-10-07 15:15:19.711175+05:30,FINNIFTY,2026-10-27,True,41,82,24957.45,1.81,
2026-10-07 15:15:21.544415+05:30,MIDCPNIFTY,2026-10-27,True,41,82,13757.45,1.83,
2026-10-07 15:16:06.793433+05:30,NIFTY,2026-10-13,True,41,82,22615.45,1.81,
2026-10-07 15:16:08.626378+05:30,NIFTY,2026-10-19,True,41,82,22615.45,1.83,
2026-10-07 15:16:11.045947+05:30,NIFTY,2026-10-27,True,41,82,22615.45,2.42,
2026-10-07 15:16:12.898565+05:30,BANKNIFTY,2026-10-27,True,41,82,55065.4,1.85,
2026-10-07 15:16:14.726113+05:30,BANKNIFTY,2026-11-23,True,41,82,55065.4,1.83,
2026-10-07 15:16:16.547628+05:30,SENSEX,2026-10-08,True,41,82,72648.4,1.82,
2026-10-07 15:16:18.360915+05:30,SENSEX,2026-10-15,True,41,82,72648.4,1.81,
2026-10-07 15:16:20.182095+05:30,FINNIFTY,2026-10-27,True,41,82,24957.45,1.82,
2026-10-07 15:16:22.014327+05:30,MIDCPNIFTY,2026-10-27,True,41,82,13757.45,1.83,
2026-10-07 15:17:06.757827+05:30,NIFTY,2026-10-13,True,41,82,22615.45,1.78,
2026-10-07 15:17:08.601936+05:30,NIFTY,2026-10-19,True,41,82,22615.45,1.84,
2026-10-07 15:17:10.448665+05:30,NIFTY,2026-10-27,True,41,82,22615.45,1.85,
2026-10-07 15:17:12.299478+05:30,BANKNIFTY,2026-10-27,True,41,82,55065.4,1.85,
2026-10-07 15:17:14.154595+05:30,BANKNIFTY,2026-11-23,True,41,82,55065.4,1.85,
2026-10-07 15:17:15.965967+05:30,SENSEX,2026-10-08,True,41,82,72648.4,1.81,
2026-10-07 15:17:17.829482+05:30,SENSEX,2026-10-15,True,41,82,72648.4,1.86,
2026-10-07 15:17:19.716618+05:30,FINNIFTY,2026-10-27,True,41,82,24957.45,1.88,
2026-10-07 15:17:21.576439+05:30,MIDCPNIFTY,2026-10-27,True,41,82,13757.45,1.86,
2026-10-07 15:18:06.787022+05:30,NIFTY,2026-10-13,True,41,82,22615.45,1.81,
2026-10-07 15:18:08.616213+05:30,NIFTY,2026-10-19,True,41,82,22615.45,1.83,
2026-10-07 15:18:10.503110+05:30,NIFTY,2026-10-27,True,41,82,22615.45,1.89,
2026-10-07 15:18:12.324712+05:30,BANKNIFTY,2026-10-27,True,41,82,55065.4,1.82,
2026-10-07 15:18:14.173466+05:30,BANKNIFTY,2026-11-23,True,41,82,55065.4,1.85,
2026-10-07 15:18:15.991472+05:30,SENSEX,2026-10-08,True,41,82,72648.4,1.82,
2026-10-07 15:18:17.792842+05:30,SENSEX,2026-10-15,True,41,82,72648.4,1.8,
2026-10-07 15:18:19.616459+05:30,FINNIFTY,2026-10-27,True,41,82,24957.45,1.82,
2026-10-07 15:18:21.459998+05:30,MIDCPNIFTY,2026-10-27,True,41,82,13757.45,1.84,
2026-10-07 15:19:06.800528+05:30,NIFTY,2026-10-13,True,41,82,22615.45,1.82,
2026-10-07 15:19:08.656269+05:30,NIFTY,2026-10-19,True,41,82,22615.45,1.86,
2026-10-07 15:19:10.500547+05:30,NIFTY,2026-10-27,True,41,82,22615.45,1.84,
2026-10-07 15:19:12.327946+05:30,BANKNIFTY,2026-10-27,True,41,82,55065.4,1.83,
2026-10-07 15:19:14.163456+05:30,BANKNIFTY,2026-11-23,True,41,82,55065.4,1.83,
2026-10-07 15:19:15.988547+05:30,SENSEX,2026-10-08,True,41,82,72648.4,1.82,
2026-10-07 15:19:17.806658+05:30,SENSEX,2026-10-15,True,41,82,72648.4,1.82,
2026-10-07 15:19:19.624601+05:30,FINNIFTY,2026-10-27,True,41,82,24957.45,1.82,
2026-10-07 15:19:21.459207+05:30,MIDCPNIFTY,2026-10-27,True,41,82,13757.45,1.83,
2026-10-07 15:20:06.804588+05:30,NIFTY,2026-10-13,True,41,82,22615.45,1.82,
2026-10-07 15:20:08.639981+05:30,NIFTY,2026-10-19,True,41,82,22615.45,1.84,
2026-10-07 15:20:10.462427+05:30,NIFTY,2026-10-27,True,41,82,22615.45,1.82,
2026-10-07 15:20:12.287096+05:30,BANKNIFTY,2026-10-27,True,41,82,55065.4,1.82,
2026-10-07 15:20:14.116359+05:30,BANKNIFTY,2026-11-23,True,41,82,55065.4,1.83,
2026-10-07 15:20:15.918619+05:30,SENSEX,2026-10-08,True,41,82,72648.4,1.8,
2026-10-07 15:20:17.757826+05:30,SENSEX,2026-10-15,True,41,82,72648.4,1.84,
2026-10-07 15:20:19.565770+05:30,FINNIFTY,2026-10-27,True,41,82,24957.45,1.8,
2026-10-07 15:20:21.380633+05:30,MIDCPNIFTY,2026-10-27,True,41,82,13757.45,1.81,
2026-10-07 15:21:06.761720+05:30,NIFTY,2026-10-13,True,41,82,22615.45,1.78,
2026-10-07 15:21:08.579067+05:30,NIFTY,2026-10-19,True,41,82,22615.45,1.82,
2026-10-07 15:21:10.403829+05:30,NIFTY,2026-10-27,True,41,82,22615.45,1.84,
2026-10-07 15:21:12.225768+05:30,BANKNIFTY,2026-10-27,True,41,82,55065.4,1.8,
2026-10-07 15:21:14.064145+05:30,BANKNIFTY,2026-11-23,True,41,82,55065.4,1.84,
2026-10-07 15:21:15.876351+05:30,SENSEX,2026-10-08,True,41,82,72648.4,1.81,
2026-10-07 15:21:17.675064+05:30,SENSEX,2026-10-15,True,41,82,72648.4,1.8,
2026-10-07 15:21:19.478854+05:30,FINNIFTY,2026-10-27,True,41,82,24957.45,1.8,
2026-10-07 15:21:21.276168+05:30,MIDCPNIFTY,2026-10-27,True,41,82,13757.45,1.8,
2026-10-07 15:22:06.771933+05:30,NIFTY,2026-10-13,True,41,82,22615.45,1.79,
2026-10-07 15:22:08.599517+05:30,NIFTY,2026-10-19,True,41,82,22615.45,1.83,
2026-10-07 15:22:10.446989+05:30,NIFTY,2026-10-27,True,41,82,22615.45,1.85,
2026-10-07 15:22:12.304856+05:30,BANKNIFTY,2026-10-27,True,41,82,55065.4,1.86,
2026-10-07 15:22:14.137304+05:30,BANKNIFTY,2026-11-23,True,41,82,55065.4,1.83,
2026-10-07 15:22:15.963310+05:30,SENSEX,2026-10-08,True,41,82,72648.4,1.82,
2026-10-07 15:22:17.789360+05:30,SENSEX,2026-10-15,True,41,82,72648.4,1.83,
2026-10-07 15:22:19.630563+05:30,FINNIFTY,2026-10-27,True,41,82,24957.45,1.84,
2026-10-07 15:22:21.486110+05:30,MIDCPNIFTY,2026-10-27,True,41,82,13757.45,1.85,
2026-10-07 15:23:06.758470+05:30,NIFTY,2026-10-13,True,41,82,22615.45,1.78,
2026-10-07 15:23:08.606229+05:30,NIFTY,2026-10-19,True,41,82,22615.45,1.85,
2026-10-07 15:23:10.450431+05:30,NIFTY,2026-10-27,True,41,82,22615.45,1.84,
2026-10-07 15:23:12.293846+05:30,BANKNIFTY,2026-10-27,True,41,82,55065.4,1.84,
2026-10-07 15:23:14.134656+05:30,BANKNIFTY,2026-11-23,True,41,82,55065.4,1.84,
2026-10-07 15:23:15.936601+05:30,SENSEX,2026-10-08,True,41,82,72648.4,1.8,
2026-10-07 15:23:17.898355+05:30,SENSEX,2026-10-15,True,41,82,72648.4,1.96,
2026-10-07 15:23:19.767285+05:30,FINNIFTY,2026-10-27,True,41,82,24957.45,1.87,
2026-10-07 15:23:21.615079+05:30,MIDCPNIFTY,2026-10-27,True,41,82,13757.45,1.85,
2026-10-07 15:24:06.759077+05:30,NIFTY,2026-10-13,True,41,82,22615.45,1.78,
2026-10-07 15:24:08.577262+05:30,NIFTY,2026-10-19,True,41,82,22615.45,1.82,
2026-10-07 15:24:10.471823+05:30,NIFTY,2026-10-27,True,41,82,22615.45,1.89,
2026-10-07 15:24:12.358295+05:30,BANKNIFTY,2026-10-27,True,41,82,55065.4,1.88,
2026-10-07 15:24:14.200867+05:30,BANKNIFTY,2026-11-23,True,41,82,55065.4,1.84,
2026-10-07 15:24:16.020417+05:30,SENSEX,2026-10-08,True,41,82,72648.4,1.82,
2026-10-07 15:24:17.849411+05:30,SENSEX,2026-10-15,True,41,82,72648.4,1.83,
2026-10-07 15:24:19.668253+05:30,FINNIFTY,2026-10-27,True,41,82,24957.45,1.81,
2026-10-07 15:24:21.506335+05:30,MIDCPNIFTY,2026-10-27,True,41,82,13757.45,1.84,
2026-10-07 15:25:12.485059+05:30,NIFTY,2026-10-13,True,41,82,22615.45,7.5,
2026-10-07 15:25:17.984338+05:30,NIFTY,2026-10-19,True,41,82,22615.45,5.5,
2026-10-07 15:25:23.742142+05:30,NIFTY,2026-10-27,True,41,82,22615.45,5.76,
2026-10-07 15:25:25.865655+05:30,BANKNIFTY,2026-10-27,True,41,82,55065.4,2.12,
2026-10-07 15:25:27.704250+05:30,BANKNIFTY,2026-11-23,True,41,82,55065.4,1.84,
2026-10-07 15:25:29.524868+05:30,SENSEX,2026-10-08,True,41,82,72648.4,1.82,
2026-10-07 15:25:31.335544+05:30,SENSEX,2026-10-15,True,41,82,72648.4,1.81,
2026-10-07 15:25:33.164146+05:30,FINNIFTY,2026-10-27,True,41,82,24957.45,1.83,
2026-10-07 15:25:34.991745+05:30,MIDCPNIFTY,2026-10-27,True,41,82,13757.45,1.83,
2026-10-07 15:26:06.776820+05:30,NIFTY,2026-10-13,True,41,82,22615.45,1.8,
2026-10-07 15:26:08.595353+05:30,NIFTY,2026-10-19,True,41,82,22615.45,1.82,
2026-10-07 15:26:10.411966+05:30,NIFTY,2026-10-27,True,41,82,22615.45,1.81,
2026-10-07 15:26:12.245830+05:30,BANKNIFTY,2026-10-27,True,41,82,55065.4,1.83,
2026-10-07 15:26:14.096261+05:30,BANKNIFTY,2026-11-23,True,41,82,55065.4,1.85,
2026-10-07 15:26:15.915190+05:30,SENSEX,2026-10-08,True,41,82,72648.4,1.82,
2026-10-07 15:26:17.739224+05:30,SENSEX,2026-10-15,True,41,82,72648.4,1.82,
2026-10-07 15:26:19.576725+05:30,FINNIFTY,2026-10-27,True,41,82,24957.45,1.84,
2026-10-07 15:26:21.401836+05:30,MIDCPNIFTY,2026-10-27,True,41,82,13757.45,1.82,
2026-10-07 15:27:06.784570+05:30,NIFTY,2026-10-13,True,41,82,22615.45,1.8,
2026-10-07 15:27:08.627123+05:30,NIFTY,2026-10-19,True,41,82,22615.45,1.84,
2026-10-07 15:27:10.457186+05:30,NIFTY,2026-10-27,True,41,82,22615.45,1.83,
2026-10-07 15:27:12.816959+05:30,BANKNIFTY,2026-10-27,True,41,82,55065.4,2.36,
2026-10-07 15:27:14.664630+05:30,BANKNIFTY,2026-11-23,True,41,82,55065.4,1.85,
2026-10-07 15:27:16.484650+05:30,SENSEX,2026-10-08,True,41,82,72648.4,1.82,
2026-10-07 15:27:18.362999+05:30,SENSEX,2026-10-15,True,41,82,72648.4,1.88,
2026-10-07 15:27:20.213984+05:30,FINNIFTY,2026-10-27,True,41,82,24957.45,1.84,
2026-10-07 15:27:22.078385+05:30,MIDCPNIFTY,2026-10-27,True,41,82,13757.45,1.86,
2026-10-07 15:28:07.513604+05:30,NIFTY,2026-10-13,True,41,82,22615.45,2.53,
2026-10-07 15:28:09.380626+05:30,NIFTY,2026-10-19,True,41,82,22615.45,1.87,
2026-10-07 15:28:11.209455+05:30,NIFTY,2026-10-27,True,41,82,22615.45,1.83,
2026-10-07 15:28:13.077818+05:30,BANKNIFTY,2026-10-27,True,41,82,55065.4,1.87,
2026-10-07 15:28:14.934499+05:30,BANKNIFTY,2026-11-23,True,41,82,55065.4,1.85,
2026-10-07 15:28:16.752412+05:30,SENSEX,2026-10-08,True,41,82,72648.4,1.82,
2026-10-07 15:28:18.557627+05:30,SENSEX,2026-10-15,True,41,82,72648.4,1.81,
2026-10-07 15:28:20.393670+05:30,FINNIFTY,2026-10-27,True,41,82,24957.45,1.83,
2026-10-07 15:28:22.215986+05:30,MIDCPNIFTY,2026-10-27,True,41,82,13757.45,1.82,
2026-10-07 15:29:06.805465+05:30,NIFTY,2026-10-13,True,41,82,22615.45,1.82,
2026-10-07 15:29:08.651804+05:30,NIFTY,2026-10-19,True,41,82,22615.45,1.85,
2026-10-07 15:29:10.521117+05:30,NIFTY,2026-10-27,True,41,82,22615.45,1.87,
2026-10-07 15:29:12.366594+05:30,BANKNIFTY,2026-10-27,True,41,82,55065.4,1.84,
2026-10-07 15:29:14.202104+05:30,BANKNIFTY,2026-11-23,True,41,82,55065.4,1.84,
2026-10-07 15:29:16.005454+05:30,SENSEX,2026-10-08,True,41,82,72648.4,1.8,
2026-10-07 15:29:17.828667+05:30,SENSEX,2026-10-15,True,41,82,72648.4,1.82,
2026-10-07 15:29:19.646576+05:30,FINNIFTY,2026-10-27,True,41,82,24957.45,1.82,
2026-10-07 15:29:21.462670+05:30,MIDCPNIFTY,2026-10-27,True,41,82,13757.45,1.82,
