ts,underlying,expiry,ok,strikes,quoted,spot,secs,error
2026-10-09 09:15:03.364854+05:30,NIFTY,2026-10-13,True,41,67,22324.95,2.36,
2026-10-09 09:15:05.605043+05:30,NIFTY,2026-10-19,True,41,82,22315.0,2.22,
2026-10-09 09:15:07.518966+05:30,NIFTY,2026-10-27,True,41,82,22319.1,1.91,
2026-10-09 09:15:09.924795+05:30,BANKNIFTY,2026-10-27,True,41,82,54666.25,2.04,
2026-10-09 09:15:11.932885+05:30,BANKNIFTY,2026-11-23,True,41,82,54678.85,2.03,
2026-10-09 09:15:14.171454+05:30,SENSEX,2026-10-15,True,41,82,71780.27,1.92,
2026-10-09 09:15:16.077013+05:30,SENSEX,2026-10-22,True,41,20,71753.17,1.88,
2026-10-09 09:15:18.366055+05:30,FINNIFTY,2026-10-27,True,41,46,24686.85,1.93,
2026-10-09 09:15:20.676165+05:30,MIDCPNIFTY,2026-10-27,True,41,82,13463.3,1.95,
2026-10-09 09:16:06.876326+05:30,NIFTY,2026-10-13,True,41,82,22353.3,1.9,
2026-10-09 09:16:08.778762+05:30,NIFTY,2026-10-19,True,41,82,22351.7,1.9,
2026-10-09 09:16:10.721292+05:30,NIFTY,2026-10-27,True,41,82,22354.65,1.94,
2026-10-09 09:16:12.783140+05:30,BANKNIFTY,2026-10-27,True,41,82,54841.8,2.06,
2026-10-09 09:16:14.716538+05:30,BANKNIFTY,2026-11-23,True,41,82,54859.85,1.94,
2026-10-09 09:16:16.622964+05:30,SENSEX,2026-10-15,True,41,82,71963.61,1.9,
2026-10-09 09:16:18.541598+05:30,SENSEX,2026-10-22,True,41,72,71966.85,1.92,
2026-10-09 09:16:21.467341+05:30,FINNIFTY,2026-10-27,True,41,77,24759.65,2.92,
2026-10-09 09:16:23.383127+05:30,MIDCPNIFTY,2026-10-27,True,41,82,13495.65,1.91,
2026-10-09 09:17:06.858622+05:30,NIFTY,2026-10-13,True,41,82,22369.5,1.88,
2026-10-09 09:17:08.754021+05:30,NIFTY,2026-10-19,True,41,82,22369.25,1.89,
2026-10-09 09:17:10.643969+05:30,NIFTY,2026-10-27,True,41,82,22371.45,1.89,
2026-10-09 09:17:12.530637+05:30,BANKNIFTY,2026-10-27,True,41,82,54834.7,1.88,
2026-10-09 09:17:14.513745+05:30,BANKNIFTY,2026-11-23,True,41,82,54832.1,2.01,
2026-10-09 09:17:16.440123+05:30,SENSEX,2026-10-15,True,41,82,72023.46,1.9,
2026-10-09 09:17:20.021886+05:30,SENSEX,2026-10-22,True,41,79,72025.61,3.58,
2026-10-09 09:17:21.919469+05:30,FINNIFTY,2026-10-27,True,41,82,24768.45,1.9,
2026-10-09 09:17:23.798389+05:30,MIDCPNIFTY,2026-10-27,True,41,82,13486.6,1.88,
2026-10-09 09:18:06.842349+05:30,NIFTY,2026-10-13,True,41,82,22366.5,1.86,
2026-10-09 09:18:08.718880+05:30,NIFTY,2026-10-19,True,41,82,22363.3,1.88,
2026-10-09 09:18:11.139627+05:30,NIFTY,2026-10-27,True,41,82,22360.0,2.42,
2026-10-09 09:18:14.107845+05:30,BANKNIFTY,2026-10-27,True,41,82,54808.8,2.97,
2026-10-09 09:18:16.009784+05:30,BANKNIFTY,2026-11-23,True,41,82,54807.15,1.9,
2026-10-09 09:18:17.876788+05:30,SENSEX,2026-10-15,True,41,82,71963.6,1.87,
2026-10-09 09:18:19.775278+05:30,SENSEX,2026-10-22,True,41,80,71961.85,1.9,
2026-10-09 09:18:21.655648+05:30,FINNIFTY,2026-10-27,True,41,82,24760.45,1.88,
2026-10-09 09:18:24.546444+05:30,MIDCPNIFTY,2026-10-27,True,41,82,13473.9,2.89,
2026-10-09 09:19:07.833695+05:30,NIFTY,2026-10-13,True,41,82,22349.55,2.85,
2026-10-09 09:19:10.727284+05:30,NIFTY,2026-10-19,True,41,82,22344.3,2.89,
2026-10-09 09:19:12.681213+05:30,NIFTY,2026-10-27,True,41,82,22339.5,1.95,
2026-10-09 09:19:14.590751+05:30,BANKNIFTY,2026-10-27,True,41,82,54732.4,1.91,
2026-10-09 09:19:16.456917+05:30,BANKNIFTY,2026-11-23,True,41,82,54732.3,1.86,
2026-10-09 09:19:18.330354+05:30,SENSEX,2026-10-15,True,41,82,71923.13,1.87,
2026-10-09 09:19:20.205335+05:30,SENSEX,2026-10-22,True,41,82,71916.93,1.87,
2026-10-09 09:19:22.105353+05:30,FINNIFTY,2026-10-27,True,41,82,24740.9,1.9,
2026-10-09 09:19:25.022950+05:30,MIDCPNIFTY,2026-10-27,True,41,82,13451.85,2.92,
2026-10-09 09:20:06.835125+05:30,NIFTY,2026-10-13,True,41,82,22324.75,1.85,
2026-10-09 09:20:08.727337+05:30,NIFTY,2026-10-19,True,41,82,22328.35,1.89,
2026-10-09 09:20:10.630374+05:30,NIFTY,2026-10-27,True,41,82,22329.65,1.9,
2026-10-09 09:20:12.563893+05:30,BANKNIFTY,2026-10-27,True,41,82,54740.25,1.93,
2026-10-09 09:20:15.462781+05:30,BANKNIFTY,2026-11-23,True,41,82,54734.85,2.9,
2026-10-09 09:20:17.365757+05:30,SENSEX,2026-10-15,True,41,82,71886.22,1.9,
2026-10-09 09:20:20.307513+05:30,SENSEX,2026-10-22,True,41,80,71878.63,2.94,
2026-10-09 09:20:22.213798+05:30,FINNIFTY,2026-10-27,True,41,82,24745.4,1.9,
2026-10-09 09:20:24.121398+05:30,MIDCPNIFTY,2026-10-27,True,41,82,13446.1,1.91,
2026-10-09 09:21:06.857226+05:30,NIFTY,2026-10-13,True,41,82,22342.5,1.88,
2026-10-09 09:21:08.747227+05:30,NIFTY,2026-10-19,True,41,82,22341.5,1.89,
2026-10-09 09:21:10.663180+05:30,NIFTY,2026-10-27,True,41,82,22340.15,1.93,
2026-10-09 09:21:12.564674+05:30,BANKNIFTY,2026-10-27,True,41,82,54747.3,1.88,
2026-10-09 09:21:14.509789+05:30,BANKNIFTY,2026-11-23,True,41,82,54739.7,1.94,
2026-10-09 09:21:16.400217+05:30,SENSEX,2026-10-15,True,41,82,71913.47,1.89,
2026-10-09 09:21:19.369977+05:30,SENSEX,2026-10-22,True,41,81,71904.72,2.97,
2026-10-09 09:21:21.261158+05:30,FINNIFTY,2026-10-27,True,41,82,24747.5,1.89,
2026-10-09 09:21:23.163604+05:30,MIDCPNIFTY,2026-10-27,True,41,82,13452.8,1.9,
2026-10-09 09:22:06.845552+05:30,NIFTY,2026-10-13,True,41,82,22330.25,1.86,
2026-10-09 09:22:08.733231+05:30,NIFTY,2026-10-19,True,41,82,22325.65,1.89,
2026-10-09 09:22:10.642766+05:30,NIFTY,2026-10-27,True,41,82,22326.35,1.91,
2026-10-09 09:22:12.539139+05:30,BANKNIFTY,2026-10-27,True,41,82,54762.95,1.89,
2026-10-09 09:22:14.454007+05:30,BANKNIFTY,2026-11-23,True,41,82,54763.15,1.91,
2026-10-09 09:22:16.328235+05:30,SENSEX,2026-10-15,True,41,82,71902.99,1.87,
2026-10-09 09:22:18.234774+05:30,SENSEX,2026-10-22,True,41,80,71902.12,1.9,
2026-10-09 09:22:20.125731+05:30,FINNIFTY,2026-10-27,True,41,82,24754.65,1.89,
2026-10-09 09:22:22.022746+05:30,MIDCPNIFTY,2026-10-27,True,41,82,13454.35,1.9,
2026-10-09 09:23:06.812703+05:30,NIFTY,2026-10-13,True,41,82,22332.65,1.83,
2026-10-09 09:23:08.676165+05:30,NIFTY,2026-10-19,True,41,82,22329.4,1.86,
2026-10-09 09:23:11.634130+05:30,NIFTY,2026-10-27,True,41,82,22331.6,2.96,
2026-10-09 09:23:13.504843+05:30,BANKNIFTY,2026-10-27,True,41,82,54733.35,1.87,
2026-10-09 09:23:15.381336+05:30,BANKNIFTY,2026-11-23,True,41,82,54731.75,1.88,
2026-10-09 09:23:17.236552+05:30,SENSEX,2026-10-15,True,41,82,71906.25,1.85,
2026-10-09 09:23:19.097813+05:30,SENSEX,2026-10-22,True,41,80,71900.48,1.86,
2026-10-09 09:23:20.940707+05:30,FINNIFTY,2026-10-27,True,41,82,24742.5,1.84,
2026-10-09 09:23:22.800999+05:30,MIDCPNIFTY,2026-10-27,True,41,82,13422.8,1.86,
2026-10-09 09:24:06.809220+05:30,NIFTY,2026-10-13,True,41,82,22313.45,1.83,
2026-10-09 09:24:08.715716+05:30,NIFTY,2026-10-19,True,41,82,22320.35,1.91,
2026-10-09 09:24:10.579434+05:30,NIFTY,2026-10-27,True,41,82,22322.0,1.86,
2026-10-09 09:24:12.445639+05:30,BANKNIFTY,2026-10-27,True,41,82,54729.8,1.86,
2026-10-09 09:24:14.306079+05:30,BANKNIFTY,2026-11-23,True,41,82,54726.3,1.86,
2026-10-09 09:24:16.154946+05:30,SENSEX,2026-10-15,True,41,82,71877.85,1.85,
2026-10-09 09:24:18.026299+05:30,SENSEX,2026-10-22,True,41,82,71860.69,1.87,
2026-10-09 09:24:19.892891+05:30,FINNIFTY,2026-10-27,True,41,82,24728.45,1.86,
2026-10-09 09:24:21.739230+05:30,MIDCPNIFTY,2026-10-27,True,41,81,13400.75,1.84,
2026-10-09 09:25:06.817701+05:30,NIFTY,2026-10-13,True,41,82,22306.3,1.84,
2026-10-09 09:25:08.711240+05:30,NIFTY,2026-10-19,True,41,82,22307.05,1.89,
2026-10-09 09:25:10.594755+05:30,NIFTY,2026-10-27,True,41,82,22305.95,1.88,
2026-10-09 09:25:12.493825+05:30,BANKNIFTY,2026-10-27,True,41,82,54710.05,1.9,
2026-10-09 09:25:14.353246+05:30,BANKNIFTY,2026-11-23,True,41,82,54708.5,1.86,
2026-10-09 09:25:16.201452+05:30,SENSEX,2026-10-15,True,41,82,71843.21,1.85,
2026-10-09 09:25:18.051423+05:30,SENSEX,2026-10-22,True,41,80,71829.27,1.85,
2026-10-09 09:25:19.915380+05:30,FINNIFTY,2026-10-27,True,41,82,24733.45,1.86,
2026-10-09 09:25:21.766224+05:30,MIDCPNIFTY,2026-10-27,True,41,81,13396.0,1.85,
2026-10-09 09:26:07.594652+05:30,NIFTY,2026-10-13,True,41,82,22302.25,2.61,
2026-10-09 09:26:09.460486+05:30,NIFTY,2026-10-19,True,41,82,22305.05,1.89,
2026-10-09 09:26:11.326438+05:30,NIFTY,2026-10-27,True,41,82,22304.95,1.84,
2026-10-09 09:26:13.192618+05:30,BANKNIFTY,2026-10-27,True,41,82,54737.45,1.86,
2026-10-09 09:26:15.090642+05:30,BANKNIFTY,2026-11-23,True,41,82,54745.3,1.9,
2026-10-09 09:26:16.959811+05:30,SENSEX,2026-10-15,True,41,82,71818.71,1.87,
2026-10-09 09:26:18.824458+05:30,SENSEX,2026-10-22,True,41,82,71822.11,1.86,
2026-10-09 09:26:20.693549+05:30,FINNIFTY,2026-10-27,True,41,82,24751.05,1.87,
2026-10-09 09:26:22.571072+05:30,MIDCPNIFTY,2026-10-27,True,41,80,13401.85,1.88,
2026-10-09 09:27:06.789705+05:30,NIFTY,2026-10-13,True,41,82,22336.35,1.81,
2026-10-09 09:27:08.649937+05:30,NIFTY,2026-10-19,True,41,82,22339.1,1.86,
2026-10-09 09:27:10.514114+05:30,NIFTY,2026-10-27,True,41,82,22339.35,1.86,
2026-10-09 09:27:12.394896+05:30,BANKNIFTY,2026-10-27,True,41,82,54850.95,1.88,
2026-10-09 09:27:14.269113+05:30,BANKNIFTY,2026-11-23,True,41,82,54855.8,1.87,
2026-10-09 09:27:16.193413+05:30,SENSEX,2026-10-15,True,41,82,71928.91,1.92,
2026-10-09 09:27:18.050656+05:30,SENSEX,2026-10-22,True,41,81,71931.95,1.86,
2026-10-09 09:27:19.908463+05:30,FINNIFTY,2026-10-27,True,41,82,24810.45,1.86,
2026-10-09 09:27:21.770665+05:30,MIDCPNIFTY,2026-10-27,True,41,82,13430.5,1.86,
2026-10-09 09:28:06.826086+05:30,NIFTY,2026-10-13,True,41,82,22357.75,1.84,
2026-10-09 09:28:08.741275+05:30,NIFTY,2026-10-19,True,41,82,22359.35,1.91,
2026-10-09 09:28:10.603918+05:30,NIFTY,2026-10-27,True,41,82,22363.15,1.86,
2026-10-09 09:28:12.496385+05:30,BANKNIFTY,2026-10-27,True,41,82,54912.0,1.89,
2026-10-09 09:28:14.364032+05:30,BANKNIFTY,2026-11-23,True,41,82,54907.9,1.87,
2026-10-09 09:28:16.201522+05:30,SENSEX,2026-10-15,True,41,82,71988.61,1.84,
2026-10-09 09:28:18.057189+05:30,SENSEX,2026-10-22,True,41,81,71994.1,1.85,
2026-10-09 09:28:19.943137+05:30,FINNIFTY,2026-10-27,True,41,82,24829.8,1.88,
2026-10-09 09:28:21.794561+05:30,MIDCPNIFTY,2026-10-27,True,41,82,13471.7,1.85,
2026-10-09 09:29:06.813027+05:30,NIFTY,2026-10-13,True,41,82,22367.2,1.83,
2026-10-09 09:29:08.670330+05:30,NIFTY,2026-10-19,True,41,82,22368.45,1.86,
2026-10-09 09:29:10.532953+05:30,NIFTY,2026-10-27,True,41,82,22369.75,1.86,
2026-10-09 09:29:12.394911+05:30,BANKNIFTY,2026-10-27,True,41,82,54945.9,1.86,
2026-10-09 09:29:14.268802+05:30,BANKNIFTY,2026-11-23,True,41,82,54953.1,1.87,
2026-10-09 09:29:16.147177+05:30,SENSEX,2026-10-15,True,41,82,71999.39,1.88,
2026-10-09 09:29:18.051452+05:30,SENSEX,2026-10-22,True,41,82,71995.89,1.9,
2026-10-09 09:29:19.906183+05:30,FINNIFTY,2026-10-27,True,41,82,24846.6,1.85,
2026-10-09 09:29:21.788897+05:30,MIDCPNIFTY,2026-10-27,True,41,82,13468.75,1.88,
2026-10-09 09:30:06.834808+05:30,NIFTY,2026-10-13,True,41,82,22381.85,1.85,
2026-10-09 09:30:08.724025+05:30,NIFTY,2026-10-19,True,41,82,22382.85,1.89,
2026-10-09 09:30:10.660256+05:30,NIFTY,2026-10-27,True,41,82,22377.75,1.94,
2026-10-09 09:30:12.669344+05:30,BANKNIFTY,2026-10-27,True,41,82,54994.45,2.01,
2026-10-09 09:30:14.600760+05:30,BANKNIFTY,2026-11-23,True,41,82,55005.45,1.93,
2026-10-09 09:30:16.498264+05:30,SENSEX,2026-10-15,True,41,82,72037.11,1.9,
2026-10-09 09:30:18.431758+05:30,SENSEX,2026-10-22,True,41,81,72044.5,1.93,
2026-10-09 09:30:20.316094+05:30,FINNIFTY,2026-10-27,True,41,82,24877.5,1.88,
2026-10-09 09:30:22.223428+05:30,MIDCPNIFTY,2026-10-27,True,41,82,13477.9,1.91,
2026-10-09 09:31:06.851493+05:30,NIFTY,2026-10-13,True,41,82,22367.75,1.87,
2026-10-09 09:31:08.747769+05:30,NIFTY,2026-10-19,True,41,82,22366.2,1.9,
2026-10-09 09:31:10.606962+05:30,NIFTY,2026-10-27,True,41,82,22366.95,1.86,
2026-10-09 09:31:12.480132+05:30,BANKNIFTY,2026-10-27,True,41,82,54969.15,1.87,
2026-10-09 09:31:14.369864+05:30,BANKNIFTY,2026-11-23,True,41,82,54969.35,1.91,
2026-10-09 09:31:16.253875+05:30,SENSEX,2026-10-15,True,41,82,72010.03,1.86,
2026-10-09 09:31:18.111463+05:30,SENSEX,2026-10-22,True,41,81,72007.08,1.86,
2026-10-09 09:31:20.018625+05:30,FINNIFTY,2026-10-27,True,41,82,24863.4,1.9,
2026-10-09 09:31:21.884057+05:30,MIDCPNIFTY,2026-10-27,True,41,82,13468.95,1.86,
2026-10-09 09:32:06.875037+05:30,NIFTY,2026-10-13,True,41,82,22375.3,1.89,
2026-10-09 09:32:08.800509+05:30,NIFTY,2026-10-19,True,41,82,22370.75,1.92,
2026-10-09 09:32:10.690231+05:30,NIFTY,2026-10-27,True,41,82,22367.5,1.89,
2026-10-09 09:32:12.786565+05:30,BANKNIFTY,2026-10-27,True,41,82,55020.75,2.1,
2026-10-09 09:32:14.678575+05:30,BANKNIFTY,2026-11-23,True,41,82,55020.65,1.89,
2026-10-09 09:32:16.600333+05:30,SENSEX,2026-10-15,True,41,82,72002.39,1.92,
2026-10-09 09:32:18.479181+05:30,SENSEX,2026-10-22,True,41,80,71995.59,1.88,
2026-10-09 09:32:20.376605+05:30,FINNIFTY,2026-10-27,True,41,82,24861.05,1.89,
2026-10-09 09:32:22.254821+05:30,MIDCPNIFTY,2026-10-27,True,41,82,13450.55,1.88,
2026-10-09 09:33:06.823022+05:30,NIFTY,2026-10-13,True,41,82,22370.8,1.84,
2026-10-09 09:33:08.731840+05:30,NIFTY,2026-10-19,True,41,82,22372.3,1.91,
2026-10-09 09:33:11.658420+05:30,NIFTY,2026-10-27,True,41,82,22372.85,2.93,
2026-10-09 09:33:13.562975+05:30,BANKNIFTY,2026-10-27,True,41,82,55055.75,1.9,
2026-10-09 09:33:15.472849+05:30,BANKNIFTY,2026-11-23,True,41,82,55056.1,1.91,
2026-10-09 09:33:17.356892+05:30,SENSEX,2026-10-15,True,41,82,72015.81,1.88,
2026-10-09 09:33:19.233140+05:30,SENSEX,2026-10-22,True,41,82,72013.93,1.88,
2026-10-09 09:33:21.155900+05:30,FINNIFTY,2026-10-27,True,41,82,24865.2,1.92,
2026-10-09 09:33:23.061471+05:30,MIDCPNIFTY,2026-10-27,True,41,82,13452.95,1.9,
2026-10-09 09:34:06.854910+05:30,NIFTY,2026-10-13,True,41,82,22390.45,1.87,
2026-10-09 09:34:08.760493+05:30,NIFTY,2026-10-19,True,41,82,22392.1,1.9,
2026-10-09 09:34:10.646063+05:30,NIFTY,2026-10-27,True,41,82,22393.05,1.89,
2026-10-09 09:34:12.562375+05:30,BANKNIFTY,2026-10-27,True,41,82,55096.5,1.91,
2026-10-09 09:34:14.477827+05:30,BANKNIFTY,2026-11-23,True,41,82,55094.45,1.91,
2026-10-09 09:34:16.527064+05:30,SENSEX,2026-10-15,True,41,82,72076.56,2.05,
2026-10-09 09:34:18.428381+05:30,SENSEX,2026-10-22,True,41,82,72067.4,1.9,
2026-10-09 09:34:20.301937+05:30,FINNIFTY,2026-10-27,True,41,82,24880.35,1.87,
2026-10-09 09:34:22.188801+05:30,MIDCPNIFTY,2026-10-27,True,41,82,13482.95,1.89,
2026-10-09 09:35:06.842470+05:30,NIFTY,2026-10-13,True,41,82,22394.75,1.86,
2026-10-09 09:35:08.738547+05:30,NIFTY,2026-10-19,True,41,82,22396.45,1.89,
2026-10-09 09:35:10.637075+05:30,NIFTY,2026-10-27,True,41,82,22393.35,1.9,
2026-10-09 09:35:12.734353+05:30,BANKNIFTY,2026-10-27,True,41,82,55074.75,2.09,
2026-10-09 09:35:14.638234+05:30,BANKNIFTY,2026-11-23,True,41,82,55068.35,1.9,
2026-10-09 09:35:16.532990+05:30,SENSEX,2026-10-15,True,41,82,72077.42,1.89,
2026-10-09 09:35:18.427148+05:30,SENSEX,2026-10-22,True,41,82,72065.57,1.89,
2026-10-09 09:35:20.320802+05:30,FINNIFTY,2026-10-27,True,41,82,24866.95,1.9,
2026-10-09 09:35:22.197314+05:30,MIDCPNIFTY,2026-10-27,True,41,82,13489.1,1.87,
2026-10-09 09:36:06.849428+05:30,NIFTY,2026-10-13,True,41,82,22393.6,1.87,
2026-10-09 09:36:08.744218+05:30,NIFTY,2026-10-19,True,41,82,22396.85,1.89,
2026-10-09 09:36:10.647633+05:30,NIFTY,2026-10-27,True,41,82,22393.95,1.9,
2026-10-09 09:36:12.556044+05:30,BANKNIFTY,2026-10-27,True,41,82,55084.45,1.91,
2026-10-09 09:36:14.455221+05:30,BANKNIFTY,2026-11-23,True,41,82,55072.25,1.91,
2026-10-09 09:36:16.346660+05:30,SENSEX,2026-10-15,True,41,82,72084.74,1.88,
2026-10-09 09:36:18.222998+05:30,SENSEX,2026-10-22,True,41,82,72082.34,1.87,
2026-10-09 09:36:20.115473+05:30,FINNIFTY,2026-10-27,True,41,82,24868.25,1.89,
2026-10-09 09:36:22.011869+05:30,MIDCPNIFTY,2026-10-27,True,41,82,13491.65,1.9,
2026-10-09 09:37:06.860152+05:30,NIFTY,2026-10-13,True,41,82,22393.0,1.88,
2026-10-09 09:37:09.398911+05:30,NIFTY,2026-10-19,True,41,82,22392.35,2.54,
2026-10-09 09:37:11.275034+05:30,NIFTY,2026-10-27,True,41,82,22389.55,1.88,
2026-10-09 09:37:13.135184+05:30,BANKNIFTY,2026-10-27,True,41,82,55077.4,1.86,
2026-10-09 09:37:15.023977+05:30,BANKNIFTY,2026-11-23,True,41,82,55070.25,1.89,
2026-10-09 09:37:16.877575+05:30,SENSEX,2026-10-15,True,41,82,72070.06,1.85,
2026-10-09 09:37:18.750026+05:30,SENSEX,2026-10-22,True,41,82,72068.19,1.87,
2026-10-09 09:37:20.614892+05:30,FINNIFTY,2026-10-27,True,41,82,24858.0,1.86,
2026-10-09 09:37:22.476675+05:30,MIDCPNIFTY,2026-10-27,True,41,82,13486.4,1.86,
2026-10-09 09:38:06.829389+05:30,NIFTY,2026-10-13,True,41,82,22391.15,1.85,
2026-10-09 09:38:08.727048+05:30,NIFTY,2026-10-19,True,41,82,22393.45,1.9,
2026-10-09 09:38:10.588368+05:30,NIFTY,2026-10-27,True,41,82,22395.5,1.86,
2026-10-09 09:38:12.461746+05:30,BANKNIFTY,2026-10-27,True,41,82,55079.75,1.87,
2026-10-09 09:38:14.330997+05:30,BANKNIFTY,2026-11-23,True,41,82,55080.45,1.87,
2026-10-09 09:38:16.196674+05:30,SENSEX,2026-10-15,True,41,82,72076.02,1.88,
2026-10-09 09:38:18.072448+05:30,SENSEX,2026-10-22,True,41,81,72077.13,1.86,
2026-10-09 09:38:19.940784+05:30,FINNIFTY,2026-10-27,True,41,82,24874.3,1.87,
2026-10-09 09:38:21.796469+05:30,MIDCPNIFTY,2026-10-27,True,41,82,13503.2,1.85,
2026-10-09 09:39:06.837071+05:30,NIFTY,2026-10-13,True,41,82,22414.8,1.86,
2026-10-09 09:39:08.708859+05:30,NIFTY,2026-10-19,True,41,82,22415.55,1.87,
2026-10-09 09:39:10.575162+05:30,NIFTY,2026-10-27,True,41,82,22416.4,1.87,
2026-10-09 09:39:12.440362+05:30,BANKNIFTY,2026-10-27,True,41,82,55132.25,1.86,
2026-10-09 09:39:14.308156+05:30,BANKNIFTY,2026-11-23,True,41,82,55136.2,1.87,
2026-10-09 09:39:16.171300+05:30,SENSEX,2026-10-15,True,41,82,72147.42,1.86,
2026-10-09 09:39:18.028238+05:30,SENSEX,2026-10-22,True,41,82,72141.36,1.86,
2026-10-09 09:39:20.148908+05:30,FINNIFTY,2026-10-27,True,41,82,24890.9,2.12,
2026-10-09 09:39:22.045136+05:30,MIDCPNIFTY,2026-10-27,True,41,82,13516.65,1.89,
2026-10-09 09:40:06.810241+05:30,NIFTY,2026-10-13,True,41,82,22412.35,1.83,
2026-10-09 09:40:09.680603+05:30,NIFTY,2026-10-19,True,41,82,22410.75,2.87,
2026-10-09 09:40:11.559906+05:30,NIFTY,2026-10-27,True,41,82,22410.2,1.88,
2026-10-09 09:40:13.485177+05:30,BANKNIFTY,2026-10-27,True,41,82,55143.9,1.92,
2026-10-09 09:40:15.365945+05:30,BANKNIFTY,2026-11-23,True,41,82,55148.4,1.88,
2026-10-09 09:40:17.208556+05:30,SENSEX,2026-10-15,True,41,82,72144.59,1.84,
2026-10-09 09:40:19.093751+05:30,SENSEX,2026-10-22,True,41,82,72152.34,1.88,
2026-10-09 09:40:20.985936+05:30,FINNIFTY,2026-10-27,True,41,82,24888.45,1.89,
2026-10-09 09:40:22.838087+05:30,MIDCPNIFTY,2026-10-27,True,41,82,13519.4,1.85,
2026-10-09 09:41:06.840048+05:30,NIFTY,2026-10-13,True,41,82,22417.5,1.86,
2026-10-09 09:41:08.725169+05:30,NIFTY,2026-10-19,True,41,82,22418.15,1.88,
2026-10-09 09:41:10.621317+05:30,NIFTY,2026-10-27,True,41,82,22419.05,1.89,
2026-10-09 09:41:12.502883+05:30,BANKNIFTY,2026-10-27,True,41,82,55108.8,1.88,
2026-10-09 09:41:14.398978+05:30,BANKNIFTY,2026-11-23,True,41,82,55120.3,1.92,
2026-10-09 09:41:17.286429+05:30,SENSEX,2026-10-15,True,41,82,72174.05,2.86,
2026-10-09 09:41:19.168531+05:30,SENSEX,2026-10-22,True,41,82,72171.49,1.88,
2026-10-09 09:41:21.111630+05:30,FINNIFTY,2026-10-27,True,41,82,24892.95,1.94,
2026-10-09 09:41:22.982835+05:30,MIDCPNIFTY,2026-10-27,True,41,82,13520.0,1.87,
2026-10-09 09:42:06.823731+05:30,NIFTY,2026-10-13,True,41,82,22422.8,1.84,
2026-10-09 09:42:08.738490+05:30,NIFTY,2026-10-19,True,41,82,22424.5,1.91,
2026-10-09 09:42:10.630916+05:30,NIFTY,2026-10-27,True,41,82,22424.6,1.89,
2026-10-09 09:42:12.531517+05:30,BANKNIFTY,2026-10-27,True,41,82,55109.7,1.9,
2026-10-09 09:42:14.439496+05:30,BANKNIFTY,2026-11-23,True,41,82,55109.9,1.93,
2026-10-09 09:42:16.293820+05:30,SENSEX,2026-10-15,True,41,82,72187.58,1.83,
2026-10-09 09:42:18.170019+05:30,SENSEX,2026-10-22,True,41,82,72196.32,1.87,
2026-10-09 09:42:20.024419+05:30,FINNIFTY,2026-10-27,True,41,82,24886.15,1.85,
2026-10-09 09:42:21.867333+05:30,MIDCPNIFTY,2026-10-27,True,41,82,13514.75,1.84,
2026-10-09 09:43:06.802482+05:30,NIFTY,2026-10-13,True,41,82,22430.0,1.82,
2026-10-09 09:43:08.701115+05:30,NIFTY,2026-10-19,True,41,82,22430.7,1.9,
2026-10-09 09:43:10.572682+05:30,NIFTY,2026-10-27,True,41,82,22430.15,1.87,
2026-10-09 09:43:12.422568+05:30,BANKNIFTY,2026-10-27,True,41,82,55129.75,1.85,
2026-10-09 09:43:14.275232+05:30,BANKNIFTY,2026-11-23,True,41,82,55129.7,1.85,
2026-10-09 09:43:16.176708+05:30,SENSEX,2026-10-15,True,41,82,72205.67,1.9,
2026-10-09 09:43:18.035069+05:30,SENSEX,2026-10-22,True,41,82,72201.41,1.86,
2026-10-09 09:43:19.914799+05:30,FINNIFTY,2026-10-27,True,41,82,24901.3,1.88,
2026-10-09 09:43:22.814453+05:30,MIDCPNIFTY,2026-10-27,True,41,82,13508.75,2.9,
2026-10-09 09:44:06.837518+05:30,NIFTY,2026-10-13,True,41,82,22426.7,1.86,
2026-10-09 09:44:08.724264+05:30,NIFTY,2026-10-19,True,41,82,22425.8,1.89,
2026-10-09 09:44:10.587496+05:30,NIFTY,2026-10-27,True,41,82,22423.85,1.86,
2026-10-09 09:44:12.480545+05:30,BANKNIFTY,2026-10-27,True,41,82,55138.2,1.89,
2026-10-09 09:44:14.353908+05:30,BANKNIFTY,2026-11-23,True,41,82,55144.45,1.87,
2026-10-09 09:44:16.214214+05:30,SENSEX,2026-10-15,True,41,82,72192.18,1.86,
2026-10-09 09:44:18.105605+05:30,SENSEX,2026-10-22,True,41,82,72190.07,1.89,
2026-10-09 09:44:19.961261+05:30,FINNIFTY,2026-10-27,True,41,82,24894.55,1.85,
2026-10-09 09:44:21.835857+05:30,MIDCPNIFTY,2026-10-27,True,41,82,13504.05,1.87,
2026-10-09 09:45:06.806817+05:30,NIFTY,2026-10-13,True,41,82,22432.3,1.83,
2026-10-09 09:45:08.669749+05:30,NIFTY,2026-10-19,True,41,82,22432.1,1.86,
2026-10-09 09:45:10.530200+05:30,NIFTY,2026-10-27,True,41,82,22430.55,1.86,
2026-10-09 09:45:13.500308+05:30,BANKNIFTY,2026-10-27,True,41,82,55157.95,2.97,
2026-10-09 09:45:15.396319+05:30,BANKNIFTY,2026-11-23,True,41,82,55156.2,1.89,
2026-10-09 09:45:17.274720+05:30,SENSEX,2026-10-15,True,41,82,72214.7,1.88,
2026-10-09 09:45:20.147707+05:30,SENSEX,2026-10-22,True,41,82,72223.32,2.87,
2026-10-09 09:45:22.015411+05:30,FINNIFTY,2026-10-27,True,41,82,24906.25,1.87,
2026-10-09 09:45:23.882244+05:30,MIDCPNIFTY,2026-10-27,True,41,82,13505.3,1.87,
2026-10-09 09:46:06.822223+05:30,NIFTY,2026-10-13,True,41,82,22437.3,1.84,
2026-10-09 09:46:08.689609+05:30,NIFTY,2026-10-19,True,41,82,22436.9,1.87,
2026-10-09 09:46:11.047830+05:30,NIFTY,2026-10-27,True,41,82,22438.55,2.36,
2026-10-09 09:46:12.921778+05:30,BANKNIFTY,2026-10-27,True,41,82,55138.8,1.87,
2026-10-09 09:46:14.792558+05:30,BANKNIFTY,2026-11-23,True,41,82,55135.75,1.87,
2026-10-09 09:46:16.648841+05:30,SENSEX,2026-10-15,True,41,82,72223.63,1.86,
2026-10-09 09:46:18.506987+05:30,SENSEX,2026-10-22,True,41,82,72230.84,1.86,
2026-10-09 09:46:20.368208+05:30,FINNIFTY,2026-10-27,True,41,82,24913.0,1.86,
2026-10-09 09:46:22.225348+05:30,MIDCPNIFTY,2026-10-27,True,41,82,13508.0,1.86,
2026-10-09 09:47:06.795067+05:30,NIFTY,2026-10-13,True,41,82,22442.95,1.81,
2026-10-09 09:47:08.652576+05:30,NIFTY,2026-10-19,True,41,82,22443.7,1.86,
2026-10-09 09:47:10.538847+05:30,NIFTY,2026-10-27,True,41,82,22443.2,1.89,
2026-10-09 09:47:12.418384+05:30,BANKNIFTY,2026-10-27,True,41,82,55150.55,1.88,
2026-10-09 09:47:14.333325+05:30,BANKNIFTY,2026-11-23,True,41,82,55150.0,1.91,
2026-10-09 09:47:16.185871+05:30,SENSEX,2026-10-15,True,41,82,72254.31,1.85,
2026-10-09 09:47:18.059247+05:30,SENSEX,2026-10-22,True,41,82,72250.1,1.87,
2026-10-09 09:47:19.942945+05:30,FINNIFTY,2026-10-27,True,41,82,24920.55,1.88,
2026-10-09 09:47:22.849900+05:30,MIDCPNIFTY,2026-10-27,True,41,82,13516.65,2.9,
2026-10-09 09:48:06.817901+05:30,NIFTY,2026-10-13,True,41,82,22440.05,1.84,
2026-10-09 09:48:08.708751+05:30,NIFTY,2026-10-19,True,41,82,22439.25,1.89,
2026-10-09 09:48:10.561952+05:30,NIFTY,2026-10-27,True,41,82,22441.05,1.85,
2026-10-09 09:48:12.461043+05:30,BANKNIFTY,2026-10-27,True,41,82,55152.85,1.9,
2026-10-09 09:48:14.354972+05:30,BANKNIFTY,2026-11-23,True,41,82,55149.35,1.89,
2026-10-09 09:48:16.221752+05:30,SENSEX,2026-10-15,True,41,82,72244.7,1.87,
2026-10-09 09:48:18.081443+05:30,SENSEX,2026-10-22,True,41,82,72242.35,1.86,
2026-10-09 09:48:19.940354+05:30,FINNIFTY,2026-10-27,True,41,82,24912.55,1.86,
2026-10-09 09:48:21.815192+05:30,MIDCPNIFTY,2026-10-27,True,41,82,13520.8,1.87,
2026-10-09 09:49:06.825652+05:30,NIFTY,2026-10-13,True,41,82,22441.5,1.84,
2026-10-09 09:49:08.712880+05:30,NIFTY,2026-10-19,True,41,82,22442.25,1.91,
2026-10-09 09:49:10.567258+05:30,NIFTY,2026-10-27,True,41,82,22443.15,1.83,
2026-10-09 09:49:12.448335+05:30,BANKNIFTY,2026-10-27,True,41,82,55149.65,1.88,
2026-10-09 09:49:14.315208+05:30,BANKNIFTY,2026-11-23,True,41,82,55153.65,1.87,
2026-10-09 09:49:16.157101+05:30,SENSEX,2026-10-15,True,41,82,72263.98,1.84,
2026-10-09 09:49:18.021710+05:30,SENSEX,2026-10-22,True,41,82,72261.17,1.86,
2026-10-09 09:49:19.891150+05:30,FINNIFTY,2026-10-27,True,41,82,24917.0,1.87,
2026-10-09 09:49:21.770691+05:30,MIDCPNIFTY,2026-10-27,True,41,82,13513.8,1.88,
2026-10-09 09:50:06.808217+05:30,NIFTY,2026-10-13,True,41,82,22446.5,1.85,
2026-10-09 09:50:08.670671+05:30,NIFTY,2026-10-19,True,41,82,22445.6,1.84,
2026-10-09 09:50:10.539281+05:30,NIFTY,2026-10-27,True,41,82,22445.35,1.87,
2026-10-09 09:50:12.432406+05:30,BANKNIFTY,2026-10-27,True,41,82,55153.75,1.89,
2026-10-09 09:50:14.310014+05:30,BANKNIFTY,2026-11-23,True,41,82,55150.15,1.88,
2026-10-09 09:50:16.167342+05:30,SENSEX,2026-10-15,True,41,82,72249.64,1.86,
2026-10-09 09:50:18.016126+05:30,SENSEX,2026-10-22,True,41,82,72249.27,1.85,
2026-10-09 09:50:20.485216+05:30,FINNIFTY,2026-10-27,True,41,82,24912.35,2.47,
2026-10-09 09:50:22.359704+05:30,MIDCPNIFTY,2026-10-27,True,41,82,13504.7,1.87,
2026-10-09 09:51:06.821394+05:30,NIFTY,2026-10-13,True,41,82,22461.8,1.84,
2026-10-09 09:51:08.674024+05:30,NIFTY,2026-10-19,True,41,82,22460.2,1.85,
2026-10-09 09:51:10.582262+05:30,NIFTY,2026-10-27,True,41,82,22459.85,1.91,
2026-10-09 09:51:12.514636+05:30,BANKNIFTY,2026-10-27,True,41,82,55181.3,1.95,
2026-10-09 09:51:14.382395+05:30,BANKNIFTY,2026-11-23,True,41,82,55180.4,1.85,
2026-10-09 09:51:16.234361+05:30,SENSEX,2026-10-15,True,41,82,72289.31,1.85,
2026-10-09 09:51:18.098029+05:30,SENSEX,2026-10-22,True,41,82,72285.67,1.86,
2026-10-09 09:51:19.981680+05:30,FINNIFTY,2026-10-27,True,41,82,24921.65,1.88,
2026-10-09 09:51:21.853660+05:30,MIDCPNIFTY,2026-10-27,True,41,82,13514.8,1.87,
2026-10-09 09:52:06.813986+05:30,NIFTY,2026-10-13,True,41,82,22450.7,1.83,
2026-10-09 09:52:08.685694+05:30,NIFTY,2026-10-19,True,41,82,22447.95,1.87,
2026-10-09 09:52:10.575009+05:30,NIFTY,2026-10-27,True,41,82,22444.5,1.89,
2026-10-09 09:52:12.482359+05:30,BANKNIFTY,2026-10-27,True,41,82,55142.45,1.91,
2026-10-09 09:52:15.413672+05:30,BANKNIFTY,2026-11-23,True,41,82,55138.5,2.93,
2026-10-09 09:52:17.270487+05:30,SENSEX,2026-10-15,True,41,82,72248.26,1.86,
2026-10-09 09:52:19.627762+05:30,SENSEX,2026-10-22,True,41,82,72242.86,2.36,
2026-10-09 09:52:21.494167+05:30,FINNIFTY,2026-10-27,True,41,82,24908.25,1.86,
2026-10-09 09:52:23.363069+05:30,MIDCPNIFTY,2026-10-27,True,41,82,13497.25,1.87,
2026-10-09 09:53:06.815417+05:30,NIFTY,2026-10-13,True,41,82,22440.9,1.83,
2026-10-09 09:53:08.720440+05:30,NIFTY,2026-10-19,True,41,82,22439.15,1.9,
2026-10-09 09:53:10.611800+05:30,NIFTY,2026-10-27,True,41,82,22439.35,1.89,
2026-10-09 09:53:12.515550+05:30,BANKNIFTY,2026-10-27,True,41,82,55114.15,1.9,
2026-10-09 09:53:14.400516+05:30,BANKNIFTY,2026-11-23,True,41,82,55113.4,1.88,
2026-10-09 09:53:16.277776+05:30,SENSEX,2026-10-15,True,41,82,72224.69,1.88,
2026-10-09 09:53:18.141018+05:30,SENSEX,2026-10-22,True,41,82,72223.91,1.86,
2026-10-09 09:53:19.997093+05:30,FINNIFTY,2026-10-27,True,41,82,24898.7,1.85,
2026-10-09 09:53:21.864801+05:30,MIDCPNIFTY,2026-10-27,True,41,82,13494.35,1.87,
2026-10-09 09:54:06.824009+05:30,NIFTY,2026-10-13,True,41,82,22447.45,1.84,
2026-10-09 09:54:08.692672+05:30,NIFTY,2026-10-19,True,41,82,22449.75,1.87,
2026-10-09 09:54:10.545829+05:30,NIFTY,2026-10-27,True,41,82,22450.5,1.85,
2026-10-09 09:54:12.427150+05:30,BANKNIFTY,2026-10-27,True,41,82,55147.95,1.88,
2026-10-09 09:54:14.310647+05:30,BANKNIFTY,2026-11-23,True,41,82,55145.0,1.88,
2026-10-09 09:54:16.176761+05:30,SENSEX,2026-10-15,True,41,82,72254.7,1.87,
2026-10-09 09:54:18.033764+05:30,SENSEX,2026-10-22,True,41,82,72259.64,1.86,
2026-10-09 09:54:19.892099+05:30,FINNIFTY,2026-10-27,True,41,82,24912.45,1.86,
2026-10-09 09:54:21.772714+05:30,MIDCPNIFTY,2026-10-27,True,41,82,13500.4,1.88,
2026-10-09 09:55:06.813951+05:30,NIFTY,2026-10-13,True,41,82,22462.45,1.83,
2026-10-09 09:55:08.698552+05:30,NIFTY,2026-10-19,True,41,82,22464.75,1.88,
2026-10-09 09:55:10.577478+05:30,NIFTY,2026-10-27,True,41,82,22465.65,1.9,
2026-10-09 09:55:12.451733+05:30,BANKNIFTY,2026-10-27,True,41,82,55168.0,1.85,
2026-10-09 09:55:14.349222+05:30,BANKNIFTY,2026-11-23,True,41,82,55179.95,1.9,
2026-10-09 09:55:16.212564+05:30,SENSEX,2026-10-15,True,41,82,72289.77,1.86,
2026-10-09 09:55:18.105200+05:30,SENSEX,2026-10-22,True,41,82,72293.37,1.89,
2026-10-09 09:55:20.003084+05:30,FINNIFTY,2026-10-27,True,41,82,24935.45,1.9,
2026-10-09 09:55:21.879086+05:30,MIDCPNIFTY,2026-10-27,True,41,82,13518.6,1.87,
2026-10-09 09:56:06.808149+05:30,NIFTY,2026-10-13,True,41,82,22469.35,1.83,
2026-10-09 09:56:08.664893+05:30,NIFTY,2026-10-19,True,41,82,22468.55,1.86,
2026-10-09 09:56:10.575188+05:30,NIFTY,2026-10-27,True,41,82,22468.9,1.93,
2026-10-09 09:56:12.444195+05:30,BANKNIFTY,2026-10-27,True,41,82,55183.9,1.85,
2026-10-09 09:56:14.369201+05:30,BANKNIFTY,2026-11-23,True,41,82,55189.75,1.92,
2026-10-09 09:56:16.262084+05:30,SENSEX,2026-10-15,True,41,82,72315.56,1.89,
2026-10-09 09:56:18.141043+05:30,SENSEX,2026-10-22,True,41,82,72312.96,1.88,
2026-10-09 09:56:20.010906+05:30,FINNIFTY,2026-10-27,True,41,82,24938.9,1.87,
2026-10-09 09:56:21.871649+05:30,MIDCPNIFTY,2026-10-27,True,41,82,13530.35,1.86,
2026-10-09 09:57:06.817693+05:30,NIFTY,2026-10-13,True,41,82,22476.75,1.84,
2026-10-09 09:57:08.680011+05:30,NIFTY,2026-10-19,True,41,82,22477.4,1.86,
2026-10-09 09:57:10.564482+05:30,NIFTY,2026-10-27,True,41,82,22476.3,1.88,
2026-10-09 09:57:12.446317+05:30,BANKNIFTY,2026-10-27,True,41,82,55193.8,1.88,
2026-10-09 09:57:14.332526+05:30,BANKNIFTY,2026-11-23,True,41,82,55191.75,1.9,
2026-10-09 09:57:16.208307+05:30,SENSEX,2026-10-15,True,41,82,72320.83,1.86,
2026-10-09 09:57:18.072186+05:30,SENSEX,2026-10-22,True,41,81,72321.12,1.86,
2026-10-09 09:57:19.955856+05:30,FINNIFTY,2026-10-27,True,41,82,24937.75,1.88,
2026-10-09 09:57:21.827084+05:30,MIDCPNIFTY,2026-10-27,True,41,82,13542.6,1.87,
2026-10-09 09:58:06.813362+05:30,NIFTY,2026-10-13,True,41,82,22477.55,1.83,
2026-10-09 09:58:08.685988+05:30,NIFTY,2026-10-19,True,41,82,22478.7,1.87,
2026-10-09 09:58:10.544168+05:30,NIFTY,2026-10-27,True,41,82,22476.85,1.86,
2026-10-09 09:58:12.444752+05:30,BANKNIFTY,2026-10-27,True,41,82,55186.1,1.9,
2026-10-09 09:58:14.317722+05:30,BANKNIFTY,2026-11-23,True,41,82,55180.5,1.87,
2026-10-09 09:58:16.178264+05:30,SENSEX,2026-10-15,True,41,82,72336.25,1.86,
2026-10-09 09:58:18.062489+05:30,SENSEX,2026-10-22,True,41,81,72331.89,1.88,
2026-10-09 09:58:19.925944+05:30,FINNIFTY,2026-10-27,True,41,82,24936.2,1.86,
2026-10-09 09:58:21.826452+05:30,MIDCPNIFTY,2026-10-27,True,41,82,13531.8,1.9,
2026-10-09 09:59:06.825231+05:30,NIFTY,2026-10-13,True,41,82,22472.75,1.84,
2026-10-09 09:59:08.705635+05:30,NIFTY,2026-10-19,True,41,82,22472.4,1.88,
2026-10-09 09:59:10.627769+05:30,NIFTY,2026-10-27,True,41,82,22472.45,1.92,
2026-10-09 09:59:13.222687+05:30,BANKNIFTY,2026-10-27,True,41,82,55184.75,2.59,
2026-10-09 09:59:15.340995+05:30,BANKNIFTY,2026-11-23,True,41,82,55180.75,2.12,
2026-10-09 09:59:17.203326+05:30,SENSEX,2026-10-15,True,41,82,72310.82,1.86,
2026-10-09 09:59:19.072698+05:30,SENSEX,2026-10-22,True,41,81,72313.2,1.87,
2026-10-09 09:59:20.936071+05:30,FINNIFTY,2026-10-27,True,41,82,24939.7,1.86,
2026-10-09 09:59:22.817631+05:30,MIDCPNIFTY,2026-10-27,True,41,82,13535.45,1.88,
2026-10-09 10:00:06.820342+05:30,NIFTY,2026-10-13,True,41,82,22460.95,1.84,
2026-10-09 10:00:08.672895+05:30,NIFTY,2026-10-19,True,41,82,22460.7,1.85,
2026-10-09 10:00:10.575540+05:30,NIFTY,2026-10-27,True,41,82,22460.75,1.9,
2026-10-09 10:00:12.935818+05:30,BANKNIFTY,2026-10-27,True,41,82,55157.25,2.36,
2026-10-09 10:00:14.823914+05:30,BANKNIFTY,2026-11-23,True,41,82,55153.3,1.89,
2026-10-09 10:00:16.708032+05:30,SENSEX,2026-10-15,True,41,82,72273.51,1.88,
2026-10-09 10:00:18.567000+05:30,SENSEX,2026-10-22,True,41,80,72275.79,1.86,
2026-10-09 10:00:20.462568+05:30,FINNIFTY,2026-10-27,True,41,82,24928.9,1.89,
2026-10-09 10:00:22.318411+05:30,MIDCPNIFTY,2026-10-27,True,41,82,13523.0,1.85,
2026-10-09 10:01:06.814181+05:30,NIFTY,2026-10-13,True,41,82,22448.75,1.83,
2026-10-09 10:01:08.665261+05:30,NIFTY,2026-10-19,True,41,82,22447.65,1.85,
2026-10-09 10:01:10.533624+05:30,NIFTY,2026-10-27,True,41,82,22446.15,1.88,
2026-10-09 10:01:12.479614+05:30,BANKNIFTY,2026-10-27,True,41,82,55148.55,1.94,
2026-10-09 10:01:14.351360+05:30,BANKNIFTY,2026-11-23,True,41,82,55148.95,1.87,
2026-10-09 10:01:16.241394+05:30,SENSEX,2026-10-15,True,41,82,72240.84,1.89,
2026-10-09 10:01:18.091353+05:30,SENSEX,2026-10-22,True,41,81,72245.76,1.85,
2026-10-09 10:01:19.980664+05:30,FINNIFTY,2026-10-27,True,41,82,24924.2,1.89,
2026-10-09 10:01:21.848740+05:30,MIDCPNIFTY,2026-10-27,True,41,82,13510.55,1.87,
2026-10-09 10:02:06.980270+05:30,NIFTY,2026-10-13,True,41,82,22448.15,2.0,
2026-10-09 10:02:08.855029+05:30,NIFTY,2026-10-19,True,41,82,22448.3,1.87,
2026-10-09 10:02:10.730889+05:30,NIFTY,2026-10-27,True,41,82,22449.5,1.87,
2026-10-09 10:02:12.638100+05:30,BANKNIFTY,2026-10-27,True,41,82,55148.15,1.91,
2026-10-09 10:02:14.543973+05:30,BANKNIFTY,2026-11-23,True,41,82,55148.3,1.92,
2026-10-09 10:02:16.404488+05:30,SENSEX,2026-10-15,True,41,82,72235.7,1.84,
2026-10-09 10:02:18.278555+05:30,SENSEX,2026-10-22,True,41,80,72240.68,1.87,
2026-10-09 10:02:20.161560+05:30,FINNIFTY,2026-10-27,True,41,82,24922.35,1.88,
2026-10-09 10:02:22.038562+05:30,MIDCPNIFTY,2026-10-27,True,41,82,13518.65,1.87,
2026-10-09 10:03:06.827562+05:30,NIFTY,2026-10-13,True,41,82,22446.25,1.85,
2026-10-09 10:03:08.713324+05:30,NIFTY,2026-10-19,True,41,82,22447.25,1.88,
2026-10-09 10:03:10.813545+05:30,NIFTY,2026-10-27,True,41,82,22447.4,2.1,
2026-10-09 10:03:12.711050+05:30,BANKNIFTY,2026-10-27,True,41,82,55158.5,1.9,
2026-10-09 10:03:14.587764+05:30,BANKNIFTY,2026-11-23,True,41,82,55157.7,1.87,
2026-10-09 10:03:16.446547+05:30,SENSEX,2026-10-15,True,41,82,72221.14,1.86,
2026-10-09 10:03:18.300711+05:30,SENSEX,2026-10-22,True,41,80,72223.92,1.85,
2026-10-09 10:03:20.153684+05:30,FINNIFTY,2026-10-27,True,41,82,24925.4,1.85,
2026-10-09 10:03:22.006630+05:30,MIDCPNIFTY,2026-10-27,True,41,82,13516.55,1.85,
2026-10-09 10:04:06.818196+05:30,NIFTY,2026-10-13,True,41,82,22462.9,1.84,
2026-10-09 10:04:08.688205+05:30,NIFTY,2026-10-19,True,41,82,22461.2,1.88,
2026-10-09 10:04:10.561356+05:30,NIFTY,2026-10-27,True,41,82,22461.0,1.86,
2026-10-09 10:04:12.471287+05:30,BANKNIFTY,2026-10-27,True,41,82,55182.9,1.91,
2026-10-09 10:04:14.345636+05:30,BANKNIFTY,2026-11-23,True,41,82,55187.6,1.87,
2026-10-09 10:04:16.204096+05:30,SENSEX,2026-10-15,True,41,82,72256.29,1.86,
2026-10-09 10:04:18.058457+05:30,SENSEX,2026-10-22,True,41,80,72256.42,1.85,
2026-10-09 10:04:19.924082+05:30,FINNIFTY,2026-10-27,True,41,82,24937.25,1.86,
2026-10-09 10:04:21.804097+05:30,MIDCPNIFTY,2026-10-27,True,41,82,13538.25,1.88,
2026-10-09 10:05:06.834349+05:30,NIFTY,2026-10-13,True,41,82,22460.6,1.85,
2026-10-09 10:05:08.728965+05:30,NIFTY,2026-10-19,True,41,82,22460.0,1.89,
2026-10-09 10:05:10.598861+05:30,NIFTY,2026-10-27,True,41,82,22460.05,1.87,
2026-10-09 10:05:12.493202+05:30,BANKNIFTY,2026-10-27,True,41,82,55169.7,1.89,
2026-10-09 10:05:14.375420+05:30,BANKNIFTY,2026-11-23,True,41,82,55175.15,1.88,
2026-10-09 10:05:16.214427+05:30,SENSEX,2026-10-15,True,41,82,72273.35,1.84,
2026-10-09 10:05:18.063635+05:30,SENSEX,2026-10-22,True,41,80,72272.57,1.85,
2026-10-09 10:05:19.939895+05:30,FINNIFTY,2026-10-27,True,41,82,24932.6,1.87,
2026-10-09 10:05:21.791856+05:30,MIDCPNIFTY,2026-10-27,True,41,82,13536.65,1.85,
2026-10-09 10:06:07.841282+05:30,NIFTY,2026-10-13,True,41,82,22460.7,2.86,
2026-10-09 10:06:09.717259+05:30,NIFTY,2026-10-19,True,41,82,22461.15,1.88,
2026-10-09 10:06:11.589400+05:30,NIFTY,2026-10-27,True,41,82,22462.25,1.86,
2026-10-09 10:06:13.474725+05:30,BANKNIFTY,2026-10-27,True,41,82,55178.25,1.88,
2026-10-09 10:06:15.390336+05:30,BANKNIFTY,2026-11-23,True,41,82,55166.35,1.91,
2026-10-09 10:06:17.244033+05:30,SENSEX,2026-10-15,True,41,82,72270.79,1.85,
2026-10-09 10:06:19.090055+05:30,SENSEX,2026-10-22,True,41,80,72274.01,1.84,
2026-10-09 10:06:20.950539+05:30,FINNIFTY,2026-10-27,True,41,82,24930.1,1.86,
2026-10-09 10:06:22.820285+05:30,MIDCPNIFTY,2026-10-27,True,41,82,13532.65,1.87,
2026-10-09 10:07:06.841518+05:30,NIFTY,2026-10-13,True,41,82,22462.95,1.86,
2026-10-09 10:07:08.691664+05:30,NIFTY,2026-10-19,True,41,82,22463.05,1.85,
2026-10-09 10:07:10.545075+05:30,NIFTY,2026-10-27,True,41,82,22463.9,1.85,
2026-10-09 10:07:12.420645+05:30,BANKNIFTY,2026-10-27,True,41,82,55168.35,1.89,
2026-10-09 10:07:14.289174+05:30,BANKNIFTY,2026-11-23,True,41,82,55169.9,1.85,
2026-10-09 10:07:16.149832+05:30,SENSEX,2026-10-15,True,41,82,72296.91,1.86,
2026-10-09 10:07:18.009434+05:30,SENSEX,2026-10-22,True,41,80,72296.71,1.86,
2026-10-09 10:07:19.857684+05:30,FINNIFTY,2026-10-27,True,41,82,24936.15,1.85,
2026-10-09 10:07:21.730799+05:30,MIDCPNIFTY,2026-10-27,True,41,82,13541.05,1.87,
2026-10-09 10:08:06.807902+05:30,NIFTY,2026-10-13,True,41,82,22474.05,1.83,
2026-10-09 10:08:08.677512+05:30,NIFTY,2026-10-19,True,41,82,22476.55,1.87,
2026-10-09 10:08:10.558931+05:30,NIFTY,2026-10-27,True,41,82,22476.05,1.88,
2026-10-09 10:08:12.453693+05:30,BANKNIFTY,2026-10-27,True,41,82,55185.3,1.89,
2026-10-09 10:08:14.337434+05:30,BANKNIFTY,2026-11-23,True,41,82,55186.65,1.89,
2026-10-09 10:08:16.225553+05:30,SENSEX,2026-10-15,True,41,82,72305.38,1.92,
2026-10-09 10:08:18.099551+05:30,SENSEX,2026-10-22,True,41,81,72305.99,1.84,
2026-10-09 10:08:19.942741+05:30,FINNIFTY,2026-10-27,True,41,82,24938.25,1.84,
2026-10-09 10:08:21.790467+05:30,MIDCPNIFTY,2026-10-27,True,41,82,13548.45,1.85,
2026-10-09 10:09:06.809158+05:30,NIFTY,2026-10-13,True,41,82,22470.9,1.83,
2026-10-09 10:09:08.679787+05:30,NIFTY,2026-10-19,True,41,82,22472.05,1.87,
2026-10-09 10:09:10.614699+05:30,NIFTY,2026-10-27,True,41,82,22474.1,1.93,
2026-10-09 10:09:12.506702+05:30,BANKNIFTY,2026-10-27,True,41,82,55176.55,1.89,
2026-10-09 10:09:14.397103+05:30,BANKNIFTY,2026-11-23,True,41,82,55176.45,1.89,
2026-10-09 10:09:16.253239+05:30,SENSEX,2026-10-15,True,41,82,72314.1,1.86,
2026-10-09 10:09:18.103810+05:30,SENSEX,2026-10-22,True,41,81,72312.74,1.85,
2026-10-09 10:09:19.958363+05:30,FINNIFTY,2026-10-27,True,41,82,24938.35,1.85,
2026-10-09 10:09:21.846077+05:30,MIDCPNIFTY,2026-10-27,True,41,82,13546.8,1.89,
2026-10-09 10:10:06.815108+05:30,NIFTY,2026-10-13,True,41,82,22482.25,1.83,
2026-10-09 10:10:08.714477+05:30,NIFTY,2026-10-19,True,41,82,22480.8,1.9,
2026-10-09 10:10:10.588885+05:30,NIFTY,2026-10-27,True,41,82,22479.05,1.87,
2026-10-09 10:10:12.468336+05:30,BANKNIFTY,2026-10-27,True,41,82,55174.45,1.88,
2026-10-09 10:10:14.353133+05:30,BANKNIFTY,2026-11-23,True,41,82,55174.35,1.88,
2026-10-09 10:10:16.218849+05:30,SENSEX,2026-10-15,True,41,82,72326.05,1.87,
2026-10-09 10:10:18.076275+05:30,SENSEX,2026-10-22,True,41,81,72324.11,1.86,
2026-10-09 10:10:19.943195+05:30,FINNIFTY,2026-10-27,True,41,82,24933.2,1.86,
2026-10-09 10:10:21.813954+05:30,MIDCPNIFTY,2026-10-27,True,41,82,13541.1,1.87,
2026-10-09 10:11:06.803648+05:30,NIFTY,2026-10-13,True,41,82,22477.35,1.82,
2026-10-09 10:11:08.672274+05:30,NIFTY,2026-10-19,True,41,82,22477.95,1.87,
2026-10-09 10:11:10.541407+05:30,NIFTY,2026-10-27,True,41,82,22480.05,1.87,
2026-10-09 10:11:12.440870+05:30,BANKNIFTY,2026-10-27,True,41,82,55190.3,1.9,
2026-10-09 10:11:14.342015+05:30,BANKNIFTY,2026-11-23,True,41,82,55203.75,1.9,
2026-10-09 10:11:16.188803+05:30,SENSEX,2026-10-15,True,41,82,72348.13,1.85,
2026-10-09 10:11:18.044187+05:30,SENSEX,2026-10-22,True,41,82,72354.51,1.85,
2026-10-09 10:11:19.923820+05:30,FINNIFTY,2026-10-27,True,41,82,24946.2,1.88,
2026-10-09 10:11:21.801977+05:30,MIDCPNIFTY,2026-10-27,True,41,82,13553.25,1.88,
2026-10-09 10:12:06.798752+05:30,NIFTY,2026-10-13,True,41,82,22489.35,1.82,
2026-10-09 10:12:08.662995+05:30,NIFTY,2026-10-19,True,41,82,22487.75,1.86,
2026-10-09 10:12:10.527632+05:30,NIFTY,2026-10-27,True,41,82,22487.55,1.86,
2026-10-09 10:12:12.393439+05:30,BANKNIFTY,2026-10-27,True,41,82,55202.5,1.86,
2026-10-09 10:12:14.275351+05:30,BANKNIFTY,2026-11-23,True,41,82,55202.45,1.88,
2026-10-09 10:12:16.129303+05:30,SENSEX,2026-10-15,True,41,82,72367.24,1.85,
2026-10-09 10:12:17.969113+05:30,SENSEX,2026-10-22,True,41,82,72370.11,1.84,
2026-10-09 10:12:19.845919+05:30,FINNIFTY,2026-10-27,True,41,82,24954.1,1.87,
2026-10-09 10:12:21.697117+05:30,MIDCPNIFTY,2026-10-27,True,41,82,13555.65,1.85,
2026-10-09 10:13:06.807618+05:30,NIFTY,2026-10-13,True,41,82,22495.65,1.83,
2026-10-09 10:13:08.690355+05:30,NIFTY,2026-10-19,True,41,82,22494.35,1.9,
2026-10-09 10:13:10.552746+05:30,NIFTY,2026-10-27,True,41,82,22492.95,1.84,
2026-10-09 10:13:12.432363+05:30,BANKNIFTY,2026-10-27,True,41,82,55212.75,1.88,
2026-10-09 10:13:14.313482+05:30,BANKNIFTY,2026-11-23,True,41,82,55208.7,1.88,
2026-10-09 10:13:16.182384+05:30,SENSEX,2026-10-15,True,41,82,72380.14,1.87,
2026-10-09 10:13:18.048231+05:30,SENSEX,2026-10-22,True,41,82,72377.65,1.86,
2026-10-09 10:13:19.907107+05:30,FINNIFTY,2026-10-27,True,41,82,24953.9,1.86,
2026-10-09 10:13:21.837469+05:30,MIDCPNIFTY,2026-10-27,True,41,82,13559.4,1.93,
2026-10-09 10:14:06.821281+05:30,NIFTY,2026-10-13,True,41,82,22489.15,1.84,
2026-10-09 10:14:08.688234+05:30,NIFTY,2026-10-19,True,41,82,22489.6,1.86,
2026-10-09 10:14:10.570894+05:30,NIFTY,2026-10-27,True,41,82,22489.85,1.88,
2026-10-09 10:14:12.437002+05:30,BANKNIFTY,2026-10-27,True,41,82,55202.95,1.86,
2026-10-09 10:14:14.890842+05:30,BANKNIFTY,2026-11-23,True,41,82,55200.3,2.45,
2026-10-09 10:14:16.765792+05:30,SENSEX,2026-10-15,True,41,82,72362.6,1.88,
2026-10-09 10:14:18.634787+05:30,SENSEX,2026-10-22,True,41,82,72357.83,1.86,
2026-10-09 10:14:20.521766+05:30,FINNIFTY,2026-10-27,True,41,82,24940.75,1.92,
2026-10-09 10:14:22.409192+05:30,MIDCPNIFTY,2026-10-27,True,41,82,13559.7,1.85,
2026-10-09 10:15:07.121002+05:30,NIFTY,2026-10-13,True,41,82,22480.2,2.14,
2026-10-09 10:15:08.980993+05:30,NIFTY,2026-10-19,True,41,82,22481.75,1.86,
2026-10-09 10:15:10.826776+05:30,NIFTY,2026-10-27,True,41,82,22481.6,1.85,
2026-10-09 10:15:12.737195+05:30,BANKNIFTY,2026-10-27,True,41,82,55185.6,1.91,
2026-10-09 10:15:14.626784+05:30,BANKNIFTY,2026-11-23,True,41,82,55191.3,1.89,
2026-10-09 10:15:17.489455+05:30,SENSEX,2026-10-15,True,41,82,72333.4,2.86,
2026-10-09 10:15:19.352181+05:30,SENSEX,2026-10-22,True,41,82,72336.55,1.86,
2026-10-09 10:15:21.213735+05:30,FINNIFTY,2026-10-27,True,41,82,24926.7,1.86,
2026-10-09 10:15:23.060012+05:30,MIDCPNIFTY,2026-10-27,True,41,82,13542.8,1.84,
2026-10-09 10:16:06.809655+05:30,NIFTY,2026-10-13,True,41,82,22472.6,1.83,
2026-10-09 10:16:08.677627+05:30,NIFTY,2026-10-19,True,41,82,22473.4,1.87,
2026-10-09 10:16:10.572526+05:30,NIFTY,2026-10-27,True,41,82,22473.65,1.89,
2026-10-09 10:16:12.442010+05:30,BANKNIFTY,2026-10-27,True,41,82,55129.6,1.87,
2026-10-09 10:16:14.324006+05:30,BANKNIFTY,2026-11-23,True,41,82,55127.6,1.88,
2026-10-09 10:16:16.208885+05:30,SENSEX,2026-10-15,True,41,82,72314.05,1.89,
2026-10-09 10:16:18.070414+05:30,SENSEX,2026-10-22,True,41,82,72310.77,1.86,
2026-10-09 10:16:19.923259+05:30,FINNIFTY,2026-10-27,True,41,82,24920.75,1.85,
2026-10-09 10:16:21.783329+05:30,MIDCPNIFTY,2026-10-27,True,41,82,13542.75,1.86,
2026-10-09 10:17:06.830849+05:30,NIFTY,2026-10-13,True,41,82,22470.45,1.85,
2026-10-09 10:17:08.700807+05:30,NIFTY,2026-10-19,True,41,82,22470.9,1.87,
2026-10-09 10:17:10.770308+05:30,NIFTY,2026-10-27,True,41,82,22472.6,2.07,
2026-10-09 10:17:12.644766+05:30,BANKNIFTY,2026-10-27,True,41,82,55144.8,1.87,
2026-10-09 10:17:14.533199+05:30,BANKNIFTY,2026-11-23,True,41,82,55144.2,1.89,
2026-10-09 10:17:16.392067+05:30,SENSEX,2026-10-15,True,41,82,72318.63,1.86,
2026-10-09 10:17:18.245623+05:30,SENSEX,2026-10-22,True,41,82,72319.89,1.85,
2026-10-09 10:17:20.097332+05:30,FINNIFTY,2026-10-27,True,41,82,24926.1,1.85,
2026-10-09 10:17:21.947558+05:30,MIDCPNIFTY,2026-10-27,True,41,82,13546.1,1.85,
2026-10-09 10:18:06.819943+05:30,NIFTY,2026-10-13,True,41,82,22462.65,1.84,
2026-10-09 10:18:08.697957+05:30,NIFTY,2026-10-19,True,41,82,22462.8,1.9,
2026-10-09 10:18:10.568063+05:30,NIFTY,2026-10-27,True,41,82,22463.55,1.84,
2026-10-09 10:18:12.452541+05:30,BANKNIFTY,2026-10-27,True,41,82,55126.95,1.88,
2026-10-09 10:18:14.349155+05:30,BANKNIFTY,2026-11-23,True,41,82,55125.65,1.89,
2026-10-09 10:18:16.204788+05:30,SENSEX,2026-10-15,True,41,82,72312.49,1.86,
2026-10-09 10:18:18.065032+05:30,SENSEX,2026-10-22,True,41,82,72307.97,1.86,
2026-10-09 10:18:19.939272+05:30,FINNIFTY,2026-10-27,True,41,82,24919.65,1.87,
2026-10-09 10:18:21.821875+05:30,MIDCPNIFTY,2026-10-27,True,41,82,13536.3,1.88,
2026-10-09 10:19:06.830330+05:30,NIFTY,2026-10-13,True,41,82,22466.9,1.85,
2026-10-09 10:19:08.683040+05:30,NIFTY,2026-10-19,True,41,82,22467.8,1.85,
2026-10-09 10:19:10.765083+05:30,NIFTY,2026-10-27,True,41,82,22469.15,2.08,
2026-10-09 10:19:12.655444+05:30,BANKNIFTY,2026-10-27,True,41,82,55132.45,1.89,
2026-10-09 10:19:14.505283+05:30,BANKNIFTY,2026-11-23,True,41,82,55135.3,1.85,
2026-10-09 10:19:16.342664+05:30,SENSEX,2026-10-15,True,41,82,72305.15,1.84,
2026-10-09 10:19:18.191277+05:30,SENSEX,2026-10-22,True,41,82,72304.37,1.85,
2026-10-09 10:19:20.070904+05:30,FINNIFTY,2026-10-27,True,41,82,24919.8,1.88,
2026-10-09 10:19:21.933362+05:30,MIDCPNIFTY,2026-10-27,True,41,82,13544.85,1.86,
2026-10-09 10:20:06.812287+05:30,NIFTY,2026-10-13,True,41,82,22469.9,1.83,
2026-10-09 10:20:08.702611+05:30,NIFTY,2026-10-19,True,41,82,22469.2,1.91,
2026-10-09 10:20:10.616818+05:30,NIFTY,2026-10-27,True,41,82,22469.5,1.89,
2026-10-09 10:20:12.498187+05:30,BANKNIFTY,2026-10-27,True,41,82,55133.85,1.88,
2026-10-09 10:20:14.363702+05:30,BANKNIFTY,2026-11-23,True,41,82,55136.9,1.86,
2026-10-09 10:20:16.213550+05:30,SENSEX,2026-10-15,True,41,82,72314.48,1.85,
2026-10-09 10:20:18.070415+05:30,SENSEX,2026-10-22,True,41,82,72313.79,1.86,
2026-10-09 10:20:19.932302+05:30,FINNIFTY,2026-10-27,True,41,82,24921.65,1.86,
2026-10-09 10:20:22.855614+05:30,MIDCPNIFTY,2026-10-27,True,41,82,13543.95,2.95,
2026-10-09 10:21:06.805420+05:30,NIFTY,2026-10-13,True,41,82,22475.0,1.83,
2026-10-09 10:21:08.697078+05:30,NIFTY,2026-10-19,True,41,82,22473.95,1.89,
2026-10-09 10:21:10.586203+05:30,NIFTY,2026-10-27,True,41,82,22473.9,1.89,
2026-10-09 10:21:12.456326+05:30,BANKNIFTY,2026-10-27,True,41,82,55136.6,1.87,
2026-10-09 10:21:14.343757+05:30,BANKNIFTY,2026-11-23,True,41,81,55137.35,1.89,
2026-10-09 10:21:16.587934+05:30,SENSEX,2026-10-15,True,41,82,72326.24,2.24,
2026-10-09 10:21:18.246546+05:30,SENSEX,2026-10-22,True,41,82,72326.35,1.66,
2026-10-09 10:21:19.870691+05:30,FINNIFTY,2026-10-27,True,41,82,24927.1,1.62,
2026-10-09 10:21:21.513273+05:30,MIDCPNIFTY,2026-10-27,True,41,82,13546.65,1.64,
2026-10-09 10:22:06.578793+05:30,NIFTY,2026-10-13,True,41,82,22475.0,1.6,
2026-10-09 10:22:08.224973+05:30,NIFTY,2026-10-19,True,41,82,22474.9,1.64,
2026-10-09 10:22:09.857345+05:30,NIFTY,2026-10-27,True,41,82,22474.65,1.63,
2026-10-09 10:22:11.485509+05:30,BANKNIFTY,2026-10-27,True,41,82,55126.85,1.63,
2026-10-09 10:22:13.122313+05:30,BANKNIFTY,2026-11-23,True,41,82,55123.15,1.63,
2026-10-09 10:22:14.740465+05:30,SENSEX,2026-10-15,True,41,82,72329.36,1.62,
2026-10-09 10:22:16.386699+05:30,SENSEX,2026-10-22,True,41,82,72323.62,1.64,
2026-10-09 10:22:18.016919+05:30,FINNIFTY,2026-10-27,True,41,82,24927.3,1.63,
2026-10-09 10:22:19.720910+05:30,MIDCPNIFTY,2026-10-27,True,41,82,13546.85,1.7,
2026-10-09 10:23:07.650992+05:30,NIFTY,2026-10-13,True,41,82,22484.9,2.67,
2026-10-09 10:23:09.293920+05:30,NIFTY,2026-10-19,True,41,82,22487.2,1.64,
2026-10-09 10:23:10.928833+05:30,NIFTY,2026-10-27,True,41,82,22485.75,1.63,
2026-10-09 10:23:12.673019+05:30,BANKNIFTY,2026-10-27,True,41,82,55147.5,1.74,
2026-10-09 10:23:14.336938+05:30,BANKNIFTY,2026-11-23,True,41,82,55145.9,1.66,
2026-10-09 10:23:15.958213+05:30,SENSEX,2026-10-15,True,41,82,72356.86,1.62,
2026-10-09 10:23:17.585473+05:30,SENSEX,2026-10-22,True,41,82,72357.68,1.63,
2026-10-09 10:23:19.202930+05:30,FINNIFTY,2026-10-27,True,41,82,24935.8,1.62,
2026-10-09 10:23:20.824391+05:30,MIDCPNIFTY,2026-10-27,True,41,82,13560.85,1.62,
2026-10-09 10:24:06.629926+05:30,NIFTY,2026-10-13,True,41,82,22486.7,1.65,
2026-10-09 10:24:08.272756+05:30,NIFTY,2026-10-19,True,41,82,22487.4,1.64,
2026-10-09 10:24:09.906396+05:30,NIFTY,2026-10-27,True,41,82,22485.7,1.63,
2026-10-09 10:24:11.530548+05:30,BANKNIFTY,2026-10-27,True,41,82,55156.35,1.62,
2026-10-09 10:24:13.163129+05:30,BANKNIFTY,2026-11-23,True,41,82,55161.05,1.63,
2026-10-09 10:24:14.790522+05:30,SENSEX,2026-10-15,True,41,82,72357.67,1.63,
2026-10-09 10:24:16.422019+05:30,SENSEX,2026-10-22,True,41,82,72357.36,1.63,
2026-10-09 10:24:18.065324+05:30,FINNIFTY,2026-10-27,True,41,82,24938.2,1.64,
2026-10-09 10:24:19.702503+05:30,MIDCPNIFTY,2026-10-27,True,41,82,13560.5,1.64,
2026-10-09 10:25:06.588309+05:30,NIFTY,2026-10-13,True,41,82,22488.8,1.61,
2026-10-09 10:25:09.369368+05:30,NIFTY,2026-10-19,True,41,82,22489.25,2.78,
2026-10-09 10:25:11.032675+05:30,NIFTY,2026-10-27,True,41,82,22488.1,1.66,
2026-10-09 10:25:13.698918+05:30,BANKNIFTY,2026-10-27,True,41,82,55163.05,2.66,
2026-10-09 10:25:15.344478+05:30,BANKNIFTY,2026-11-23,True,41,82,55167.15,1.64,
2026-10-09 10:25:16.979879+05:30,SENSEX,2026-10-15,True,41,82,72345.81,1.64,
2026-10-09 10:25:19.260778+05:30,SENSEX,2026-10-22,True,41,82,72348.62,2.28,
2026-10-09 10:25:21.910502+05:30,FINNIFTY,2026-10-27,True,41,82,24946.75,2.65,
2026-10-09 10:25:23.548097+05:30,MIDCPNIFTY,2026-10-27,True,41,82,13566.5,1.64,
2026-10-09 10:26:06.576073+05:30,NIFTY,2026-10-13,True,41,82,22495.35,1.6,
2026-10-09 10:26:08.229438+05:30,NIFTY,2026-10-19,True,41,82,22495.25,1.65,
2026-10-09 10:26:09.862062+05:30,NIFTY,2026-10-27,True,41,82,22495.45,1.63,
2026-10-09 10:26:11.500159+05:30,BANKNIFTY,2026-10-27,True,41,82,55176.15,1.63,
2026-10-09 10:26:13.142527+05:30,BANKNIFTY,2026-11-23,True,41,82,55176.5,1.64,
2026-10-09 10:26:14.769547+05:30,SENSEX,2026-10-15,True,41,82,72381.13,1.63,
2026-10-09 10:26:16.408028+05:30,SENSEX,2026-10-22,True,41,82,72380.53,1.64,
2026-10-09 10:26:18.043011+05:30,FINNIFTY,2026-10-27,True,41,82,24949.5,1.63,
2026-10-09 10:26:19.720671+05:30,MIDCPNIFTY,2026-10-27,True,41,82,13568.65,1.68,
2026-10-09 10:27:06.596287+05:30,NIFTY,2026-10-13,True,41,82,22489.55,1.62,
2026-10-09 10:27:08.227208+05:30,NIFTY,2026-10-19,True,41,82,22489.85,1.63,
2026-10-09 10:27:09.880388+05:30,NIFTY,2026-10-27,True,41,82,22489.65,1.65,
2026-10-09 10:27:11.537370+05:30,BANKNIFTY,2026-10-27,True,41,82,55162.2,1.65,
2026-10-09 10:27:13.182004+05:30,BANKNIFTY,2026-11-23,True,41,82,55165.85,1.64,
2026-10-09 10:27:14.818402+05:30,SENSEX,2026-10-15,True,41,82,72372.5,1.64,
2026-10-09 10:27:16.448621+05:30,SENSEX,2026-10-22,True,41,82,72370.79,1.63,
2026-10-09 10:27:18.085857+05:30,FINNIFTY,2026-10-27,True,41,82,24946.55,1.63,
2026-10-09 10:27:19.701031+05:30,MIDCPNIFTY,2026-10-27,True,41,82,13571.05,1.61,
2026-10-09 10:28:06.592297+05:30,NIFTY,2026-10-13,True,41,82,22498.15,1.61,
2026-10-09 10:28:08.231323+05:30,NIFTY,2026-10-19,True,41,82,22498.5,1.64,
2026-10-09 10:28:09.879073+05:30,NIFTY,2026-10-27,True,41,82,22498.55,1.64,
2026-10-09 10:28:11.523916+05:30,BANKNIFTY,2026-10-27,True,41,82,55173.6,1.64,
2026-10-09 10:28:13.175061+05:30,BANKNIFTY,2026-11-23,True,41,82,55176.35,1.65,
2026-10-09 10:28:14.822508+05:30,SENSEX,2026-10-15,True,41,82,72385.58,1.65,
2026-10-09 10:28:16.465275+05:30,SENSEX,2026-10-22,True,41,82,72386.15,1.64,
2026-10-09 10:28:18.104897+05:30,FINNIFTY,2026-10-27,True,41,82,24946.3,1.64,
2026-10-09 10:28:19.741875+05:30,MIDCPNIFTY,2026-10-27,True,41,82,13570.95,1.64,
2026-10-09 10:29:06.565298+05:30,NIFTY,2026-10-13,True,41,82,22507.85,1.59,
2026-10-09 10:29:08.269051+05:30,NIFTY,2026-10-19,True,41,82,22508.5,1.7,
2026-10-09 10:29:09.911296+05:30,NIFTY,2026-10-27,True,41,82,22508.25,1.64,
2026-10-09 10:29:11.564673+05:30,BANKNIFTY,2026-10-27,True,41,82,55201.3,1.65,
2026-10-09 10:29:13.203051+05:30,BANKNIFTY,2026-11-23,True,41,82,55203.3,1.64,
2026-10-09 10:29:14.840443+05:30,SENSEX,2026-10-15,True,41,82,72430.22,1.64,
2026-10-09 10:29:16.485445+05:30,SENSEX,2026-10-22,True,41,82,72435.29,1.64,
2026-10-09 10:29:18.136051+05:30,FINNIFTY,2026-10-27,True,41,82,24960.75,1.65,
2026-10-09 10:29:19.775779+05:30,MIDCPNIFTY,2026-10-27,True,41,82,13576.15,1.64,
2026-10-09 10:30:07.720769+05:30,NIFTY,2026-10-13,True,41,82,22504.45,2.74,
2026-10-09 10:30:09.365181+05:30,NIFTY,2026-10-19,True,41,82,22502.9,1.64,
2026-10-09 10:30:11.050489+05:30,NIFTY,2026-10-27,True,41,82,22504.05,1.69,
2026-10-09 10:30:12.710970+05:30,BANKNIFTY,2026-10-27,True,41,82,55197.75,1.66,
2026-10-09 10:30:14.373552+05:30,BANKNIFTY,2026-11-23,True,41,82,55194.35,1.66,
2026-10-09 10:30:16.037229+05:30,SENSEX,2026-10-15,True,41,82,72419.15,1.66,
2026-10-09 10:30:17.687698+05:30,SENSEX,2026-10-22,True,41,82,72418.51,1.65,
2026-10-09 10:30:19.381719+05:30,FINNIFTY,2026-10-27,True,41,82,24948.95,1.69,
2026-10-09 10:30:21.037109+05:30,MIDCPNIFTY,2026-10-27,True,41,82,13573.5,1.65,
2026-10-09 10:31:06.602362+05:30,NIFTY,2026-10-13,True,41,82,22493.95,1.62,
2026-10-09 10:31:09.267635+05:30,NIFTY,2026-10-19,True,41,82,22494.35,2.66,
2026-10-09 10:31:10.960316+05:30,NIFTY,2026-10-27,True,41,82,22494.7,1.69,
2026-10-09 10:31:12.698934+05:30,BANKNIFTY,2026-10-27,True,41,82,55165.6,1.74,
2026-10-09 10:31:14.372113+05:30,BANKNIFTY,2026-11-23,True,41,82,55170.85,1.67,
2026-10-09 10:31:16.024444+05:30,SENSEX,2026-10-15,True,41,82,72398.58,1.65,
2026-10-09 10:31:05.000154+05:30,SENSEX,2026-10-22,False,,,,0.81,"('Connection aborted.', RemoteDisconnected('Remote end closed connection without response'))"
2026-10-09 10:31:19.349629+05:30,FINNIFTY,2026-10-27,True,41,82,24929.85,2.51,
2026-10-09 10:31:21.218390+05:30,MIDCPNIFTY,2026-10-27,True,41,82,13567.15,1.87,
2026-10-09 10:32:06.805053+05:30,NIFTY,2026-10-13,True,41,82,22488.65,1.83,
2026-10-09 10:32:08.661133+05:30,NIFTY,2026-10-19,True,41,82,22489.45,1.85,
2026-10-09 10:32:10.545366+05:30,NIFTY,2026-10-27,True,41,82,22489.1,1.9,
2026-10-09 10:32:12.404687+05:30,BANKNIFTY,2026-10-27,True,41,82,55161.45,1.84,
2026-10-09 10:32:15.282256+05:30,BANKNIFTY,2026-11-23,True,41,82,55159.55,2.88,
2026-10-09 10:32:17.157691+05:30,SENSEX,2026-10-15,True,41,82,72375.44,1.88,
2026-10-09 10:32:19.019266+05:30,SENSEX,2026-10-22,True,41,82,72373.4,1.86,
2026-10-09 10:32:20.869666+05:30,FINNIFTY,2026-10-27,True,41,82,24925.65,1.85,
2026-10-09 10:32:22.741525+05:30,MIDCPNIFTY,2026-10-27,True,41,82,13560.5,1.87,
2026-10-09 10:33:06.839773+05:30,NIFTY,2026-10-13,True,41,82,22490.25,1.86,
2026-10-09 10:33:08.762363+05:30,NIFTY,2026-10-19,True,41,82,22490.0,1.92,
2026-10-09 10:33:10.626105+05:30,NIFTY,2026-10-27,True,41,82,22488.85,1.88,
2026-10-09 10:33:12.494656+05:30,BANKNIFTY,2026-10-27,True,41,82,55167.35,1.85,
2026-10-09 10:33:14.375648+05:30,BANKNIFTY,2026-11-23,True,41,82,55161.05,1.88,
2026-10-09 10:33:16.248101+05:30,SENSEX,2026-10-15,True,41,82,72373.77,1.87,
2026-10-09 10:33:18.131654+05:30,SENSEX,2026-10-22,True,41,82,72375.82,1.88,
2026-10-09 10:33:20.013774+05:30,FINNIFTY,2026-10-27,True,41,82,24925.35,1.88,
2026-10-09 10:33:21.888806+05:30,MIDCPNIFTY,2026-10-27,True,41,82,13562.15,1.87,
2026-10-09 10:34:06.799344+05:30,NIFTY,2026-10-13,True,41,82,22492.05,1.82,
2026-10-09 10:34:08.671567+05:30,NIFTY,2026-10-19,True,41,82,22492.3,1.87,
2026-10-09 10:34:10.548293+05:30,NIFTY,2026-10-27,True,41,82,22490.7,1.88,
2026-10-09 10:34:12.443159+05:30,BANKNIFTY,2026-10-27,True,41,82,55167.95,1.91,
2026-10-09 10:34:14.317888+05:30,BANKNIFTY,2026-11-23,True,41,82,55167.1,1.85,
2026-10-09 10:34:16.180760+05:30,SENSEX,2026-10-15,True,41,82,72384.69,1.86,
2026-10-09 10:34:18.039140+05:30,SENSEX,2026-10-22,True,41,82,72385.19,1.86,
2026-10-09 10:34:19.952079+05:30,FINNIFTY,2026-10-27,True,41,82,24933.85,1.91,
2026-10-09 10:34:21.824236+05:30,MIDCPNIFTY,2026-10-27,True,41,82,13563.45,1.87,
2026-10-09 10:35:06.803328+05:30,NIFTY,2026-10-13,True,41,82,22494.35,1.82,
2026-10-09 10:35:08.672613+05:30,NIFTY,2026-10-19,True,41,82,22496.0,1.87,
2026-10-09 10:35:10.534547+05:30,NIFTY,2026-10-27,True,41,82,22496.8,1.86,
2026-10-09 10:35:12.422223+05:30,BANKNIFTY,2026-10-27,True,41,82,55162.65,1.88,
2026-10-09 10:35:14.325534+05:30,BANKNIFTY,2026-11-23,True,41,82,55162.95,1.9,
2026-10-09 10:35:16.184228+05:30,SENSEX,2026-10-15,True,41,82,72403.41,1.86,
2026-10-09 10:35:18.043284+05:30,SENSEX,2026-10-22,True,41,81,72403.27,1.86,
2026-10-09 10:35:19.914631+05:30,FINNIFTY,2026-10-27,True,41,82,24930.35,1.87,
2026-10-09 10:35:21.794844+05:30,MIDCPNIFTY,2026-10-27,True,41,82,13564.7,1.88,
2026-10-09 10:36:08.867719+05:30,NIFTY,2026-10-13,True,41,82,22495.85,3.89,
2026-10-09 10:36:10.753642+05:30,NIFTY,2026-10-19,True,41,82,22493.4,1.88,
2026-10-09 10:36:12.621419+05:30,NIFTY,2026-10-27,True,41,82,22493.35,1.87,
2026-10-09 10:36:14.489839+05:30,BANKNIFTY,2026-10-27,True,41,82,55149.4,1.87,
2026-10-09 10:36:16.376048+05:30,BANKNIFTY,2026-11-23,True,41,82,55146.9,1.88,
2026-10-09 10:36:18.852492+05:30,SENSEX,2026-10-15,True,41,82,72402.3,2.48,
2026-10-09 10:36:20.706463+05:30,SENSEX,2026-10-22,True,41,82,72403.97,1.85,
2026-10-09 10:36:22.588692+05:30,FINNIFTY,2026-10-27,True,41,82,24924.55,1.88,
2026-10-09 10:36:24.888387+05:30,MIDCPNIFTY,2026-10-27,True,41,82,13563.5,2.3,
2026-10-09 10:37:06.834404+05:30,NIFTY,2026-10-13,True,41,82,22491.1,1.86,
2026-10-09 10:37:08.698972+05:30,NIFTY,2026-10-19,True,41,82,22491.45,1.86,
2026-10-09 10:37:10.565327+05:30,NIFTY,2026-10-27,True,41,82,22490.95,1.88,
2026-10-09 10:37:12.458424+05:30,BANKNIFTY,2026-10-27,True,41,82,55164.85,1.87,
2026-10-09 10:37:14.343746+05:30,BANKNIFTY,2026-11-23,True,41,82,55162.95,1.88,
2026-10-09 10:37:16.213557+05:30,SENSEX,2026-10-15,True,41,82,72386.4,1.87,
2026-10-09 10:37:18.065704+05:30,SENSEX,2026-10-22,True,41,82,72385.95,1.85,
2026-10-09 10:37:19.934160+05:30,FINNIFTY,2026-10-27,True,41,82,24926.45,1.87,
2026-10-09 10:37:21.782924+05:30,MIDCPNIFTY,2026-10-27,True,41,82,13566.0,1.85,
2026-10-09 10:38:06.804988+05:30,NIFTY,2026-10-13,True,41,82,22489.15,1.83,
2026-10-09 10:38:08.814293+05:30,NIFTY,2026-10-19,True,41,82,22489.4,2.01,
2026-10-09 10:38:10.690506+05:30,NIFTY,2026-10-27,True,41,82,22488.45,1.88,
2026-10-09 10:38:12.572999+05:30,BANKNIFTY,2026-10-27,True,41,82,55167.15,1.88,
2026-10-09 10:38:14.502515+05:30,BANKNIFTY,2026-11-23,True,41,82,55165.1,1.93,
2026-10-09 10:38:16.358230+05:30,SENSEX,2026-10-15,True,41,82,72379.03,1.86,
2026-10-09 10:38:18.223785+05:30,SENSEX,2026-10-22,True,41,82,72378.55,1.86,
2026-10-09 10:38:20.092310+05:30,FINNIFTY,2026-10-27,True,41,82,24925.0,1.87,
2026-10-09 10:38:21.960566+05:30,MIDCPNIFTY,2026-10-27,True,41,82,13559.05,1.87,
2026-10-09 10:39:07.347779+05:30,NIFTY,2026-10-13,True,41,82,22478.65,2.37,
2026-10-09 10:39:09.212197+05:30,NIFTY,2026-10-19,True,41,82,22477.9,1.86,
2026-10-09 10:39:11.097199+05:30,NIFTY,2026-10-27,True,41,82,22477.8,1.88,
2026-10-09 10:39:12.965559+05:30,BANKNIFTY,2026-10-27,True,41,82,55161.15,1.87,
2026-10-09 10:39:14.923025+05:30,BANKNIFTY,2026-11-23,True,41,82,55159.55,1.96,
2026-10-09 10:39:16.791633+05:30,SENSEX,2026-10-15,True,41,82,72351.97,1.87,
2026-10-09 10:39:18.649464+05:30,SENSEX,2026-10-22,True,41,82,72354.76,1.86,
2026-10-09 10:39:21.560463+05:30,FINNIFTY,2026-10-27,True,41,82,24920.05,2.91,
2026-10-09 10:39:23.427907+05:30,MIDCPNIFTY,2026-10-27,True,41,82,13549.15,1.87,
2026-10-09 10:40:06.813757+05:30,NIFTY,2026-10-13,True,41,82,22474.85,1.83,
2026-10-09 10:40:08.668541+05:30,NIFTY,2026-10-19,True,41,82,22475.35,1.85,
2026-10-09 10:40:10.532321+05:30,NIFTY,2026-10-27,True,41,82,22475.95,1.86,
2026-10-09 10:40:12.404294+05:30,BANKNIFTY,2026-10-27,True,41,82,55155.45,1.87,
2026-10-09 10:40:14.299136+05:30,BANKNIFTY,2026-11-23,True,41,82,55158.65,1.89,
2026-10-09 10:40:16.143085+05:30,SENSEX,2026-10-15,True,41,82,72343.72,1.84,
2026-10-09 10:40:17.969852+05:30,SENSEX,2026-10-22,True,41,82,72347.96,1.82,
2026-10-09 10:40:19.828111+05:30,FINNIFTY,2026-10-27,True,41,82,24923.65,1.86,
2026-10-09 10:40:21.666574+05:30,MIDCPNIFTY,2026-10-27,True,41,82,13555.25,1.84,
2026-10-09 10:41:06.821208+05:30,NIFTY,2026-10-13,True,41,82,22481.05,1.84,
2026-10-09 10:41:08.672339+05:30,NIFTY,2026-10-19,True,41,82,22478.9,1.85,
2026-10-09 10:41:10.550055+05:30,NIFTY,2026-10-27,True,41,82,22478.1,1.88,
2026-10-09 10:41:12.423101+05:30,BANKNIFTY,2026-10-27,True,41,82,55170.5,1.87,
2026-10-09 10:41:14.284834+05:30,BANKNIFTY,2026-11-23,True,41,82,55173.25,1.86,
2026-10-09 10:41:16.127186+05:30,SENSEX,2026-10-15,True,41,82,72358.89,1.84,
2026-10-09 10:41:17.967892+05:30,SENSEX,2026-10-22,True,41,82,72355.72,1.84,
2026-10-09 10:41:19.831098+05:30,FINNIFTY,2026-10-27,True,41,82,24926.15,1.86,
2026-10-09 10:41:21.686470+05:30,MIDCPNIFTY,2026-10-27,True,41,82,13552.1,1.85,
2026-10-09 10:42:06.797722+05:30,NIFTY,2026-10-13,True,41,82,22483.65,1.82,
2026-10-09 10:42:08.649232+05:30,NIFTY,2026-10-19,True,41,82,22484.3,1.85,
2026-10-09 10:42:10.505957+05:30,NIFTY,2026-10-27,True,41,82,22484.7,1.86,
2026-10-09 10:42:12.380797+05:30,BANKNIFTY,2026-10-27,True,41,82,55182.5,1.88,
2026-10-09 10:42:14.249276+05:30,BANKNIFTY,2026-11-23,True,41,82,55182.6,1.86,
2026-10-09 10:42:16.106886+05:30,SENSEX,2026-10-15,True,41,82,72367.93,1.86,
2026-10-09 10:42:17.941516+05:30,SENSEX,2026-10-22,True,41,82,72368.5,1.83,
2026-10-09 10:42:19.804236+05:30,FINNIFTY,2026-10-27,True,41,82,24931.95,1.86,
2026-10-09 10:42:21.668965+05:30,MIDCPNIFTY,2026-10-27,True,41,82,13565.0,1.86,
2026-10-09 10:43:07.835339+05:30,NIFTY,2026-10-13,True,41,82,22488.4,2.86,
2026-10-09 10:43:09.696926+05:30,NIFTY,2026-10-19,True,41,82,22488.9,1.86,
2026-10-09 10:43:11.555530+05:30,NIFTY,2026-10-27,True,41,82,22488.6,1.86,
2026-10-09 10:43:13.441694+05:30,BANKNIFTY,2026-10-27,True,41,82,55182.25,1.88,
2026-10-09 10:43:15.300561+05:30,BANKNIFTY,2026-11-23,True,41,82,55182.0,1.86,
2026-10-09 10:43:17.150360+05:30,SENSEX,2026-10-15,True,41,82,72378.76,1.85,
2026-10-09 10:43:18.995729+05:30,SENSEX,2026-10-22,True,41,82,72375.85,1.84,
2026-10-09 10:43:20.844694+05:30,FINNIFTY,2026-10-27,True,41,82,24937.7,1.85,
2026-10-09 10:43:22.689966+05:30,MIDCPNIFTY,2026-10-27,True,41,82,13567.75,1.84,
2026-10-09 10:44:06.795344+05:30,NIFTY,2026-10-13,True,41,82,22498.65,1.81,
2026-10-09 10:44:08.647283+05:30,NIFTY,2026-10-19,True,41,82,22499.05,1.85,
2026-10-09 10:44:10.501915+05:30,NIFTY,2026-10-27,True,41,82,22498.85,1.86,
2026-10-09 10:44:12.356711+05:30,BANKNIFTY,2026-10-27,True,41,82,55181.35,1.85,
2026-10-09 10:44:14.215032+05:30,BANKNIFTY,2026-11-23,True,41,82,55180.65,1.86,
2026-10-09 10:44:16.095667+05:30,SENSEX,2026-10-15,True,41,82,72402.74,1.88,
2026-10-09 10:44:17.944662+05:30,SENSEX,2026-10-22,True,41,81,72401.48,1.85,
2026-10-09 10:44:19.806480+05:30,FINNIFTY,2026-10-27,True,41,82,24941.9,1.86,
2026-10-09 10:44:21.678146+05:30,MIDCPNIFTY,2026-10-27,True,41,82,13570.2,1.87,
2026-10-09 10:45:06.877385+05:30,NIFTY,2026-10-13,True,41,82,22501.7,1.9,
2026-10-09 10:45:08.734427+05:30,NIFTY,2026-10-19,True,41,82,22501.45,1.86,
2026-10-09 10:45:10.603106+05:30,NIFTY,2026-10-27,True,41,82,22501.75,1.87,
2026-10-09 10:45:12.490754+05:30,BANKNIFTY,2026-10-27,True,41,82,55193.9,1.88,
2026-10-09 10:45:14.377292+05:30,BANKNIFTY,2026-11-23,True,41,82,55186.0,1.88,
2026-10-09 10:45:16.237764+05:30,SENSEX,2026-10-15,True,41,82,72414.18,1.86,
2026-10-09 10:45:18.087168+05:30,SENSEX,2026-10-22,True,41,82,72407.67,1.85,
2026-10-09 10:45:19.929479+05:30,FINNIFTY,2026-10-27,True,41,82,24936.35,1.84,
2026-10-09 10:45:21.776505+05:30,MIDCPNIFTY,2026-10-27,True,41,82,13563.45,1.85,
2026-10-09 10:46:07.484771+05:30,NIFTY,2026-10-13,True,41,82,22496.8,2.5,
2026-10-09 10:46:09.359076+05:30,NIFTY,2026-10-19,True,41,82,22496.9,1.98,
2026-10-09 10:46:11.296564+05:30,NIFTY,2026-10-27,True,41,82,22496.65,1.83,
2026-10-09 10:46:13.151746+05:30,BANKNIFTY,2026-10-27,True,41,82,55168.6,1.87,
2026-10-09 10:46:15.007169+05:30,BANKNIFTY,2026-11-23,True,41,82,55166.55,1.83,
2026-10-09 10:46:16.846661+05:30,SENSEX,2026-10-15,True,41,82,72406.07,1.84,
2026-10-09 10:46:18.693441+05:30,SENSEX,2026-10-22,True,41,82,72404.56,1.85,
2026-10-09 10:46:20.556524+05:30,FINNIFTY,2026-10-27,True,41,82,24935.65,1.86,
2026-10-09 10:46:22.448287+05:30,MIDCPNIFTY,2026-10-27,True,41,82,13564.95,1.89,
2026-10-09 10:47:06.801762+05:30,NIFTY,2026-10-13,True,41,82,22493.65,1.82,
2026-10-09 10:47:08.675751+05:30,NIFTY,2026-10-19,True,41,82,22493.8,1.87,
2026-10-09 10:47:10.531351+05:30,NIFTY,2026-10-27,True,41,82,22492.95,1.86,
2026-10-09 10:47:12.397822+05:30,BANKNIFTY,2026-10-27,True,41,82,55146.1,1.86,
2026-10-09 10:47:14.273536+05:30,BANKNIFTY,2026-11-23,True,41,82,55140.8,1.87,
2026-10-09 10:47:16.127394+05:30,SENSEX,2026-10-15,True,41,82,72393.16,1.85,
2026-10-09 10:47:17.972131+05:30,SENSEX,2026-10-22,True,41,82,72390.65,1.84,
2026-10-09 10:47:19.823360+05:30,FINNIFTY,2026-10-27,True,41,82,24922.05,1.85,
2026-10-09 10:47:21.677966+05:30,MIDCPNIFTY,2026-10-27,True,41,82,13557.1,1.85,
2026-10-09 10:48:06.792792+05:30,NIFTY,2026-10-13,True,41,82,22492.45,1.81,
2026-10-09 10:48:08.640895+05:30,NIFTY,2026-10-19,True,41,82,22493.1,1.85,
2026-10-09 10:48:10.506762+05:30,NIFTY,2026-10-27,True,41,82,22492.4,1.87,
2026-10-09 10:48:12.379497+05:30,BANKNIFTY,2026-10-27,True,41,82,55159.15,1.87,
2026-10-09 10:48:14.255085+05:30,BANKNIFTY,2026-11-23,True,41,82,55162.7,1.87,
2026-10-09 10:48:16.111445+05:30,SENSEX,2026-10-15,True,41,82,72396.59,1.86,
2026-10-09 10:48:17.950131+05:30,SENSEX,2026-10-22,True,41,82,72397.08,1.84,
2026-10-09 10:48:19.819162+05:30,FINNIFTY,2026-10-27,True,41,82,24931.9,1.87,
2026-10-09 10:48:21.670736+05:30,MIDCPNIFTY,2026-10-27,True,41,82,13564.05,1.85,
2026-10-09 10:49:06.794685+05:30,NIFTY,2026-10-13,True,41,82,22496.9,1.81,
2026-10-09 10:49:08.649254+05:30,NIFTY,2026-10-19,True,41,82,22498.35,1.85,
2026-10-09 10:49:10.529707+05:30,NIFTY,2026-10-27,True,41,82,22499.2,1.88,
2026-10-09 10:49:12.388154+05:30,BANKNIFTY,2026-10-27,True,41,82,55172.0,1.85,
2026-10-09 10:49:14.235013+05:30,BANKNIFTY,2026-11-23,True,41,82,55174.6,1.85,
2026-10-09 10:49:16.080839+05:30,SENSEX,2026-10-15,True,41,82,72395.67,1.85,
2026-10-09 10:49:17.920764+05:30,SENSEX,2026-10-22,True,41,82,72400.42,1.86,
2026-10-09 10:49:19.785810+05:30,FINNIFTY,2026-10-27,True,41,82,24941.45,1.84,
2026-10-09 10:49:21.673320+05:30,MIDCPNIFTY,2026-10-27,True,41,82,13567.3,1.89,
2026-10-09 10:50:06.800923+05:30,NIFTY,2026-10-13,True,41,82,22504.85,1.82,
2026-10-09 10:50:08.655505+05:30,NIFTY,2026-10-19,True,41,82,22505.75,1.85,
2026-10-09 10:50:10.999404+05:30,NIFTY,2026-10-27,True,41,82,22505.4,2.34,
2026-10-09 10:50:12.860108+05:30,BANKNIFTY,2026-10-27,True,41,82,55189.05,1.86,
2026-10-09 10:50:14.733792+05:30,BANKNIFTY,2026-11-23,True,41,82,55188.65,1.87,
2026-10-09 10:50:16.637629+05:30,SENSEX,2026-10-15,True,41,82,72422.63,1.9,
2026-10-09 10:50:18.480032+05:30,SENSEX,2026-10-22,True,41,82,72415.75,1.84,
2026-10-09 10:50:20.571905+05:30,FINNIFTY,2026-10-27,True,41,82,24941.1,2.09,
2026-10-09 10:50:22.428302+05:30,MIDCPNIFTY,2026-10-27,True,41,82,13562.45,1.85,
2026-10-09 10:51:06.807190+05:30,NIFTY,2026-10-13,True,41,82,22499.35,1.83,
2026-10-09 10:51:08.676407+05:30,NIFTY,2026-10-19,True,41,82,22500.45,1.87,
2026-10-09 10:51:10.540859+05:30,NIFTY,2026-10-27,True,41,82,22499.9,1.86,
2026-10-09 10:51:12.406782+05:30,BANKNIFTY,2026-10-27,True,41,82,55169.85,1.86,
2026-10-09 10:51:14.269879+05:30,BANKNIFTY,2026-11-23,True,41,82,55170.05,1.86,
2026-10-09 10:51:16.122371+05:30,SENSEX,2026-10-15,True,41,82,72406.42,1.85,
2026-10-09 10:51:17.958781+05:30,SENSEX,2026-10-22,True,41,82,72404.41,1.84,
2026-10-09 10:51:19.804946+05:30,FINNIFTY,2026-10-27,True,41,82,24940.6,1.84,
2026-10-09 10:51:21.660478+05:30,MIDCPNIFTY,2026-10-27,True,41,82,13566.55,1.85,
2026-10-09 10:52:06.830544+05:30,NIFTY,2026-10-13,True,41,82,22504.35,1.85,
2026-10-09 10:52:08.693895+05:30,NIFTY,2026-10-19,True,41,82,22505.1,1.86,
2026-10-09 10:52:10.554704+05:30,NIFTY,2026-10-27,True,41,82,22505.4,1.86,
2026-10-09 10:52:12.430955+05:30,BANKNIFTY,2026-10-27,True,41,82,55185.15,1.87,
2026-10-09 10:52:14.295310+05:30,BANKNIFTY,2026-11-23,True,41,82,55185.1,1.86,
2026-10-09 10:52:16.169735+05:30,SENSEX,2026-10-15,True,41,82,72421.11,1.88,
2026-10-09 10:52:18.010357+05:30,SENSEX,2026-10-22,True,41,82,72424.16,1.84,
2026-10-09 10:52:19.852832+05:30,FINNIFTY,2026-10-27,True,41,82,24945.75,1.84,
2026-10-09 10:52:21.709968+05:30,MIDCPNIFTY,2026-10-27,True,41,82,13565.2,1.86,
2026-10-09 10:53:06.797791+05:30,NIFTY,2026-10-13,True,41,82,22502.3,1.82,
2026-10-09 10:53:08.652382+05:30,NIFTY,2026-10-19,True,41,82,22501.9,1.85,
2026-10-09 10:53:10.514606+05:30,NIFTY,2026-10-27,True,41,82,22501.65,1.86,
2026-10-09 10:53:12.405777+05:30,BANKNIFTY,2026-10-27,True,41,82,55167.95,1.89,
2026-10-09 10:53:14.284521+05:30,BANKNIFTY,2026-11-23,True,41,82,55167.5,1.88,
2026-10-09 10:53:16.161674+05:30,SENSEX,2026-10-15,True,41,82,72413.72,1.88,
2026-10-09 10:53:18.010212+05:30,SENSEX,2026-10-22,True,41,82,72409.94,1.85,
2026-10-09 10:53:19.865684+05:30,FINNIFTY,2026-10-27,True,41,82,24940.0,1.85,
2026-10-09 10:53:21.709328+05:30,MIDCPNIFTY,2026-10-27,True,41,82,13558.15,1.84,
2026-10-09 10:54:07.080621+05:30,NIFTY,2026-10-13,True,41,82,22489.7,2.1,
2026-10-09 10:54:08.803888+05:30,NIFTY,2026-10-19,True,41,82,22489.7,1.72,
2026-10-09 10:54:10.436548+05:30,NIFTY,2026-10-27,True,41,82,22489.25,1.63,
2026-10-09 10:54:12.074410+05:30,BANKNIFTY,2026-10-27,True,41,82,55141.0,1.64,
2026-10-09 10:54:13.708687+05:30,BANKNIFTY,2026-11-23,True,41,82,55140.45,1.63,
2026-10-09 10:54:15.338245+05:30,SENSEX,2026-10-15,True,41,82,72383.8,1.63,
2026-10-09 10:54:16.970605+05:30,SENSEX,2026-10-22,True,41,82,72383.18,1.63,
2026-10-09 10:54:18.624090+05:30,FINNIFTY,2026-10-27,True,41,82,24931.05,1.65,
2026-10-09 10:54:20.262770+05:30,MIDCPNIFTY,2026-10-27,True,41,82,13552.9,1.64,
2026-10-09 10:55:06.574944+05:30,NIFTY,2026-10-13,True,41,82,22486.1,1.6,
2026-10-09 10:55:08.203076+05:30,NIFTY,2026-10-19,True,41,82,22486.15,1.62,
2026-10-09 10:55:09.850956+05:30,NIFTY,2026-10-27,True,41,82,22485.65,1.65,
2026-10-09 10:55:11.484633+05:30,BANKNIFTY,2026-10-27,True,41,82,55135.3,1.63,
2026-10-09 10:55:13.119681+05:30,BANKNIFTY,2026-11-23,True,41,82,55137.0,1.63,
2026-10-09 10:55:14.746900+05:30,SENSEX,2026-10-15,True,41,82,72358.74,1.63,
2026-10-09 10:55:16.382720+05:30,SENSEX,2026-10-22,True,41,82,72359.8,1.63,
2026-10-09 10:55:18.024733+05:30,FINNIFTY,2026-10-27,True,41,82,24937.45,1.64,
2026-10-09 10:55:19.681000+05:30,MIDCPNIFTY,2026-10-27,True,41,82,13550.7,1.65,
2026-10-09 10:56:06.561563+05:30,NIFTY,2026-10-13,True,41,82,22485.25,1.58,
2026-10-09 10:56:08.183962+05:30,NIFTY,2026-10-19,True,41,82,22485.35,1.62,
2026-10-09 10:56:09.817923+05:30,NIFTY,2026-10-27,True,41,82,22486.1,1.63,
2026-10-09 10:56:11.446163+05:30,BANKNIFTY,2026-10-27,True,41,82,55133.45,1.63,
2026-10-09 10:56:13.095515+05:30,BANKNIFTY,2026-11-23,True,41,82,55137.4,1.65,
2026-10-09 10:56:14.721641+05:30,SENSEX,2026-10-15,True,41,82,72362.74,1.63,
2026-10-09 10:56:16.346024+05:30,SENSEX,2026-10-22,True,41,82,72363.37,1.62,
2026-10-09 10:56:17.971148+05:30,FINNIFTY,2026-10-27,True,41,82,24933.8,1.62,
2026-10-09 10:56:19.598212+05:30,MIDCPNIFTY,2026-10-27,True,41,82,13551.95,1.63,
2026-10-09 10:57:07.402246+05:30,NIFTY,2026-10-13,True,41,82,22488.85,2.42,
2026-10-09 10:57:09.269867+05:30,NIFTY,2026-10-19,True,41,82,22489.15,1.87,
2026-10-09 10:57:11.132143+05:30,NIFTY,2026-10-27,True,41,82,22487.75,1.86,
2026-10-09 10:57:13.012307+05:30,BANKNIFTY,2026-10-27,True,41,82,55143.25,1.88,
2026-10-09 10:57:14.883427+05:30,BANKNIFTY,2026-11-23,True,41,82,55142.85,1.87,
2026-10-09 10:57:17.316544+05:30,SENSEX,2026-10-15,True,41,82,72369.85,2.43,
2026-10-09 10:57:19.161906+05:30,SENSEX,2026-10-22,True,41,82,72374.77,1.84,
2026-10-09 10:57:21.017942+05:30,FINNIFTY,2026-10-27,True,41,82,24946.25,1.85,
2026-10-09 10:57:22.864317+05:30,MIDCPNIFTY,2026-10-27,True,41,82,13555.1,1.84,
2026-10-09 10:58:06.804776+05:30,NIFTY,2026-10-13,True,41,82,22493.45,1.83,
2026-10-09 10:58:08.651915+05:30,NIFTY,2026-10-19,True,41,82,22493.3,1.84,
2026-10-09 10:58:10.500693+05:30,NIFTY,2026-10-27,True,41,82,22491.55,1.85,
2026-10-09 10:58:12.494692+05:30,BANKNIFTY,2026-10-27,True,41,82,55126.4,1.99,
2026-10-09 10:58:14.363774+05:30,BANKNIFTY,2026-11-23,True,41,82,55126.3,1.87,
2026-10-09 10:58:16.202924+05:30,SENSEX,2026-10-15,True,41,82,72382.59,1.83,
2026-10-09 10:58:18.044471+05:30,SENSEX,2026-10-22,True,41,82,72386.43,1.84,
2026-10-09 10:58:19.891809+05:30,FINNIFTY,2026-10-27,True,41,82,24940.15,1.84,
2026-10-09 10:58:23.204366+05:30,MIDCPNIFTY,2026-10-27,True,41,82,13553.1,3.31,
2026-10-09 10:59:06.842365+05:30,NIFTY,2026-10-13,True,41,82,22499.55,1.86,
2026-10-09 10:59:08.734652+05:30,NIFTY,2026-10-19,True,41,82,22499.65,1.89,
2026-10-09 10:59:10.606375+05:30,NIFTY,2026-10-27,True,41,82,22499.75,1.87,
2026-10-09 10:59:12.479861+05:30,BANKNIFTY,2026-10-27,True,41,82,55141.35,1.87,
2026-10-09 10:59:14.348000+05:30,BANKNIFTY,2026-11-23,True,41,82,55141.55,1.87,
2026-10-09 10:59:16.244448+05:30,SENSEX,2026-10-15,True,41,82,72402.9,1.89,
2026-10-09 10:59:18.107393+05:30,SENSEX,2026-10-22,True,41,82,72403.49,1.86,
2026-10-09 10:59:19.958066+05:30,FINNIFTY,2026-10-27,True,41,82,24944.1,1.85,
2026-10-09 10:59:21.815745+05:30,MIDCPNIFTY,2026-10-27,True,41,82,13560.6,1.86,
2026-10-09 11:00:07.406469+05:30,NIFTY,2026-10-13,True,41,82,22511.65,2.43,
2026-10-09 11:00:09.250077+05:30,NIFTY,2026-10-19,True,41,82,22511.75,1.84,
2026-10-09 11:00:12.214305+05:30,NIFTY,2026-10-27,True,41,82,22511.15,2.97,
2026-10-09 11:00:14.072869+05:30,BANKNIFTY,2026-10-27,True,41,82,55177.75,1.85,
2026-10-09 11:00:15.919654+05:30,BANKNIFTY,2026-11-23,True,41,82,55175.45,1.85,
2026-10-09 11:00:17.786741+05:30,SENSEX,2026-10-15,True,41,82,72437.07,1.87,
2026-10-09 11:00:19.625413+05:30,SENSEX,2026-10-22,True,41,82,72437.07,1.84,
2026-10-09 11:00:21.492283+05:30,FINNIFTY,2026-10-27,True,41,82,24953.0,1.86,
2026-10-09 11:00:24.354087+05:30,MIDCPNIFTY,2026-10-27,True,41,82,13573.8,2.86,
2026-10-09 11:01:07.219898+05:30,NIFTY,2026-10-13,True,41,82,22508.75,2.24,
2026-10-09 11:01:09.098074+05:30,NIFTY,2026-10-19,True,41,82,22509.35,1.88,
2026-10-09 11:01:10.948886+05:30,NIFTY,2026-10-27,True,41,82,22509.55,1.88,
2026-10-09 11:01:12.803441+05:30,BANKNIFTY,2026-10-27,True,41,82,55176.85,1.83,
2026-10-09 11:01:14.652141+05:30,BANKNIFTY,2026-11-23,True,41,82,55178.85,1.85,
2026-10-09 11:01:16.507973+05:30,SENSEX,2026-10-15,True,41,82,72438.79,1.86,
2026-10-09 11:01:18.357535+05:30,SENSEX,2026-10-22,True,41,82,72438.7,1.85,
2026-10-09 11:01:20.227754+05:30,FINNIFTY,2026-10-27,True,41,82,24951.25,1.87,
2026-10-09 11:01:22.079463+05:30,MIDCPNIFTY,2026-10-27,True,41,82,13575.05,1.85,
2026-10-09 11:02:06.860828+05:30,NIFTY,2026-10-13,True,41,82,22508.05,1.88,
2026-10-09 11:02:12.388642+05:30,NIFTY,2026-10-19,True,41,82,22507.95,5.53,
2026-10-09 11:02:05.000154+05:30,NIFTY,2026-10-27,False,,,,11.72,"HTTPSConnectionPool(host='mis.kotaksecurities.com', port=443): Read timed out. (read timeout=10.0)"
2026-10-09 11:02:33.060005+05:30,BANKNIFTY,2026-10-27,True,41,82,55164.85,8.94,
2026-10-09 11:02:05.000154+05:30,BANKNIFTY,2026-11-23,False,,,,10.86,"HTTPSConnectionPool(host='mis.kotaksecurities.com', port=443): Read timed out. (read timeout=10.0)"
2026-10-09 11:02:05.000154+05:30,SENSEX,2026-10-15,False,,,,10.51,"HTTPSConnectionPool(host='mis.kotaksecurities.com', port=443): Read timed out. (read timeout=10.0)"
2026-10-09 11:03:02.050571+05:30,SENSEX,2026-10-22,True,41,82,72409.39,7.61,
2026-10-09 11:03:06.155875+05:30,FINNIFTY,2026-10-27,True,41,82,24945.55,4.1,
2026-10-09 11:03:11.548608+05:30,MIDCPNIFTY,2026-10-27,True,41,82,13564.75,5.39,
2026-10-09 11:03:17.825058+05:30,NIFTY,2026-10-13,True,41,82,22495.45,5.28,
2026-10-09 11:03:20.943883+05:30,NIFTY,2026-10-19,True,41,82,22496.45,3.12,
2026-10-09 11:03:23.957041+05:30,NIFTY,2026-10-27,True,41,82,22495.35,3.01,
2026-10-09 11:03:25.951685+05:30,BANKNIFTY,2026-10-27,True,41,82,55148.0,1.99,
2026-10-09 11:03:28.228625+05:30,BANKNIFTY,2026-11-23,True,41,82,55148.0,2.27,
2026-10-09 11:03:12.567709+05:30,SENSEX,2026-10-15,False,,,,10.62,"HTTPSConnectionPool(host='mis.kotaksecurities.com', port=443): Read timed out. (read timeout=10.0)"
2026-10-09 11:03:42.109132+05:30,SENSEX,2026-10-22,True,41,82,72396.43,3.26,
2026-10-09 11:03:43.738529+05:30,FINNIFTY,2026-10-27,True,41,82,24944.2,1.63,
2026-10-09 11:03:45.400443+05:30,MIDCPNIFTY,2026-10-27,True,41,82,13562.4,1.66,
2026-10-09 11:04:06.618907+05:30,NIFTY,2026-10-13,True,41,82,22496.7,1.64,
2026-10-09 11:04:09.319924+05:30,NIFTY,2026-10-19,True,41,82,22496.85,2.7,
2026-10-09 11:04:10.973537+05:30,NIFTY,2026-10-27,True,41,82,22497.3,1.65,
2026-10-09 11:04:12.629874+05:30,BANKNIFTY,2026-10-27,True,41,82,55149.65,1.65,
2026-10-09 11:04:14.267047+05:30,BANKNIFTY,2026-11-23,True,41,82,55147.55,1.64,
2026-10-09 11:04:15.898167+05:30,SENSEX,2026-10-22,True,41,82,72392.87,1.63,
2026-10-09 11:04:17.550786+05:30,FINNIFTY,2026-10-27,True,41,82,24947.3,1.65,
2026-10-09 11:04:19.196942+05:30,MIDCPNIFTY,2026-10-27,True,41,82,13567.6,1.64,
2026-10-09 11:05:06.599109+05:30,NIFTY,2026-10-13,True,41,82,22496.55,1.62,
2026-10-09 11:05:08.226688+05:30,NIFTY,2026-10-19,True,41,82,22496.3,1.63,
2026-10-09 11:05:09.879640+05:30,NIFTY,2026-10-27,True,41,82,22496.25,1.65,
2026-10-09 11:05:11.510312+05:30,BANKNIFTY,2026-10-27,True,41,82,55153.8,1.63,
2026-10-09 11:05:13.164904+05:30,BANKNIFTY,2026-11-23,True,41,82,55153.8,1.67,
2026-10-09 11:05:14.770889+05:30,SENSEX,2026-10-22,True,41,81,72395.05,1.59,
2026-10-09 11:05:16.414873+05:30,FINNIFTY,2026-10-27,True,41,82,24945.8,1.64,
2026-10-09 11:05:18.077811+05:30,MIDCPNIFTY,2026-10-27,True,41,82,13564.55,1.66,
2026-10-09 11:06:06.576715+05:30,NIFTY,2026-10-13,True,41,82,22495.55,1.6,
2026-10-09 11:06:08.198784+05:30,NIFTY,2026-10-19,True,41,82,22494.1,1.62,
2026-10-09 11:06:09.835063+05:30,NIFTY,2026-10-27,True,41,82,22494.35,1.64,
2026-10-09 11:06:11.459454+05:30,BANKNIFTY,2026-10-27,True,41,82,55141.9,1.62,
2026-10-09 11:06:13.085310+05:30,BANKNIFTY,2026-11-23,True,41,82,55146.35,1.62,
2026-10-09 11:06:14.704750+05:30,SENSEX,2026-10-15,True,41,82,72376.3,1.62,
2026-10-09 11:06:16.331572+05:30,SENSEX,2026-10-22,True,41,82,72379.09,1.63,
2026-10-09 11:06:17.974162+05:30,FINNIFTY,2026-10-27,True,41,82,24942.2,1.64,
2026-10-09 11:06:19.607487+05:30,MIDCPNIFTY,2026-10-27,True,41,82,13566.15,1.63,
2026-10-09 11:07:06.578163+05:30,NIFTY,2026-10-13,True,41,82,22487.55,1.6,
2026-10-09 11:07:09.226228+05:30,NIFTY,2026-10-19,True,41,82,22486.0,2.65,
2026-10-09 11:07:10.862138+05:30,NIFTY,2026-10-27,True,41,82,22486.85,1.64,
2026-10-09 11:07:12.520816+05:30,BANKNIFTY,2026-10-27,True,41,82,55116.4,1.66,
2026-10-09 11:07:14.155132+05:30,BANKNIFTY,2026-11-23,True,41,82,55112.35,1.63,
2026-10-09 11:07:15.772740+05:30,SENSEX,2026-10-15,True,41,82,72351.68,1.63,
2026-10-09 11:07:17.405369+05:30,SENSEX,2026-10-22,True,41,82,72351.68,1.62,
2026-10-09 11:07:19.041190+05:30,FINNIFTY,2026-10-27,True,41,82,24931.15,1.63,
2026-10-09 11:07:20.687544+05:30,MIDCPNIFTY,2026-10-27,True,41,82,13558.0,1.64,
2026-10-09 11:08:06.583084+05:30,NIFTY,2026-10-13,True,41,82,22493.1,1.6,
2026-10-09 11:08:08.247676+05:30,NIFTY,2026-10-19,True,41,82,22491.05,1.66,
2026-10-09 11:08:09.901976+05:30,NIFTY,2026-10-27,True,41,82,22488.6,1.65,
2026-10-09 11:08:11.555598+05:30,BANKNIFTY,2026-10-27,True,41,82,55114.75,1.65,
2026-10-09 11:08:13.191702+05:30,BANKNIFTY,2026-11-23,True,41,82,55115.25,1.63,
2026-10-09 11:08:14.814452+05:30,SENSEX,2026-10-15,True,41,82,72373.0,1.62,
2026-10-09 11:08:16.477683+05:30,SENSEX,2026-10-22,True,41,82,72372.95,1.66,
2026-10-09 11:08:19.107288+05:30,FINNIFTY,2026-10-27,True,41,82,24933.7,2.63,
2026-10-09 11:08:20.747925+05:30,MIDCPNIFTY,2026-10-27,True,41,82,13561.7,1.64,
2026-10-09 11:09:06.606375+05:30,NIFTY,2026-10-13,True,41,82,22484.9,1.63,
2026-10-09 11:09:08.218432+05:30,NIFTY,2026-10-19,True,41,82,22485.05,1.61,
2026-10-09 11:09:09.843804+05:30,NIFTY,2026-10-27,True,41,82,22484.15,1.64,
2026-10-09 11:09:11.488816+05:30,BANKNIFTY,2026-10-27,True,41,82,55110.95,1.62,
2026-10-09 11:09:13.124621+05:30,BANKNIFTY,2026-11-23,True,41,82,55110.8,1.63,
2026-10-09 11:09:14.734020+05:30,SENSEX,2026-10-15,True,41,82,72351.44,1.61,
2026-10-09 11:09:16.355896+05:30,SENSEX,2026-10-22,True,41,82,72353.96,1.62,
2026-10-09 11:09:18.006304+05:30,FINNIFTY,2026-10-27,True,41,82,24928.45,1.65,
2026-10-09 11:09:20.401495+05:30,MIDCPNIFTY,2026-10-27,True,41,82,13555.75,2.39,
2026-10-09 11:10:06.592561+05:30,NIFTY,2026-10-13,True,41,82,22488.7,1.61,
2026-10-09 11:10:08.218525+05:30,NIFTY,2026-10-19,True,41,82,22490.0,1.62,
2026-10-09 11:10:09.842402+05:30,NIFTY,2026-10-27,True,41,82,22489.2,1.62,
2026-10-09 11:10:11.465870+05:30,BANKNIFTY,2026-10-27,True,41,82,55100.15,1.62,
2026-10-09 11:10:13.090400+05:30,BANKNIFTY,2026-11-23,True,41,82,55097.75,1.62,
2026-10-09 11:10:14.712843+05:30,SENSEX,2026-10-15,True,41,82,72367.49,1.62,
2026-10-09 11:10:16.336945+05:30,SENSEX,2026-10-22,True,41,82,72363.81,1.62,
2026-10-09 11:10:17.950068+05:30,FINNIFTY,2026-10-27,True,41,82,24930.45,1.61,
2026-10-09 11:10:19.576924+05:30,MIDCPNIFTY,2026-10-27,True,41,82,13554.8,1.63,
2026-10-09 11:11:06.579246+05:30,NIFTY,2026-10-13,True,41,82,22486.9,1.6,
2026-10-09 11:11:08.208984+05:30,NIFTY,2026-10-19,True,41,82,22485.65,1.63,
2026-10-09 11:11:09.838786+05:30,NIFTY,2026-10-27,True,41,82,22485.95,1.63,
2026-10-09 11:11:11.469828+05:30,BANKNIFTY,2026-10-27,True,41,82,55092.55,1.63,
2026-10-09 11:11:13.108781+05:30,BANKNIFTY,2026-11-23,True,41,82,55088.45,1.64,
2026-10-09 11:11:14.750061+05:30,SENSEX,2026-10-15,True,41,82,72364.8,1.64,
2026-10-09 11:11:16.383914+05:30,SENSEX,2026-10-22,True,41,82,72361.52,1.63,
2026-10-09 11:11:18.023863+05:30,FINNIFTY,2026-10-27,True,41,82,24927.6,1.64,
2026-10-09 11:11:19.656527+05:30,MIDCPNIFTY,2026-10-27,True,41,82,13546.45,1.63,
2026-10-09 11:12:06.585526+05:30,NIFTY,2026-10-13,True,41,82,22492.05,1.6,
2026-10-09 11:12:08.229364+05:30,NIFTY,2026-10-19,True,41,82,22492.25,1.64,
2026-10-09 11:12:09.897667+05:30,NIFTY,2026-10-27,True,41,82,22492.75,1.67,
2026-10-09 11:12:11.546874+05:30,BANKNIFTY,2026-10-27,True,41,82,55114.75,1.64,
2026-10-09 11:12:13.198097+05:30,BANKNIFTY,2026-11-23,True,41,82,55115.2,1.65,
2026-10-09 11:12:14.810058+05:30,SENSEX,2026-10-15,True,41,82,72373.4,1.61,
2026-10-09 11:12:16.443916+05:30,SENSEX,2026-10-22,True,41,82,72372.25,1.63,
2026-10-09 11:12:18.093473+05:30,FINNIFTY,2026-10-27,True,41,82,24937.55,1.65,
2026-10-09 11:12:19.822987+05:30,MIDCPNIFTY,2026-10-27,True,41,82,13552.8,1.73,
2026-10-09 11:13:06.593973+05:30,NIFTY,2026-10-13,True,41,82,22486.55,1.61,
2026-10-09 11:13:08.220569+05:30,NIFTY,2026-10-19,True,41,82,22486.75,1.63,
2026-10-09 11:13:09.848001+05:30,NIFTY,2026-10-27,True,41,82,22486.95,1.63,
2026-10-09 11:13:11.481402+05:30,BANKNIFTY,2026-10-27,True,41,82,55104.3,1.63,
2026-10-09 11:13:13.144001+05:30,BANKNIFTY,2026-11-23,True,41,82,55102.9,1.66,
2026-10-09 11:13:14.784466+05:30,SENSEX,2026-10-15,True,41,82,72366.79,1.64,
2026-10-09 11:13:16.403636+05:30,SENSEX,2026-10-22,True,41,82,72366.79,1.62,
2026-10-09 11:13:18.035191+05:30,FINNIFTY,2026-10-27,True,41,82,24930.85,1.63,
2026-10-09 11:13:19.674815+05:30,MIDCPNIFTY,2026-10-27,True,41,82,13555.4,1.64,
2026-10-09 11:14:10.382443+05:30,NIFTY,2026-10-13,True,41,82,22497.2,5.42,
2026-10-09 11:14:13.349141+05:30,NIFTY,2026-10-19,True,41,82,22495.95,2.95,
2026-10-09 11:14:16.137315+05:30,NIFTY,2026-10-27,True,41,82,22496.0,2.79,
2026-10-09 11:14:05.000161+05:30,BANKNIFTY,2026-10-27,False,,,,12.16,"HTTPSConnectionPool(host='mis.kotaksecurities.com', port=443): Read timed out. (read timeout=10.0)"
2026-10-09 11:14:33.260101+05:30,BANKNIFTY,2026-11-23,True,41,82,55116.2,4.96,
2026-10-09 11:14:36.532761+05:30,SENSEX,2026-10-15,True,41,82,72389.57,3.27,
2026-10-09 11:14:40.720433+05:30,SENSEX,2026-10-22,True,41,82,72384.28,4.19,
2026-10-09 11:14:43.027214+05:30,FINNIFTY,2026-10-27,True,41,82,24933.35,2.3,
2026-10-09 11:14:48.450315+05:30,MIDCPNIFTY,2026-10-27,True,41,82,13559.1,5.42,
2026-10-09 11:15:08.283710+05:30,NIFTY,2026-10-13,True,41,82,22498.45,3.3,
2026-10-09 11:15:19.116825+05:30,NIFTY,2026-10-19,True,41,82,22495.85,10.83,
2026-10-09 11:15:23.288477+05:30,NIFTY,2026-10-27,True,41,82,22493.6,4.17,
2026-10-09 11:15:25.386864+05:30,BANKNIFTY,2026-10-27,True,41,82,55123.95,2.1,
2026-10-09 11:15:27.429514+05:30,BANKNIFTY,2026-11-23,True,41,82,55122.45,2.04,
2026-10-09 11:15:29.412791+05:30,SENSEX,2026-10-15,True,41,82,72385.38,1.98,
2026-10-09 11:15:31.433116+05:30,SENSEX,2026-10-22,True,41,82,72385.77,2.02,
2026-10-09 11:15:33.307159+05:30,FINNIFTY,2026-10-27,True,41,82,24930.95,1.87,
2026-10-09 11:15:35.182170+05:30,MIDCPNIFTY,2026-10-27,True,41,82,13552.75,1.87,
2026-10-09 11:16:06.829927+05:30,NIFTY,2026-10-13,True,41,82,22493.9,1.85,
2026-10-09 11:16:08.714899+05:30,NIFTY,2026-10-19,True,41,82,22494.45,1.88,
2026-10-09 11:16:10.574412+05:30,NIFTY,2026-10-27,True,41,82,22494.7,1.86,
2026-10-09 11:16:12.438804+05:30,BANKNIFTY,2026-10-27,True,41,82,55133.65,1.86,
2026-10-09 11:16:14.308764+05:30,BANKNIFTY,2026-11-23,True,41,82,55141.1,1.87,
2026-10-09 11:16:16.215374+05:30,SENSEX,2026-10-15,True,41,82,72384.74,1.91,
2026-10-09 11:16:18.091315+05:30,SENSEX,2026-10-22,True,41,82,72386.07,1.87,
2026-10-09 11:16:19.956904+05:30,FINNIFTY,2026-10-27,True,41,82,24946.15,1.86,
2026-10-09 11:16:21.830420+05:30,MIDCPNIFTY,2026-10-27,True,41,82,13556.85,1.87,
2026-10-09 11:17:05.000155+05:30,NIFTY,2026-10-13,False,,,,10.01,"HTTPSConnectionPool(host='mis.kotaksecurities.com', port=443): Read timed out. (read timeout=10.0)"
2026-10-09 11:17:18.588928+05:30,NIFTY,2026-10-19,True,41,82,22499.6,3.6,
2026-10-09 11:17:05.000155+05:30,NIFTY,2026-10-27,False,,,,10.55,"HTTPSConnectionPool(host='mis.kotaksecurities.com', port=443): Read timed out. (read timeout=10.0)"
2026-10-09 11:17:32.754771+05:30,BANKNIFTY,2026-10-27,True,41,82,55157.35,3.61,
2026-10-09 11:17:34.744598+05:30,BANKNIFTY,2026-11-23,True,41,82,55159.05,1.99,
2026-10-09 11:17:36.686264+05:30,SENSEX,2026-10-15,True,41,82,72401.91,1.94,
2026-10-09 11:17:38.633320+05:30,SENSEX,2026-10-22,True,41,82,72397.89,1.94,
2026-10-09 11:17:40.726731+05:30,FINNIFTY,2026-10-27,True,41,82,24952.35,2.09,
2026-10-09 11:17:48.965612+05:30,MIDCPNIFTY,2026-10-27,True,41,82,13563.6,8.24,
2026-10-09 11:18:07.190501+05:30,NIFTY,2026-10-13,True,41,82,22504.0,2.21,
2026-10-09 11:18:09.200225+05:30,NIFTY,2026-10-19,True,41,82,22503.3,2.01,
2026-10-09 11:18:11.226152+05:30,NIFTY,2026-10-27,True,41,82,22503.25,2.02,
2026-10-09 11:18:13.388398+05:30,BANKNIFTY,2026-10-27,True,41,82,55157.7,2.16,
2026-10-09 11:18:15.297478+05:30,BANKNIFTY,2026-11-23,True,41,82,55171.35,1.91,
2026-10-09 11:18:05.000162+05:30,SENSEX,2026-10-15,False,,,,10.04,"HTTPSConnectionPool(host='mis.kotaksecurities.com', port=443): Read timed out. (read timeout=10.0)"
2026-10-09 11:18:05.000162+05:30,SENSEX,2026-10-22,False,,,,15.61,"HTTPSConnectionPool(host='mis.kotaksecurities.com', port=443): Read timed out. (read timeout=10.0)"
2026-10-09 11:18:43.400440+05:30,FINNIFTY,2026-10-27,True,41,82,24955.05,2.44,
2026-10-09 11:18:45.254491+05:30,MIDCPNIFTY,2026-10-27,True,41,82,13561.85,1.85,
2026-10-09 11:19:06.912576+05:30,NIFTY,2026-10-13,True,41,82,22509.7,1.93,
2026-10-09 11:19:08.795475+05:30,NIFTY,2026-10-19,True,41,82,22511.05,1.88,
2026-10-09 11:19:10.666400+05:30,NIFTY,2026-10-27,True,41,82,22510.15,1.87,
2026-10-09 11:19:12.542474+05:30,BANKNIFTY,2026-10-27,True,41,82,55154.8,1.87,
2026-10-09 11:19:14.412113+05:30,BANKNIFTY,2026-11-23,True,41,82,55158.05,1.87,
2026-10-09 11:19:16.278714+05:30,SENSEX,2026-10-15,True,41,82,72442.98,1.87,
2026-10-09 11:19:18.186117+05:30,SENSEX,2026-10-22,True,41,82,72439.49,1.91,
2026-10-09 11:19:20.049808+05:30,FINNIFTY,2026-10-27,True,41,82,24966.6,1.86,
2026-10-09 11:19:21.941673+05:30,MIDCPNIFTY,2026-10-27,True,41,82,13570.05,1.89,
2026-10-09 11:20:06.840718+05:30,NIFTY,2026-10-13,True,41,82,22530.6,1.86,
2026-10-09 11:20:08.696268+05:30,NIFTY,2026-10-19,True,41,82,22530.5,1.86,
2026-10-09 11:20:10.562926+05:30,NIFTY,2026-10-27,True,41,82,22528.35,1.86,
2026-10-09 11:20:12.428447+05:30,BANKNIFTY,2026-10-27,True,41,82,55220.55,1.88,
2026-10-09 11:20:14.301136+05:30,BANKNIFTY,2026-11-23,True,41,82,55207.35,1.86,
2026-10-09 11:20:16.168345+05:30,SENSEX,2026-10-15,True,41,82,72493.75,1.87,
2026-10-09 11:20:18.045433+05:30,SENSEX,2026-10-22,True,41,81,72485.6,1.88,
2026-10-09 11:20:20.714338+05:30,FINNIFTY,2026-10-27,True,41,82,24983.45,2.67,
2026-10-09 11:20:22.590521+05:30,MIDCPNIFTY,2026-10-27,True,41,82,13575.5,1.87,
2026-10-09 11:21:06.810879+05:30,NIFTY,2026-10-13,True,41,82,22527.25,1.83,
2026-10-09 11:21:08.691675+05:30,NIFTY,2026-10-19,True,41,82,22526.95,1.88,
2026-10-09 11:21:10.712069+05:30,NIFTY,2026-10-27,True,41,82,22526.95,2.02,
2026-10-09 11:21:12.600606+05:30,BANKNIFTY,2026-10-27,True,41,82,55218.7,1.89,
2026-10-09 11:21:14.504046+05:30,BANKNIFTY,2026-11-23,True,41,82,55211.0,1.9,
2026-10-09 11:21:16.393317+05:30,SENSEX,2026-10-15,True,41,82,72484.53,1.89,
2026-10-09 11:21:18.287397+05:30,SENSEX,2026-10-22,True,41,82,72484.61,1.89,
2026-10-09 11:21:20.143794+05:30,FINNIFTY,2026-10-27,True,41,82,24987.0,1.85,
2026-10-09 11:21:22.021455+05:30,MIDCPNIFTY,2026-10-27,True,41,82,13575.35,1.88,
2026-10-09 11:22:06.816733+05:30,NIFTY,2026-10-13,True,41,82,22517.5,1.84,
2026-10-09 11:22:08.692777+05:30,NIFTY,2026-10-19,True,41,82,22516.65,1.87,
2026-10-09 11:22:10.564996+05:30,NIFTY,2026-10-27,True,41,82,22519.6,1.87,
2026-10-09 11:22:12.483485+05:30,BANKNIFTY,2026-10-27,True,41,82,55210.95,1.92,
2026-10-09 11:22:14.354165+05:30,BANKNIFTY,2026-11-23,True,41,82,55211.0,1.89,
2026-10-09 11:22:16.210107+05:30,SENSEX,2026-10-15,True,41,82,72474.13,1.83,
2026-10-09 11:22:18.081890+05:30,SENSEX,2026-10-22,True,41,82,72476.44,1.87,
2026-10-09 11:22:19.949612+05:30,FINNIFTY,2026-10-27,True,41,82,24983.5,1.86,
2026-10-09 11:22:21.810697+05:30,MIDCPNIFTY,2026-10-27,True,41,82,13573.5,1.86,
2026-10-09 11:23:07.305628+05:30,NIFTY,2026-10-13,True,41,82,22516.3,2.32,
2026-10-09 11:23:09.189021+05:30,NIFTY,2026-10-19,True,41,82,22516.85,2.0,
2026-10-09 11:23:11.138395+05:30,NIFTY,2026-10-27,True,41,82,22516.85,1.83,
2026-10-09 11:23:13.007699+05:30,BANKNIFTY,2026-10-27,True,41,82,55163.6,1.87,
2026-10-09 11:23:14.878959+05:30,BANKNIFTY,2026-11-23,True,41,82,55164.05,1.87,
2026-10-09 11:23:16.740458+05:30,SENSEX,2026-10-15,True,41,82,72449.15,1.86,
2026-10-09 11:23:18.602831+05:30,SENSEX,2026-10-22,True,41,82,72446.9,1.86,
2026-10-09 11:23:20.467881+05:30,FINNIFTY,2026-10-27,True,41,82,24967.95,1.86,
2026-10-09 11:23:22.326966+05:30,MIDCPNIFTY,2026-10-27,True,41,82,13573.45,1.86,
2026-10-09 11:24:06.829786+05:30,NIFTY,2026-10-13,True,41,82,22517.4,1.85,
2026-10-09 11:24:08.702795+05:30,NIFTY,2026-10-19,True,41,82,22517.8,1.87,
2026-10-09 11:24:10.574008+05:30,NIFTY,2026-10-27,True,41,82,22518.05,1.88,
2026-10-09 11:24:12.456301+05:30,BANKNIFTY,2026-10-27,True,41,82,55173.25,1.87,
2026-10-09 11:24:14.316361+05:30,BANKNIFTY,2026-11-23,True,41,82,55168.5,1.86,
2026-10-09 11:24:16.177528+05:30,SENSEX,2026-10-15,True,41,82,72448.5,1.86,
2026-10-09 11:24:18.064644+05:30,SENSEX,2026-10-22,True,41,81,72447.11,1.89,
2026-10-09 11:24:19.920440+05:30,FINNIFTY,2026-10-27,True,41,82,24965.6,1.85,
2026-10-09 11:24:21.790957+05:30,MIDCPNIFTY,2026-10-27,True,41,82,13573.45,1.87,
2026-10-09 11:25:06.815564+05:30,NIFTY,2026-10-13,True,41,82,22519.5,1.83,
2026-10-09 11:25:08.699630+05:30,NIFTY,2026-10-19,True,41,82,22519.35,1.88,
2026-10-09 11:25:10.572077+05:30,NIFTY,2026-10-27,True,41,82,22519.65,1.87,
2026-10-09 11:25:12.439134+05:30,BANKNIFTY,2026-10-27,True,41,82,55174.45,1.87,
2026-10-09 11:25:14.301688+05:30,BANKNIFTY,2026-11-23,True,41,82,55172.25,1.86,
2026-10-09 11:25:16.149254+05:30,SENSEX,2026-10-15,True,41,82,72458.79,1.85,
2026-10-09 11:25:18.050837+05:30,SENSEX,2026-10-22,True,41,79,72458.84,1.9,
2026-10-09 11:25:19.899524+05:30,FINNIFTY,2026-10-27,True,41,82,24971.9,1.85,
2026-10-09 11:25:21.784754+05:30,MIDCPNIFTY,2026-10-27,True,41,82,13572.7,1.88,
2026-10-09 11:26:06.852282+05:30,NIFTY,2026-10-13,True,41,82,22521.65,1.87,
2026-10-09 11:26:08.701253+05:30,NIFTY,2026-10-19,True,41,82,22521.1,1.85,
2026-10-09 11:26:10.602987+05:30,NIFTY,2026-10-27,True,41,82,22523.05,1.9,
2026-10-09 11:26:12.487196+05:30,BANKNIFTY,2026-10-27,True,41,82,55180.0,1.9,
2026-10-09 11:26:14.378884+05:30,BANKNIFTY,2026-11-23,True,41,82,55177.05,1.87,
2026-10-09 11:26:16.283893+05:30,SENSEX,2026-10-15,True,41,82,72459.34,1.91,
2026-10-09 11:26:18.137329+05:30,SENSEX,2026-10-22,True,41,81,72462.39,1.85,
2026-10-09 11:26:20.011192+05:30,FINNIFTY,2026-10-27,True,41,82,24979.25,1.87,
2026-10-09 11:26:21.892694+05:30,MIDCPNIFTY,2026-10-27,True,41,82,13576.05,1.88,
2026-10-09 11:27:06.976469+05:30,NIFTY,2026-10-13,True,41,82,22512.55,2.0,
2026-10-09 11:27:08.893341+05:30,NIFTY,2026-10-19,True,41,82,22511.1,1.92,
2026-10-09 11:27:11.022029+05:30,NIFTY,2026-10-27,True,41,82,22511.8,2.13,
2026-10-09 11:27:13.318690+05:30,BANKNIFTY,2026-10-27,True,41,82,55161.7,2.29,
2026-10-09 11:27:15.403828+05:30,BANKNIFTY,2026-11-23,True,41,82,55159.35,2.08,
2026-10-09 11:27:17.469517+05:30,SENSEX,2026-10-15,True,41,82,72441.4,2.07,
2026-10-09 11:27:19.542098+05:30,SENSEX,2026-10-22,True,41,81,72443.53,2.07,
2026-10-09 11:27:21.681867+05:30,FINNIFTY,2026-10-27,True,41,82,24972.8,2.14,
2026-10-09 11:27:25.844102+05:30,MIDCPNIFTY,2026-10-27,True,41,82,13572.55,4.16,
2026-10-09 11:28:07.094033+05:30,NIFTY,2026-10-13,True,41,82,22514.4,2.11,
2026-10-09 11:28:09.059920+05:30,NIFTY,2026-10-19,True,41,82,22514.95,1.96,
2026-10-09 11:28:12.291530+05:30,NIFTY,2026-10-27,True,41,82,22515.7,3.23,
2026-10-09 11:28:15.334775+05:30,BANKNIFTY,2026-10-27,True,41,82,55175.75,3.04,
2026-10-09 11:28:20.091904+05:30,BANKNIFTY,2026-11-23,True,41,82,55176.9,4.76,
2026-10-09 11:28:22.110081+05:30,SENSEX,2026-10-15,True,41,82,72440.68,2.02,
2026-10-09 11:28:24.110246+05:30,SENSEX,2026-10-22,True,41,81,72443.98,2.0,
2026-10-09 11:28:27.129643+05:30,FINNIFTY,2026-10-27,True,41,82,24982.3,3.02,
2026-10-09 11:28:29.140531+05:30,MIDCPNIFTY,2026-10-27,True,41,82,13578.1,2.01,
2026-10-09 11:29:06.801267+05:30,NIFTY,2026-10-13,True,41,82,22516.3,1.82,
2026-10-09 11:29:08.699647+05:30,NIFTY,2026-10-19,True,41,82,22516.65,1.9,
2026-10-09 11:29:10.573262+05:30,NIFTY,2026-10-27,True,41,82,22516.65,1.9,
2026-10-09 11:29:12.467439+05:30,BANKNIFTY,2026-10-27,True,41,82,55177.0,1.87,
2026-10-09 11:29:14.345343+05:30,BANKNIFTY,2026-11-23,True,41,82,55175.55,1.88,
2026-10-09 11:29:16.229622+05:30,SENSEX,2026-10-15,True,41,82,72447.46,1.88,
2026-10-09 11:29:18.097085+05:30,SENSEX,2026-10-22,True,41,81,72444.99,1.87,
2026-10-09 11:29:19.986418+05:30,FINNIFTY,2026-10-27,True,41,82,24980.8,1.89,
2026-10-09 11:29:21.882433+05:30,MIDCPNIFTY,2026-10-27,True,41,82,13574.8,1.89,
2026-10-09 11:30:05.000156+05:30,NIFTY,2026-10-13,False,,,,10.45,"HTTPSConnectionPool(host='mis.kotaksecurities.com', port=443): Read timed out. (read timeout=10.0)"
2026-10-09 11:30:17.648303+05:30,NIFTY,2026-10-19,True,41,82,22511.4,2.21,
2026-10-09 11:30:22.739073+05:30,NIFTY,2026-10-27,True,41,82,22512.4,5.09,
2026-10-09 11:30:05.000156+05:30,BANKNIFTY,2026-10-27,False,,,,10.41,"HTTPSConnectionPool(host='mis.kotaksecurities.com', port=443): Read timed out. (read timeout=10.0)"
2026-10-09 11:30:05.000156+05:30,BANKNIFTY,2026-11-23,False,,,,10.61,"HTTPSConnectionPool(host='mis.kotaksecurities.com', port=443): Read timed out. (read timeout=10.0)"
2026-10-09 11:30:48.070552+05:30,SENSEX,2026-10-15,True,41,82,72443.86,4.31,
2026-10-09 11:30:51.888519+05:30,SENSEX,2026-10-22,True,41,80,72444.72,3.82,
2026-10-09 11:30:54.044037+05:30,FINNIFTY,2026-10-27,True,41,82,24975.0,2.15,
2026-10-09 11:30:58.532069+05:30,MIDCPNIFTY,2026-10-27,True,41,82,13572.9,4.49,
2026-10-09 11:31:07.279993+05:30,NIFTY,2026-10-13,True,41,82,22510.3,2.3,
2026-10-09 11:31:11.235361+05:30,NIFTY,2026-10-19,True,41,82,22509.45,3.95,
2026-10-09 11:31:15.083693+05:30,NIFTY,2026-10-27,True,41,82,22508.7,3.85,
2026-10-09 11:31:16.819232+05:30,BANKNIFTY,2026-10-27,True,41,82,55153.4,1.73,
2026-10-09 11:31:18.615313+05:30,BANKNIFTY,2026-11-23,True,41,82,55154.85,1.79,
2026-10-09 11:31:21.422990+05:30,SENSEX,2026-10-15,True,41,82,72438.54,2.81,
2026-10-09 11:31:27.410623+05:30,SENSEX,2026-10-22,True,41,80,72439.39,5.99,
2026-10-09 11:31:31.305561+05:30,FINNIFTY,2026-10-27,True,41,82,24964.75,3.89,
2026-10-09 11:31:33.095223+05:30,MIDCPNIFTY,2026-10-27,True,41,82,13569.05,1.79,
2026-10-09 11:32:08.911935+05:30,NIFTY,2026-10-13,True,41,82,22507.25,3.93,
2026-10-09 11:32:11.521627+05:30,NIFTY,2026-10-19,True,41,82,22508.5,2.61,
2026-10-09 11:32:13.225760+05:30,NIFTY,2026-10-27,True,41,82,22509.1,1.7,
2026-10-09 11:32:15.010841+05:30,BANKNIFTY,2026-10-27,True,41,82,55147.0,1.78,
2026-10-09 11:32:16.744042+05:30,BANKNIFTY,2026-11-23,True,41,82,55148.85,1.73,
2026-10-09 11:32:18.629621+05:30,SENSEX,2026-10-15,True,41,82,72431.03,1.89,
2026-10-09 11:32:20.359312+05:30,SENSEX,2026-10-22,True,41,81,72431.03,1.73,
2026-10-09 11:32:22.113103+05:30,FINNIFTY,2026-10-27,True,41,82,24964.5,1.75,
2026-10-09 11:32:24.014540+05:30,MIDCPNIFTY,2026-10-27,True,41,82,13568.0,1.9,
2026-10-09 11:33:06.572682+05:30,NIFTY,2026-10-13,True,41,82,22511.25,1.59,
2026-10-09 11:33:08.211857+05:30,NIFTY,2026-10-19,True,41,82,22512.65,1.64,
2026-10-09 11:33:09.845548+05:30,NIFTY,2026-10-27,True,41,82,22512.4,1.63,
2026-10-09 11:33:11.486284+05:30,BANKNIFTY,2026-10-27,True,41,82,55143.0,1.66,
2026-10-09 11:33:13.155389+05:30,BANKNIFTY,2026-11-23,True,41,82,55144.75,1.65,
2026-10-09 11:33:14.779087+05:30,SENSEX,2026-10-15,True,41,82,72445.92,1.62,
2026-10-09 11:33:16.406466+05:30,SENSEX,2026-10-22,True,41,81,72447.79,1.63,
2026-10-09 11:33:18.035525+05:30,FINNIFTY,2026-10-27,True,41,82,24958.8,1.63,
2026-10-09 11:33:19.672656+05:30,MIDCPNIFTY,2026-10-27,True,41,82,13565.9,1.64,
2026-10-09 11:34:06.568668+05:30,NIFTY,2026-10-13,True,41,82,22507.0,1.59,
2026-10-09 11:34:09.148923+05:30,NIFTY,2026-10-19,True,41,82,22506.85,2.59,
2026-10-09 11:34:10.791071+05:30,NIFTY,2026-10-27,True,41,82,22506.6,1.63,
2026-10-09 11:34:12.442115+05:30,BANKNIFTY,2026-10-27,True,41,82,55138.75,1.65,
2026-10-09 11:34:14.127557+05:30,BANKNIFTY,2026-11-23,True,41,82,55135.95,1.68,
2026-10-09 11:34:15.789761+05:30,SENSEX,2026-10-15,True,41,82,72427.47,1.66,
2026-10-09 11:34:17.440440+05:30,SENSEX,2026-10-22,True,41,81,72422.93,1.65,
2026-10-09 11:34:19.130972+05:30,FINNIFTY,2026-10-27,True,41,82,24953.65,1.69,
2026-10-09 11:34:20.790835+05:30,MIDCPNIFTY,2026-10-27,True,41,82,13564.0,1.66,
2026-10-09 11:35:06.584356+05:30,NIFTY,2026-10-13,True,41,82,22496.35,1.6,
2026-10-09 11:35:08.204669+05:30,NIFTY,2026-10-19,True,41,82,22496.6,1.62,
2026-10-09 11:35:09.836928+05:30,NIFTY,2026-10-27,True,41,82,22496.7,1.63,
2026-10-09 11:35:11.475666+05:30,BANKNIFTY,2026-10-27,True,41,82,55126.0,1.64,
2026-10-09 11:35:13.128925+05:30,BANKNIFTY,2026-11-23,True,41,82,55120.75,1.65,
2026-10-09 11:35:14.775457+05:30,SENSEX,2026-10-15,True,41,82,72388.74,1.65,
2026-10-09 11:35:16.407514+05:30,SENSEX,2026-10-22,True,41,81,72388.78,1.63,
2026-10-09 11:35:18.058746+05:30,FINNIFTY,2026-10-27,True,41,82,24949.6,1.65,
2026-10-09 11:35:19.691803+05:30,MIDCPNIFTY,2026-10-27,True,41,82,13555.5,1.63,
2026-10-09 11:36:06.578730+05:30,NIFTY,2026-10-13,True,41,82,22493.95,1.6,
2026-10-09 11:36:08.213788+05:30,NIFTY,2026-10-19,True,41,82,22495.3,1.63,
2026-10-09 11:36:09.836608+05:30,NIFTY,2026-10-27,True,41,82,22494.75,1.62,
2026-10-09 11:36:11.479452+05:30,BANKNIFTY,2026-10-27,True,41,82,55116.7,1.64,
2026-10-09 11:36:13.136169+05:30,BANKNIFTY,2026-11-23,True,41,82,55117.5,1.67,
2026-10-09 11:36:15.425545+05:30,SENSEX,2026-10-15,True,41,82,72384.27,2.28,
2026-10-09 11:36:17.045508+05:30,SENSEX,2026-10-22,True,41,81,72384.22,1.62,
2026-10-09 11:36:18.656605+05:30,FINNIFTY,2026-10-27,True,41,82,24951.15,1.61,
2026-10-09 11:36:20.298436+05:30,MIDCPNIFTY,2026-10-27,True,41,82,13556.05,1.64,
2026-10-09 11:37:06.578612+05:30,NIFTY,2026-10-13,True,41,82,22488.8,1.6,
2026-10-09 11:37:08.211422+05:30,NIFTY,2026-10-19,True,41,82,22488.05,1.63,
2026-10-09 11:37:09.861576+05:30,NIFTY,2026-10-27,True,41,82,22488.05,1.65,
2026-10-09 11:37:11.515450+05:30,BANKNIFTY,2026-10-27,True,41,82,55094.75,1.65,
2026-10-09 11:37:13.176942+05:30,BANKNIFTY,2026-11-23,True,41,82,55091.1,1.66,
2026-10-09 11:37:14.797768+05:30,SENSEX,2026-10-15,True,41,82,72371.01,1.62,
2026-10-09 11:37:16.427439+05:30,SENSEX,2026-10-22,True,41,81,72370.33,1.63,
2026-10-09 11:37:18.059985+05:30,FINNIFTY,2026-10-27,True,41,82,24937.1,1.63,
2026-10-09 11:37:19.701868+05:30,MIDCPNIFTY,2026-10-27,True,41,82,13551.55,1.64,
2026-10-09 11:38:06.591209+05:30,NIFTY,2026-10-13,True,41,82,22496.25,1.61,
2026-10-09 11:38:08.236182+05:30,NIFTY,2026-10-19,True,41,82,22496.75,1.64,
2026-10-09 11:38:09.889837+05:30,NIFTY,2026-10-27,True,41,82,22497.25,1.65,
2026-10-09 11:38:11.541424+05:30,BANKNIFTY,2026-10-27,True,41,82,55101.35,1.65,
2026-10-09 11:38:13.207620+05:30,BANKNIFTY,2026-11-23,True,41,82,55103.1,1.66,
2026-10-09 11:38:14.826125+05:30,SENSEX,2026-10-15,True,41,82,72384.05,1.62,
2026-10-09 11:38:16.440185+05:30,SENSEX,2026-10-22,True,41,81,72384.57,1.61,
2026-10-09 11:38:18.070204+05:30,FINNIFTY,2026-10-27,True,41,82,24944.05,1.63,
2026-10-09 11:38:19.703396+05:30,MIDCPNIFTY,2026-10-27,True,41,82,13561.9,1.63,
2026-10-09 11:39:06.600431+05:30,NIFTY,2026-10-13,True,41,82,22494.35,1.62,
2026-10-09 11:39:08.272482+05:30,NIFTY,2026-10-19,True,41,82,22493.7,1.67,
2026-10-09 11:39:09.922826+05:30,NIFTY,2026-10-27,True,41,82,22492.9,1.65,
2026-10-09 11:39:11.596184+05:30,BANKNIFTY,2026-10-27,True,41,82,55089.1,1.67,
2026-10-09 11:39:13.234628+05:30,BANKNIFTY,2026-11-23,True,41,82,55087.25,1.64,
2026-10-09 11:39:14.859553+05:30,SENSEX,2026-10-15,True,41,82,72382.66,1.63,
2026-10-09 11:39:16.476936+05:30,SENSEX,2026-10-22,True,41,81,72382.25,1.62,
2026-10-09 11:39:18.108093+05:30,FINNIFTY,2026-10-27,True,41,82,24933.7,1.63,
2026-10-09 11:39:19.751164+05:30,MIDCPNIFTY,2026-10-27,True,41,82,13557.5,1.64,
2026-10-09 11:40:06.565866+05:30,NIFTY,2026-10-13,True,41,82,22493.95,1.59,
2026-10-09 11:40:08.212506+05:30,NIFTY,2026-10-19,True,41,82,22493.3,1.64,
2026-10-09 11:40:09.853002+05:30,NIFTY,2026-10-27,True,41,82,22493.15,1.66,
2026-10-09 11:40:11.490087+05:30,BANKNIFTY,2026-10-27,True,41,82,55097.25,1.62,
2026-10-09 11:40:13.124771+05:30,BANKNIFTY,2026-11-23,True,41,82,55094.85,1.63,
2026-10-09 11:40:14.754437+05:30,SENSEX,2026-10-15,True,41,82,72370.71,1.63,
2026-10-09 11:40:16.380294+05:30,SENSEX,2026-10-22,True,41,81,72370.91,1.62,
2026-10-09 11:40:18.003481+05:30,FINNIFTY,2026-10-27,True,41,82,24939.35,1.62,
2026-10-09 11:40:19.635654+05:30,MIDCPNIFTY,2026-10-27,True,41,82,13559.85,1.63,
2026-10-09 11:41:06.571301+05:30,NIFTY,2026-10-13,True,41,82,22489.5,1.59,
2026-10-09 11:41:08.214802+05:30,NIFTY,2026-10-19,True,41,82,22490.05,1.64,
2026-10-09 11:41:09.850935+05:30,NIFTY,2026-10-27,True,41,82,22490.8,1.64,
2026-10-09 11:41:11.494284+05:30,BANKNIFTY,2026-10-27,True,41,82,55094.85,1.64,
2026-10-09 11:41:13.137826+05:30,BANKNIFTY,2026-11-23,True,41,82,55093.35,1.64,
2026-10-09 11:41:14.772974+05:30,SENSEX,2026-10-15,True,41,82,72368.1,1.65,
2026-10-09 11:41:16.395538+05:30,SENSEX,2026-10-22,True,41,81,72368.1,1.6,
2026-10-09 11:41:19.034945+05:30,FINNIFTY,2026-10-27,True,41,82,24934.3,2.64,
2026-10-09 11:41:20.661693+05:30,MIDCPNIFTY,2026-10-27,True,41,82,13554.45,1.62,
2026-10-09 11:42:06.569784+05:30,NIFTY,2026-10-13,True,41,82,22484.25,1.59,
2026-10-09 11:42:08.205833+05:30,NIFTY,2026-10-19,True,41,82,22484.55,1.63,
2026-10-09 11:42:09.834610+05:30,NIFTY,2026-10-27,True,41,82,22484.45,1.63,
2026-10-09 11:42:11.472828+05:30,BANKNIFTY,2026-10-27,True,41,82,55074.4,1.64,
2026-10-09 11:42:13.114069+05:30,BANKNIFTY,2026-11-23,True,41,82,55073.85,1.64,
2026-10-09 11:42:14.768803+05:30,SENSEX,2026-10-15,True,41,82,72354.36,1.65,
2026-10-09 11:42:16.383252+05:30,SENSEX,2026-10-22,True,41,82,72360.7,1.61,
2026-10-09 11:42:18.037690+05:30,FINNIFTY,2026-10-27,True,41,82,24925.8,1.65,
2026-10-09 11:42:19.662931+05:30,MIDCPNIFTY,2026-10-27,True,41,82,13552.7,1.62,
2026-10-09 11:43:06.603631+05:30,NIFTY,2026-10-13,True,41,82,22476.5,1.62,
2026-10-09 11:43:08.467245+05:30,NIFTY,2026-10-19,True,41,82,22476.9,1.86,
2026-10-09 11:43:10.125349+05:30,NIFTY,2026-10-27,True,41,82,22477.3,1.66,
2026-10-09 11:43:11.775838+05:30,BANKNIFTY,2026-10-27,True,41,82,55057.7,1.66,
2026-10-09 11:43:13.411712+05:30,BANKNIFTY,2026-11-23,True,41,82,55059.35,1.62,
2026-10-09 11:43:15.118934+05:30,SENSEX,2026-10-15,True,41,82,72327.07,1.71,
2026-10-09 11:43:16.744718+05:30,SENSEX,2026-10-22,True,41,82,72326.84,1.62,
2026-10-09 11:43:18.397015+05:30,FINNIFTY,2026-10-27,True,41,82,24912.9,1.65,
2026-10-09 11:43:20.035528+05:30,MIDCPNIFTY,2026-10-27,True,41,82,13550.1,1.64,
2026-10-09 11:44:06.582667+05:30,NIFTY,2026-10-13,True,41,82,22478.25,1.6,
2026-10-09 11:44:08.206068+05:30,NIFTY,2026-10-19,True,41,82,22480.95,1.62,
2026-10-09 11:44:09.845231+05:30,NIFTY,2026-10-27,True,41,82,22481.85,1.64,
2026-10-09 11:44:11.499156+05:30,BANKNIFTY,2026-10-27,True,41,82,55080.95,1.65,
2026-10-09 11:44:13.131869+05:30,BANKNIFTY,2026-11-23,True,41,82,55079.2,1.63,
2026-10-09 11:44:14.752384+05:30,SENSEX,2026-10-15,True,41,82,72331.57,1.62,
2026-10-09 11:44:16.399760+05:30,SENSEX,2026-10-22,True,41,82,72331.94,1.65,
2026-10-09 11:44:18.043625+05:30,FINNIFTY,2026-10-27,True,41,82,24924.75,1.64,
2026-10-09 11:44:19.670479+05:30,MIDCPNIFTY,2026-10-27,True,41,82,13556.05,1.63,
2026-10-09 11:45:06.589804+05:30,NIFTY,2026-10-13,True,41,82,22486.0,1.61,
2026-10-09 11:45:09.103467+05:30,NIFTY,2026-10-19,True,41,82,22486.3,2.58,
2026-10-09 11:45:10.793606+05:30,NIFTY,2026-10-27,True,41,82,22486.4,1.62,
2026-10-09 11:45:12.495921+05:30,BANKNIFTY,2026-10-27,True,41,82,55090.0,1.7,
2026-10-09 11:45:14.165488+05:30,BANKNIFTY,2026-11-23,True,41,82,55090.0,1.67,
2026-10-09 11:45:15.802137+05:30,SENSEX,2026-10-15,True,41,82,72348.45,1.64,
2026-10-09 11:45:17.437567+05:30,SENSEX,2026-10-22,True,41,82,72351.05,1.63,
2026-10-09 11:45:19.065788+05:30,FINNIFTY,2026-10-27,True,41,82,24929.1,1.62,
2026-10-09 11:45:20.924191+05:30,MIDCPNIFTY,2026-10-27,True,41,82,13558.5,1.86,
2026-10-09 11:46:06.583836+05:30,NIFTY,2026-10-13,True,41,82,22488.85,1.6,
2026-10-09 11:46:08.225644+05:30,NIFTY,2026-10-19,True,41,82,22489.0,1.64,
2026-10-09 11:46:09.884558+05:30,NIFTY,2026-10-27,True,41,82,22488.65,1.66,
2026-10-09 11:46:11.555813+05:30,BANKNIFTY,2026-10-27,True,41,82,55097.55,1.67,
2026-10-09 11:46:13.200681+05:30,BANKNIFTY,2026-11-23,True,41,82,55095.0,1.64,
2026-10-09 11:46:14.840040+05:30,SENSEX,2026-10-15,True,41,82,72350.88,1.64,
2026-10-09 11:46:16.477952+05:30,SENSEX,2026-10-22,True,41,82,72351.53,1.64,
2026-10-09 11:46:18.116832+05:30,FINNIFTY,2026-10-27,True,41,82,24925.6,1.64,
2026-10-09 11:46:19.737480+05:30,MIDCPNIFTY,2026-10-27,True,41,82,13562.1,1.62,
2026-10-09 11:47:06.584045+05:30,NIFTY,2026-10-13,True,41,82,22488.5,1.6,
2026-10-09 11:47:08.224994+05:30,NIFTY,2026-10-19,True,41,82,22489.7,1.64,
2026-10-09 11:47:09.868676+05:30,NIFTY,2026-10-27,True,41,82,22490.3,1.64,
2026-10-09 11:47:11.523615+05:30,BANKNIFTY,2026-10-27,True,41,82,55087.05,1.65,
2026-10-09 11:47:13.159233+05:30,BANKNIFTY,2026-11-23,True,41,82,55086.9,1.63,
2026-10-09 11:47:14.772186+05:30,SENSEX,2026-10-15,True,41,82,72363.47,1.61,
2026-10-09 11:47:16.423292+05:30,SENSEX,2026-10-22,True,41,82,72360.86,1.65,
2026-10-09 11:47:19.056305+05:30,FINNIFTY,2026-10-27,True,41,82,24923.8,2.63,
2026-10-09 11:47:20.724130+05:30,MIDCPNIFTY,2026-10-27,True,41,82,13564.45,1.67,
2026-10-09 11:48:06.577312+05:30,NIFTY,2026-10-13,True,41,82,22491.0,1.6,
2026-10-09 11:48:08.224712+05:30,NIFTY,2026-10-19,True,41,82,22490.95,1.65,
2026-10-09 11:48:09.871208+05:30,NIFTY,2026-10-27,True,41,82,22490.9,1.65,
2026-10-09 11:48:11.505067+05:30,BANKNIFTY,2026-10-27,True,41,82,55083.9,1.63,
2026-10-09 11:48:13.150341+05:30,BANKNIFTY,2026-11-23,True,41,82,55084.7,1.64,
2026-10-09 11:48:14.805536+05:30,SENSEX,2026-10-15,True,41,82,72355.65,1.66,
2026-10-09 11:48:16.438383+05:30,SENSEX,2026-10-22,True,41,82,72357.25,1.63,
2026-10-09 11:48:18.071622+05:30,FINNIFTY,2026-10-27,True,41,82,24927.95,1.63,
2026-10-09 11:48:19.728933+05:30,MIDCPNIFTY,2026-10-27,True,41,82,13568.45,1.66,
2026-10-09 11:49:06.578175+05:30,NIFTY,2026-10-13,True,41,82,22493.9,1.6,
2026-10-09 11:49:08.218175+05:30,NIFTY,2026-10-19,True,41,82,22492.95,1.64,
2026-10-09 11:49:09.835965+05:30,NIFTY,2026-10-27,True,41,82,22493.55,1.62,
2026-10-09 11:49:11.489919+05:30,BANKNIFTY,2026-10-27,True,41,82,55086.0,1.65,
2026-10-09 11:49:13.143866+05:30,BANKNIFTY,2026-11-23,True,41,82,55084.45,1.65,
2026-10-09 11:49:14.768613+05:30,SENSEX,2026-10-15,True,41,82,72370.83,1.62,
2026-10-09 11:49:16.428279+05:30,SENSEX,2026-10-22,True,41,82,72368.0,1.66,
2026-10-09 11:49:18.065247+05:30,FINNIFTY,2026-10-27,True,41,82,24925.9,1.63,
2026-10-09 11:49:19.716339+05:30,MIDCPNIFTY,2026-10-27,True,41,82,13567.05,1.65,
2026-10-09 11:50:06.616068+05:30,NIFTY,2026-10-13,True,41,82,22484.1,1.64,
2026-10-09 11:50:08.254807+05:30,NIFTY,2026-10-19,True,41,82,22483.0,1.64,
2026-10-09 11:50:09.868572+05:30,NIFTY,2026-10-27,True,41,82,22482.6,1.61,
2026-10-09 11:50:11.535638+05:30,BANKNIFTY,2026-10-27,True,41,82,55083.0,1.67,
2026-10-09 11:50:13.174848+05:30,BANKNIFTY,2026-11-23,True,41,82,55083.45,1.64,
2026-10-09 11:50:14.813668+05:30,SENSEX,2026-10-15,True,41,82,72338.42,1.64,
2026-10-09 11:50:19.492742+05:30,SENSEX,2026-10-22,True,41,82,72341.39,4.68,
2026-10-09 11:50:21.146453+05:30,FINNIFTY,2026-10-27,True,41,82,24926.15,1.65,
2026-10-09 11:50:22.778224+05:30,MIDCPNIFTY,2026-10-27,True,41,82,13558.0,1.63,
2026-10-09 11:51:06.780968+05:30,NIFTY,2026-10-13,True,41,82,22481.8,1.8,
2026-10-09 11:51:08.417499+05:30,NIFTY,2026-10-19,True,41,82,22482.35,1.64,
2026-10-09 11:51:10.068668+05:30,NIFTY,2026-10-27,True,41,82,22483.1,1.68,
2026-10-09 11:51:11.725211+05:30,BANKNIFTY,2026-10-27,True,41,82,55086.45,1.63,
2026-10-09 11:51:13.386153+05:30,BANKNIFTY,2026-11-23,True,41,82,55086.45,1.68,
2026-10-09 11:51:15.066718+05:30,SENSEX,2026-10-15,True,41,82,72325.27,1.66,
2026-10-09 11:51:16.697733+05:30,SENSEX,2026-10-22,True,41,82,72324.04,1.63,
2026-10-09 11:51:18.362874+05:30,FINNIFTY,2026-10-27,True,41,82,24927.5,1.66,
2026-10-09 11:51:19.992394+05:30,MIDCPNIFTY,2026-10-27,True,41,82,13553.35,1.63,
2026-10-09 11:52:06.619273+05:30,NIFTY,2026-10-13,True,41,82,22481.95,1.64,
2026-10-09 11:52:08.294760+05:30,NIFTY,2026-10-19,True,41,82,22481.4,1.67,
2026-10-09 11:52:09.953930+05:30,NIFTY,2026-10-27,True,41,82,22480.2,1.66,
2026-10-09 11:52:11.600004+05:30,BANKNIFTY,2026-10-27,True,41,82,55082.6,1.64,
2026-10-09 11:52:13.259539+05:30,BANKNIFTY,2026-11-23,True,41,82,55080.6,1.66,
2026-10-09 11:52:14.877798+05:30,SENSEX,2026-10-15,True,41,82,72322.27,1.62,
2026-10-09 11:52:16.484766+05:30,SENSEX,2026-10-22,True,41,82,72320.33,1.61,
2026-10-09 11:52:19.055171+05:30,FINNIFTY,2026-10-27,True,41,82,24927.1,2.57,
2026-10-09 11:52:20.942384+05:30,MIDCPNIFTY,2026-10-27,True,41,82,13552.8,1.89,
2026-10-09 11:53:06.817570+05:30,NIFTY,2026-10-13,True,41,82,22472.55,1.84,
2026-10-09 11:53:08.681636+05:30,NIFTY,2026-10-19,True,41,82,22472.55,1.88,
2026-10-09 11:53:10.555278+05:30,NIFTY,2026-10-27,True,41,82,22471.6,1.86,
2026-10-09 11:53:12.434119+05:30,BANKNIFTY,2026-10-27,True,41,82,55061.25,1.88,
2026-10-09 11:53:14.307747+05:30,BANKNIFTY,2026-11-23,True,41,82,55060.4,1.87,
2026-10-09 11:53:16.197914+05:30,SENSEX,2026-10-15,True,41,82,72306.15,1.89,
2026-10-09 11:53:18.062979+05:30,SENSEX,2026-10-22,True,41,82,72306.37,1.86,
2026-10-09 11:53:19.941059+05:30,FINNIFTY,2026-10-27,True,41,82,24918.5,1.88,
2026-10-09 11:53:21.791463+05:30,MIDCPNIFTY,2026-10-27,True,41,82,13553.6,1.85,
2026-10-09 11:54:06.796038+05:30,NIFTY,2026-10-13,True,41,82,22475.7,1.82,
2026-10-09 11:54:08.654892+05:30,NIFTY,2026-10-19,True,41,82,22475.85,1.86,
2026-10-09 11:54:10.530694+05:30,NIFTY,2026-10-27,True,41,82,22474.7,1.88,
2026-10-09 11:54:12.408711+05:30,BANKNIFTY,2026-10-27,True,41,82,55053.15,1.87,
2026-10-09 11:54:14.292468+05:30,BANKNIFTY,2026-11-23,True,41,82,55056.95,1.88,
2026-10-09 11:54:16.158616+05:30,SENSEX,2026-10-15,True,41,82,72304.79,1.87,
2026-10-09 11:54:18.020727+05:30,SENSEX,2026-10-22,True,41,82,72300.48,1.86,
2026-10-09 11:54:19.906453+05:30,FINNIFTY,2026-10-27,True,41,82,24918.8,1.88,
2026-10-09 11:54:21.809399+05:30,MIDCPNIFTY,2026-10-27,True,41,82,13547.0,1.9,
2026-10-09 11:55:06.825297+05:30,NIFTY,2026-10-13,True,41,82,22472.6,1.84,
2026-10-09 11:55:08.684477+05:30,NIFTY,2026-10-19,True,41,82,22473.05,1.87,
2026-10-09 11:55:10.578421+05:30,NIFTY,2026-10-27,True,41,82,22474.1,1.88,
2026-10-09 11:55:12.491365+05:30,BANKNIFTY,2026-10-27,True,41,82,55071.35,1.91,
2026-10-09 11:55:14.376724+05:30,BANKNIFTY,2026-11-23,True,41,82,55068.8,1.88,
2026-10-09 11:55:16.241142+05:30,SENSEX,2026-10-15,True,41,82,72315.2,1.87,
2026-10-09 11:55:18.103533+05:30,SENSEX,2026-10-22,True,41,82,72313.52,1.86,
2026-10-09 11:55:19.991534+05:30,FINNIFTY,2026-10-27,True,41,82,24920.5,1.89,
2026-10-09 11:55:21.871357+05:30,MIDCPNIFTY,2026-10-27,True,41,82,13546.5,1.88,
2026-10-09 11:56:08.873555+05:30,NIFTY,2026-10-13,True,41,82,22470.6,3.89,
2026-10-09 11:56:10.766017+05:30,NIFTY,2026-10-19,True,41,82,22471.55,1.89,
2026-10-09 11:56:12.635209+05:30,NIFTY,2026-10-27,True,41,82,22471.5,1.87,
2026-10-09 11:56:14.540788+05:30,BANKNIFTY,2026-10-27,True,41,82,55064.0,1.91,
2026-10-09 11:56:16.411244+05:30,BANKNIFTY,2026-11-23,True,41,82,55056.95,1.86,
2026-10-09 11:56:18.263795+05:30,SENSEX,2026-10-15,True,41,82,72300.65,1.85,
2026-10-09 11:56:20.125997+05:30,SENSEX,2026-10-22,True,41,82,72293.04,1.86,
2026-10-09 11:56:21.984154+05:30,FINNIFTY,2026-10-27,True,41,82,24912.9,1.86,
2026-10-09 11:56:23.845520+05:30,MIDCPNIFTY,2026-10-27,True,41,82,13537.15,1.86,
2026-10-09 11:57:06.796371+05:30,NIFTY,2026-10-13,True,41,82,22467.9,1.82,
2026-10-09 11:57:08.665682+05:30,NIFTY,2026-10-19,True,41,82,22467.8,1.88,
2026-10-09 11:57:10.550504+05:30,NIFTY,2026-10-27,True,41,82,22467.35,1.87,
2026-10-09 11:57:12.457240+05:30,BANKNIFTY,2026-10-27,True,41,82,55072.35,1.9,
2026-10-09 11:57:14.350647+05:30,BANKNIFTY,2026-11-23,True,41,82,55072.0,1.89,
2026-10-09 11:57:16.219629+05:30,SENSEX,2026-10-15,True,41,82,72288.26,1.89,
2026-10-09 11:57:18.063665+05:30,SENSEX,2026-10-22,True,41,82,72290.53,1.82,
2026-10-09 11:57:19.935127+05:30,FINNIFTY,2026-10-27,True,41,82,24913.45,1.87,
2026-10-09 11:57:21.807111+05:30,MIDCPNIFTY,2026-10-27,True,41,82,13540.5,1.87,
2026-10-09 11:58:06.821386+05:30,NIFTY,2026-10-13,True,41,82,22467.55,1.84,
2026-10-09 11:58:08.700326+05:30,NIFTY,2026-10-19,True,41,82,22467.3,1.88,
2026-10-09 11:58:10.593677+05:30,NIFTY,2026-10-27,True,41,82,22467.75,1.89,
2026-10-09 11:58:12.490415+05:30,BANKNIFTY,2026-10-27,True,41,82,55079.35,1.89,
2026-10-09 11:58:14.376439+05:30,BANKNIFTY,2026-11-23,True,41,82,55074.25,1.89,
2026-10-09 11:58:16.217516+05:30,SENSEX,2026-10-15,True,41,82,72297.64,1.84,
2026-10-09 11:58:18.091336+05:30,SENSEX,2026-10-22,True,41,82,72297.64,1.87,
2026-10-09 11:58:19.935627+05:30,FINNIFTY,2026-10-27,True,41,82,24910.75,1.84,
2026-10-09 11:58:21.801208+05:30,MIDCPNIFTY,2026-10-27,True,41,82,13536.95,1.86,
2026-10-09 11:59:06.810653+05:30,NIFTY,2026-10-13,True,41,82,22455.9,1.83,
2026-10-09 11:59:08.713022+05:30,NIFTY,2026-10-19,True,41,82,22455.05,1.93,
2026-10-09 11:59:10.577286+05:30,NIFTY,2026-10-27,True,41,82,22455.0,1.83,
2026-10-09 11:59:12.461725+05:30,BANKNIFTY,2026-10-27,True,41,82,55057.2,1.88,
2026-10-09 11:59:14.352543+05:30,BANKNIFTY,2026-11-23,True,41,82,55046.95,1.89,
2026-10-09 11:59:16.218161+05:30,SENSEX,2026-10-15,True,41,82,72257.68,1.87,
2026-10-09 11:59:18.075766+05:30,SENSEX,2026-10-22,True,41,82,72254.38,1.86,
2026-10-09 11:59:19.936690+05:30,FINNIFTY,2026-10-27,True,41,82,24891.9,1.86,
2026-10-09 11:59:21.798277+05:30,MIDCPNIFTY,2026-10-27,True,41,82,13524.2,1.86,
2026-10-09 12:00:06.819239+05:30,NIFTY,2026-10-13,True,41,82,22453.55,1.84,
2026-10-09 12:00:08.674302+05:30,NIFTY,2026-10-19,True,41,82,22455.25,1.85,
2026-10-09 12:00:10.540815+05:30,NIFTY,2026-10-27,True,41,82,22456.2,1.87,
2026-10-09 12:00:12.428700+05:30,BANKNIFTY,2026-10-27,True,41,82,55058.65,1.89,
2026-10-09 12:00:14.301981+05:30,BANKNIFTY,2026-11-23,True,41,82,55058.7,1.87,
2026-10-09 12:00:16.158791+05:30,SENSEX,2026-10-15,True,41,82,72254.21,1.85,
2026-10-09 12:00:18.016394+05:30,SENSEX,2026-10-22,True,41,82,72254.56,1.86,
2026-10-09 12:00:19.910187+05:30,FINNIFTY,2026-10-27,True,41,82,24900.05,1.89,
2026-10-09 12:00:21.799949+05:30,MIDCPNIFTY,2026-10-27,True,41,82,13531.7,1.89,
2026-10-09 12:01:06.829913+05:30,NIFTY,2026-10-13,True,41,82,22452.55,1.85,
2026-10-09 12:01:08.693905+05:30,NIFTY,2026-10-19,True,41,82,22452.0,1.89,
2026-10-09 12:01:10.558473+05:30,NIFTY,2026-10-27,True,41,82,22452.1,1.84,
2026-10-09 12:01:12.436380+05:30,BANKNIFTY,2026-10-27,True,41,82,55058.45,1.88,
2026-10-09 12:01:14.317039+05:30,BANKNIFTY,2026-11-23,True,41,82,55055.9,1.88,
2026-10-09 12:01:16.171004+05:30,SENSEX,2026-10-15,True,41,82,72250.6,1.85,
2026-10-09 12:01:18.014285+05:30,SENSEX,2026-10-22,True,41,82,72250.16,1.84,
2026-10-09 12:01:19.877635+05:30,FINNIFTY,2026-10-27,True,41,82,24896.0,1.86,
2026-10-09 12:01:21.743561+05:30,MIDCPNIFTY,2026-10-27,True,41,82,13526.0,1.86,
2026-10-09 12:02:06.845442+05:30,NIFTY,2026-10-13,True,41,82,22447.5,1.87,
2026-10-09 12:02:08.704732+05:30,NIFTY,2026-10-19,True,41,82,22448.25,1.88,
2026-10-09 12:02:10.581259+05:30,NIFTY,2026-10-27,True,41,82,22447.1,1.85,
2026-10-09 12:02:12.464732+05:30,BANKNIFTY,2026-10-27,True,41,82,55053.7,1.88,
2026-10-09 12:02:14.360193+05:30,BANKNIFTY,2026-11-23,True,41,82,55051.3,1.91,
2026-10-09 12:02:16.221304+05:30,SENSEX,2026-10-15,True,41,82,72249.76,1.86,
2026-10-09 12:02:18.093982+05:30,SENSEX,2026-10-22,True,41,82,72250.33,1.85,
2026-10-09 12:02:19.980162+05:30,FINNIFTY,2026-10-27,True,41,82,24900.4,1.88,
2026-10-09 12:02:21.841354+05:30,MIDCPNIFTY,2026-10-27,True,41,82,13522.75,1.86,
2026-10-09 12:03:06.824510+05:30,NIFTY,2026-10-13,True,41,82,22452.7,1.84,
2026-10-09 12:03:08.702341+05:30,NIFTY,2026-10-19,True,41,82,22452.75,1.89,
2026-10-09 12:03:10.579726+05:30,NIFTY,2026-10-27,True,41,82,22453.05,1.86,
2026-10-09 12:03:12.471218+05:30,BANKNIFTY,2026-10-27,True,41,82,55059.3,1.89,
2026-10-09 12:03:14.364176+05:30,BANKNIFTY,2026-11-23,True,41,82,55059.2,1.89,
2026-10-09 12:03:16.211324+05:30,SENSEX,2026-10-15,True,41,82,72258.51,1.85,
2026-10-09 12:03:18.077807+05:30,SENSEX,2026-10-22,True,41,82,72251.08,1.86,
2026-10-09 12:03:19.990036+05:30,FINNIFTY,2026-10-27,True,41,82,24901.3,1.93,
2026-10-09 12:03:21.852225+05:30,MIDCPNIFTY,2026-10-27,True,41,82,13527.1,1.84,
2026-10-09 12:04:06.843033+05:30,NIFTY,2026-10-13,True,41,82,22456.45,1.86,
2026-10-09 12:04:08.720817+05:30,NIFTY,2026-10-19,True,41,82,22460.8,1.9,
2026-10-09 12:04:10.604730+05:30,NIFTY,2026-10-27,True,41,82,22460.1,1.86,
2026-10-09 12:04:12.493126+05:30,BANKNIFTY,2026-10-27,True,41,82,55083.8,1.89,
2026-10-09 12:04:14.389333+05:30,BANKNIFTY,2026-11-23,True,41,82,55076.7,1.89,
2026-10-09 12:04:16.269112+05:30,SENSEX,2026-10-15,True,41,82,72270.16,1.88,
2026-10-09 12:04:18.133217+05:30,SENSEX,2026-10-22,True,41,82,72276.46,1.86,
2026-10-09 12:04:19.983293+05:30,FINNIFTY,2026-10-27,True,41,82,24910.2,1.85,
2026-10-09 12:04:21.852935+05:30,MIDCPNIFTY,2026-10-27,True,41,82,13538.05,1.87,
2026-10-09 12:05:06.840861+05:30,NIFTY,2026-10-13,True,41,82,22466.75,1.86,
2026-10-09 12:05:08.712896+05:30,NIFTY,2026-10-19,True,41,82,22468.4,1.87,
2026-10-09 12:05:10.600785+05:30,NIFTY,2026-10-27,True,41,82,22470.35,1.89,
2026-10-09 12:05:12.511778+05:30,BANKNIFTY,2026-10-27,True,41,82,55121.5,1.91,
2026-10-09 12:05:14.432887+05:30,BANKNIFTY,2026-11-23,True,41,82,55125.1,1.92,
2026-10-09 12:05:16.322534+05:30,SENSEX,2026-10-15,True,41,82,72311.46,1.89,
2026-10-09 12:05:18.200522+05:30,SENSEX,2026-10-22,True,41,82,72311.2,1.88,
2026-10-09 12:05:20.075404+05:30,FINNIFTY,2026-10-27,True,41,82,24928.25,1.87,
2026-10-09 12:05:21.951996+05:30,MIDCPNIFTY,2026-10-27,True,41,82,13548.55,1.87,
2026-10-09 12:06:06.845836+05:30,NIFTY,2026-10-13,True,41,82,22471.85,1.87,
2026-10-09 12:06:08.706085+05:30,NIFTY,2026-10-19,True,41,82,22471.85,1.88,
2026-10-09 12:06:11.584610+05:30,NIFTY,2026-10-27,True,41,82,22471.9,2.86,
2026-10-09 12:06:13.478092+05:30,BANKNIFTY,2026-10-27,True,41,82,55127.85,1.89,
2026-10-09 12:06:15.328779+05:30,BANKNIFTY,2026-11-23,True,41,82,55128.85,1.85,
2026-10-09 12:06:17.176438+05:30,SENSEX,2026-10-15,True,41,82,72318.97,1.85,
2026-10-09 12:06:19.029866+05:30,SENSEX,2026-10-22,True,41,82,72321.56,1.85,
2026-10-09 12:06:20.910526+05:30,FINNIFTY,2026-10-27,True,41,82,24931.35,1.88,
2026-10-09 12:06:22.781793+05:30,MIDCPNIFTY,2026-10-27,True,41,82,13550.1,1.87,
2026-10-09 12:07:07.230096+05:30,NIFTY,2026-10-13,True,41,82,22479.8,2.25,
2026-10-09 12:07:09.092331+05:30,NIFTY,2026-10-19,True,41,82,22479.3,1.86,
2026-10-09 12:07:10.951355+05:30,NIFTY,2026-10-27,True,41,82,22479.25,1.86,
2026-10-09 12:07:12.826197+05:30,BANKNIFTY,2026-10-27,True,41,82,55129.35,1.89,
2026-10-09 12:07:14.685670+05:30,BANKNIFTY,2026-11-23,True,41,82,55124.3,1.84,
2026-10-09 12:07:16.559907+05:30,SENSEX,2026-10-15,True,41,82,72337.71,1.87,
2026-10-09 12:07:18.440229+05:30,SENSEX,2026-10-22,True,41,82,72337.26,1.88,
2026-10-09 12:07:20.291841+05:30,FINNIFTY,2026-10-27,True,41,82,24933.6,1.85,
2026-10-09 12:07:22.161940+05:30,MIDCPNIFTY,2026-10-27,True,41,82,13555.05,1.87,
2026-10-09 12:08:06.812073+05:30,NIFTY,2026-10-13,True,41,82,22479.6,1.83,
2026-10-09 12:08:08.666107+05:30,NIFTY,2026-10-19,True,41,82,22478.85,1.85,
2026-10-09 12:08:10.559493+05:30,NIFTY,2026-10-27,True,41,82,22479.3,1.89,
2026-10-09 12:08:12.437441+05:30,BANKNIFTY,2026-10-27,True,41,82,55126.3,1.88,
2026-10-09 12:08:14.308458+05:30,BANKNIFTY,2026-11-23,True,41,82,55133.5,1.87,
2026-10-09 12:08:16.204844+05:30,SENSEX,2026-10-15,True,41,82,72338.15,1.9,
2026-10-09 12:08:18.055677+05:30,SENSEX,2026-10-22,True,41,82,72342.05,1.85,
2026-10-09 12:08:19.960368+05:30,FINNIFTY,2026-10-27,True,41,82,24938.45,1.9,
2026-10-09 12:08:21.839481+05:30,MIDCPNIFTY,2026-10-27,True,41,82,13555.65,1.88,
2026-10-09 12:09:06.830103+05:30,NIFTY,2026-10-13,True,41,82,22486.15,1.85,
2026-10-09 12:09:08.687393+05:30,NIFTY,2026-10-19,True,41,82,22486.6,1.86,
2026-10-09 12:09:10.560327+05:30,NIFTY,2026-10-27,True,41,82,22486.5,1.87,
2026-10-09 12:09:12.441928+05:30,BANKNIFTY,2026-10-27,True,41,82,55164.1,1.88,
2026-10-09 12:09:14.316667+05:30,BANKNIFTY,2026-11-23,True,41,82,55162.95,1.87,
2026-10-09 12:09:16.214106+05:30,SENSEX,2026-10-15,True,41,82,72361.43,1.9,
2026-10-09 12:09:18.041073+05:30,SENSEX,2026-10-22,True,41,82,72365.63,1.83,
2026-10-09 12:09:19.910063+05:30,FINNIFTY,2026-10-27,True,41,82,24952.85,1.87,
2026-10-09 12:09:21.760374+05:30,MIDCPNIFTY,2026-10-27,True,41,82,13559.3,1.85,
2026-10-09 12:10:06.832742+05:30,NIFTY,2026-10-13,True,41,82,22495.45,1.85,
2026-10-09 12:10:08.693238+05:30,NIFTY,2026-10-19,True,41,82,22495.65,1.86,
2026-10-09 12:10:10.577180+05:30,NIFTY,2026-10-27,True,41,82,22494.9,1.88,
2026-10-09 12:10:12.476327+05:30,BANKNIFTY,2026-10-27,True,41,82,55181.55,1.9,
2026-10-09 12:10:14.380269+05:30,BANKNIFTY,2026-11-23,True,41,82,55182.45,1.93,
2026-10-09 12:10:16.233360+05:30,SENSEX,2026-10-15,True,41,82,72395.44,1.83,
2026-10-09 12:10:18.091413+05:30,SENSEX,2026-10-22,True,41,82,72394.54,1.86,
2026-10-09 12:10:19.957730+05:30,FINNIFTY,2026-10-27,True,41,82,24953.6,1.86,
2026-10-09 12:10:22.861490+05:30,MIDCPNIFTY,2026-10-27,True,41,82,13560.95,2.9,
2026-10-09 12:11:06.801049+05:30,NIFTY,2026-10-13,True,41,82,22483.7,1.82,
2026-10-09 12:11:08.663804+05:30,NIFTY,2026-10-19,True,41,82,22484.45,1.88,
2026-10-09 12:11:10.548297+05:30,NIFTY,2026-10-27,True,41,82,22483.8,1.86,
2026-10-09 12:11:12.451410+05:30,BANKNIFTY,2026-10-27,True,41,82,55168.1,1.9,
2026-10-09 12:11:14.327434+05:30,BANKNIFTY,2026-11-23,True,41,82,55172.2,1.87,
2026-10-09 12:11:16.173557+05:30,SENSEX,2026-10-15,True,41,82,72373.2,1.85,
2026-10-09 12:11:18.062118+05:30,SENSEX,2026-10-22,True,41,82,72372.27,1.89,
2026-10-09 12:11:19.921200+05:30,FINNIFTY,2026-10-27,True,41,82,24939.6,1.86,
2026-10-09 12:11:21.795288+05:30,MIDCPNIFTY,2026-10-27,True,41,82,13556.35,1.87,
2026-10-09 12:12:06.861053+05:30,NIFTY,2026-10-13,True,41,82,22481.65,1.88,
2026-10-09 12:12:08.713836+05:30,NIFTY,2026-10-19,True,41,82,22481.2,1.85,
2026-10-09 12:12:10.584775+05:30,NIFTY,2026-10-27,True,41,82,22480.35,1.89,
2026-10-09 12:12:12.472712+05:30,BANKNIFTY,2026-10-27,True,41,82,55156.5,1.87,
2026-10-09 12:12:14.339284+05:30,BANKNIFTY,2026-11-23,True,41,82,55153.95,1.86,
2026-10-09 12:12:16.199570+05:30,SENSEX,2026-10-15,True,41,82,72361.02,1.86,
2026-10-09 12:12:18.047216+05:30,SENSEX,2026-10-22,True,41,82,72361.02,1.85,
2026-10-09 12:12:19.899967+05:30,FINNIFTY,2026-10-27,True,41,82,24936.7,1.85,
2026-10-09 12:12:21.768325+05:30,MIDCPNIFTY,2026-10-27,True,41,82,13552.75,1.87,
2026-10-09 12:13:06.804522+05:30,NIFTY,2026-10-13,True,41,82,22480.75,1.82,
2026-10-09 12:13:08.662175+05:30,NIFTY,2026-10-19,True,41,82,22480.35,1.87,
2026-10-09 12:13:10.528260+05:30,NIFTY,2026-10-27,True,41,82,22480.6,1.85,
2026-10-09 12:13:12.395375+05:30,BANKNIFTY,2026-10-27,True,41,82,55151.75,1.86,
2026-10-09 12:13:14.266770+05:30,BANKNIFTY,2026-11-23,True,41,82,55149.05,1.87,
2026-10-09 12:13:16.116027+05:30,SENSEX,2026-10-15,True,41,82,72360.34,1.85,
2026-10-09 12:13:17.974753+05:30,SENSEX,2026-10-22,True,41,82,72360.09,1.86,
2026-10-09 12:13:19.828363+05:30,FINNIFTY,2026-10-27,True,41,82,24935.0,1.85,
2026-10-09 12:13:21.695689+05:30,MIDCPNIFTY,2026-10-27,True,41,82,13549.05,1.87,
2026-10-09 12:14:07.498964+05:30,NIFTY,2026-10-13,True,41,82,22470.1,2.52,
2026-10-09 12:14:09.392340+05:30,NIFTY,2026-10-19,True,41,82,22469.5,1.89,
2026-10-09 12:14:11.297648+05:30,NIFTY,2026-10-27,True,41,82,22469.55,1.9,
2026-10-09 12:14:13.165685+05:30,BANKNIFTY,2026-10-27,True,41,82,55117.45,1.87,
2026-10-09 12:14:15.053599+05:30,BANKNIFTY,2026-11-23,True,41,82,55120.1,1.89,
2026-10-09 12:14:16.917751+05:30,SENSEX,2026-10-15,True,41,82,72329.1,1.87,
2026-10-09 12:14:18.766456+05:30,SENSEX,2026-10-22,True,41,82,72330.86,1.85,
2026-10-09 12:14:20.642340+05:30,FINNIFTY,2026-10-27,True,41,82,24919.5,1.87,
2026-10-09 12:14:22.553072+05:30,MIDCPNIFTY,2026-10-27,True,41,82,13537.45,1.91,
2026-10-09 12:15:07.127243+05:30,NIFTY,2026-10-13,True,41,82,22470.65,2.15,
2026-10-09 12:15:09.815328+05:30,NIFTY,2026-10-19,True,41,82,22471.25,2.69,
2026-10-09 12:15:11.470848+05:30,NIFTY,2026-10-27,True,41,82,22470.85,1.65,
2026-10-09 12:15:13.141912+05:30,BANKNIFTY,2026-10-27,True,41,82,55118.85,1.67,
2026-10-09 12:15:14.774734+05:30,BANKNIFTY,2026-11-23,True,41,82,55119.15,1.63,
2026-10-09 12:15:16.891472+05:30,SENSEX,2026-10-15,True,41,82,72335.61,2.12,
2026-10-09 12:15:18.515010+05:30,SENSEX,2026-10-22,True,41,82,72339.19,1.62,
2026-10-09 12:15:20.150414+05:30,FINNIFTY,2026-10-27,True,41,82,24919.05,1.63,
2026-10-09 12:15:21.787635+05:30,MIDCPNIFTY,2026-10-27,True,41,82,13536.6,1.64,
2026-10-09 12:16:06.609263+05:30,NIFTY,2026-10-13,True,41,82,22474.3,1.63,
2026-10-09 12:16:08.236953+05:30,NIFTY,2026-10-19,True,41,82,22475.5,1.63,
2026-10-09 12:16:09.865880+05:30,NIFTY,2026-10-27,True,41,82,22475.35,1.63,
2026-10-09 12:16:11.507044+05:30,BANKNIFTY,2026-10-27,True,41,82,55140.85,1.64,
2026-10-09 12:16:13.151994+05:30,BANKNIFTY,2026-11-23,True,41,82,55146.55,1.64,
2026-10-09 12:16:14.770410+05:30,SENSEX,2026-10-15,True,41,82,72355.45,1.62,
2026-10-09 12:16:16.413230+05:30,SENSEX,2026-10-22,True,41,82,72355.27,1.64,
2026-10-09 12:16:18.042041+05:30,FINNIFTY,2026-10-27,True,41,82,24936.4,1.63,
2026-10-09 12:16:19.671390+05:30,MIDCPNIFTY,2026-10-27,True,41,82,13545.75,1.63,
2026-10-09 12:17:06.580708+05:30,NIFTY,2026-10-13,True,41,82,22476.0,1.6,
2026-10-09 12:17:08.198702+05:30,NIFTY,2026-10-19,True,41,82,22475.65,1.62,
2026-10-09 12:17:09.822752+05:30,NIFTY,2026-10-27,True,41,82,22475.7,1.62,
2026-10-09 12:17:11.447515+05:30,BANKNIFTY,2026-10-27,True,41,82,55129.8,1.62,
2026-10-09 12:17:13.074949+05:30,BANKNIFTY,2026-11-23,True,41,82,55121.7,1.63,
2026-10-09 12:17:14.684435+05:30,SENSEX,2026-10-15,True,41,82,72352.31,1.61,
2026-10-09 12:17:16.310919+05:30,SENSEX,2026-10-22,True,41,82,72350.17,1.62,
2026-10-09 12:17:17.967322+05:30,FINNIFTY,2026-10-27,True,41,82,24925.45,1.65,
2026-10-09 12:17:19.611913+05:30,MIDCPNIFTY,2026-10-27,True,41,82,13540.3,1.64,
2026-10-09 12:18:06.631554+05:30,NIFTY,2026-10-13,True,41,82,22468.9,1.65,
2026-10-09 12:18:08.342144+05:30,NIFTY,2026-10-19,True,41,82,22469.15,1.71,
2026-10-09 12:18:10.032459+05:30,NIFTY,2026-10-27,True,41,82,22468.6,1.69,
2026-10-09 12:18:11.685436+05:30,BANKNIFTY,2026-10-27,True,41,82,55120.45,1.65,
2026-10-09 12:18:13.356013+05:30,BANKNIFTY,2026-11-23,True,41,82,55120.9,1.67,
2026-10-09 12:18:14.988733+05:30,SENSEX,2026-10-15,True,41,82,72326.77,1.63,
2026-10-09 12:18:16.612141+05:30,SENSEX,2026-10-22,True,41,82,72328.75,1.62,
2026-10-09 12:18:18.232406+05:30,FINNIFTY,2026-10-27,True,41,82,24923.55,1.62,
2026-10-09 12:18:19.857535+05:30,MIDCPNIFTY,2026-10-27,True,41,82,13536.45,1.62,
2026-10-09 12:19:06.597849+05:30,NIFTY,2026-10-13,True,41,82,22466.95,1.62,
2026-10-09 12:19:09.265204+05:30,NIFTY,2026-10-19,True,41,82,22466.0,2.66,
2026-10-09 12:19:10.913896+05:30,NIFTY,2026-10-27,True,41,82,22466.8,1.65,
2026-10-09 12:19:12.560123+05:30,BANKNIFTY,2026-10-27,True,41,82,55126.05,1.64,
2026-10-09 12:19:14.216188+05:30,BANKNIFTY,2026-11-23,True,41,82,55122.35,1.65,
2026-10-09 12:19:15.838279+05:30,SENSEX,2026-10-15,True,41,82,72330.13,1.62,
2026-10-09 12:19:17.455012+05:30,SENSEX,2026-10-22,True,41,82,72327.26,1.62,
2026-10-09 12:19:19.079476+05:30,FINNIFTY,2026-10-27,True,41,82,24922.1,1.62,
2026-10-09 12:19:20.714603+05:30,MIDCPNIFTY,2026-10-27,True,41,82,13535.6,1.63,
2026-10-09 12:22:20.622462+05:30,NIFTY,2026-10-13,True,41,82,22466.65,1.77,
2026-10-09 12:22:22.329205+05:30,NIFTY,2026-10-19,True,41,82,22466.45,1.69,
2026-10-09 12:22:24.076395+05:30,NIFTY,2026-10-27,True,41,82,22467.1,1.75,
2026-10-09 12:22:26.142331+05:30,BANKNIFTY,2026-10-27,True,41,82,55135.7,1.75,
2026-10-09 12:22:27.881423+05:30,BANKNIFTY,2026-11-23,True,41,82,55135.25,1.74,
2026-10-09 12:22:29.934827+05:30,SENSEX,2026-10-15,True,41,82,72318.65,1.77,
2026-10-09 12:22:31.673296+05:30,SENSEX,2026-10-22,True,41,82,72321.23,1.74,
2026-10-09 12:22:33.749343+05:30,FINNIFTY,2026-10-27,True,41,82,24924.9,1.77,
2026-10-09 12:22:35.803403+05:30,MIDCPNIFTY,2026-10-27,True,41,82,13538.25,1.74,
2026-10-09 12:23:06.690071+05:30,NIFTY,2026-10-13,True,41,82,22469.0,1.71,
2026-10-09 12:23:08.447657+05:30,NIFTY,2026-10-19,True,41,82,22468.95,1.76,
2026-10-09 12:23:10.200483+05:30,NIFTY,2026-10-27,True,41,82,22468.95,1.79,
2026-10-09 12:23:11.935810+05:30,BANKNIFTY,2026-10-27,True,41,82,55147.5,1.71,
2026-10-09 12:23:13.673823+05:30,BANKNIFTY,2026-11-23,True,41,82,55144.3,1.74,
2026-10-09 12:23:15.400049+05:30,SENSEX,2026-10-15,True,41,82,72327.31,1.73,
2026-10-09 12:23:17.120182+05:30,SENSEX,2026-10-22,True,41,82,72331.63,1.69,
2026-10-09 12:23:18.840245+05:30,FINNIFTY,2026-10-27,True,41,82,24931.65,1.71,
2026-10-09 12:23:21.577049+05:30,MIDCPNIFTY,2026-10-27,True,41,82,13540.95,2.73,
2026-10-09 12:24:06.665940+05:30,NIFTY,2026-10-13,True,41,82,22467.0,1.69,
2026-10-09 12:24:08.404424+05:30,NIFTY,2026-10-19,True,41,82,22466.8,1.76,
2026-10-09 12:24:10.127171+05:30,NIFTY,2026-10-27,True,41,82,22466.85,1.7,
2026-10-09 12:24:11.889113+05:30,BANKNIFTY,2026-10-27,True,41,82,55149.95,1.76,
2026-10-09 12:24:13.642024+05:30,BANKNIFTY,2026-11-23,True,41,82,55149.5,1.75,
2026-10-09 12:24:15.365965+05:30,SENSEX,2026-10-15,True,41,82,72326.24,1.72,
2026-10-09 12:24:17.115600+05:30,SENSEX,2026-10-22,True,41,82,72324.38,1.75,
2026-10-09 12:24:18.845994+05:30,FINNIFTY,2026-10-27,True,41,82,24932.6,1.73,
2026-10-09 12:24:20.570500+05:30,MIDCPNIFTY,2026-10-27,True,41,82,13542.25,1.72,
2026-10-09 12:25:06.680482+05:30,NIFTY,2026-10-13,True,41,82,22475.35,1.7,
2026-10-09 12:25:08.421096+05:30,NIFTY,2026-10-19,True,41,82,22475.65,1.74,
2026-10-09 12:25:10.148613+05:30,NIFTY,2026-10-27,True,41,82,22475.75,1.73,
2026-10-09 12:25:11.911575+05:30,BANKNIFTY,2026-10-27,True,41,82,55167.3,1.76,
2026-10-09 12:25:13.653549+05:30,BANKNIFTY,2026-11-23,True,41,82,55164.65,1.74,
2026-10-09 12:25:15.377509+05:30,SENSEX,2026-10-15,True,41,82,72347.96,1.72,
2026-10-09 12:25:17.119651+05:30,SENSEX,2026-10-22,True,41,82,72342.97,1.74,
2026-10-09 12:25:18.846295+05:30,FINNIFTY,2026-10-27,True,41,82,24943.85,1.72,
2026-10-09 12:25:20.591453+05:30,MIDCPNIFTY,2026-10-27,True,41,82,13544.9,1.74,
2026-10-09 12:26:06.692413+05:30,NIFTY,2026-10-13,True,41,82,22473.4,1.71,
2026-10-09 12:26:09.313681+05:30,NIFTY,2026-10-19,True,41,82,22473.5,2.62,
2026-10-09 12:26:11.067977+05:30,NIFTY,2026-10-27,True,41,82,22473.4,1.75,
2026-10-09 12:26:12.810109+05:30,BANKNIFTY,2026-10-27,True,41,82,55160.7,1.74,
2026-10-09 12:26:14.542375+05:30,BANKNIFTY,2026-11-23,True,41,82,55159.3,1.73,
2026-10-09 12:26:16.259474+05:30,SENSEX,2026-10-15,True,41,82,72340.57,1.72,
2026-10-09 12:26:17.995842+05:30,SENSEX,2026-10-22,True,41,82,72340.19,1.73,
2026-10-09 12:26:19.729801+05:30,FINNIFTY,2026-10-27,True,41,82,24939.85,1.73,
2026-10-09 12:26:21.447975+05:30,MIDCPNIFTY,2026-10-27,True,41,82,13544.3,1.72,
2026-10-09 12:27:06.676585+05:30,NIFTY,2026-10-13,True,41,82,22468.1,1.7,
2026-10-09 12:27:08.417988+05:30,NIFTY,2026-10-19,True,41,82,22468.65,1.74,
2026-10-09 12:27:10.170741+05:30,NIFTY,2026-10-27,True,41,82,22468.3,1.75,
2026-10-09 12:27:11.940429+05:30,BANKNIFTY,2026-10-27,True,41,82,55140.0,1.77,
2026-10-09 12:27:13.710006+05:30,BANKNIFTY,2026-11-23,True,41,82,55137.2,1.77,
2026-10-09 12:27:15.491666+05:30,SENSEX,2026-10-15,True,41,82,72327.52,1.78,
2026-10-09 12:27:17.217735+05:30,SENSEX,2026-10-22,True,41,82,72330.71,1.72,
2026-10-09 12:27:18.951545+05:30,FINNIFTY,2026-10-27,True,41,82,24929.4,1.73,
2026-10-09 12:27:20.693161+05:30,MIDCPNIFTY,2026-10-27,True,41,82,13540.95,1.74,
2026-10-09 12:28:06.699299+05:30,NIFTY,2026-10-13,True,41,82,22468.75,1.72,
2026-10-09 12:28:08.439520+05:30,NIFTY,2026-10-19,True,41,82,22467.95,1.78,
2026-10-09 12:28:10.189589+05:30,NIFTY,2026-10-27,True,41,82,22467.35,1.71,
2026-10-09 12:28:11.946015+05:30,BANKNIFTY,2026-10-27,True,41,82,55141.45,1.75,
2026-10-09 12:28:13.679740+05:30,BANKNIFTY,2026-11-23,True,41,82,55141.45,1.73,
2026-10-09 12:28:15.404401+05:30,SENSEX,2026-10-15,True,41,82,72332.52,1.73,
2026-10-09 12:28:17.110033+05:30,SENSEX,2026-10-22,True,41,82,72330.81,1.7,
2026-10-09 12:28:18.833023+05:30,FINNIFTY,2026-10-27,True,41,82,24929.85,1.72,
2026-10-09 12:28:20.555777+05:30,MIDCPNIFTY,2026-10-27,True,41,82,13537.55,1.75,
2026-10-09 12:29:06.703330+05:30,NIFTY,2026-10-13,True,41,82,22467.9,1.72,
2026-10-09 12:29:05.000183+05:30,NIFTY,2026-10-19,False,,,,10.8,"HTTPSConnectionPool(host='mis.kotaksecurities.com', port=443): Read timed out. (read timeout=10.0)"
2026-10-09 12:29:19.820275+05:30,NIFTY,2026-10-27,True,41,82,22467.55,2.32,
2026-10-09 12:29:21.610428+05:30,BANKNIFTY,2026-10-27,True,41,82,55147.4,1.79,
2026-10-09 12:29:23.403992+05:30,BANKNIFTY,2026-11-23,True,41,82,55150.0,1.79,
2026-10-09 12:29:26.215888+05:30,SENSEX,2026-10-15,True,41,82,72330.3,2.81,
2026-10-09 12:29:28.010636+05:30,SENSEX,2026-10-22,True,41,82,72329.4,1.79,
2026-10-09 12:29:29.785693+05:30,FINNIFTY,2026-10-27,True,41,82,24930.25,1.77,
2026-10-09 12:29:31.574460+05:30,MIDCPNIFTY,2026-10-27,True,41,82,13534.05,1.79,
2026-10-09 12:30:09.162416+05:30,NIFTY,2026-10-13,True,41,82,22464.85,4.18,
2026-10-09 12:30:11.369768+05:30,NIFTY,2026-10-19,True,41,82,22467.15,2.21,
2026-10-09 12:30:13.167098+05:30,NIFTY,2026-10-27,True,41,82,22467.55,1.8,
2026-10-09 12:30:15.129782+05:30,BANKNIFTY,2026-10-27,True,41,82,55149.6,1.96,
2026-10-09 12:30:18.051285+05:30,BANKNIFTY,2026-11-23,True,41,82,55148.85,2.92,
2026-10-09 12:30:19.909498+05:30,SENSEX,2026-10-15,True,41,82,72338.74,1.86,
2026-10-09 12:30:26.011978+05:30,SENSEX,2026-10-22,True,41,82,72336.95,6.1,
2026-10-09 12:30:30.353895+05:30,FINNIFTY,2026-10-27,True,41,82,24929.85,4.34,
2026-10-09 12:30:39.848616+05:30,MIDCPNIFTY,2026-10-27,True,41,82,13525.6,9.49,
2026-10-09 12:31:06.748250+05:30,NIFTY,2026-10-13,True,41,82,22465.0,1.77,
2026-10-09 12:31:08.527814+05:30,NIFTY,2026-10-19,True,41,82,22466.5,1.78,
2026-10-09 12:31:10.303623+05:30,NIFTY,2026-10-27,True,41,82,22467.5,1.78,
2026-10-09 12:31:12.112398+05:30,BANKNIFTY,2026-10-27,True,41,82,55140.4,1.81,
2026-10-09 12:31:13.887884+05:30,BANKNIFTY,2026-11-23,True,41,82,55143.0,1.77,
2026-10-09 12:31:15.661744+05:30,SENSEX,2026-10-15,True,41,82,72323.42,1.77,
2026-10-09 12:31:17.438997+05:30,SENSEX,2026-10-22,True,41,82,72329.7,1.78,
2026-10-09 12:31:19.192116+05:30,FINNIFTY,2026-10-27,True,41,82,24926.35,1.75,
2026-10-09 12:31:20.958653+05:30,MIDCPNIFTY,2026-10-27,True,41,82,13532.5,1.76,
2026-10-09 12:32:06.729564+05:30,NIFTY,2026-10-13,True,41,82,22471.9,1.75,
2026-10-09 12:32:08.521611+05:30,NIFTY,2026-10-19,True,41,82,22470.7,1.82,
2026-10-09 12:32:10.306240+05:30,NIFTY,2026-10-27,True,41,82,22470.6,1.75,
2026-10-09 12:32:12.135741+05:30,BANKNIFTY,2026-10-27,True,41,82,55135.95,1.83,
2026-10-09 12:32:13.917581+05:30,BANKNIFTY,2026-11-23,True,41,82,55139.05,1.78,
2026-10-09 12:32:15.685462+05:30,SENSEX,2026-10-15,True,41,82,72333.23,1.77,
2026-10-09 12:32:17.464112+05:30,SENSEX,2026-10-22,True,41,82,72326.69,1.78,
2026-10-09 12:32:19.230099+05:30,FINNIFTY,2026-10-27,True,41,82,24925.4,1.76,
2026-10-09 12:32:21.011794+05:30,MIDCPNIFTY,2026-10-27,True,41,82,13535.55,1.78,
2026-10-09 12:33:06.722260+05:30,NIFTY,2026-10-13,True,41,82,22475.5,1.74,
2026-10-09 12:33:08.517259+05:30,NIFTY,2026-10-19,True,41,82,22474.2,1.79,
2026-10-09 12:33:10.291310+05:30,NIFTY,2026-10-27,True,41,82,22473.9,1.77,
2026-10-09 12:33:12.050422+05:30,BANKNIFTY,2026-10-27,True,41,82,55141.0,1.76,
2026-10-09 12:33:13.824202+05:30,BANKNIFTY,2026-11-23,True,41,82,55141.45,1.77,
2026-10-09 12:33:15.575880+05:30,SENSEX,2026-10-15,True,41,82,72341.97,1.75,
2026-10-09 12:33:17.336300+05:30,SENSEX,2026-10-22,True,41,82,72341.93,1.76,
2026-10-09 12:33:19.103742+05:30,FINNIFTY,2026-10-27,True,41,82,24929.1,1.76,
2026-10-09 12:33:20.887284+05:30,MIDCPNIFTY,2026-10-27,True,41,82,13537.4,1.78,
2026-10-09 12:34:06.727449+05:30,NIFTY,2026-10-13,True,41,82,22477.35,1.75,
2026-10-09 12:34:08.515688+05:30,NIFTY,2026-10-19,True,41,82,22479.2,1.79,
2026-10-09 12:34:10.295606+05:30,NIFTY,2026-10-27,True,41,82,22477.25,1.78,
2026-10-09 12:34:12.082034+05:30,BANKNIFTY,2026-10-27,True,41,82,55153.15,1.78,
2026-10-09 12:34:13.846462+05:30,BANKNIFTY,2026-11-23,True,41,82,55154.15,1.76,
2026-10-09 12:34:15.623891+05:30,SENSEX,2026-10-15,True,41,82,72353.06,1.78,
2026-10-09 12:34:17.403031+05:30,SENSEX,2026-10-22,True,41,82,72353.52,1.78,
2026-10-09 12:34:19.157832+05:30,FINNIFTY,2026-10-27,True,41,82,24930.5,1.75,
2026-10-09 12:34:20.919069+05:30,MIDCPNIFTY,2026-10-27,True,41,82,13541.65,1.76,
2026-10-09 12:35:06.739602+05:30,NIFTY,2026-10-13,True,41,82,22474.35,1.76,
2026-10-09 12:35:08.523129+05:30,NIFTY,2026-10-19,True,41,82,22474.4,1.81,
2026-10-09 12:35:10.294551+05:30,NIFTY,2026-10-27,True,41,82,22473.95,1.75,
2026-10-09 12:35:12.101165+05:30,BANKNIFTY,2026-10-27,True,41,82,55149.8,1.8,
2026-10-09 12:35:13.890890+05:30,BANKNIFTY,2026-11-23,True,41,82,55147.55,1.79,
2026-10-09 12:35:15.670494+05:30,SENSEX,2026-10-15,True,41,82,72346.92,1.78,
2026-10-09 12:35:17.452964+05:30,SENSEX,2026-10-22,True,41,82,72346.32,1.78,
2026-10-09 12:35:19.228552+05:30,FINNIFTY,2026-10-27,True,41,82,24931.05,1.77,
2026-10-09 12:35:20.988932+05:30,MIDCPNIFTY,2026-10-27,True,41,82,13538.95,1.76,
2026-10-09 12:36:06.746140+05:30,NIFTY,2026-10-13,True,41,82,22477.0,1.77,
2026-10-09 12:36:08.561772+05:30,NIFTY,2026-10-19,True,41,82,22476.6,1.83,
2026-10-09 12:36:10.350495+05:30,NIFTY,2026-10-27,True,41,82,22476.6,1.77,
2026-10-09 12:36:12.116993+05:30,BANKNIFTY,2026-10-27,True,41,82,55144.05,1.77,
2026-10-09 12:36:13.895885+05:30,BANKNIFTY,2026-11-23,True,41,82,55143.95,1.78,
2026-10-09 12:36:15.682787+05:30,SENSEX,2026-10-15,True,41,82,72350.89,1.79,
2026-10-09 12:36:17.441133+05:30,SENSEX,2026-10-22,True,41,82,72349.73,1.76,
2026-10-09 12:36:19.205001+05:30,FINNIFTY,2026-10-27,True,41,82,24934.6,1.76,
2026-10-09 12:36:20.983642+05:30,MIDCPNIFTY,2026-10-27,True,41,82,13543.35,1.78,
2026-10-09 12:37:07.741852+05:30,NIFTY,2026-10-13,True,41,82,22481.45,2.76,
2026-10-09 12:37:09.511676+05:30,NIFTY,2026-10-19,True,41,82,22479.7,1.77,
2026-10-09 12:37:11.420445+05:30,NIFTY,2026-10-27,True,41,82,22480.2,1.91,
2026-10-09 12:37:13.184702+05:30,BANKNIFTY,2026-10-27,True,41,82,55153.2,1.76,
2026-10-09 12:37:14.957328+05:30,BANKNIFTY,2026-11-23,True,41,82,55152.15,1.77,
2026-10-09 12:37:16.721742+05:30,SENSEX,2026-10-15,True,41,82,72347.81,1.76,
2026-10-09 12:37:18.469610+05:30,SENSEX,2026-10-22,True,41,82,72349.47,1.75,
2026-10-09 12:37:20.974322+05:30,FINNIFTY,2026-10-27,True,41,82,24942.0,2.5,
2026-10-09 12:37:22.760919+05:30,MIDCPNIFTY,2026-10-27,True,41,82,13548.7,1.78,
2026-10-09 12:38:06.681257+05:30,NIFTY,2026-10-13,True,41,82,22482.75,1.7,
2026-10-09 12:38:08.451390+05:30,NIFTY,2026-10-19,True,41,82,22482.55,1.77,
2026-10-09 12:38:10.203253+05:30,NIFTY,2026-10-27,True,41,82,22482.2,1.75,
2026-10-09 12:38:11.943464+05:30,BANKNIFTY,2026-10-27,True,41,82,55146.15,1.74,
2026-10-09 12:38:13.690075+05:30,BANKNIFTY,2026-11-23,True,41,82,55144.1,1.76,
2026-10-09 12:38:16.430731+05:30,SENSEX,2026-10-15,True,41,82,72353.31,2.73,
2026-10-09 12:38:18.157467+05:30,SENSEX,2026-10-22,True,41,82,72356.47,1.72,
2026-10-09 12:38:19.885010+05:30,FINNIFTY,2026-10-27,True,41,82,24940.1,1.72,
2026-10-09 12:38:21.625380+05:30,MIDCPNIFTY,2026-10-27,True,41,82,13552.15,1.74,
2026-10-09 12:39:06.717105+05:30,NIFTY,2026-10-13,True,41,82,22484.2,1.74,
2026-10-09 12:39:08.495350+05:30,NIFTY,2026-10-19,True,41,82,22483.95,1.8,
2026-10-09 12:39:10.275955+05:30,NIFTY,2026-10-27,True,41,82,22484.25,1.78,
2026-10-09 12:39:12.077428+05:30,BANKNIFTY,2026-10-27,True,41,82,55148.35,1.78,
2026-10-09 12:39:13.872094+05:30,BANKNIFTY,2026-11-23,True,41,82,55149.55,1.79,
2026-10-09 12:39:15.635464+05:30,SENSEX,2026-10-15,True,41,82,72359.66,1.76,
2026-10-09 12:39:17.484288+05:30,SENSEX,2026-10-22,True,41,82,72363.42,1.85,
2026-10-09 12:39:05.000200+05:30,FINNIFTY,2026-10-27,False,,,,13.61,"HTTPSConnectionPool(host='mis.kotaksecurities.com', port=443): Read timed out. (read timeout=10.0)"
2026-10-09 12:39:34.615115+05:30,MIDCPNIFTY,2026-10-27,True,41,82,13553.7,3.51,
2026-10-09 12:40:05.000171+05:30,NIFTY,2026-10-13,False,,,,10.39,"HTTPSConnectionPool(host='mis.kotaksecurities.com', port=443): Read timed out. (read timeout=10.0)"
2026-10-09 12:40:05.000171+05:30,NIFTY,2026-10-19,False,,,,10.6,"HTTPSConnectionPool(host='mis.kotaksecurities.com', port=443): Read timed out. (read timeout=10.0)"
2026-10-09 12:40:33.934944+05:30,NIFTY,2026-10-27,True,41,82,22481.0,7.96,
2026-10-09 12:40:35.729102+05:30,BANKNIFTY,2026-10-27,True,41,82,55127.75,1.8,
2026-10-09 12:40:37.475638+05:30,BANKNIFTY,2026-11-23,True,41,82,55126.8,1.73,
2026-10-09 12:40:39.221721+05:30,SENSEX,2026-10-15,True,41,82,72354.64,1.75,
2026-10-09 12:40:40.945988+05:30,SENSEX,2026-10-22,True,41,82,72356.65,1.72,
2026-10-09 12:40:42.691347+05:30,FINNIFTY,2026-10-27,True,41,82,24933.75,1.74,
2026-10-09 12:40:44.428577+05:30,MIDCPNIFTY,2026-10-27,True,41,82,13551.75,1.73,
2026-10-09 12:41:06.702447+05:30,NIFTY,2026-10-13,True,41,82,22479.45,1.72,
2026-10-09 12:41:08.452167+05:30,NIFTY,2026-10-19,True,41,82,22480.85,1.77,
2026-10-09 12:41:10.187387+05:30,NIFTY,2026-10-27,True,41,82,22481.15,1.71,
2026-10-09 12:41:11.924165+05:30,BANKNIFTY,2026-10-27,True,41,82,55125.9,1.76,
2026-10-09 12:41:13.678215+05:30,BANKNIFTY,2026-11-23,True,41,82,55136.55,1.73,
2026-10-09 12:41:15.391277+05:30,SENSEX,2026-10-15,True,41,82,72351.8,1.71,
2026-10-09 12:41:17.105344+05:30,SENSEX,2026-10-22,True,41,82,72356.7,1.71,
2026-10-09 12:41:18.835921+05:30,FINNIFTY,2026-10-27,True,41,82,24939.05,1.73,
2026-10-09 12:41:20.573475+05:30,MIDCPNIFTY,2026-10-27,True,41,82,13552.15,1.74,
2026-10-09 12:42:05.000182+05:30,NIFTY,2026-10-13,False,,,,16.61,"HTTPSConnectionPool(host='mis.kotaksecurities.com', port=443): Read timed out. (read timeout=10.0)"
2026-10-09 12:42:27.237706+05:30,NIFTY,2026-10-19,True,41,82,22484.5,5.65,
2026-10-09 12:42:31.533533+05:30,NIFTY,2026-10-27,True,41,82,22482.95,4.29,
2026-10-09 12:42:05.000182+05:30,BANKNIFTY,2026-10-27,False,,,,18.81,"HTTPSConnectionPool(host='mis.kotaksecurities.com', port=443): Read timed out. (read timeout=10.0)"
2026-10-09 12:42:52.652465+05:30,BANKNIFTY,2026-11-23,True,41,82,55119.55,2.3,
2026-10-09 12:43:01.034375+05:30,SENSEX,2026-10-15,True,41,82,72360.78,8.38,
2026-10-09 12:43:03.286010+05:30,SENSEX,2026-10-22,True,41,82,72361.47,2.25,
2026-10-09 12:43:07.602027+05:30,FINNIFTY,2026-10-27,True,41,82,24932.85,4.31,
2026-10-09 12:43:09.590420+05:30,MIDCPNIFTY,2026-10-27,True,41,82,13549.7,1.99,
2026-10-09 12:43:12.553726+05:30,NIFTY,2026-10-13,True,41,82,22481.45,1.97,
2026-10-09 12:43:14.429788+05:30,NIFTY,2026-10-19,True,41,82,22480.25,1.87,
2026-10-09 12:43:19.478152+05:30,NIFTY,2026-10-27,True,41,82,22480.45,5.05,
2026-10-09 12:43:25.165412+05:30,BANKNIFTY,2026-10-27,True,41,82,55117.9,5.69,
2026-10-09 12:43:10.610146+05:30,BANKNIFTY,2026-11-23,False,,,,10.85,"HTTPSConnectionPool(host='mis.kotaksecurities.com', port=443): Read timed out. (read timeout=10.0)"
2026-10-09 12:43:39.548133+05:30,SENSEX,2026-10-15,True,41,82,72352.83,3.53,
2026-10-09 12:43:41.435131+05:30,SENSEX,2026-10-22,True,41,82,72352.21,1.88,
2026-10-09 12:43:45.446343+05:30,FINNIFTY,2026-10-27,True,41,82,24926.2,4.01,
2026-10-09 12:43:48.485791+05:30,MIDCPNIFTY,2026-10-27,True,41,82,13548.5,3.04,
2026-10-09 12:44:06.828309+05:30,NIFTY,2026-10-13,True,41,82,22480.35,1.85,
2026-10-09 12:44:08.973110+05:30,NIFTY,2026-10-19,True,41,82,22479.0,2.14,
2026-10-09 12:44:17.130262+05:30,NIFTY,2026-10-27,True,41,82,22477.2,8.16,
2026-10-09 12:44:18.889121+05:30,BANKNIFTY,2026-10-27,True,41,82,55104.6,1.76,
2026-10-09 12:44:20.664214+05:30,BANKNIFTY,2026-11-23,True,41,82,55103.6,1.77,
2026-10-09 12:44:22.393372+05:30,SENSEX,2026-10-15,True,41,82,72340.42,1.73,
2026-10-09 12:44:24.113965+05:30,SENSEX,2026-10-22,True,41,82,72345.11,1.72,
2026-10-09 12:44:25.842903+05:30,FINNIFTY,2026-10-27,True,41,82,24922.2,1.73,
2026-10-09 12:44:27.587309+05:30,MIDCPNIFTY,2026-10-27,True,41,82,13543.7,1.74,
2026-10-09 12:45:06.693655+05:30,NIFTY,2026-10-13,True,41,82,22477.05,1.71,
2026-10-09 12:45:08.441187+05:30,NIFTY,2026-10-19,True,41,82,22478.4,1.75,
2026-10-09 12:45:10.156054+05:30,NIFTY,2026-10-27,True,41,82,22476.65,1.71,
2026-10-09 12:45:11.866251+05:30,BANKNIFTY,2026-10-27,True,41,82,55101.45,1.73,
2026-10-09 12:45:13.635704+05:30,BANKNIFTY,2026-11-23,True,41,82,55102.4,1.75,
2026-10-09 12:45:15.366964+05:30,SENSEX,2026-10-15,True,41,82,72341.83,1.73,
2026-10-09 12:45:17.114792+05:30,SENSEX,2026-10-22,True,41,82,72340.91,1.75,
2026-10-09 12:45:18.840247+05:30,FINNIFTY,2026-10-27,True,41,82,24920.05,1.72,
2026-10-09 12:45:20.592806+05:30,MIDCPNIFTY,2026-10-27,True,41,82,13548.25,1.75,
2026-10-09 12:46:06.699815+05:30,NIFTY,2026-10-13,True,41,82,22484.2,1.72,
2026-10-09 12:46:08.441381+05:30,NIFTY,2026-10-19,True,41,82,22484.35,1.79,
2026-10-09 12:46:10.202742+05:30,NIFTY,2026-10-27,True,41,82,22484.4,1.7,
2026-10-09 12:46:11.980904+05:30,BANKNIFTY,2026-10-27,True,41,82,55126.2,1.78,
2026-10-09 12:46:13.722683+05:30,BANKNIFTY,2026-11-23,True,41,82,55125.7,1.74,
2026-10-09 12:46:15.436623+05:30,SENSEX,2026-10-15,True,41,82,72360.08,1.72,
2026-10-09 12:46:17.148724+05:30,SENSEX,2026-10-22,True,41,82,72363.0,1.71,
2026-10-09 12:46:18.887330+05:30,FINNIFTY,2026-10-27,True,41,82,24931.95,1.74,
2026-10-09 12:46:20.614032+05:30,MIDCPNIFTY,2026-10-27,True,41,82,13552.95,1.72,
2026-10-09 12:47:06.662378+05:30,NIFTY,2026-10-13,True,41,82,22483.9,1.68,
2026-10-09 12:47:08.386036+05:30,NIFTY,2026-10-19,True,41,82,22483.35,1.75,
2026-10-09 12:47:10.101266+05:30,NIFTY,2026-10-27,True,41,82,22483.3,1.69,
2026-10-09 12:47:11.854218+05:30,BANKNIFTY,2026-10-27,True,41,82,55128.35,1.75,
2026-10-09 12:47:13.595750+05:30,BANKNIFTY,2026-11-23,True,41,82,55129.6,1.74,
2026-10-09 12:47:15.340425+05:30,SENSEX,2026-10-15,True,41,82,72361.59,1.74,
2026-10-09 12:47:17.060125+05:30,SENSEX,2026-10-22,True,41,82,72363.25,1.72,
2026-10-09 12:47:18.790553+05:30,FINNIFTY,2026-10-27,True,41,82,24932.0,1.73,
2026-10-09 12:47:20.521318+05:30,MIDCPNIFTY,2026-10-27,True,41,82,13551.1,1.73,
2026-10-09 12:48:07.443170+05:30,NIFTY,2026-10-13,True,41,82,22485.35,2.46,
2026-10-09 12:48:09.180975+05:30,NIFTY,2026-10-19,True,41,82,22485.35,1.74,
2026-10-09 12:48:10.925077+05:30,NIFTY,2026-10-27,True,41,82,22483.85,1.74,
2026-10-09 12:48:12.685568+05:30,BANKNIFTY,2026-10-27,True,41,82,55128.35,1.76,
2026-10-09 12:48:14.458328+05:30,BANKNIFTY,2026-11-23,True,41,82,55127.4,1.77,
2026-10-09 12:48:16.889235+05:30,SENSEX,2026-10-15,True,41,82,72366.61,2.43,
2026-10-09 12:48:18.634976+05:30,SENSEX,2026-10-22,True,41,82,72368.09,1.74,
2026-10-09 12:48:20.376663+05:30,FINNIFTY,2026-10-27,True,41,82,24929.25,1.74,
2026-10-09 12:48:22.124005+05:30,MIDCPNIFTY,2026-10-27,True,41,82,13550.15,1.74,
2026-10-09 12:49:06.704853+05:30,NIFTY,2026-10-13,True,41,82,22489.45,1.72,
2026-10-09 12:49:08.481079+05:30,NIFTY,2026-10-19,True,41,82,22491.1,1.79,
2026-10-09 12:49:10.265011+05:30,NIFTY,2026-10-27,True,41,82,22489.05,1.77,
2026-10-09 12:49:12.055018+05:30,BANKNIFTY,2026-10-27,True,41,82,55143.5,1.79,
2026-10-09 12:49:14.052879+05:30,BANKNIFTY,2026-11-23,True,41,82,55143.05,2.0,
2026-10-09 12:49:15.802635+05:30,SENSEX,2026-10-15,True,41,82,72381.59,1.75,
2026-10-09 12:49:17.552502+05:30,SENSEX,2026-10-22,True,41,82,72381.59,1.75,
2026-10-09 12:49:19.298980+05:30,FINNIFTY,2026-10-27,True,41,82,24933.9,1.74,
2026-10-09 12:49:21.070553+05:30,MIDCPNIFTY,2026-10-27,True,41,82,13554.1,1.77,
2026-10-09 12:50:07.753678+05:30,NIFTY,2026-10-13,True,41,82,22493.3,2.77,
2026-10-09 12:50:09.503966+05:30,NIFTY,2026-10-19,True,41,82,22493.7,1.75,
2026-10-09 12:50:11.263235+05:30,NIFTY,2026-10-27,True,41,82,22494.65,1.76,
2026-10-09 12:50:13.030073+05:30,BANKNIFTY,2026-10-27,True,41,82,55149.15,1.76,
2026-10-09 12:50:14.792914+05:30,BANKNIFTY,2026-11-23,True,41,82,55150.5,1.76,
2026-10-09 12:50:16.549708+05:30,SENSEX,2026-10-15,True,41,82,72387.27,1.76,
2026-10-09 12:50:18.294100+05:30,SENSEX,2026-10-22,True,41,82,72389.71,1.74,
2026-10-09 12:50:20.042536+05:30,FINNIFTY,2026-10-27,True,41,82,24935.75,1.75,
2026-10-09 12:50:21.795122+05:30,MIDCPNIFTY,2026-10-27,True,41,82,13558.3,1.75,
2026-10-09 12:51:06.730535+05:30,NIFTY,2026-10-13,True,41,82,22497.3,1.75,
2026-10-09 12:51:08.476033+05:30,NIFTY,2026-10-19,True,41,82,22497.3,1.76,
2026-10-09 12:51:10.229617+05:30,NIFTY,2026-10-27,True,41,82,22496.25,1.74,
2026-10-09 12:51:12.067916+05:30,BANKNIFTY,2026-10-27,True,41,82,55149.8,1.84,
2026-10-09 12:51:14.885222+05:30,BANKNIFTY,2026-11-23,True,41,82,55143.75,2.82,
2026-10-09 12:51:16.645637+05:30,SENSEX,2026-10-15,True,41,82,72397.28,1.76,
2026-10-09 12:51:18.387668+05:30,SENSEX,2026-10-22,True,41,82,72397.44,1.74,
2026-10-09 12:51:20.116656+05:30,FINNIFTY,2026-10-27,True,41,82,24931.8,1.73,
2026-10-09 12:51:21.870385+05:30,MIDCPNIFTY,2026-10-27,True,41,82,13558.5,1.75,
2026-10-09 12:52:06.721978+05:30,NIFTY,2026-10-13,True,41,82,22494.05,1.74,
2026-10-09 12:52:08.479979+05:30,NIFTY,2026-10-19,True,41,82,22493.9,1.76,
2026-10-09 12:52:10.227564+05:30,NIFTY,2026-10-27,True,41,82,22492.65,1.75,
2026-10-09 12:52:11.993524+05:30,BANKNIFTY,2026-10-27,True,41,82,55141.6,1.76,
2026-10-09 12:52:13.780244+05:30,BANKNIFTY,2026-11-23,True,41,82,55141.65,1.81,
2026-10-09 12:52:15.539578+05:30,SENSEX,2026-10-15,True,41,82,72381.38,1.74,
2026-10-09 12:52:17.275670+05:30,SENSEX,2026-10-22,True,41,82,72381.38,1.73,
2026-10-09 12:52:19.013506+05:30,FINNIFTY,2026-10-27,True,41,82,24931.5,1.73,
2026-10-09 12:52:20.772004+05:30,MIDCPNIFTY,2026-10-27,True,41,82,13555.65,1.76,
2026-10-09 12:53:06.701943+05:30,NIFTY,2026-10-13,True,41,82,22494.45,1.72,
2026-10-09 12:53:08.482567+05:30,NIFTY,2026-10-19,True,41,82,22493.85,1.78,
2026-10-09 12:53:10.250587+05:30,NIFTY,2026-10-27,True,41,82,22494.45,1.77,
2026-10-09 12:53:12.025986+05:30,BANKNIFTY,2026-10-27,True,41,82,55148.65,1.77,
2026-10-09 12:53:13.839414+05:30,BANKNIFTY,2026-11-23,True,41,82,55150.55,1.81,
2026-10-09 12:53:15.579676+05:30,SENSEX,2026-10-15,True,41,82,72387.47,1.74,
2026-10-09 12:53:17.326052+05:30,SENSEX,2026-10-22,True,41,82,72385.59,1.74,
2026-10-09 12:53:19.077168+05:30,FINNIFTY,2026-10-27,True,41,82,24939.65,1.75,
2026-10-09 12:53:20.830002+05:30,MIDCPNIFTY,2026-10-27,True,41,82,13559.35,1.75,
2026-10-09 12:54:06.713273+05:30,NIFTY,2026-10-13,True,41,82,22495.25,1.73,
2026-10-09 12:54:08.481997+05:30,NIFTY,2026-10-19,True,41,82,22494.8,1.78,
2026-10-09 12:54:10.222318+05:30,NIFTY,2026-10-27,True,41,82,22494.8,1.72,
2026-10-09 12:54:12.018996+05:30,BANKNIFTY,2026-10-27,True,41,82,55143.7,1.79,
2026-10-09 12:54:13.810738+05:30,BANKNIFTY,2026-11-23,True,41,82,55145.35,1.79,
2026-10-09 12:54:15.593550+05:30,SENSEX,2026-10-15,True,41,82,72398.38,1.78,
2026-10-09 12:54:17.392747+05:30,SENSEX,2026-10-22,True,41,82,72396.99,1.8,
2026-10-09 12:54:19.141151+05:30,FINNIFTY,2026-10-27,True,41,82,24936.8,1.75,
2026-10-09 12:54:20.905150+05:30,MIDCPNIFTY,2026-10-27,True,41,82,13557.0,1.76,
2026-10-09 12:55:06.741702+05:30,NIFTY,2026-10-13,True,41,82,22501.75,1.76,
2026-10-09 12:55:08.518319+05:30,NIFTY,2026-10-19,True,41,82,22501.2,1.84,
2026-10-09 12:55:10.324993+05:30,NIFTY,2026-10-27,True,41,82,22500.8,1.74,
2026-10-09 12:55:12.090491+05:30,BANKNIFTY,2026-10-27,True,41,82,55159.45,1.76,
2026-10-09 12:55:13.884187+05:30,BANKNIFTY,2026-11-23,True,41,82,55158.25,1.79,
2026-10-09 12:55:15.636371+05:30,SENSEX,2026-10-15,True,41,82,72411.52,1.75,
2026-10-09 12:55:17.385464+05:30,SENSEX,2026-10-22,True,41,82,72411.64,1.75,
2026-10-09 12:55:19.145834+05:30,FINNIFTY,2026-10-27,True,41,82,24942.0,1.76,
2026-10-09 12:55:21.924797+05:30,MIDCPNIFTY,2026-10-27,True,41,82,13564.05,2.78,
2026-10-09 12:56:06.721370+05:30,NIFTY,2026-10-13,True,41,82,22503.7,1.74,
2026-10-09 12:56:08.481342+05:30,NIFTY,2026-10-19,True,41,82,22503.2,1.77,
2026-10-09 12:56:10.224029+05:30,NIFTY,2026-10-27,True,41,82,22501.4,1.74,
2026-10-09 12:56:12.015910+05:30,BANKNIFTY,2026-10-27,True,41,82,55164.5,1.79,
2026-10-09 12:56:13.791093+05:30,BANKNIFTY,2026-11-23,True,41,82,55160.1,1.77,
2026-10-09 12:56:15.533484+05:30,SENSEX,2026-10-15,True,41,82,72417.34,1.74,
2026-10-09 12:56:17.290479+05:30,SENSEX,2026-10-22,True,41,82,72417.04,1.76,
2026-10-09 12:56:19.041999+05:30,FINNIFTY,2026-10-27,True,41,82,24942.1,1.75,
2026-10-09 12:56:20.781954+05:30,MIDCPNIFTY,2026-10-27,True,41,82,13567.05,1.74,
2026-10-09 12:57:06.701938+05:30,NIFTY,2026-10-13,True,41,82,22504.95,1.72,
2026-10-09 12:57:08.484038+05:30,NIFTY,2026-10-19,True,41,82,22505.3,1.78,
2026-10-09 12:57:10.235711+05:30,NIFTY,2026-10-27,True,41,82,22504.75,1.75,
2026-10-09 12:57:12.017419+05:30,BANKNIFTY,2026-10-27,True,41,82,55173.8,1.78,
2026-10-09 12:57:13.784619+05:30,BANKNIFTY,2026-11-23,True,41,82,55174.25,1.79,
2026-10-09 12:57:15.528770+05:30,SENSEX,2026-10-15,True,41,82,72425.46,1.72,
2026-10-09 12:57:17.409518+05:30,SENSEX,2026-10-22,True,41,82,72424.82,1.88,
2026-10-09 12:57:19.154485+05:30,FINNIFTY,2026-10-27,True,41,82,24946.15,1.74,
2026-10-09 12:57:20.910748+05:30,MIDCPNIFTY,2026-10-27,True,41,82,13568.35,1.75,
2026-10-09 12:58:06.718154+05:30,NIFTY,2026-10-13,True,41,82,22509.2,1.74,
2026-10-09 12:58:08.462998+05:30,NIFTY,2026-10-19,True,41,82,22509.4,1.74,
2026-10-09 12:58:10.228681+05:30,NIFTY,2026-10-27,True,41,82,22509.05,1.76,
2026-10-09 12:58:12.125761+05:30,BANKNIFTY,2026-10-27,True,41,82,55183.1,1.9,
2026-10-09 12:58:13.894813+05:30,BANKNIFTY,2026-11-23,True,41,82,55184.35,1.77,
2026-10-09 12:58:15.653121+05:30,SENSEX,2026-10-15,True,41,82,72433.07,1.76,
2026-10-09 12:58:17.429675+05:30,SENSEX,2026-10-22,True,41,82,72432.51,1.78,
2026-10-09 12:58:19.176794+05:30,FINNIFTY,2026-10-27,True,41,82,24953.85,1.74,
2026-10-09 12:58:20.987887+05:30,MIDCPNIFTY,2026-10-27,True,41,82,13574.25,1.81,
2026-10-09 12:59:06.697684+05:30,NIFTY,2026-10-13,True,41,82,22510.45,1.72,
2026-10-09 12:59:08.457595+05:30,NIFTY,2026-10-19,True,41,82,22510.45,1.77,
2026-10-09 12:59:10.197532+05:30,NIFTY,2026-10-27,True,41,82,22510.15,1.72,
2026-10-09 12:59:11.948526+05:30,BANKNIFTY,2026-10-27,True,41,82,55186.5,1.75,
2026-10-09 12:59:13.698991+05:30,BANKNIFTY,2026-11-23,True,41,82,55186.35,1.75,
2026-10-09 12:59:16.256779+05:30,SENSEX,2026-10-15,True,41,82,72448.01,2.56,
2026-10-09 12:59:18.011035+05:30,SENSEX,2026-10-22,True,41,82,72450.86,1.75,
2026-10-09 12:59:19.769820+05:30,FINNIFTY,2026-10-27,True,41,82,24957.45,1.76,
2026-10-09 12:59:21.517173+05:30,MIDCPNIFTY,2026-10-27,True,41,82,13572.55,1.74,
2026-10-09 13:00:06.726927+05:30,NIFTY,2026-10-13,True,41,82,22510.95,1.75,
2026-10-09 13:00:08.496538+05:30,NIFTY,2026-10-19,True,41,82,22511.4,1.8,
2026-10-09 13:00:10.269053+05:30,NIFTY,2026-10-27,True,41,82,22511.0,1.74,
2026-10-09 13:00:12.055643+05:30,BANKNIFTY,2026-10-27,True,41,82,55188.15,1.78,
2026-10-09 13:00:13.833407+05:30,BANKNIFTY,2026-11-23,True,41,82,55185.35,1.78,
2026-10-09 13:00:15.597348+05:30,SENSEX,2026-10-15,True,41,82,72440.79,1.76,
2026-10-09 13:00:17.380091+05:30,SENSEX,2026-10-22,True,41,82,72441.47,1.78,
2026-10-09 13:00:19.199890+05:30,FINNIFTY,2026-10-27,True,41,82,24954.85,1.82,
2026-10-09 13:00:20.987804+05:30,MIDCPNIFTY,2026-10-27,True,41,82,13571.3,1.79,
2026-10-09 13:01:06.730606+05:30,NIFTY,2026-10-13,True,41,82,22504.05,1.75,
2026-10-09 13:01:08.500535+05:30,NIFTY,2026-10-19,True,41,82,22504.35,1.77,
2026-10-09 13:01:10.256658+05:30,NIFTY,2026-10-27,True,41,82,22503.65,1.78,
2026-10-09 13:01:12.007629+05:30,BANKNIFTY,2026-10-27,True,41,82,55170.05,1.72,
2026-10-09 13:01:13.750623+05:30,BANKNIFTY,2026-11-23,True,41,82,55169.65,1.74,
2026-10-09 13:01:15.487141+05:30,SENSEX,2026-10-15,True,41,82,72421.3,1.74,
2026-10-09 13:01:17.208653+05:30,SENSEX,2026-10-22,True,41,82,72421.47,1.72,
2026-10-09 13:01:18.944104+05:30,FINNIFTY,2026-10-27,True,41,82,24946.4,1.73,
2026-10-09 13:01:20.689834+05:30,MIDCPNIFTY,2026-10-27,True,41,82,13567.45,1.74,
2026-10-09 13:02:06.696989+05:30,NIFTY,2026-10-13,True,41,82,22502.25,1.72,
2026-10-09 13:02:08.481572+05:30,NIFTY,2026-10-19,True,41,82,22502.3,1.78,
2026-10-09 13:02:10.234983+05:30,NIFTY,2026-10-27,True,41,82,22501.5,1.75,
2026-10-09 13:02:11.997715+05:30,BANKNIFTY,2026-10-27,True,41,82,55174.7,1.76,
2026-10-09 13:02:13.766387+05:30,BANKNIFTY,2026-11-23,True,41,82,55173.7,1.77,
2026-10-09 13:02:15.511815+05:30,SENSEX,2026-10-15,True,41,82,72422.68,1.75,
2026-10-09 13:02:17.255942+05:30,SENSEX,2026-10-22,True,41,82,72417.7,1.74,
2026-10-09 13:02:19.002766+05:30,FINNIFTY,2026-10-27,True,41,82,24953.55,1.74,
2026-10-09 13:02:20.764115+05:30,MIDCPNIFTY,2026-10-27,True,41,82,13563.8,1.76,
2026-10-09 13:03:06.693762+05:30,NIFTY,2026-10-13,True,41,82,22493.3,1.71,
2026-10-09 13:03:08.431172+05:30,NIFTY,2026-10-19,True,41,82,22493.0,1.74,
2026-10-09 13:03:10.175252+05:30,NIFTY,2026-10-27,True,41,82,22492.95,1.74,
2026-10-09 13:03:11.933514+05:30,BANKNIFTY,2026-10-27,True,41,82,55163.15,1.76,
2026-10-09 13:03:13.683228+05:30,BANKNIFTY,2026-11-23,True,41,82,55163.25,1.75,
2026-10-09 13:03:15.420688+05:30,SENSEX,2026-10-15,True,41,82,72394.28,1.74,
2026-10-09 13:03:17.182254+05:30,SENSEX,2026-10-22,True,41,82,72392.96,1.76,
2026-10-09 13:03:18.913515+05:30,FINNIFTY,2026-10-27,True,41,82,24945.15,1.73,
2026-10-09 13:03:20.703142+05:30,MIDCPNIFTY,2026-10-27,True,41,82,13557.0,1.79,
2026-10-09 13:04:06.728269+05:30,NIFTY,2026-10-13,True,41,82,22489.25,1.75,
2026-10-09 13:04:08.483608+05:30,NIFTY,2026-10-19,True,41,82,22487.85,1.77,
2026-10-09 13:04:10.212549+05:30,NIFTY,2026-10-27,True,41,82,22487.85,1.71,
2026-10-09 13:04:11.955701+05:30,BANKNIFTY,2026-10-27,True,41,82,55142.3,1.74,
2026-10-09 13:04:13.717414+05:30,BANKNIFTY,2026-11-23,True,41,82,55142.15,1.76,
2026-10-09 13:04:15.470917+05:30,SENSEX,2026-10-15,True,41,82,72379.66,1.75,
2026-10-09 13:04:17.210315+05:30,SENSEX,2026-10-22,True,41,82,72381.93,1.74,
2026-10-09 13:04:19.964580+05:30,FINNIFTY,2026-10-27,True,41,82,24930.25,2.75,
2026-10-09 13:04:21.703949+05:30,MIDCPNIFTY,2026-10-27,True,41,82,13550.35,1.74,
2026-10-09 13:05:06.695895+05:30,NIFTY,2026-10-13,True,41,82,22488.05,1.72,
2026-10-09 13:05:08.458262+05:30,NIFTY,2026-10-19,True,41,82,22487.75,1.76,
2026-10-09 13:05:10.212367+05:30,NIFTY,2026-10-27,True,41,82,22488.3,1.77,
2026-10-09 13:05:11.964930+05:30,BANKNIFTY,2026-10-27,True,41,82,55149.75,1.73,
2026-10-09 13:05:13.751165+05:30,BANKNIFTY,2026-11-23,True,41,82,55152.4,1.78,
2026-10-09 13:05:15.518069+05:30,SENSEX,2026-10-15,True,41,82,72388.0,1.77,
2026-10-09 13:05:17.264417+05:30,SENSEX,2026-10-22,True,41,82,72388.38,1.75,
2026-10-09 13:05:19.623346+05:30,FINNIFTY,2026-10-27,True,41,82,24934.75,2.36,
2026-10-09 13:05:21.376823+05:30,MIDCPNIFTY,2026-10-27,True,41,82,13553.0,1.75,
2026-10-09 13:06:06.678025+05:30,NIFTY,2026-10-13,True,41,82,22494.35,1.7,
2026-10-09 13:06:08.403555+05:30,NIFTY,2026-10-19,True,41,82,22494.2,1.74,
2026-10-09 13:06:10.145026+05:30,NIFTY,2026-10-27,True,41,82,22495.0,1.72,
2026-10-09 13:06:11.899130+05:30,BANKNIFTY,2026-10-27,True,41,82,55162.3,1.75,
2026-10-09 13:06:13.642664+05:30,BANKNIFTY,2026-11-23,True,41,82,55161.3,1.74,
2026-10-09 13:06:15.370675+05:30,SENSEX,2026-10-15,True,41,82,72397.36,1.73,
2026-10-09 13:06:17.118174+05:30,SENSEX,2026-10-22,True,41,82,72398.57,1.75,
2026-10-09 13:06:18.843315+05:30,FINNIFTY,2026-10-27,True,41,82,24939.3,1.72,
2026-10-09 13:06:20.628843+05:30,MIDCPNIFTY,2026-10-27,True,41,82,13560.6,1.78,
2026-10-09 13:07:06.724604+05:30,NIFTY,2026-10-13,True,41,82,22494.95,1.74,
2026-10-09 13:07:08.457040+05:30,NIFTY,2026-10-19,True,41,82,22495.15,1.73,
2026-10-09 13:07:10.183793+05:30,NIFTY,2026-10-27,True,41,82,22494.55,1.73,
2026-10-09 13:07:11.974910+05:30,BANKNIFTY,2026-10-27,True,41,82,55161.55,1.79,
2026-10-09 13:07:13.714078+05:30,BANKNIFTY,2026-11-23,True,41,82,55160.75,1.74,
2026-10-09 13:07:15.473532+05:30,SENSEX,2026-10-15,True,41,82,72401.25,1.76,
2026-10-09 13:07:17.182792+05:30,SENSEX,2026-10-22,True,41,82,72400.74,1.71,
2026-10-09 13:07:18.891137+05:30,FINNIFTY,2026-10-27,True,41,82,24938.65,1.71,
2026-10-09 13:07:20.616906+05:30,MIDCPNIFTY,2026-10-27,True,41,82,13561.5,1.72,
2026-10-09 13:08:06.697089+05:30,NIFTY,2026-10-13,True,41,82,22495.25,1.72,
2026-10-09 13:08:08.456534+05:30,NIFTY,2026-10-19,True,41,82,22495.7,1.77,
2026-10-09 13:08:10.408624+05:30,NIFTY,2026-10-27,True,41,82,22495.55,1.94,
2026-10-09 13:08:12.152893+05:30,BANKNIFTY,2026-10-27,True,41,82,55165.4,1.74,
2026-10-09 13:08:13.901851+05:30,BANKNIFTY,2026-11-23,True,41,82,55167.25,1.75,
2026-10-09 13:08:15.616618+05:30,SENSEX,2026-10-15,True,41,82,72399.44,1.71,
2026-10-09 13:08:17.360906+05:30,SENSEX,2026-10-22,True,41,82,72402.53,1.74,
2026-10-09 13:08:19.108241+05:30,FINNIFTY,2026-10-27,True,41,82,24941.55,1.74,
2026-10-09 13:08:20.828683+05:30,MIDCPNIFTY,2026-10-27,True,41,82,13567.7,1.72,
2026-10-09 13:09:06.698167+05:30,NIFTY,2026-10-13,True,41,82,22496.3,1.72,
2026-10-09 13:09:08.436812+05:30,NIFTY,2026-10-19,True,41,82,22496.1,1.74,
2026-10-09 13:09:10.170448+05:30,NIFTY,2026-10-27,True,41,82,22496.2,1.73,
2026-10-09 13:09:11.924045+05:30,BANKNIFTY,2026-10-27,True,41,82,55157.95,1.75,
2026-10-09 13:09:13.670047+05:30,BANKNIFTY,2026-11-23,True,41,82,55159.15,1.74,
2026-10-09 13:09:15.407937+05:30,SENSEX,2026-10-15,True,41,82,72404.53,1.74,
2026-10-09 13:09:17.130013+05:30,SENSEX,2026-10-22,True,41,82,72401.31,1.72,
2026-10-09 13:09:18.861052+05:30,FINNIFTY,2026-10-27,True,41,82,24944.15,1.73,
2026-10-09 13:09:20.592825+05:30,MIDCPNIFTY,2026-10-27,True,41,82,13570.8,1.73,
2026-10-09 13:10:06.671571+05:30,NIFTY,2026-10-13,True,41,82,22502.25,1.69,
2026-10-09 13:10:08.866678+05:30,NIFTY,2026-10-19,True,41,82,22502.6,2.19,
2026-10-09 13:10:10.650824+05:30,NIFTY,2026-10-27,True,41,82,22502.05,1.78,
2026-10-09 13:10:12.403237+05:30,BANKNIFTY,2026-10-27,True,41,82,55172.4,1.75,
2026-10-09 13:10:14.134911+05:30,BANKNIFTY,2026-11-23,True,41,82,55171.5,1.73,
2026-10-09 13:10:15.857387+05:30,SENSEX,2026-10-15,True,41,82,72425.08,1.72,
2026-10-09 13:10:17.598237+05:30,SENSEX,2026-10-22,True,41,82,72423.51,1.74,
2026-10-09 13:10:19.586801+05:30,FINNIFTY,2026-10-27,True,41,82,24950.6,1.99,
2026-10-09 13:10:21.350674+05:30,MIDCPNIFTY,2026-10-27,True,41,82,13572.05,1.76,
2026-10-09 13:11:06.682254+05:30,NIFTY,2026-10-13,True,41,82,22502.7,1.7,
2026-10-09 13:11:08.421788+05:30,NIFTY,2026-10-19,True,41,82,22502.8,1.76,
2026-10-09 13:11:10.163205+05:30,NIFTY,2026-10-27,True,41,82,22502.9,1.72,
2026-10-09 13:11:11.910689+05:30,BANKNIFTY,2026-10-27,True,41,82,55202.8,1.75,
2026-10-09 13:11:13.654339+05:30,BANKNIFTY,2026-11-23,True,41,82,55201.7,1.74,
2026-10-09 13:11:15.383177+05:30,SENSEX,2026-10-15,True,41,82,72428.51,1.73,
2026-10-09 13:11:17.128484+05:30,SENSEX,2026-10-22,True,41,82,72428.64,1.74,
2026-10-09 13:11:19.891152+05:30,FINNIFTY,2026-10-27,True,41,82,24951.85,2.76,
2026-10-09 13:11:21.624822+05:30,MIDCPNIFTY,2026-10-27,True,41,82,13582.3,1.73,
2026-10-09 13:12:06.725531+05:30,NIFTY,2026-10-13,True,41,82,22504.75,1.75,
2026-10-09 13:12:08.472822+05:30,NIFTY,2026-10-19,True,41,82,22504.85,1.75,
2026-10-09 13:12:10.245995+05:30,NIFTY,2026-10-27,True,41,82,22503.15,1.77,
2026-10-09 13:12:12.203250+05:30,BANKNIFTY,2026-10-27,True,41,82,55200.35,1.96,
2026-10-09 13:12:13.964666+05:30,BANKNIFTY,2026-11-23,True,41,82,55198.4,1.76,
2026-10-09 13:12:15.687026+05:30,SENSEX,2026-10-15,True,41,82,72422.81,1.72,
2026-10-09 13:12:17.403080+05:30,SENSEX,2026-10-22,True,41,82,72424.7,1.71,
2026-10-09 13:12:19.150540+05:30,FINNIFTY,2026-10-27,True,41,82,24950.45,1.75,
2026-10-09 13:12:20.879306+05:30,MIDCPNIFTY,2026-10-27,True,41,82,13577.65,1.73,
2026-10-09 13:13:06.669512+05:30,NIFTY,2026-10-13,True,41,82,22498.8,1.69,
2026-10-09 13:13:08.412123+05:30,NIFTY,2026-10-19,True,41,82,22498.95,1.74,
2026-10-09 13:13:10.147237+05:30,NIFTY,2026-10-27,True,41,82,22499.25,1.74,
2026-10-09 13:13:11.892454+05:30,BANKNIFTY,2026-10-27,True,41,82,55205.15,1.77,
2026-10-09 13:13:13.623369+05:30,BANKNIFTY,2026-11-23,True,41,82,55202.45,1.7,
2026-10-09 13:13:15.352377+05:30,SENSEX,2026-10-15,True,41,82,72416.84,1.73,
2026-10-09 13:13:17.066508+05:30,SENSEX,2026-10-22,True,41,82,72418.51,1.71,
2026-10-09 13:13:18.860698+05:30,FINNIFTY,2026-10-27,True,41,82,24951.45,1.79,
2026-10-09 13:13:20.606699+05:30,MIDCPNIFTY,2026-10-27,True,41,82,13578.1,1.74,
2026-10-09 13:14:06.684964+05:30,NIFTY,2026-10-13,True,41,82,22506.7,1.7,
2026-10-09 13:14:08.424145+05:30,NIFTY,2026-10-19,True,41,82,22507.35,1.76,
2026-10-09 13:14:10.151267+05:30,NIFTY,2026-10-27,True,41,82,22507.3,1.7,
2026-10-09 13:14:11.900209+05:30,BANKNIFTY,2026-10-27,True,41,82,55212.9,1.75,
2026-10-09 13:14:13.657330+05:30,BANKNIFTY,2026-11-23,True,41,82,55217.25,1.76,
2026-10-09 13:14:15.406838+05:30,SENSEX,2026-10-15,True,41,82,72437.11,1.75,
2026-10-09 13:14:17.122074+05:30,SENSEX,2026-10-22,True,41,82,72438.73,1.71,
2026-10-09 13:14:18.871655+05:30,FINNIFTY,2026-10-27,True,41,82,24957.85,1.75,
2026-10-09 13:14:20.603482+05:30,MIDCPNIFTY,2026-10-27,True,41,82,13578.55,1.73,
2026-10-09 13:15:06.688392+05:30,NIFTY,2026-10-13,True,41,82,22502.4,1.71,
2026-10-09 13:15:08.418016+05:30,NIFTY,2026-10-19,True,41,82,22502.6,1.74,
2026-10-09 13:15:10.174635+05:30,NIFTY,2026-10-27,True,41,82,22502.75,1.75,
2026-10-09 13:15:11.954111+05:30,BANKNIFTY,2026-10-27,True,41,82,55199.75,1.78,
2026-10-09 13:15:13.718313+05:30,BANKNIFTY,2026-11-23,True,41,82,55199.7,1.76,
2026-10-09 13:15:15.450294+05:30,SENSEX,2026-10-15,True,41,82,72422.31,1.73,
2026-10-09 13:15:17.184235+05:30,SENSEX,2026-10-22,True,41,82,72421.73,1.73,
2026-10-09 13:15:18.902811+05:30,FINNIFTY,2026-10-27,True,41,82,24949.2,1.72,
2026-10-09 13:15:20.643291+05:30,MIDCPNIFTY,2026-10-27,True,41,82,13576.1,1.74,
2026-10-09 13:16:06.702798+05:30,NIFTY,2026-10-13,True,41,82,22505.3,1.72,
2026-10-09 13:16:08.450625+05:30,NIFTY,2026-10-19,True,41,82,22506.1,1.77,
2026-10-09 13:16:10.223168+05:30,NIFTY,2026-10-27,True,41,82,22507.55,1.75,
2026-10-09 13:16:11.983475+05:30,BANKNIFTY,2026-10-27,True,41,82,55213.9,1.76,
2026-10-09 13:16:13.715112+05:30,BANKNIFTY,2026-11-23,True,41,82,55215.85,1.73,
2026-10-09 13:16:15.426148+05:30,SENSEX,2026-10-15,True,41,82,72434.65,1.71,
2026-10-09 13:16:17.151343+05:30,SENSEX,2026-10-22,True,41,82,72430.54,1.72,
2026-10-09 13:16:18.870775+05:30,FINNIFTY,2026-10-27,True,41,82,24957.05,1.72,
2026-10-09 13:16:20.602960+05:30,MIDCPNIFTY,2026-10-27,True,41,82,13577.35,1.73,
2026-10-09 13:17:06.720835+05:30,NIFTY,2026-10-13,True,41,82,22502.9,1.74,
2026-10-09 13:17:08.484461+05:30,NIFTY,2026-10-19,True,41,82,22502.65,1.76,
2026-10-09 13:17:10.220380+05:30,NIFTY,2026-10-27,True,41,82,22501.75,1.73,
2026-10-09 13:17:11.976719+05:30,BANKNIFTY,2026-10-27,True,41,82,55218.65,1.76,
2026-10-09 13:17:13.735801+05:30,BANKNIFTY,2026-11-23,True,41,82,55219.65,1.78,
2026-10-09 13:17:15.488130+05:30,SENSEX,2026-10-15,True,41,82,72431.95,1.73,
2026-10-09 13:17:17.245308+05:30,SENSEX,2026-10-22,True,41,82,72428.29,1.76,
2026-10-09 13:17:19.018282+05:30,FINNIFTY,2026-10-27,True,41,82,24952.75,1.77,
2026-10-09 13:17:20.802638+05:30,MIDCPNIFTY,2026-10-27,True,41,82,13575.4,1.78,
2026-10-09 13:18:06.701834+05:30,NIFTY,2026-10-13,True,41,82,22504.35,1.72,
2026-10-09 13:18:08.435032+05:30,NIFTY,2026-10-19,True,41,82,22504.8,1.73,
2026-10-09 13:18:10.156683+05:30,NIFTY,2026-10-27,True,41,82,22506.35,1.72,
2026-10-09 13:18:11.892220+05:30,BANKNIFTY,2026-10-27,True,41,82,55215.0,1.74,
2026-10-09 13:18:13.651282+05:30,BANKNIFTY,2026-11-23,True,41,82,55215.4,1.75,
2026-10-09 13:18:15.853109+05:30,SENSEX,2026-10-15,True,41,82,72434.82,2.23,
2026-10-09 13:18:17.582037+05:30,SENSEX,2026-10-22,True,41,82,72435.12,1.7,
2026-10-09 13:18:19.311983+05:30,FINNIFTY,2026-10-27,True,41,82,24954.9,1.73,
2026-10-09 13:18:21.058150+05:30,MIDCPNIFTY,2026-10-27,True,41,82,13574.15,1.74,
2026-10-09 13:19:14.400423+05:30,NIFTY,2026-10-13,True,41,82,22499.75,9.42,
2026-10-09 13:19:16.260851+05:30,NIFTY,2026-10-19,True,41,82,22498.0,1.86,
2026-10-09 13:19:05.000159+05:30,NIFTY,2026-10-27,False,,,,10.05,"HTTPSConnectionPool(host='mis.kotaksecurities.com', port=443): Read timed out. (read timeout=10.0)"
2026-10-09 13:19:32.144822+05:30,BANKNIFTY,2026-10-27,True,41,82,55199.5,5.83,
2026-10-09 13:19:35.905393+05:30,BANKNIFTY,2026-11-23,True,41,82,55204.0,3.76,
2026-10-09 13:19:55.384814+05:30,SENSEX,2026-10-15,True,41,82,72418.84,19.48,
2026-10-09 13:19:05.000159+05:30,SENSEX,2026-10-22,False,,,,10.05,"HTTPSConnectionPool(host='mis.kotaksecurities.com', port=443): Read timed out. (read timeout=10.0)"
2026-10-09 13:20:13.168087+05:30,FINNIFTY,2026-10-27,True,41,82,24945.4,7.73,
2026-10-09 13:20:15.027228+05:30,MIDCPNIFTY,2026-10-27,True,41,82,13575.6,1.86,
2026-10-09 13:20:17.779362+05:30,NIFTY,2026-10-13,True,41,82,22498.45,1.75,
2026-10-09 13:20:19.582182+05:30,NIFTY,2026-10-19,True,41,82,22498.65,1.8,
2026-10-09 13:20:21.464642+05:30,NIFTY,2026-10-27,True,41,82,22498.35,1.88,
2026-10-09 13:20:30.395388+05:30,BANKNIFTY,2026-10-27,True,41,82,55198.0,8.93,
2026-10-09 13:20:32.351055+05:30,BANKNIFTY,2026-11-23,True,41,82,55198.4,1.95,
2026-10-09 13:20:39.754615+05:30,SENSEX,2026-10-15,True,41,82,72410.47,7.4,
2026-10-09 13:20:41.976638+05:30,SENSEX,2026-10-22,True,41,82,72409.17,2.22,
2026-10-09 13:20:43.965624+05:30,FINNIFTY,2026-10-27,True,41,82,24946.05,1.99,
2026-10-09 13:20:45.920532+05:30,MIDCPNIFTY,2026-10-27,True,41,82,13576.9,1.95,
2026-10-09 13:21:08.067690+05:30,NIFTY,2026-10-13,True,41,82,22499.0,3.09,
2026-10-09 13:21:10.995853+05:30,NIFTY,2026-10-19,True,41,82,22498.65,2.93,
2026-10-09 13:21:12.755027+05:30,NIFTY,2026-10-27,True,41,82,22498.95,1.76,
2026-10-09 13:21:14.528078+05:30,BANKNIFTY,2026-10-27,True,41,82,55207.6,1.77,
2026-10-09 13:21:17.347031+05:30,BANKNIFTY,2026-11-23,True,41,82,55208.0,2.82,
2026-10-09 13:21:19.095937+05:30,SENSEX,2026-10-15,True,41,82,72420.69,1.75,
2026-10-09 13:21:20.852222+05:30,SENSEX,2026-10-22,True,41,82,72420.39,1.75,
2026-10-09 13:21:22.611951+05:30,FINNIFTY,2026-10-27,True,41,82,24953.65,1.76,
2026-10-09 13:21:24.377122+05:30,MIDCPNIFTY,2026-10-27,True,41,82,13574.65,1.76,
2026-10-09 13:22:06.723957+05:30,NIFTY,2026-10-13,True,41,82,22504.6,1.74,
2026-10-09 13:22:08.498967+05:30,NIFTY,2026-10-19,True,41,82,22505.55,1.8,
2026-10-09 13:22:10.263842+05:30,NIFTY,2026-10-27,True,41,82,22506.05,1.74,
2026-10-09 13:22:13.076077+05:30,BANKNIFTY,2026-10-27,True,41,82,55226.95,2.81,
2026-10-09 13:22:05.000175+05:30,BANKNIFTY,2026-11-23,False,,,,10.05,"HTTPSConnectionPool(host='mis.kotaksecurities.com', port=443): Read timed out. (read timeout=10.0)"
2026-10-09 13:22:05.000175+05:30,SENSEX,2026-10-15,False,,,,10.6,"HTTPSConnectionPool(host='mis.kotaksecurities.com', port=443): Read timed out. (read timeout=10.0)"
2026-10-09 13:22:05.000175+05:30,SENSEX,2026-10-22,False,,,,10.55,"HTTPSConnectionPool(host='mis.kotaksecurities.com', port=443): Read timed out. (read timeout=10.0)"
2026-10-09 13:22:05.000175+05:30,FINNIFTY,2026-10-27,False,,,,11.81,"HTTPSConnectionPool(host='mis.kotaksecurities.com', port=443): Read timed out. (read timeout=10.0)"
2026-10-09 13:22:05.000175+05:30,MIDCPNIFTY,2026-10-27,False,,,,10.56,"HTTPSConnectionPool(host='mis.kotaksecurities.com', port=443): Read timed out. (read timeout=10.0)"
2026-10-09 13:23:07.675681+05:30,NIFTY,2026-10-13,False,,,,11.01,"HTTPSConnectionPool(host='mis.kotaksecurities.com', port=443): Read timed out. (read timeout=10.0)"
2026-10-09 13:23:07.675681+05:30,NIFTY,2026-10-19,False,,,,13.09,"HTTPSConnectionPool(host='mis.kotaksecurities.com', port=443): Read timed out. (read timeout=10.0)"
2026-10-09 13:23:07.675681+05:30,NIFTY,2026-10-27,False,,,,12.01,"HTTPSConnectionPool(host='mis.kotaksecurities.com', port=443): Read timed out. (read timeout=10.0)"
2026-10-09 13:23:58.329667+05:30,BANKNIFTY,2026-10-27,True,41,82,55239.7,14.57,
2026-10-09 13:24:14.838351+05:30,BANKNIFTY,2026-11-23,True,41,82,55244.05,16.5,
2026-10-09 13:24:16.857542+05:30,SENSEX,2026-10-15,True,41,82,72450.6,2.02,
2026-10-09 13:24:18.895099+05:30,SENSEX,2026-10-22,True,41,82,72449.59,2.04,
2026-10-09 13:24:22.179427+05:30,FINNIFTY,2026-10-27,True,41,82,24959.3,3.28,
2026-10-09 13:24:24.213876+05:30,MIDCPNIFTY,2026-10-27,True,41,82,13585.65,2.03,
2026-10-09 13:24:28.506925+05:30,NIFTY,2026-10-13,True,41,82,22509.75,3.29,
2026-10-09 13:24:31.591035+05:30,NIFTY,2026-10-19,True,41,82,22511.7,3.08,
2026-10-09 13:24:34.676976+05:30,NIFTY,2026-10-27,True,41,82,22511.25,3.09,
2026-10-09 13:24:25.233264+05:30,BANKNIFTY,2026-10-27,False,,,,13.19,"HTTPSConnectionPool(host='mis.kotaksecurities.com', port=443): Read timed out. (read timeout=10.0)"
2026-10-09 13:24:51.821979+05:30,BANKNIFTY,2026-11-23,True,41,82,55235.9,3.95,
2026-10-09 13:24:55.421262+05:30,SENSEX,2026-10-15,True,41,82,72462.41,3.6,
2026-10-09 13:24:58.485579+05:30,SENSEX,2026-10-22,True,41,82,72460.3,3.06,
2026-10-09 13:25:00.518596+05:30,FINNIFTY,2026-10-27,True,41,82,24954.35,2.04,
2026-10-09 13:25:02.423090+05:30,MIDCPNIFTY,2026-10-27,True,41,82,13586.8,1.89,
2026-10-09 13:25:06.828772+05:30,NIFTY,2026-10-13,True,41,82,22510.0,1.85,
2026-10-09 13:25:08.728666+05:30,NIFTY,2026-10-19,True,41,82,22509.7,1.9,
2026-10-09 13:25:10.626225+05:30,NIFTY,2026-10-27,True,41,82,22509.75,1.92,
2026-10-09 13:25:12.535315+05:30,BANKNIFTY,2026-10-27,True,41,82,55229.15,1.89,
2026-10-09 13:25:14.427527+05:30,BANKNIFTY,2026-11-23,True,41,82,55225.5,1.89,
2026-10-09 13:25:16.285000+05:30,SENSEX,2026-10-15,True,41,82,72454.34,1.86,
2026-10-09 13:25:18.150876+05:30,SENSEX,2026-10-22,True,41,82,72454.09,1.86,
2026-10-09 13:25:20.022631+05:30,FINNIFTY,2026-10-27,True,41,82,24951.75,1.87,
2026-10-09 13:25:21.892475+05:30,MIDCPNIFTY,2026-10-27,True,41,82,13585.6,1.87,
2026-10-09 13:26:06.801180+05:30,NIFTY,2026-10-13,True,41,82,22506.35,1.82,
2026-10-09 13:26:08.654700+05:30,NIFTY,2026-10-19,True,41,82,22506.3,1.85,
2026-10-09 13:26:10.538572+05:30,NIFTY,2026-10-27,True,41,82,22504.85,1.88,
2026-10-09 13:26:12.403851+05:30,BANKNIFTY,2026-10-27,True,41,82,55218.9,1.86,
2026-10-09 13:26:14.270107+05:30,BANKNIFTY,2026-11-23,True,41,82,55222.9,1.86,
2026-10-09 13:26:16.158839+05:30,SENSEX,2026-10-15,True,41,82,72445.31,1.89,
2026-10-09 13:26:18.015264+05:30,SENSEX,2026-10-22,True,41,82,72442.51,1.85,
2026-10-09 13:26:19.896747+05:30,FINNIFTY,2026-10-27,True,41,82,24950.25,1.88,
2026-10-09 13:26:21.847278+05:30,MIDCPNIFTY,2026-10-27,True,41,82,13584.8,1.95,
2026-10-09 13:27:06.830974+05:30,NIFTY,2026-10-13,True,41,82,22505.3,1.85,
2026-10-09 13:27:08.809108+05:30,NIFTY,2026-10-19,True,41,82,22505.5,1.98,
2026-10-09 13:27:10.706077+05:30,NIFTY,2026-10-27,True,41,82,22506.0,1.9,
2026-10-09 13:27:12.671989+05:30,BANKNIFTY,2026-10-27,True,41,82,55229.4,1.96,
2026-10-09 13:27:14.599135+05:30,BANKNIFTY,2026-11-23,True,41,82,55229.05,1.92,
2026-10-09 13:27:16.463103+05:30,SENSEX,2026-10-15,True,41,82,72442.8,1.87,
2026-10-09 13:27:18.317818+05:30,SENSEX,2026-10-22,True,41,82,72442.35,1.85,
2026-10-09 13:27:20.194940+05:30,FINNIFTY,2026-10-27,True,41,82,24951.8,1.87,
2026-10-09 13:27:22.068561+05:30,MIDCPNIFTY,2026-10-27,True,41,82,13585.1,1.87,
2026-10-09 13:28:06.832778+05:30,NIFTY,2026-10-13,True,41,82,22507.4,1.85,
2026-10-09 13:28:08.706033+05:30,NIFTY,2026-10-19,True,41,82,22507.55,1.87,
2026-10-09 13:28:10.580686+05:30,NIFTY,2026-10-27,True,41,82,22506.55,1.87,
2026-10-09 13:28:12.460713+05:30,BANKNIFTY,2026-10-27,True,41,82,55224.9,1.88,
2026-10-09 13:28:14.332359+05:30,BANKNIFTY,2026-11-23,True,41,82,55227.0,1.87,
2026-10-09 13:28:16.204507+05:30,SENSEX,2026-10-15,True,41,82,72449.01,1.87,
2026-10-09 13:28:18.081790+05:30,SENSEX,2026-10-22,True,41,82,72448.96,1.88,
2026-10-09 13:28:19.962436+05:30,FINNIFTY,2026-10-27,True,41,82,24950.3,1.88,
2026-10-09 13:28:21.876146+05:30,MIDCPNIFTY,2026-10-27,True,41,82,13584.25,1.91,
2026-10-09 13:29:06.791714+05:30,NIFTY,2026-10-13,True,41,82,22502.85,1.81,
2026-10-09 13:29:09.498321+05:30,NIFTY,2026-10-19,True,41,82,22501.05,2.71,
2026-10-09 13:29:11.380912+05:30,NIFTY,2026-10-27,True,41,82,22501.1,1.88,
2026-10-09 13:29:13.269048+05:30,BANKNIFTY,2026-10-27,True,41,82,55213.95,1.89,
2026-10-09 13:29:15.145484+05:30,BANKNIFTY,2026-11-23,True,41,82,55210.85,1.87,
2026-10-09 13:29:17.011969+05:30,SENSEX,2026-10-15,True,41,82,72438.06,1.87,
2026-10-09 13:29:18.883153+05:30,SENSEX,2026-10-22,True,41,82,72434.73,1.87,
2026-10-09 13:29:20.740926+05:30,FINNIFTY,2026-10-27,True,41,82,24942.75,1.86,
2026-10-09 13:29:22.591430+05:30,MIDCPNIFTY,2026-10-27,True,41,82,13580.55,1.85,
2026-10-09 13:30:06.841945+05:30,NIFTY,2026-10-13,True,41,82,22504.55,1.86,
2026-10-09 13:30:08.773754+05:30,NIFTY,2026-10-19,True,41,82,22504.4,1.93,
2026-10-09 13:30:10.649548+05:30,NIFTY,2026-10-27,True,41,82,22504.15,1.88,
2026-10-09 13:30:12.531532+05:30,BANKNIFTY,2026-10-27,True,41,82,55213.0,1.88,
2026-10-09 13:30:14.383312+05:30,BANKNIFTY,2026-11-23,True,41,82,55211.45,1.85,
2026-10-09 13:30:16.389548+05:30,SENSEX,2026-10-15,True,41,82,72426.85,2.01,
2026-10-09 13:30:18.282293+05:30,SENSEX,2026-10-22,True,41,82,72430.25,1.89,
2026-10-09 13:30:20.155631+05:30,FINNIFTY,2026-10-27,True,41,82,24943.9,1.87,
2026-10-09 13:30:22.015391+05:30,MIDCPNIFTY,2026-10-27,True,41,82,13581.3,1.86,
2026-10-09 13:31:06.816998+05:30,NIFTY,2026-10-13,True,41,82,22501.3,1.84,
2026-10-09 13:31:08.682436+05:30,NIFTY,2026-10-19,True,41,82,22502.25,1.86,
2026-10-09 13:31:10.575096+05:30,NIFTY,2026-10-27,True,41,82,22501.7,1.9,
2026-10-09 13:31:12.494147+05:30,BANKNIFTY,2026-10-27,True,41,82,55202.2,1.91,
2026-10-09 13:31:14.363853+05:30,BANKNIFTY,2026-11-23,True,41,82,55202.9,1.87,
2026-10-09 13:31:16.221749+05:30,SENSEX,2026-10-15,True,41,82,72428.51,1.86,
2026-10-09 13:31:18.077447+05:30,SENSEX,2026-10-22,True,41,82,72427.56,1.85,
2026-10-09 13:31:19.934805+05:30,FINNIFTY,2026-10-27,True,41,82,24946.05,1.86,
2026-10-09 13:31:21.813360+05:30,MIDCPNIFTY,2026-10-27,True,41,82,13579.15,1.88,
2026-10-09 13:32:06.809085+05:30,NIFTY,2026-10-13,True,41,82,22505.75,1.83,
2026-10-09 13:32:08.719328+05:30,NIFTY,2026-10-19,True,41,82,22506.05,1.91,
2026-10-09 13:32:10.599622+05:30,NIFTY,2026-10-27,True,41,82,22504.5,1.88,
2026-10-09 13:32:12.475282+05:30,BANKNIFTY,2026-10-27,True,41,82,55207.25,1.87,
2026-10-09 13:32:14.364656+05:30,BANKNIFTY,2026-11-23,True,41,82,55208.7,1.89,
2026-10-09 13:32:16.220603+05:30,SENSEX,2026-10-15,True,41,82,72432.99,1.86,
2026-10-09 13:32:18.074031+05:30,SENSEX,2026-10-22,True,41,82,72430.78,1.85,
2026-10-09 13:32:19.944996+05:30,FINNIFTY,2026-10-27,True,41,82,24948.0,1.87,
2026-10-09 13:32:21.811755+05:30,MIDCPNIFTY,2026-10-27,True,41,82,13579.75,1.86,
2026-10-09 13:33:06.797515+05:30,NIFTY,2026-10-13,True,41,82,22497.1,1.82,
2026-10-09 13:33:08.665812+05:30,NIFTY,2026-10-19,True,41,82,22496.85,1.87,
2026-10-09 13:33:10.546491+05:30,NIFTY,2026-10-27,True,41,82,22496.75,1.88,
2026-10-09 13:33:12.413166+05:30,BANKNIFTY,2026-10-27,True,41,82,55193.75,1.86,
2026-10-09 13:33:14.300939+05:30,BANKNIFTY,2026-11-23,True,41,82,55193.6,1.89,
2026-10-09 13:33:16.180991+05:30,SENSEX,2026-10-15,True,41,82,72416.74,1.88,
2026-10-09 13:33:18.057029+05:30,SENSEX,2026-10-22,True,41,82,72416.43,1.87,
2026-10-09 13:33:19.913071+05:30,FINNIFTY,2026-10-27,True,41,82,24943.4,1.85,
2026-10-09 13:33:21.860553+05:30,MIDCPNIFTY,2026-10-27,True,41,82,13574.25,1.94,
2026-10-09 13:34:06.970119+05:30,NIFTY,2026-10-13,True,41,82,22502.6,1.99,
2026-10-09 13:34:08.973993+05:30,NIFTY,2026-10-19,True,41,82,22502.7,2.0,
2026-10-09 13:34:10.947743+05:30,NIFTY,2026-10-27,True,41,82,22503.4,1.97,
2026-10-09 13:34:12.932122+05:30,BANKNIFTY,2026-10-27,True,41,82,55210.0,1.98,
2026-10-09 13:34:14.927199+05:30,BANKNIFTY,2026-11-23,True,41,82,55210.85,1.99,
2026-10-09 13:34:16.880948+05:30,SENSEX,2026-10-15,True,41,82,72432.12,1.95,
2026-10-09 13:34:18.844905+05:30,SENSEX,2026-10-22,True,41,82,72433.71,1.96,
2026-10-09 13:34:20.814853+05:30,FINNIFTY,2026-10-27,True,41,82,24958.25,1.97,
2026-10-09 13:34:22.781983+05:30,MIDCPNIFTY,2026-10-27,True,41,82,13580.6,1.97,
2026-10-09 13:35:06.911093+05:30,NIFTY,2026-10-13,True,41,82,22505.55,1.93,
2026-10-09 13:35:08.883984+05:30,NIFTY,2026-10-19,True,41,82,22506.25,1.98,
2026-10-09 13:35:10.865250+05:30,NIFTY,2026-10-27,True,41,82,22505.05,1.98,
2026-10-09 13:35:12.858654+05:30,BANKNIFTY,2026-10-27,True,41,82,55226.0,1.99,
2026-10-09 13:35:14.878280+05:30,BANKNIFTY,2026-11-23,True,41,82,55223.5,2.02,
2026-10-09 13:35:16.851699+05:30,SENSEX,2026-10-15,True,41,82,72442.91,1.97,
2026-10-09 13:35:18.809651+05:30,SENSEX,2026-10-22,True,41,82,72439.77,1.96,
2026-10-09 13:35:20.816268+05:30,FINNIFTY,2026-10-27,True,41,82,24957.55,2.0,
2026-10-09 13:35:22.782536+05:30,MIDCPNIFTY,2026-10-27,True,41,82,13577.95,1.96,
2026-10-09 13:36:06.836815+05:30,NIFTY,2026-10-13,True,41,82,22500.95,1.86,
2026-10-09 13:36:08.741030+05:30,NIFTY,2026-10-19,True,41,82,22501.0,1.92,
2026-10-09 13:36:10.616255+05:30,NIFTY,2026-10-27,True,41,82,22501.5,1.88,
2026-10-09 13:36:12.492716+05:30,BANKNIFTY,2026-10-27,True,41,82,55216.85,1.85,
2026-10-09 13:36:14.392002+05:30,BANKNIFTY,2026-11-23,True,41,82,55217.1,1.9,
2026-10-09 13:36:16.260443+05:30,SENSEX,2026-10-15,True,41,82,72427.99,1.87,
2026-10-09 13:36:18.201688+05:30,SENSEX,2026-10-22,True,41,82,72424.31,1.94,
2026-10-09 13:36:20.075768+05:30,FINNIFTY,2026-10-27,True,41,82,24957.25,1.87,
2026-10-09 13:36:21.951561+05:30,MIDCPNIFTY,2026-10-27,True,41,82,13577.25,1.87,
2026-10-09 13:37:06.862582+05:30,NIFTY,2026-10-13,True,41,82,22505.35,1.88,
2026-10-09 13:37:08.785634+05:30,NIFTY,2026-10-19,True,41,82,22506.2,1.92,
2026-10-09 13:37:10.718243+05:30,NIFTY,2026-10-27,True,41,82,22504.95,1.93,
2026-10-09 13:37:12.613675+05:30,BANKNIFTY,2026-10-27,True,41,82,55228.5,1.89,
2026-10-09 13:37:14.528327+05:30,BANKNIFTY,2026-11-23,True,41,82,55226.95,1.91,
2026-10-09 13:37:16.414077+05:30,SENSEX,2026-10-15,True,41,82,72443.85,1.89,
2026-10-09 13:37:18.294838+05:30,SENSEX,2026-10-22,True,41,82,72443.27,1.88,
2026-10-09 13:37:20.172158+05:30,FINNIFTY,2026-10-27,True,41,82,24961.65,1.87,
2026-10-09 13:37:22.051642+05:30,MIDCPNIFTY,2026-10-27,True,41,82,13577.35,1.88,
2026-10-09 13:38:06.839752+05:30,NIFTY,2026-10-13,True,41,82,22508.75,1.86,
2026-10-09 13:38:08.730108+05:30,NIFTY,2026-10-19,True,41,82,22509.8,1.89,
2026-10-09 13:38:10.876306+05:30,NIFTY,2026-10-27,True,41,82,22508.5,2.15,
2026-10-09 13:38:12.783242+05:30,BANKNIFTY,2026-10-27,True,41,82,55230.8,1.9,
2026-10-09 13:38:14.686337+05:30,BANKNIFTY,2026-11-23,True,41,82,55230.75,1.9,
2026-10-09 13:38:16.576206+05:30,SENSEX,2026-10-15,True,41,82,72455.73,1.89,
2026-10-09 13:38:18.451678+05:30,SENSEX,2026-10-22,True,41,81,72455.7,1.87,
2026-10-09 13:38:20.310352+05:30,FINNIFTY,2026-10-27,True,41,82,24962.45,1.86,
2026-10-09 13:38:22.178661+05:30,MIDCPNIFTY,2026-10-27,True,41,82,13580.65,1.87,
2026-10-09 13:39:06.822035+05:30,NIFTY,2026-10-13,True,41,82,22505.65,1.84,
2026-10-09 13:39:08.680783+05:30,NIFTY,2026-10-19,True,41,82,22506.3,1.86,
2026-10-09 13:39:10.556988+05:30,NIFTY,2026-10-27,True,41,82,22506.0,1.88,
2026-10-09 13:39:12.472072+05:30,BANKNIFTY,2026-10-27,True,41,82,55235.15,1.91,
2026-10-09 13:39:14.360405+05:30,BANKNIFTY,2026-11-23,True,41,82,55232.7,1.89,
2026-10-09 13:39:16.209847+05:30,SENSEX,2026-10-15,True,41,82,72438.29,1.85,
2026-10-09 13:39:18.128383+05:30,SENSEX,2026-10-22,True,41,81,72443.89,1.92,
2026-10-09 13:39:19.980248+05:30,FINNIFTY,2026-10-27,True,41,82,24959.65,1.85,
2026-10-09 13:39:21.841994+05:30,MIDCPNIFTY,2026-10-27,True,41,82,13582.95,1.86,
2026-10-09 13:40:06.807918+05:30,NIFTY,2026-10-13,True,41,82,22510.45,1.83,
2026-10-09 13:40:09.308072+05:30,NIFTY,2026-10-19,True,41,82,22510.6,2.5,
2026-10-09 13:40:11.169443+05:30,NIFTY,2026-10-27,True,41,82,22510.65,1.86,
2026-10-09 13:40:13.077519+05:30,BANKNIFTY,2026-10-27,True,41,82,55238.5,1.91,
2026-10-09 13:40:15.010230+05:30,BANKNIFTY,2026-11-23,True,41,82,55239.3,1.95,
2026-10-09 13:40:16.865889+05:30,SENSEX,2026-10-15,True,41,82,72458.67,1.84,
2026-10-09 13:40:18.749562+05:30,SENSEX,2026-10-22,True,41,81,72456.39,1.88,
2026-10-09 13:40:20.632584+05:30,FINNIFTY,2026-10-27,True,41,82,24968.45,1.88,
2026-10-09 13:40:22.524813+05:30,MIDCPNIFTY,2026-10-27,True,41,82,13583.05,1.89,
2026-10-09 13:41:06.809664+05:30,NIFTY,2026-10-13,True,41,82,22513.25,1.83,
2026-10-09 13:41:08.676079+05:30,NIFTY,2026-10-19,True,41,82,22512.75,1.86,
2026-10-09 13:41:10.550404+05:30,NIFTY,2026-10-27,True,41,82,22513.15,1.87,
2026-10-09 13:41:12.421392+05:30,BANKNIFTY,2026-10-27,True,41,82,55250.4,1.87,
2026-10-09 13:41:14.333128+05:30,BANKNIFTY,2026-11-23,True,41,82,55249.85,1.91,
2026-10-09 13:41:16.191503+05:30,SENSEX,2026-10-15,True,41,82,72467.2,1.86,
2026-10-09 13:41:18.085324+05:30,SENSEX,2026-10-22,True,41,81,72466.56,1.89,
2026-10-09 13:41:19.953807+05:30,FINNIFTY,2026-10-27,True,41,82,24967.3,1.87,
2026-10-09 13:41:21.904166+05:30,MIDCPNIFTY,2026-10-27,True,41,82,13586.2,1.95,
2026-10-09 13:42:06.819165+05:30,NIFTY,2026-10-13,True,41,82,22511.15,1.84,
2026-10-09 13:42:08.668653+05:30,NIFTY,2026-10-19,True,41,82,22513.15,1.86,
2026-10-09 13:42:10.525116+05:30,NIFTY,2026-10-27,True,41,82,22512.8,1.85,
2026-10-09 13:42:12.411353+05:30,BANKNIFTY,2026-10-27,True,41,82,55244.75,1.88,
2026-10-09 13:42:14.264482+05:30,BANKNIFTY,2026-11-23,True,41,82,55243.45,1.85,
2026-10-09 13:42:16.118632+05:30,SENSEX,2026-10-15,True,41,82,72465.45,1.85,
2026-10-09 13:42:17.952096+05:30,SENSEX,2026-10-22,True,41,81,72464.5,1.83,
2026-10-09 13:42:19.814447+05:30,FINNIFTY,2026-10-27,True,41,82,24965.15,1.86,
2026-10-09 13:42:21.655298+05:30,MIDCPNIFTY,2026-10-27,True,41,82,13586.05,1.84,
2026-10-09 13:43:06.792139+05:30,NIFTY,2026-10-13,True,41,82,22515.75,1.81,
2026-10-09 13:43:08.653434+05:30,NIFTY,2026-10-19,True,41,82,22516.0,1.86,
2026-10-09 13:43:10.514285+05:30,NIFTY,2026-10-27,True,41,82,22515.6,1.86,
2026-10-09 13:43:12.381852+05:30,BANKNIFTY,2026-10-27,True,41,82,55254.7,1.87,
2026-10-09 13:43:14.260610+05:30,BANKNIFTY,2026-11-23,True,41,82,55255.15,1.88,
2026-10-09 13:43:16.112239+05:30,SENSEX,2026-10-15,True,41,82,72473.86,1.85,
2026-10-09 13:43:17.981585+05:30,SENSEX,2026-10-22,True,41,82,72470.26,1.87,
2026-10-09 13:43:19.884634+05:30,FINNIFTY,2026-10-27,True,41,82,24967.95,1.9,
2026-10-09 13:43:21.759430+05:30,MIDCPNIFTY,2026-10-27,True,41,82,13586.2,1.87,
2026-10-09 13:44:06.799600+05:30,NIFTY,2026-10-13,True,41,82,22518.5,1.82,
2026-10-09 13:44:08.672885+05:30,NIFTY,2026-10-19,True,41,82,22518.65,1.87,
2026-10-09 13:44:10.548837+05:30,NIFTY,2026-10-27,True,41,82,22519.0,1.88,
2026-10-09 13:44:12.453877+05:30,BANKNIFTY,2026-10-27,True,41,82,55274.4,1.9,
2026-10-09 13:44:14.337795+05:30,BANKNIFTY,2026-11-23,True,41,82,55275.7,1.88,
2026-10-09 13:44:16.197642+05:30,SENSEX,2026-10-15,True,41,82,72474.97,1.86,
2026-10-09 13:44:18.037901+05:30,SENSEX,2026-10-22,True,41,82,72476.22,1.84,
2026-10-09 13:44:19.922264+05:30,FINNIFTY,2026-10-27,True,41,82,24976.95,1.88,
2026-10-09 13:44:21.808147+05:30,MIDCPNIFTY,2026-10-27,True,41,82,13593.9,1.88,
2026-10-09 13:45:06.799846+05:30,NIFTY,2026-10-13,True,41,82,22525.05,1.82,
2026-10-09 13:45:08.694117+05:30,NIFTY,2026-10-19,True,41,82,22525.3,1.89,
2026-10-09 13:45:10.569463+05:30,NIFTY,2026-10-27,True,41,82,22523.9,1.87,
2026-10-09 13:45:12.438558+05:30,BANKNIFTY,2026-10-27,True,41,82,55291.1,1.87,
2026-10-09 13:45:14.348557+05:30,BANKNIFTY,2026-11-23,True,41,82,55287.55,1.91,
2026-10-09 13:45:16.198537+05:30,SENSEX,2026-10-15,True,41,82,72501.58,1.85,
2026-10-09 13:45:18.057357+05:30,SENSEX,2026-10-22,True,41,82,72497.17,1.86,
2026-10-09 13:45:19.937841+05:30,FINNIFTY,2026-10-27,True,41,82,24984.1,1.88,
2026-10-09 13:45:21.809684+05:30,MIDCPNIFTY,2026-10-27,True,41,82,13593.95,1.87,
2026-10-09 13:46:06.826949+05:30,NIFTY,2026-10-13,True,41,82,22522.55,1.85,
2026-10-09 13:46:08.712564+05:30,NIFTY,2026-10-19,True,41,82,22522.9,1.88,
2026-10-09 13:46:10.576274+05:30,NIFTY,2026-10-27,True,41,82,22522.1,1.86,
2026-10-09 13:46:12.446142+05:30,BANKNIFTY,2026-10-27,True,41,82,55288.45,1.87,
2026-10-09 13:46:14.300977+05:30,BANKNIFTY,2026-11-23,True,41,82,55289.45,1.85,
2026-10-09 13:46:16.147375+05:30,SENSEX,2026-10-15,True,41,82,72488.21,1.85,
2026-10-09 13:46:18.660800+05:30,SENSEX,2026-10-22,True,41,82,72487.74,2.51,
2026-10-09 13:46:20.455994+05:30,FINNIFTY,2026-10-27,True,41,82,24979.65,1.79,
2026-10-09 13:46:22.247184+05:30,MIDCPNIFTY,2026-10-27,True,41,82,13595.6,1.79,
2026-10-09 13:47:06.987299+05:30,NIFTY,2026-10-13,True,41,82,22527.45,2.02,
2026-10-09 13:47:08.771641+05:30,NIFTY,2026-10-19,True,41,82,22528.1,1.76,
2026-10-09 13:47:10.594438+05:30,NIFTY,2026-10-27,True,41,82,22527.4,1.84,
2026-10-09 13:47:12.385090+05:30,BANKNIFTY,2026-10-27,True,41,82,55302.25,1.77,
2026-10-09 13:47:14.176249+05:30,BANKNIFTY,2026-11-23,True,41,82,55302.1,1.79,
2026-10-09 13:47:15.952088+05:30,SENSEX,2026-10-15,True,41,82,72500.47,1.79,
2026-10-09 13:47:17.745229+05:30,SENSEX,2026-10-22,True,41,82,72501.58,1.78,
2026-10-09 13:47:19.519664+05:30,FINNIFTY,2026-10-27,True,41,82,24989.7,1.77,
2026-10-09 13:47:21.311609+05:30,MIDCPNIFTY,2026-10-27,True,41,82,13598.55,1.79,
2026-10-09 13:48:06.734429+05:30,NIFTY,2026-10-13,True,41,82,22525.15,1.75,
2026-10-09 13:48:08.511829+05:30,NIFTY,2026-10-19,True,41,82,22526.55,1.79,
2026-10-09 13:48:10.298522+05:30,NIFTY,2026-10-27,True,41,82,22525.3,1.77,
2026-10-09 13:48:12.122800+05:30,BANKNIFTY,2026-10-27,True,41,82,55286.15,1.82,
2026-10-09 13:48:13.907799+05:30,BANKNIFTY,2026-11-23,True,41,82,55288.65,1.78,
2026-10-09 13:48:15.725984+05:30,SENSEX,2026-10-15,True,41,82,72492.75,1.82,
2026-10-09 13:48:17.502105+05:30,SENSEX,2026-10-22,True,41,82,72490.76,1.77,
2026-10-09 13:48:19.310342+05:30,FINNIFTY,2026-10-27,True,41,82,24986.4,1.81,
2026-10-09 13:48:21.094378+05:30,MIDCPNIFTY,2026-10-27,True,41,82,13599.7,1.78,
2026-10-09 13:49:06.722315+05:30,NIFTY,2026-10-13,True,41,82,22535.0,1.74,
2026-10-09 13:49:08.484355+05:30,NIFTY,2026-10-19,True,41,82,22535.9,1.76,
2026-10-09 13:49:10.253506+05:30,NIFTY,2026-10-27,True,41,82,22535.15,1.78,
2026-10-09 13:49:12.020468+05:30,BANKNIFTY,2026-10-27,True,41,82,55306.9,1.75,
2026-10-09 13:49:13.820725+05:30,BANKNIFTY,2026-11-23,True,41,82,55304.75,1.8,
2026-10-09 13:49:15.746673+05:30,SENSEX,2026-10-15,True,41,82,72517.72,1.93,
2026-10-09 13:49:17.499504+05:30,SENSEX,2026-10-22,True,41,82,72521.11,1.75,
2026-10-09 13:49:19.248507+05:30,FINNIFTY,2026-10-27,True,41,82,24997.5,1.75,
2026-10-09 13:49:21.058487+05:30,MIDCPNIFTY,2026-10-27,True,41,82,13604.7,1.81,
2026-10-09 13:50:06.692079+05:30,NIFTY,2026-10-13,True,41,82,22533.05,1.71,
2026-10-09 13:50:08.452415+05:30,NIFTY,2026-10-19,True,41,82,22533.0,1.78,
2026-10-09 13:50:10.192255+05:30,NIFTY,2026-10-27,True,41,82,22531.4,1.71,
2026-10-09 13:50:11.957346+05:30,BANKNIFTY,2026-10-27,True,41,82,55278.95,1.76,
2026-10-09 13:50:13.718631+05:30,BANKNIFTY,2026-11-23,True,41,82,55274.95,1.76,
2026-10-09 13:50:15.461258+05:30,SENSEX,2026-10-15,True,41,82,72516.93,1.74,
2026-10-09 13:50:17.196267+05:30,SENSEX,2026-10-22,True,41,82,72511.1,1.73,
2026-10-09 13:50:18.929419+05:30,FINNIFTY,2026-10-27,True,41,82,24987.95,1.73,
2026-10-09 13:50:20.689538+05:30,MIDCPNIFTY,2026-10-27,True,41,82,13605.15,1.76,
2026-10-09 13:51:06.729686+05:30,NIFTY,2026-10-13,True,41,82,22534.3,1.75,
2026-10-09 13:51:08.508931+05:30,NIFTY,2026-10-19,True,41,82,22535.25,1.78,
2026-10-09 13:51:10.264300+05:30,NIFTY,2026-10-27,True,41,82,22534.5,1.75,
2026-10-09 13:51:12.025751+05:30,BANKNIFTY,2026-10-27,True,41,82,55278.6,1.76,
2026-10-09 13:51:13.788433+05:30,BANKNIFTY,2026-11-23,True,41,82,55279.6,1.76,
2026-10-09 13:51:15.530372+05:30,SENSEX,2026-10-15,True,41,82,72521.14,1.74,
2026-10-09 13:51:17.282597+05:30,SENSEX,2026-10-22,True,41,82,72520.21,1.75,
2026-10-09 13:51:19.041411+05:30,FINNIFTY,2026-10-27,True,41,82,24988.3,1.76,
2026-10-09 13:51:20.804590+05:30,MIDCPNIFTY,2026-10-27,True,41,82,13605.0,1.76,
2026-10-09 13:52:06.690474+05:30,NIFTY,2026-10-13,True,41,82,22527.0,1.71,
2026-10-09 13:52:08.467766+05:30,NIFTY,2026-10-19,True,41,82,22527.5,1.79,
2026-10-09 13:52:10.214315+05:30,NIFTY,2026-10-27,True,41,82,22526.95,1.74,
2026-10-09 13:52:11.971976+05:30,BANKNIFTY,2026-10-27,True,41,82,55258.3,1.76,
2026-10-09 13:52:13.784466+05:30,BANKNIFTY,2026-11-23,True,41,82,55258.6,1.83,
2026-10-09 13:52:15.524087+05:30,SENSEX,2026-10-15,True,41,82,72503.42,1.72,
2026-10-09 13:52:17.265360+05:30,SENSEX,2026-10-22,True,41,82,72503.26,1.74,
2026-10-09 13:52:19.045195+05:30,FINNIFTY,2026-10-27,True,41,82,24980.9,1.78,
2026-10-09 13:52:20.788083+05:30,MIDCPNIFTY,2026-10-27,True,41,82,13601.1,1.74,
2026-10-09 13:53:06.704921+05:30,NIFTY,2026-10-13,True,41,82,22524.45,1.72,
2026-10-09 13:53:08.452468+05:30,NIFTY,2026-10-19,True,41,82,22524.45,1.75,
2026-10-09 13:53:10.218446+05:30,NIFTY,2026-10-27,True,41,82,22524.4,1.8,
2026-10-09 13:53:11.973490+05:30,BANKNIFTY,2026-10-27,True,41,82,55261.85,1.73,
2026-10-09 13:53:13.748421+05:30,BANKNIFTY,2026-11-23,True,41,82,55263.8,1.76,
2026-10-09 13:53:15.492339+05:30,SENSEX,2026-10-15,True,41,82,72492.19,1.74,
2026-10-09 13:53:17.231049+05:30,SENSEX,2026-10-22,True,41,82,72493.92,1.74,
2026-10-09 13:53:18.999044+05:30,FINNIFTY,2026-10-27,True,41,82,24978.8,1.77,
2026-10-09 13:53:21.820725+05:30,MIDCPNIFTY,2026-10-27,True,41,82,13598.8,2.82,
2026-10-09 13:54:06.741580+05:30,NIFTY,2026-10-13,True,41,82,22520.35,1.76,
2026-10-09 13:54:08.525795+05:30,NIFTY,2026-10-19,True,41,82,22520.75,1.78,
2026-10-09 13:54:10.277658+05:30,NIFTY,2026-10-27,True,41,82,22519.7,1.75,
2026-10-09 13:54:12.266047+05:30,BANKNIFTY,2026-10-27,True,41,82,55256.85,1.99,
2026-10-09 13:54:14.029318+05:30,BANKNIFTY,2026-11-23,True,41,82,55255.75,1.76,
2026-10-09 13:54:15.876637+05:30,SENSEX,2026-10-15,True,41,82,72482.49,1.85,
2026-10-09 13:54:17.613895+05:30,SENSEX,2026-10-22,True,41,82,72480.11,1.73,
2026-10-09 13:54:19.365352+05:30,FINNIFTY,2026-10-27,True,41,82,24973.8,1.75,
2026-10-09 13:54:21.114416+05:30,MIDCPNIFTY,2026-10-27,True,41,82,13594.35,1.75,
2026-10-09 13:55:06.712127+05:30,NIFTY,2026-10-13,True,41,82,22521.0,1.73,
2026-10-09 13:55:08.493172+05:30,NIFTY,2026-10-19,True,41,82,22520.75,1.78,
2026-10-09 13:55:10.252775+05:30,NIFTY,2026-10-27,True,41,82,22519.95,1.76,
2026-10-09 13:55:12.050159+05:30,BANKNIFTY,2026-10-27,True,41,82,55246.0,1.8,
2026-10-09 13:55:13.808569+05:30,BANKNIFTY,2026-11-23,True,41,82,55249.0,1.78,
2026-10-09 13:55:15.572672+05:30,SENSEX,2026-10-15,True,41,82,72477.88,1.74,
2026-10-09 13:55:17.325559+05:30,SENSEX,2026-10-22,True,41,82,72482.15,1.75,
2026-10-09 13:55:19.104410+05:30,FINNIFTY,2026-10-27,True,41,82,24978.85,1.78,
2026-10-09 13:55:20.873932+05:30,MIDCPNIFTY,2026-10-27,True,41,82,13600.1,1.77,
2026-10-09 13:56:06.721748+05:30,NIFTY,2026-10-13,True,41,82,22526.45,1.74,
2026-10-09 13:56:08.481380+05:30,NIFTY,2026-10-19,True,41,82,22527.5,1.78,
2026-10-09 13:56:10.267349+05:30,NIFTY,2026-10-27,True,41,82,22527.4,1.76,
2026-10-09 13:56:12.041176+05:30,BANKNIFTY,2026-10-27,True,41,82,55252.35,1.77,
2026-10-09 13:56:13.798648+05:30,BANKNIFTY,2026-11-23,True,41,82,55254.2,1.76,
2026-10-09 13:56:15.527534+05:30,SENSEX,2026-10-15,True,41,82,72502.15,1.73,
2026-10-09 13:56:17.253416+05:30,SENSEX,2026-10-22,True,41,82,72502.78,1.72,
2026-10-09 13:56:19.007277+05:30,FINNIFTY,2026-10-27,True,41,82,24982.1,1.75,
2026-10-09 13:56:20.778485+05:30,MIDCPNIFTY,2026-10-27,True,41,82,13604.5,1.77,
2026-10-09 13:57:06.694387+05:30,NIFTY,2026-10-13,True,41,82,22532.4,1.71,
2026-10-09 13:57:08.452333+05:30,NIFTY,2026-10-19,True,41,82,22533.05,1.76,
2026-10-09 13:57:10.198062+05:30,NIFTY,2026-10-27,True,41,82,22532.8,1.74,
2026-10-09 13:57:11.969640+05:30,BANKNIFTY,2026-10-27,True,41,82,55279.3,1.77,
2026-10-09 13:57:13.786385+05:30,BANKNIFTY,2026-11-23,True,41,82,55281.55,1.82,
2026-10-09 13:57:15.546083+05:30,SENSEX,2026-10-15,True,41,82,72514.85,1.75,
2026-10-09 13:57:17.306234+05:30,SENSEX,2026-10-22,True,41,82,72513.68,1.76,
2026-10-09 13:57:19.093928+05:30,FINNIFTY,2026-10-27,True,41,82,24986.65,1.79,
2026-10-09 13:57:20.849776+05:30,MIDCPNIFTY,2026-10-27,True,41,82,13607.65,1.75,
2026-10-09 13:58:06.757009+05:30,NIFTY,2026-10-13,True,41,82,22534.25,1.78,
2026-10-09 13:58:08.529179+05:30,NIFTY,2026-10-19,True,41,82,22536.65,1.78,
2026-10-09 13:58:10.337914+05:30,NIFTY,2026-10-27,True,41,82,22536.45,1.8,
2026-10-09 13:58:12.154678+05:30,BANKNIFTY,2026-10-27,True,41,82,55295.85,1.81,
2026-10-09 13:58:13.918104+05:30,BANKNIFTY,2026-11-23,True,41,82,55296.15,1.76,
2026-10-09 13:58:15.677921+05:30,SENSEX,2026-10-15,True,41,82,72526.86,1.76,
2026-10-09 13:58:17.439594+05:30,SENSEX,2026-10-22,True,41,82,72522.2,1.76,
2026-10-09 13:58:19.189684+05:30,FINNIFTY,2026-10-27,True,41,82,24991.25,1.75,
2026-10-09 13:58:20.960402+05:30,MIDCPNIFTY,2026-10-27,True,41,82,13613.65,1.77,
2026-10-09 13:59:06.719895+05:30,NIFTY,2026-10-13,True,41,82,22546.55,1.74,
2026-10-09 13:59:08.520686+05:30,NIFTY,2026-10-19,True,41,82,22549.6,1.8,
2026-10-09 13:59:10.293802+05:30,NIFTY,2026-10-27,True,41,82,22548.75,1.78,
2026-10-09 13:59:12.072809+05:30,BANKNIFTY,2026-10-27,True,41,82,55314.95,1.77,
2026-10-09 13:59:13.887530+05:30,BANKNIFTY,2026-11-23,True,41,82,55316.65,1.83,
2026-10-09 13:59:15.637711+05:30,SENSEX,2026-10-15,True,41,82,72560.76,1.73,
2026-10-09 13:59:17.404942+05:30,SENSEX,2026-10-22,True,41,81,72557.58,1.77,
2026-10-09 13:59:19.867225+05:30,FINNIFTY,2026-10-27,True,41,82,25001.65,2.46,
2026-10-09 13:59:21.634239+05:30,MIDCPNIFTY,2026-10-27,True,41,82,13624.8,1.76,
2026-10-09 14:00:06.710139+05:30,NIFTY,2026-10-13,True,41,82,22548.1,1.73,
2026-10-09 14:00:08.477842+05:30,NIFTY,2026-10-19,True,41,82,22542.65,1.79,
2026-10-09 14:00:10.224351+05:30,NIFTY,2026-10-27,True,41,82,22542.5,1.72,
2026-10-09 14:00:12.006552+05:30,BANKNIFTY,2026-10-27,True,41,82,55293.95,1.78,
2026-10-09 14:00:13.819674+05:30,BANKNIFTY,2026-11-23,True,41,82,55300.0,1.81,
2026-10-09 14:00:15.587549+05:30,SENSEX,2026-10-15,True,41,82,72556.44,1.77,
2026-10-09 14:00:17.383335+05:30,SENSEX,2026-10-22,True,41,81,72560.44,1.79,
2026-10-09 14:00:19.173622+05:30,FINNIFTY,2026-10-27,True,41,82,24994.75,1.79,
2026-10-09 14:00:20.931510+05:30,MIDCPNIFTY,2026-10-27,True,41,82,13622.1,1.76,
2026-10-09 14:01:06.722107+05:30,NIFTY,2026-10-13,True,41,82,22536.45,1.74,
2026-10-09 14:01:08.502756+05:30,NIFTY,2026-10-19,True,41,82,22535.3,1.8,
2026-10-09 14:01:10.302129+05:30,NIFTY,2026-10-27,True,41,82,22536.0,1.78,
2026-10-09 14:01:12.076158+05:30,BANKNIFTY,2026-10-27,True,41,82,55274.2,1.77,
2026-10-09 14:01:13.843321+05:30,BANKNIFTY,2026-11-23,True,41,82,55272.15,1.76,
2026-10-09 14:01:15.587546+05:30,SENSEX,2026-10-15,True,41,82,72531.28,1.75,
2026-10-09 14:01:17.343399+05:30,SENSEX,2026-10-22,True,41,82,72530.44,1.75,
2026-10-09 14:01:19.101440+05:30,FINNIFTY,2026-10-27,True,41,82,24983.7,1.76,
2026-10-09 14:01:20.871027+05:30,MIDCPNIFTY,2026-10-27,True,41,82,13614.4,1.77,
2026-10-09 14:02:06.711141+05:30,NIFTY,2026-10-13,True,41,82,22530.6,1.73,
2026-10-09 14:02:08.476993+05:30,NIFTY,2026-10-19,True,41,82,22531.35,1.78,
2026-10-09 14:02:10.241615+05:30,NIFTY,2026-10-27,True,41,82,22532.35,1.74,
2026-10-09 14:02:12.018959+05:30,BANKNIFTY,2026-10-27,True,41,82,55269.3,1.78,
2026-10-09 14:02:13.802476+05:30,BANKNIFTY,2026-11-23,True,41,82,55269.7,1.78,
2026-10-09 14:02:15.545117+05:30,SENSEX,2026-10-15,True,41,82,72518.4,1.74,
2026-10-09 14:02:17.297483+05:30,SENSEX,2026-10-22,True,41,82,72518.4,1.75,
2026-10-09 14:02:19.043718+05:30,FINNIFTY,2026-10-27,True,41,82,24982.8,1.74,
2026-10-09 14:02:20.792172+05:30,MIDCPNIFTY,2026-10-27,True,41,82,13612.6,1.75,
2026-10-09 14:03:06.733273+05:30,NIFTY,2026-10-13,True,41,82,22534.25,1.75,
2026-10-09 14:03:08.509296+05:30,NIFTY,2026-10-19,True,41,82,22535.1,1.8,
2026-10-09 14:03:10.283964+05:30,NIFTY,2026-10-27,True,41,82,22534.4,1.74,
2026-10-09 14:03:12.048495+05:30,BANKNIFTY,2026-10-27,True,41,82,55282.5,1.76,
2026-10-09 14:03:13.841760+05:30,BANKNIFTY,2026-11-23,True,41,82,55284.6,1.79,
2026-10-09 14:03:15.596066+05:30,SENSEX,2026-10-15,True,41,82,72525.95,1.76,
2026-10-09 14:03:17.345393+05:30,SENSEX,2026-10-22,True,41,82,72527.24,1.75,
2026-10-09 14:03:19.119050+05:30,FINNIFTY,2026-10-27,True,41,82,24988.7,1.77,
2026-10-09 14:03:20.915289+05:30,MIDCPNIFTY,2026-10-27,True,41,82,13614.5,1.8,
2026-10-09 14:04:06.714939+05:30,NIFTY,2026-10-13,True,41,82,22538.45,1.73,
2026-10-09 14:04:08.483408+05:30,NIFTY,2026-10-19,True,41,82,22538.8,1.79,
2026-10-09 14:04:10.229849+05:30,NIFTY,2026-10-27,True,41,82,22539.2,1.72,
2026-10-09 14:04:11.988783+05:30,BANKNIFTY,2026-10-27,True,41,82,55289.5,1.76,
2026-10-09 14:04:13.748603+05:30,BANKNIFTY,2026-11-23,True,41,82,55294.95,1.76,
2026-10-09 14:04:15.526832+05:30,SENSEX,2026-10-15,True,41,82,72543.05,1.78,
2026-10-09 14:04:17.268645+05:30,SENSEX,2026-10-22,True,41,82,72543.06,1.74,
2026-10-09 14:04:19.008088+05:30,FINNIFTY,2026-10-27,True,41,82,24996.9,1.74,
2026-10-09 14:04:20.770493+05:30,MIDCPNIFTY,2026-10-27,True,41,82,13616.4,1.76,
2026-10-09 14:05:06.718521+05:30,NIFTY,2026-10-13,True,41,82,22537.9,1.74,
2026-10-09 14:05:08.482947+05:30,NIFTY,2026-10-19,True,41,82,22538.35,1.78,
2026-10-09 14:05:10.242281+05:30,NIFTY,2026-10-27,True,41,82,22537.55,1.75,
2026-10-09 14:05:12.039391+05:30,BANKNIFTY,2026-10-27,True,41,82,55285.6,1.79,
2026-10-09 14:05:13.804426+05:30,BANKNIFTY,2026-11-23,True,41,82,55285.8,1.76,
2026-10-09 14:05:15.576252+05:30,SENSEX,2026-10-15,True,41,82,72530.17,1.77,
2026-10-09 14:05:17.345282+05:30,SENSEX,2026-10-22,True,41,82,72533.47,1.79,
2026-10-09 14:05:19.122077+05:30,FINNIFTY,2026-10-27,True,41,82,24992.25,1.75,
2026-10-09 14:05:20.895410+05:30,MIDCPNIFTY,2026-10-27,True,41,82,13617.05,1.77,
2026-10-09 14:06:06.822606+05:30,NIFTY,2026-10-13,True,41,82,22541.85,1.84,
2026-10-09 14:06:10.967932+05:30,NIFTY,2026-10-19,True,41,82,22541.45,4.14,
2026-10-09 14:06:12.884582+05:30,NIFTY,2026-10-27,True,41,82,22542.55,1.92,
2026-10-09 14:06:19.373982+05:30,BANKNIFTY,2026-10-27,True,41,82,55294.5,6.49,
2026-10-09 14:06:27.933575+05:30,BANKNIFTY,2026-11-23,True,41,82,55310.3,8.56,
2026-10-09 14:06:31.101851+05:30,SENSEX,2026-10-15,True,41,82,72552.75,3.17,
2026-10-09 14:06:32.930712+05:30,SENSEX,2026-10-22,True,41,81,72553.36,1.83,
2026-10-09 14:06:36.179303+05:30,FINNIFTY,2026-10-27,True,41,82,25003.75,3.25,
2026-10-09 14:06:38.123157+05:30,MIDCPNIFTY,2026-10-27,True,41,82,13624.95,1.94,
2026-10-09 14:07:06.718192+05:30,NIFTY,2026-10-13,True,41,82,22551.4,1.74,
2026-10-09 14:07:08.487968+05:30,NIFTY,2026-10-19,True,41,82,22551.8,1.77,
2026-10-09 14:07:10.384527+05:30,NIFTY,2026-10-27,True,41,82,22551.75,1.9,
2026-10-09 14:07:12.252828+05:30,BANKNIFTY,2026-10-27,True,41,82,55315.6,1.87,
2026-10-09 14:07:14.025660+05:30,BANKNIFTY,2026-11-23,True,41,82,55317.9,1.77,
2026-10-09 14:07:15.779352+05:30,SENSEX,2026-10-15,True,41,82,72581.39,1.75,
2026-10-09 14:07:17.534235+05:30,SENSEX,2026-10-22,True,41,81,72582.11,1.75,
2026-10-09 14:07:19.273998+05:30,FINNIFTY,2026-10-27,True,41,82,25009.75,1.74,
2026-10-09 14:07:21.092961+05:30,MIDCPNIFTY,2026-10-27,True,41,82,13628.55,1.82,
2026-10-09 14:08:13.115834+05:30,NIFTY,2026-10-13,True,41,82,22554.25,8.14,
2026-10-09 14:08:18.245723+05:30,NIFTY,2026-10-19,True,41,82,22556.7,5.13,
2026-10-09 14:08:20.303116+05:30,NIFTY,2026-10-27,True,41,82,22556.0,2.06,
2026-10-09 14:08:24.353394+05:30,BANKNIFTY,2026-10-27,True,41,82,55324.55,4.05,
2026-10-09 14:08:27.420690+05:30,BANKNIFTY,2026-11-23,True,41,82,55322.65,3.07,
2026-10-09 14:08:30.442928+05:30,SENSEX,2026-10-15,True,41,82,72588.72,3.02,
2026-10-09 14:08:32.280923+05:30,SENSEX,2026-10-22,True,41,81,72588.23,1.84,
2026-10-09 14:08:34.072767+05:30,FINNIFTY,2026-10-27,True,41,82,25012.9,1.79,
2026-10-09 14:08:36.582691+05:30,MIDCPNIFTY,2026-10-27,True,41,82,13626.4,2.51,
2026-10-09 14:09:06.731466+05:30,NIFTY,2026-10-13,True,41,82,22556.4,1.75,
2026-10-09 14:09:08.544334+05:30,NIFTY,2026-10-19,True,41,82,22558.15,1.83,
2026-10-09 14:09:10.340818+05:30,NIFTY,2026-10-27,True,41,82,22557.75,1.78,
2026-10-09 14:09:12.151837+05:30,BANKNIFTY,2026-10-27,True,41,82,55318.55,1.81,
2026-10-09 14:09:13.987775+05:30,BANKNIFTY,2026-11-23,True,41,82,55320.6,1.83,
2026-10-09 14:09:15.831162+05:30,SENSEX,2026-10-15,True,41,82,72588.74,1.84,
2026-10-09 14:09:17.661928+05:30,SENSEX,2026-10-22,True,41,81,72589.7,1.83,
2026-10-09 14:09:19.504098+05:30,FINNIFTY,2026-10-27,True,41,82,25011.05,1.84,
2026-10-09 14:09:21.409892+05:30,MIDCPNIFTY,2026-10-27,True,41,82,13623.35,1.9,
2026-10-09 14:10:06.743679+05:30,NIFTY,2026-10-13,True,41,82,22557.25,1.76,
2026-10-09 14:10:08.542364+05:30,NIFTY,2026-10-19,True,41,82,22557.0,1.8,
2026-10-09 14:10:10.336714+05:30,NIFTY,2026-10-27,True,41,82,22557.35,1.8,
2026-10-09 14:10:12.145821+05:30,BANKNIFTY,2026-10-27,True,41,82,55308.0,1.8,
2026-10-09 14:10:13.936893+05:30,BANKNIFTY,2026-11-23,True,41,82,55309.2,1.79,
2026-10-09 14:10:16.188657+05:30,SENSEX,2026-10-15,True,41,82,72587.53,2.28,
2026-10-09 14:10:17.987361+05:30,SENSEX,2026-10-22,True,41,82,72587.25,1.77,
2026-10-09 14:10:19.785737+05:30,FINNIFTY,2026-10-27,True,41,82,25002.75,1.8,
2026-10-09 14:10:21.588808+05:30,MIDCPNIFTY,2026-10-27,True,41,82,13618.85,1.8,
2026-10-09 14:11:06.733604+05:30,NIFTY,2026-10-13,True,41,82,22549.5,1.75,
2026-10-09 14:11:08.585197+05:30,NIFTY,2026-10-19,True,41,82,22548.4,1.87,
2026-10-09 14:11:10.391268+05:30,NIFTY,2026-10-27,True,41,82,22547.15,1.78,
2026-10-09 14:11:12.197218+05:30,BANKNIFTY,2026-10-27,True,41,82,55296.2,1.8,
2026-10-09 14:11:14.002970+05:30,BANKNIFTY,2026-11-23,True,41,82,55292.85,1.8,
2026-10-09 14:11:15.800974+05:30,SENSEX,2026-10-15,True,41,82,72560.62,1.8,
2026-10-09 14:11:17.587930+05:30,SENSEX,2026-10-22,True,41,81,72560.48,1.78,
2026-10-09 14:11:19.383936+05:30,FINNIFTY,2026-10-27,True,41,82,24996.2,1.79,
2026-10-09 14:11:21.212721+05:30,MIDCPNIFTY,2026-10-27,True,41,82,13615.45,1.84,
2026-10-09 14:12:06.743072+05:30,NIFTY,2026-10-13,True,41,82,22547.15,1.76,
2026-10-09 14:12:08.567471+05:30,NIFTY,2026-10-19,True,41,82,22546.6,1.87,
2026-10-09 14:12:10.381850+05:30,NIFTY,2026-10-27,True,41,82,22546.15,1.77,
2026-10-09 14:12:12.214471+05:30,BANKNIFTY,2026-10-27,True,41,82,55298.95,1.83,
2026-10-09 14:12:14.008852+05:30,BANKNIFTY,2026-11-23,True,41,82,55301.15,1.79,
2026-10-09 14:12:15.817232+05:30,SENSEX,2026-10-15,True,41,82,72572.27,1.81,
2026-10-09 14:12:17.620041+05:30,SENSEX,2026-10-22,True,41,82,72572.22,1.8,
2026-10-09 14:12:19.461343+05:30,FINNIFTY,2026-10-27,True,41,82,24996.3,1.84,
2026-10-09 14:12:21.284193+05:30,MIDCPNIFTY,2026-10-27,True,41,82,13612.2,1.82,
2026-10-09 14:13:06.752663+05:30,NIFTY,2026-10-13,True,41,82,22546.25,1.77,
2026-10-09 14:13:08.543923+05:30,NIFTY,2026-10-19,True,41,82,22546.15,1.81,
2026-10-09 14:13:10.495558+05:30,NIFTY,2026-10-27,True,41,82,22546.0,1.93,
2026-10-09 14:13:12.288577+05:30,BANKNIFTY,2026-10-27,True,41,82,55302.5,1.79,
2026-10-09 14:13:14.088720+05:30,BANKNIFTY,2026-11-23,True,41,82,55303.2,1.8,
2026-10-09 14:13:15.890184+05:30,SENSEX,2026-10-15,True,41,82,72560.15,1.8,
2026-10-09 14:13:17.685512+05:30,SENSEX,2026-10-22,True,41,82,72561.98,1.79,
2026-10-09 14:13:19.474535+05:30,FINNIFTY,2026-10-27,True,41,82,24996.75,1.79,
2026-10-09 14:13:21.278116+05:30,MIDCPNIFTY,2026-10-27,True,41,82,13610.35,1.8,
2026-10-09 14:14:07.219831+05:30,NIFTY,2026-10-13,True,41,82,22547.7,2.24,
2026-10-09 14:14:09.033906+05:30,NIFTY,2026-10-19,True,41,82,22548.5,1.82,
2026-10-09 14:14:10.898677+05:30,NIFTY,2026-10-27,True,41,82,22547.75,1.86,
2026-10-09 14:14:12.646989+05:30,BANKNIFTY,2026-10-27,True,41,82,55311.5,1.75,
2026-10-09 14:14:14.394740+05:30,BANKNIFTY,2026-11-23,True,41,82,55312.25,1.77,
2026-10-09 14:14:16.142159+05:30,SENSEX,2026-10-15,True,41,82,72556.05,1.73,
2026-10-09 14:14:17.885196+05:30,SENSEX,2026-10-22,True,41,81,72556.27,1.74,
2026-10-09 14:14:19.625954+05:30,FINNIFTY,2026-10-27,True,41,82,24996.35,1.74,
2026-10-09 14:14:21.366895+05:30,MIDCPNIFTY,2026-10-27,True,41,82,13611.7,1.74,
2026-10-09 14:15:07.344116+05:30,NIFTY,2026-10-13,True,41,82,22544.45,2.36,
2026-10-09 14:15:09.120493+05:30,NIFTY,2026-10-19,True,41,82,22545.15,1.79,
2026-10-09 14:15:10.950643+05:30,NIFTY,2026-10-27,True,41,82,22544.4,1.81,
2026-10-09 14:15:12.804197+05:30,BANKNIFTY,2026-10-27,True,41,82,55299.45,1.85,
2026-10-09 14:15:14.670109+05:30,BANKNIFTY,2026-11-23,True,41,82,55299.65,1.86,
2026-10-09 14:15:16.465967+05:30,SENSEX,2026-10-15,True,41,82,72562.09,1.8,
2026-10-09 14:15:18.279091+05:30,SENSEX,2026-10-22,True,41,82,72562.0,1.81,
2026-10-09 14:15:20.063761+05:30,FINNIFTY,2026-10-27,True,41,82,24991.75,1.78,
2026-10-09 14:15:21.878813+05:30,MIDCPNIFTY,2026-10-27,True,41,82,13612.65,1.81,
2026-10-09 14:16:06.809642+05:30,NIFTY,2026-10-13,True,41,82,22544.15,1.83,
2026-10-09 14:16:08.611465+05:30,NIFTY,2026-10-19,True,41,82,22546.25,1.81,
2026-10-09 14:16:10.415726+05:30,NIFTY,2026-10-27,True,41,82,22545.55,1.81,
2026-10-09 14:16:12.243807+05:30,BANKNIFTY,2026-10-27,True,41,82,55303.7,1.81,
2026-10-09 14:16:14.081064+05:30,BANKNIFTY,2026-11-23,True,41,82,55307.3,1.84,
2026-10-09 14:16:15.867009+05:30,SENSEX,2026-10-15,True,41,82,72553.14,1.8,
2026-10-09 14:16:17.647457+05:30,SENSEX,2026-10-22,True,41,82,72551.39,1.76,
2026-10-09 14:16:19.435691+05:30,FINNIFTY,2026-10-27,True,41,82,24995.2,1.79,
2026-10-09 14:16:21.229058+05:30,MIDCPNIFTY,2026-10-27,True,41,82,13608.35,1.79,
2026-10-09 14:17:06.856194+05:30,NIFTY,2026-10-13,True,41,82,22552.75,1.88,
2026-10-09 14:17:08.689759+05:30,NIFTY,2026-10-19,True,41,82,22551.65,1.84,
2026-10-09 14:17:10.479777+05:30,NIFTY,2026-10-27,True,41,82,22551.6,1.79,
2026-10-09 14:17:12.285734+05:30,BANKNIFTY,2026-10-27,True,41,82,55322.8,1.8,
2026-10-09 14:17:14.085556+05:30,BANKNIFTY,2026-11-23,True,41,82,55321.8,1.8,
2026-10-09 14:17:15.884367+05:30,SENSEX,2026-10-15,True,41,82,72572.43,1.8,
2026-10-09 14:17:17.676152+05:30,SENSEX,2026-10-22,True,41,82,72573.05,1.79,
2026-10-09 14:17:19.510491+05:30,FINNIFTY,2026-10-27,True,41,82,24998.95,1.83,
2026-10-09 14:17:21.386231+05:30,MIDCPNIFTY,2026-10-27,True,41,82,13615.45,1.87,
2026-10-09 14:18:06.747921+05:30,NIFTY,2026-10-13,True,41,82,22558.65,1.77,
2026-10-09 14:18:08.552837+05:30,NIFTY,2026-10-19,True,41,82,22559.35,1.8,
2026-10-09 14:18:10.344061+05:30,NIFTY,2026-10-27,True,41,82,22558.7,1.79,
2026-10-09 14:18:12.141596+05:30,BANKNIFTY,2026-10-27,True,41,82,55345.0,1.8,
2026-10-09 14:18:13.978001+05:30,BANKNIFTY,2026-11-23,True,41,82,55344.8,1.86,
2026-10-09 14:18:15.772751+05:30,SENSEX,2026-10-15,True,41,82,72591.16,1.77,
2026-10-09 14:18:17.572680+05:30,SENSEX,2026-10-22,True,41,82,72590.75,1.8,
2026-10-09 14:18:19.374774+05:30,FINNIFTY,2026-10-27,True,41,82,25011.95,1.8,
2026-10-09 14:18:21.171219+05:30,MIDCPNIFTY,2026-10-27,True,41,82,13619.75,1.8,
2026-10-09 14:19:06.757447+05:30,NIFTY,2026-10-13,True,41,82,22576.2,1.78,
2026-10-09 14:19:08.577747+05:30,NIFTY,2026-10-19,True,41,82,22575.75,1.84,
2026-10-09 14:19:10.419277+05:30,NIFTY,2026-10-27,True,41,82,22573.55,1.82,
2026-10-09 14:19:13.267066+05:30,BANKNIFTY,2026-10-27,True,41,82,55392.35,2.85,
2026-10-09 14:19:15.097527+05:30,BANKNIFTY,2026-11-23,True,41,82,55391.9,1.83,
2026-10-09 14:19:16.900899+05:30,SENSEX,2026-10-15,True,41,82,72661.58,1.8,
2026-10-09 14:19:18.693009+05:30,SENSEX,2026-10-22,True,41,81,72663.52,1.79,
2026-10-09 14:19:20.486933+05:30,FINNIFTY,2026-10-27,True,41,82,25036.6,1.79,
2026-10-09 14:19:22.289595+05:30,MIDCPNIFTY,2026-10-27,True,41,82,13629.55,1.8,
2026-10-09 14:20:06.760703+05:30,NIFTY,2026-10-13,True,41,82,22571.25,1.78,
2026-10-09 14:20:08.543975+05:30,NIFTY,2026-10-19,True,41,82,22570.75,1.78,
2026-10-09 14:20:10.335534+05:30,NIFTY,2026-10-27,True,41,82,22570.9,1.79,
2026-10-09 14:20:12.149368+05:30,BANKNIFTY,2026-10-27,True,41,82,55389.75,1.81,
2026-10-09 14:20:13.948886+05:30,BANKNIFTY,2026-11-23,True,41,82,55388.45,1.82,
2026-10-09 14:20:15.748772+05:30,SENSEX,2026-10-15,True,41,82,72652.48,1.78,
2026-10-09 14:20:17.540469+05:30,SENSEX,2026-10-22,True,41,81,72651.14,1.79,
2026-10-09 14:20:19.355081+05:30,FINNIFTY,2026-10-27,True,41,82,25029.55,1.81,
2026-10-09 14:20:21.142091+05:30,MIDCPNIFTY,2026-10-27,True,41,82,13627.6,1.78,
2026-10-09 14:21:06.755753+05:30,NIFTY,2026-10-13,True,41,82,22565.25,1.78,
2026-10-09 14:21:08.544914+05:30,NIFTY,2026-10-19,True,41,82,22564.65,1.81,
2026-10-09 14:21:10.378623+05:30,NIFTY,2026-10-27,True,41,82,22564.9,1.81,
2026-10-09 14:21:12.198140+05:30,BANKNIFTY,2026-10-27,True,41,82,55360.2,1.82,
2026-10-09 14:21:14.006567+05:30,BANKNIFTY,2026-11-23,True,41,82,55366.45,1.81,
2026-10-09 14:21:15.841719+05:30,SENSEX,2026-10-15,True,41,82,72624.84,1.84,
2026-10-09 14:21:17.635769+05:30,SENSEX,2026-10-22,True,41,82,72625.11,1.79,
2026-10-09 14:21:19.428877+05:30,FINNIFTY,2026-10-27,True,41,82,25022.35,1.79,
2026-10-09 14:21:21.226373+05:30,MIDCPNIFTY,2026-10-27,True,41,82,13626.7,1.8,
2026-10-09 14:22:06.774915+05:30,NIFTY,2026-10-13,True,41,82,22571.45,1.79,
2026-10-09 14:22:08.582168+05:30,NIFTY,2026-10-19,True,41,82,22572.95,1.81,
2026-10-09 14:22:10.379244+05:30,NIFTY,2026-10-27,True,41,82,22574.15,1.8,
2026-10-09 14:22:12.206786+05:30,BANKNIFTY,2026-10-27,True,41,82,55388.75,1.83,
2026-10-09 14:22:14.032210+05:30,BANKNIFTY,2026-11-23,True,41,82,55392.5,1.82,
2026-10-09 14:22:15.841370+05:30,SENSEX,2026-10-15,True,41,82,72647.35,1.81,
2026-10-09 14:22:17.659237+05:30,SENSEX,2026-10-22,True,41,82,72648.47,1.82,
2026-10-09 14:22:19.480298+05:30,FINNIFTY,2026-10-27,True,41,82,25030.25,1.82,
2026-10-09 14:22:21.300543+05:30,MIDCPNIFTY,2026-10-27,True,41,82,13629.2,1.82,
2026-10-09 14:23:06.766909+05:30,NIFTY,2026-10-13,True,41,82,22571.95,1.79,
2026-10-09 14:23:08.783227+05:30,NIFTY,2026-10-19,True,41,82,22570.95,2.01,
2026-10-09 14:23:10.582379+05:30,NIFTY,2026-10-27,True,41,82,22569.9,1.8,
2026-10-09 14:23:12.402358+05:30,BANKNIFTY,2026-10-27,True,41,82,55388.0,1.82,
2026-10-09 14:23:14.209796+05:30,BANKNIFTY,2026-11-23,True,41,82,55385.95,1.8,
2026-10-09 14:23:16.023164+05:30,SENSEX,2026-10-15,True,41,82,72642.4,1.81,
2026-10-09 14:23:17.814543+05:30,SENSEX,2026-10-22,True,41,82,72642.39,1.79,
2026-10-09 14:23:19.630575+05:30,FINNIFTY,2026-10-27,True,41,82,25023.2,1.81,
2026-10-09 14:23:21.433541+05:30,MIDCPNIFTY,2026-10-27,True,41,82,13625.9,1.8,
2026-10-09 14:24:06.730020+05:30,NIFTY,2026-10-13,True,41,82,22564.8,1.75,
2026-10-09 14:24:08.540269+05:30,NIFTY,2026-10-19,True,41,82,22565.15,1.83,
2026-10-09 14:24:10.884382+05:30,NIFTY,2026-10-27,True,41,82,22563.65,2.32,
2026-10-09 14:24:12.725140+05:30,BANKNIFTY,2026-10-27,True,41,82,55381.0,1.84,
2026-10-09 14:24:15.591370+05:30,BANKNIFTY,2026-11-23,True,41,82,55376.0,2.86,
2026-10-09 14:24:17.392976+05:30,SENSEX,2026-10-15,True,41,82,72616.42,1.8,
2026-10-09 14:24:19.195326+05:30,SENSEX,2026-10-22,True,41,82,72612.97,1.8,
2026-10-09 14:24:20.988699+05:30,FINNIFTY,2026-10-27,True,41,82,25016.85,1.79,
2026-10-09 14:24:22.807636+05:30,MIDCPNIFTY,2026-10-27,True,41,82,13624.75,1.82,
2026-10-09 14:25:06.761729+05:30,NIFTY,2026-10-13,True,41,82,22557.75,1.78,
2026-10-09 14:25:08.582657+05:30,NIFTY,2026-10-19,True,41,82,22556.2,1.86,
2026-10-09 14:25:10.392375+05:30,NIFTY,2026-10-27,True,41,82,22555.95,1.77,
2026-10-09 14:25:12.183150+05:30,BANKNIFTY,2026-10-27,True,41,82,55359.65,1.8,
2026-10-09 14:25:13.997677+05:30,BANKNIFTY,2026-11-23,True,41,82,55364.05,1.81,
2026-10-09 14:25:15.781563+05:30,SENSEX,2026-10-15,True,41,82,72599.51,1.78,
2026-10-09 14:25:17.583084+05:30,SENSEX,2026-10-22,True,41,82,72595.42,1.8,
2026-10-09 14:25:19.433523+05:30,FINNIFTY,2026-10-27,True,41,82,25011.15,1.85,
2026-10-09 14:25:21.233911+05:30,MIDCPNIFTY,2026-10-27,True,41,82,13618.2,1.8,
2026-10-09 14:26:06.754805+05:30,NIFTY,2026-10-13,True,41,82,22563.45,1.77,
2026-10-09 14:26:08.537678+05:30,NIFTY,2026-10-19,True,41,82,22563.8,1.8,
2026-10-09 14:26:10.327357+05:30,NIFTY,2026-10-27,True,41,82,22562.95,1.77,
2026-10-09 14:26:12.120073+05:30,BANKNIFTY,2026-10-27,True,41,82,55379.0,1.79,
2026-10-09 14:26:13.953153+05:30,BANKNIFTY,2026-11-23,True,41,82,55375.3,1.83,
2026-10-09 14:26:15.751683+05:30,SENSEX,2026-10-15,True,41,82,72614.84,1.8,
2026-10-09 14:26:17.533335+05:30,SENSEX,2026-10-22,True,41,82,72612.77,1.78,
2026-10-09 14:26:19.336600+05:30,FINNIFTY,2026-10-27,True,41,82,25012.9,1.8,
2026-10-09 14:26:21.126828+05:30,MIDCPNIFTY,2026-10-27,True,41,82,13618.5,1.79,
2026-10-09 14:27:06.804343+05:30,NIFTY,2026-10-13,True,41,82,22562.0,1.82,
2026-10-09 14:27:08.606422+05:30,NIFTY,2026-10-19,True,41,82,22562.25,1.8,
2026-10-09 14:27:10.415320+05:30,NIFTY,2026-10-27,True,41,82,22561.95,1.81,
2026-10-09 14:27:12.235142+05:30,BANKNIFTY,2026-10-27,True,41,82,55369.6,1.82,
2026-10-09 14:27:14.035526+05:30,BANKNIFTY,2026-11-23,True,41,82,55369.4,1.8,
2026-10-09 14:27:15.837967+05:30,SENSEX,2026-10-15,True,41,82,72618.85,1.8,
2026-10-09 14:27:17.630292+05:30,SENSEX,2026-10-22,True,41,82,72616.82,1.79,
2026-10-09 14:27:19.447806+05:30,FINNIFTY,2026-10-27,True,41,82,25013.85,1.81,
2026-10-09 14:27:21.239595+05:30,MIDCPNIFTY,2026-10-27,True,41,82,13616.05,1.79,
2026-10-09 14:28:06.750071+05:30,NIFTY,2026-10-13,True,41,82,22560.35,1.77,
2026-10-09 14:28:08.568000+05:30,NIFTY,2026-10-19,True,41,82,22560.45,1.82,
2026-10-09 14:28:10.378460+05:30,NIFTY,2026-10-27,True,41,82,22560.95,1.81,
2026-10-09 14:28:12.331239+05:30,BANKNIFTY,2026-10-27,True,41,82,55369.7,1.95,
2026-10-09 14:28:14.192654+05:30,BANKNIFTY,2026-11-23,True,41,82,55368.25,1.86,
2026-10-09 14:28:16.000581+05:30,SENSEX,2026-10-15,True,41,82,72612.94,1.81,
2026-10-09 14:28:17.791463+05:30,SENSEX,2026-10-22,True,41,82,72614.14,1.79,
2026-10-09 14:28:20.610623+05:30,FINNIFTY,2026-10-27,True,41,82,25010.8,2.82,
2026-10-09 14:28:22.424125+05:30,MIDCPNIFTY,2026-10-27,True,41,82,13617.35,1.81,
2026-10-09 14:29:06.764356+05:30,NIFTY,2026-10-13,True,41,82,22557.35,1.78,
2026-10-09 14:29:08.562654+05:30,NIFTY,2026-10-19,True,41,82,22556.45,1.81,
2026-10-09 14:29:10.375806+05:30,NIFTY,2026-10-27,True,41,82,22556.3,1.8,
2026-10-09 14:29:12.202371+05:30,BANKNIFTY,2026-10-27,True,41,82,55360.9,1.82,
2026-10-09 14:29:14.062842+05:30,BANKNIFTY,2026-11-23,True,41,82,55359.0,1.86,
2026-10-09 14:29:15.864843+05:30,SENSEX,2026-10-15,True,41,82,72599.42,1.8,
2026-10-09 14:29:17.677673+05:30,SENSEX,2026-10-22,True,41,82,72596.42,1.81,
2026-10-09 14:29:19.470499+05:30,FINNIFTY,2026-10-27,True,41,82,25011.15,1.79,
2026-10-09 14:29:21.271953+05:30,MIDCPNIFTY,2026-10-27,True,41,82,13613.1,1.8,
2026-10-09 14:30:06.749648+05:30,NIFTY,2026-10-13,True,41,82,22551.2,1.77,
2026-10-09 14:30:08.559410+05:30,NIFTY,2026-10-19,True,41,82,22550.85,1.83,
2026-10-09 14:30:10.384518+05:30,NIFTY,2026-10-27,True,41,82,22551.2,1.8,
2026-10-09 14:30:12.194651+05:30,BANKNIFTY,2026-10-27,True,41,82,55347.35,1.81,
2026-10-09 14:30:14.034391+05:30,BANKNIFTY,2026-11-23,True,41,82,55347.15,1.84,
2026-10-09 14:30:15.871023+05:30,SENSEX,2026-10-15,True,41,82,72580.67,1.84,
2026-10-09 14:30:17.728415+05:30,SENSEX,2026-10-22,True,41,82,72580.91,1.86,
2026-10-09 14:30:19.560994+05:30,FINNIFTY,2026-10-27,True,41,82,25007.35,1.83,
2026-10-09 14:30:21.382528+05:30,MIDCPNIFTY,2026-10-27,True,41,82,13607.05,1.82,
2026-10-09 14:31:06.740788+05:30,NIFTY,2026-10-13,True,41,82,22544.15,1.76,
2026-10-09 14:31:08.543261+05:30,NIFTY,2026-10-19,True,41,82,22543.75,1.8,
2026-10-09 14:31:10.366190+05:30,NIFTY,2026-10-27,True,41,82,22543.0,1.82,
2026-10-09 14:31:12.172499+05:30,BANKNIFTY,2026-10-27,True,41,82,55333.7,1.81,
2026-10-09 14:31:13.982503+05:30,BANKNIFTY,2026-11-23,True,41,82,55332.65,1.82,
2026-10-09 14:31:15.772469+05:30,SENSEX,2026-10-15,True,41,82,72553.07,1.78,
2026-10-09 14:31:17.575610+05:30,SENSEX,2026-10-22,True,41,81,72551.95,1.8,
2026-10-09 14:31:19.404717+05:30,FINNIFTY,2026-10-27,True,41,82,24995.75,1.83,
2026-10-09 14:31:21.344352+05:30,MIDCPNIFTY,2026-10-27,True,41,82,13601.35,1.94,
2026-10-09 14:32:06.811581+05:30,NIFTY,2026-10-13,True,41,82,22545.45,1.83,
2026-10-09 14:32:08.602531+05:30,NIFTY,2026-10-19,True,41,82,22544.3,1.8,
2026-10-09 14:32:10.407935+05:30,NIFTY,2026-10-27,True,41,82,22545.75,1.82,
2026-10-09 14:32:12.197661+05:30,BANKNIFTY,2026-10-27,True,41,82,55342.0,1.76,
2026-10-09 14:32:14.010395+05:30,BANKNIFTY,2026-11-23,True,41,82,55341.15,1.81,
2026-10-09 14:32:15.793527+05:30,SENSEX,2026-10-15,True,41,82,72559.05,1.78,
2026-10-09 14:32:17.623262+05:30,SENSEX,2026-10-22,True,41,81,72557.76,1.83,
2026-10-09 14:32:19.405746+05:30,FINNIFTY,2026-10-27,True,41,82,25000.4,1.78,
2026-10-09 14:32:21.231584+05:30,MIDCPNIFTY,2026-10-27,True,41,82,13607.85,1.83,
2026-10-09 14:33:06.747435+05:30,NIFTY,2026-10-13,True,41,82,22549.9,1.77,
2026-10-09 14:33:08.543374+05:30,NIFTY,2026-10-19,True,41,82,22549.95,1.79,
2026-10-09 14:33:10.344330+05:30,NIFTY,2026-10-27,True,41,82,22551.15,1.8,
2026-10-09 14:33:12.147837+05:30,BANKNIFTY,2026-10-27,True,41,82,55355.35,1.8,
2026-10-09 14:33:14.036220+05:30,BANKNIFTY,2026-11-23,True,41,82,55354.25,1.89,
2026-10-09 14:33:15.829188+05:30,SENSEX,2026-10-15,True,41,82,72568.84,1.79,
2026-10-09 14:33:17.620731+05:30,SENSEX,2026-10-22,True,41,81,72570.24,1.79,
2026-10-09 14:33:19.403137+05:30,FINNIFTY,2026-10-27,True,41,82,25003.9,1.78,
2026-10-09 14:33:21.226597+05:30,MIDCPNIFTY,2026-10-27,True,41,82,13611.85,1.82,
2026-10-09 14:34:06.779753+05:30,NIFTY,2026-10-13,True,41,82,22550.2,1.8,
2026-10-09 14:34:08.593290+05:30,NIFTY,2026-10-19,True,41,82,22550.25,1.83,
2026-10-09 14:34:10.395964+05:30,NIFTY,2026-10-27,True,41,82,22549.2,1.79,
2026-10-09 14:34:12.202376+05:30,BANKNIFTY,2026-10-27,True,41,82,55348.0,1.81,
2026-10-09 14:34:14.013263+05:30,BANKNIFTY,2026-11-23,True,41,82,55347.0,1.8,
2026-10-09 14:34:16.831208+05:30,SENSEX,2026-10-15,True,41,82,72570.28,2.82,
2026-10-09 14:34:18.634135+05:30,SENSEX,2026-10-22,True,41,81,72568.42,1.8,
2026-10-09 14:34:20.418936+05:30,FINNIFTY,2026-10-27,True,41,82,25002.95,1.78,
2026-10-09 14:34:22.221717+05:30,MIDCPNIFTY,2026-10-27,True,41,82,13612.15,1.8,
2026-10-09 14:35:06.782625+05:30,NIFTY,2026-10-13,True,41,82,22544.0,1.8,
2026-10-09 14:35:08.586691+05:30,NIFTY,2026-10-19,True,41,82,22545.15,1.83,
2026-10-09 14:35:10.429644+05:30,NIFTY,2026-10-27,True,41,82,22545.0,1.82,
2026-10-09 14:35:12.259682+05:30,BANKNIFTY,2026-10-27,True,41,82,55330.55,1.83,
2026-10-09 14:35:14.673669+05:30,BANKNIFTY,2026-11-23,True,41,82,55331.3,2.41,
2026-10-09 14:35:16.461814+05:30,SENSEX,2026-10-15,True,41,82,72550.36,1.79,
2026-10-09 14:35:18.255518+05:30,SENSEX,2026-10-22,True,41,81,72550.05,1.79,
2026-10-09 14:35:20.045341+05:30,FINNIFTY,2026-10-27,True,41,82,24998.1,1.79,
2026-10-09 14:35:21.863760+05:30,MIDCPNIFTY,2026-10-27,True,41,82,13608.9,1.82,
2026-10-09 14:36:06.765053+05:30,NIFTY,2026-10-13,True,41,82,22545.0,1.78,
2026-10-09 14:36:08.571661+05:30,NIFTY,2026-10-19,True,41,82,22542.95,1.81,
2026-10-09 14:36:10.391230+05:30,NIFTY,2026-10-27,True,41,82,22542.6,1.82,
2026-10-09 14:36:12.217448+05:30,BANKNIFTY,2026-10-27,True,41,82,55325.8,1.82,
2026-10-09 14:36:14.029537+05:30,BANKNIFTY,2026-11-23,True,41,82,55330.05,1.81,
2026-10-09 14:36:15.822940+05:30,SENSEX,2026-10-15,True,41,82,72550.85,1.79,
2026-10-09 14:36:17.624486+05:30,SENSEX,2026-10-22,True,41,81,72547.72,1.8,
2026-10-09 14:36:19.421945+05:30,FINNIFTY,2026-10-27,True,41,82,25000.6,1.8,
2026-10-09 14:36:21.227248+05:30,MIDCPNIFTY,2026-10-27,True,41,82,13603.7,1.8,
2026-10-09 14:37:06.799639+05:30,NIFTY,2026-10-13,True,41,82,22549.3,1.82,
2026-10-09 14:37:08.612714+05:30,NIFTY,2026-10-19,True,41,82,22548.3,1.81,
2026-10-09 14:37:11.121919+05:30,NIFTY,2026-10-27,True,41,82,22548.9,2.52,
2026-10-09 14:37:12.942473+05:30,BANKNIFTY,2026-10-27,True,41,82,55341.75,1.8,
2026-10-09 14:37:14.709342+05:30,BANKNIFTY,2026-11-23,True,41,82,55341.85,1.76,
2026-10-09 14:37:16.466154+05:30,SENSEX,2026-10-15,True,41,82,72577.06,1.76,
2026-10-09 14:37:18.232307+05:30,SENSEX,2026-10-22,True,41,81,72577.5,1.76,
2026-10-09 14:37:19.993989+05:30,FINNIFTY,2026-10-27,True,41,82,25002.5,1.76,
2026-10-09 14:37:21.771107+05:30,MIDCPNIFTY,2026-10-27,True,41,82,13601.95,1.78,
2026-10-09 14:38:06.723505+05:30,NIFTY,2026-10-13,True,41,82,22547.1,1.74,
2026-10-09 14:38:08.502772+05:30,NIFTY,2026-10-19,True,41,82,22546.95,1.8,
2026-10-09 14:38:10.320912+05:30,NIFTY,2026-10-27,True,41,82,22547.5,1.79,
2026-10-09 14:38:12.200617+05:30,BANKNIFTY,2026-10-27,True,41,82,55338.45,1.88,
2026-10-09 14:38:13.979989+05:30,BANKNIFTY,2026-11-23,True,41,82,55338.05,1.78,
2026-10-09 14:38:15.746737+05:30,SENSEX,2026-10-15,True,41,82,72571.57,1.77,
2026-10-09 14:38:17.502809+05:30,SENSEX,2026-10-22,True,41,81,72570.83,1.75,
2026-10-09 14:38:19.283272+05:30,FINNIFTY,2026-10-27,True,41,82,25003.65,1.78,
2026-10-09 14:38:21.062673+05:30,MIDCPNIFTY,2026-10-27,True,41,82,13600.65,1.78,
2026-10-09 14:39:06.764799+05:30,NIFTY,2026-10-13,True,41,82,22549.15,1.78,
2026-10-09 14:39:08.542774+05:30,NIFTY,2026-10-19,True,41,82,22549.0,1.86,
2026-10-09 14:39:10.395398+05:30,NIFTY,2026-10-27,True,41,82,22549.25,1.75,
2026-10-09 14:39:12.243252+05:30,BANKNIFTY,2026-10-27,True,41,82,55332.35,1.85,
2026-10-09 14:39:14.046018+05:30,BANKNIFTY,2026-11-23,True,41,82,55330.85,1.8,
2026-10-09 14:39:15.815695+05:30,SENSEX,2026-10-15,True,41,82,72579.05,1.77,
2026-10-09 14:39:17.572534+05:30,SENSEX,2026-10-22,True,41,81,72577.24,1.75,
2026-10-09 14:39:19.355737+05:30,FINNIFTY,2026-10-27,True,41,82,25000.05,1.78,
2026-10-09 14:39:21.134984+05:30,MIDCPNIFTY,2026-10-27,True,41,82,13600.25,1.78,
2026-10-09 14:40:06.730651+05:30,NIFTY,2026-10-13,True,41,82,22548.15,1.75,
2026-10-09 14:40:08.497635+05:30,NIFTY,2026-10-19,True,41,82,22547.2,1.78,
2026-10-09 14:40:10.266764+05:30,NIFTY,2026-10-27,True,41,82,22548.15,1.75,
2026-10-09 14:40:12.089690+05:30,BANKNIFTY,2026-10-27,True,41,82,55325.15,1.82,
2026-10-09 14:40:13.875345+05:30,BANKNIFTY,2026-11-23,True,41,82,55325.9,1.78,
2026-10-09 14:40:15.906219+05:30,SENSEX,2026-10-15,True,41,82,72566.99,2.03,
2026-10-09 14:40:17.699005+05:30,SENSEX,2026-10-22,True,41,81,72564.13,1.79,
2026-10-09 14:40:19.481092+05:30,FINNIFTY,2026-10-27,True,41,82,25006.0,1.78,
2026-10-09 14:40:21.285757+05:30,MIDCPNIFTY,2026-10-27,True,41,82,13602.95,1.8,
2026-10-09 14:41:06.718152+05:30,NIFTY,2026-10-13,True,41,82,22541.4,1.74,
2026-10-09 14:41:08.498400+05:30,NIFTY,2026-10-19,True,41,82,22541.2,1.78,
2026-10-09 14:41:10.248055+05:30,NIFTY,2026-10-27,True,41,82,22542.0,1.75,
2026-10-09 14:41:12.042290+05:30,BANKNIFTY,2026-10-27,True,41,82,55310.95,1.79,
2026-10-09 14:41:13.816732+05:30,BANKNIFTY,2026-11-23,True,41,82,55311.1,1.79,
2026-10-09 14:41:15.635176+05:30,SENSEX,2026-10-15,True,41,82,72547.3,1.8,
2026-10-09 14:41:17.466806+05:30,SENSEX,2026-10-22,True,41,81,72553.15,1.83,
2026-10-09 14:41:19.264568+05:30,FINNIFTY,2026-10-27,True,41,82,25000.25,1.8,
2026-10-09 14:41:21.060210+05:30,MIDCPNIFTY,2026-10-27,True,41,82,13601.25,1.79,
2026-10-09 14:42:06.806675+05:30,NIFTY,2026-10-13,True,41,82,22545.9,1.83,
2026-10-09 14:42:08.581729+05:30,NIFTY,2026-10-19,True,41,82,22546.3,1.77,
2026-10-09 14:42:10.351285+05:30,NIFTY,2026-10-27,True,41,82,22546.55,1.77,
2026-10-09 14:42:12.133899+05:30,BANKNIFTY,2026-10-27,True,41,82,55321.95,1.78,
2026-10-09 14:42:13.915098+05:30,BANKNIFTY,2026-11-23,True,41,82,55321.95,1.78,
2026-10-09 14:42:15.683560+05:30,SENSEX,2026-10-15,True,41,82,72560.34,1.79,
2026-10-09 14:42:17.462066+05:30,SENSEX,2026-10-22,True,41,81,72557.3,1.75,
2026-10-09 14:42:19.233799+05:30,FINNIFTY,2026-10-27,True,41,82,25003.3,1.77,
2026-10-09 14:42:20.998600+05:30,MIDCPNIFTY,2026-10-27,True,41,82,13601.95,1.76,
2026-10-09 14:43:06.724806+05:30,NIFTY,2026-10-13,True,41,82,22558.8,1.74,
2026-10-09 14:43:08.493647+05:30,NIFTY,2026-10-19,True,41,82,22559.5,1.78,
2026-10-09 14:43:10.248334+05:30,NIFTY,2026-10-27,True,41,82,22559.3,1.74,
2026-10-09 14:43:12.033664+05:30,BANKNIFTY,2026-10-27,True,41,82,55351.9,1.78,
2026-10-09 14:43:13.821259+05:30,BANKNIFTY,2026-11-23,True,41,82,55354.3,1.79,
2026-10-09 14:43:15.579336+05:30,SENSEX,2026-10-15,True,41,82,72602.35,1.76,
2026-10-09 14:43:17.357325+05:30,SENSEX,2026-10-22,True,41,81,72600.12,1.78,
2026-10-09 14:43:19.128326+05:30,FINNIFTY,2026-10-27,True,41,82,25025.1,1.77,
2026-10-09 14:43:20.927414+05:30,MIDCPNIFTY,2026-10-27,True,41,82,13608.85,1.8,
2026-10-09 14:44:06.724639+05:30,NIFTY,2026-10-13,True,41,82,22562.65,1.74,
2026-10-09 14:44:08.514378+05:30,NIFTY,2026-10-19,True,41,82,22562.85,1.86,
2026-10-09 14:44:10.331522+05:30,NIFTY,2026-10-27,True,41,82,22562.1,1.75,
2026-10-09 14:44:12.125047+05:30,BANKNIFTY,2026-10-27,True,41,82,55365.75,1.79,
2026-10-09 14:44:13.899746+05:30,BANKNIFTY,2026-11-23,True,41,82,55368.25,1.77,
2026-10-09 14:44:15.657680+05:30,SENSEX,2026-10-15,True,41,82,72609.81,1.76,
2026-10-09 14:44:17.436376+05:30,SENSEX,2026-10-22,True,41,81,72595.49,1.78,
2026-10-09 14:44:19.231328+05:30,FINNIFTY,2026-10-27,True,41,82,25022.85,1.79,
2026-10-09 14:44:21.008698+05:30,MIDCPNIFTY,2026-10-27,True,41,82,13611.05,1.78,
2026-10-09 14:45:06.720430+05:30,NIFTY,2026-10-13,True,41,82,22560.75,1.74,
2026-10-09 14:45:08.516669+05:30,NIFTY,2026-10-19,True,41,82,22561.6,1.81,
2026-10-09 14:45:10.287130+05:30,NIFTY,2026-10-27,True,41,82,22561.6,1.75,
2026-10-09 14:45:12.105446+05:30,BANKNIFTY,2026-10-27,True,41,82,55375.2,1.82,
2026-10-09 14:45:13.944228+05:30,BANKNIFTY,2026-11-23,True,41,82,55376.75,1.84,
2026-10-09 14:45:15.774735+05:30,SENSEX,2026-10-15,True,41,82,72609.53,1.83,
2026-10-09 14:45:17.546676+05:30,SENSEX,2026-10-22,True,41,81,72613.2,1.77,
2026-10-09 14:45:19.313636+05:30,FINNIFTY,2026-10-27,True,41,82,25035.5,1.76,
2026-10-09 14:45:21.079020+05:30,MIDCPNIFTY,2026-10-27,True,41,82,13609.6,1.76,
2026-10-09 14:46:06.723818+05:30,NIFTY,2026-10-13,True,41,82,22559.4,1.74,
2026-10-09 14:46:08.514301+05:30,NIFTY,2026-10-19,True,41,82,22558.65,1.79,
2026-10-09 14:46:10.872908+05:30,NIFTY,2026-10-27,True,41,82,22560.15,2.36,
2026-10-09 14:46:12.672330+05:30,BANKNIFTY,2026-10-27,True,41,82,55366.25,1.8,
2026-10-09 14:46:14.476482+05:30,BANKNIFTY,2026-11-23,True,41,82,55369.5,1.8,
2026-10-09 14:46:16.266396+05:30,SENSEX,2026-10-15,True,41,82,72606.64,1.79,
2026-10-09 14:46:18.092584+05:30,SENSEX,2026-10-22,True,41,81,72606.69,1.82,
2026-10-09 14:46:19.863112+05:30,FINNIFTY,2026-10-27,True,41,82,25034.0,1.77,
2026-10-09 14:46:21.651509+05:30,MIDCPNIFTY,2026-10-27,True,41,82,13610.1,1.79,
2026-10-09 14:47:06.724069+05:30,NIFTY,2026-10-13,True,41,82,22560.65,1.74,
2026-10-09 14:47:08.491315+05:30,NIFTY,2026-10-19,True,41,82,22560.0,1.77,
2026-10-09 14:47:10.264624+05:30,NIFTY,2026-10-27,True,41,82,22560.2,1.77,
2026-10-09 14:47:12.052991+05:30,BANKNIFTY,2026-10-27,True,41,82,55369.25,1.79,
2026-10-09 14:47:13.849619+05:30,BANKNIFTY,2026-11-23,True,41,82,55375.05,1.79,
2026-10-09 14:47:15.631931+05:30,SENSEX,2026-10-15,True,41,82,72604.48,1.78,
2026-10-09 14:47:17.406598+05:30,SENSEX,2026-10-22,True,41,81,72606.68,1.77,
2026-10-09 14:47:19.185627+05:30,FINNIFTY,2026-10-27,True,41,82,25035.05,1.78,
2026-10-09 14:47:20.952452+05:30,MIDCPNIFTY,2026-10-27,True,41,82,13608.0,1.77,
2026-10-09 14:48:06.741189+05:30,NIFTY,2026-10-13,True,41,82,22561.75,1.76,
2026-10-09 14:48:08.537716+05:30,NIFTY,2026-10-19,True,41,82,22562.95,1.81,
2026-10-09 14:48:10.324471+05:30,NIFTY,2026-10-27,True,41,82,22562.6,1.8,
2026-10-09 14:48:12.120419+05:30,BANKNIFTY,2026-10-27,True,41,82,55356.45,1.77,
2026-10-09 14:48:13.919299+05:30,BANKNIFTY,2026-11-23,True,41,82,55349.7,1.8,
2026-10-09 14:48:15.690763+05:30,SENSEX,2026-10-15,True,41,82,72605.74,1.77,
2026-10-09 14:48:17.472396+05:30,SENSEX,2026-10-22,True,41,81,72605.74,1.78,
2026-10-09 14:48:19.270208+05:30,FINNIFTY,2026-10-27,True,41,82,25024.95,1.8,
2026-10-09 14:48:21.093837+05:30,MIDCPNIFTY,2026-10-27,True,41,82,13601.6,1.82,
2026-10-09 14:49:06.741844+05:30,NIFTY,2026-10-13,True,41,82,22560.45,1.76,
2026-10-09 14:49:08.508510+05:30,NIFTY,2026-10-19,True,41,82,22560.85,1.78,
2026-10-09 14:49:10.273369+05:30,NIFTY,2026-10-27,True,41,82,22560.85,1.74,
2026-10-09 14:49:12.066267+05:30,BANKNIFTY,2026-10-27,True,41,82,55353.15,1.79,
2026-10-09 14:49:13.866671+05:30,BANKNIFTY,2026-11-23,True,41,82,55350.75,1.8,
2026-10-09 14:49:15.649746+05:30,SENSEX,2026-10-15,True,41,82,72604.83,1.78,
2026-10-09 14:49:17.423097+05:30,SENSEX,2026-10-22,True,41,81,72604.75,1.77,
2026-10-09 14:49:19.189132+05:30,FINNIFTY,2026-10-27,True,41,82,25026.95,1.76,
2026-10-09 14:49:20.966959+05:30,MIDCPNIFTY,2026-10-27,True,41,82,13600.95,1.78,
2026-10-09 14:50:06.782889+05:30,NIFTY,2026-10-13,True,41,82,22555.7,1.8,
2026-10-09 14:50:08.903363+05:30,NIFTY,2026-10-19,True,41,82,22554.3,2.12,
2026-10-09 14:50:10.679070+05:30,NIFTY,2026-10-27,True,41,82,22554.8,1.77,
2026-10-09 14:50:12.471460+05:30,BANKNIFTY,2026-10-27,True,41,82,55334.3,1.79,
2026-10-09 14:50:14.267938+05:30,BANKNIFTY,2026-11-23,True,41,82,55337.65,1.79,
2026-10-09 14:50:16.047446+05:30,SENSEX,2026-10-15,True,41,82,72595.6,1.78,
2026-10-09 14:50:17.815337+05:30,SENSEX,2026-10-22,True,41,81,72599.49,1.76,
2026-10-09 14:50:19.592479+05:30,FINNIFTY,2026-10-27,True,41,82,25028.0,1.77,
2026-10-09 14:50:21.374998+05:30,MIDCPNIFTY,2026-10-27,True,41,82,13598.0,1.78,
2026-10-09 14:51:07.042372+05:30,NIFTY,2026-10-13,True,41,82,22558.15,2.06,
2026-10-09 14:51:08.814914+05:30,NIFTY,2026-10-19,True,41,82,22560.05,1.77,
2026-10-09 14:51:10.701850+05:30,NIFTY,2026-10-27,True,41,82,22558.5,1.89,
2026-10-09 14:51:12.507384+05:30,BANKNIFTY,2026-10-27,True,41,82,55341.0,1.8,
2026-10-09 14:51:14.334644+05:30,BANKNIFTY,2026-11-23,True,41,82,55343.4,1.82,
2026-10-09 14:51:16.110801+05:30,SENSEX,2026-10-15,True,41,82,72599.04,1.78,
2026-10-09 14:51:17.902929+05:30,SENSEX,2026-10-22,True,41,81,72600.32,1.79,
2026-10-09 14:51:19.678995+05:30,FINNIFTY,2026-10-27,True,41,82,25022.55,1.77,
2026-10-09 14:51:21.482083+05:30,MIDCPNIFTY,2026-10-27,True,41,82,13597.5,1.8,
2026-10-09 14:52:06.720827+05:30,NIFTY,2026-10-13,True,41,82,22556.85,1.74,
2026-10-09 14:52:08.474936+05:30,NIFTY,2026-10-19,True,41,82,22557.6,1.78,
2026-10-09 14:52:10.236431+05:30,NIFTY,2026-10-27,True,41,82,22557.65,1.73,
2026-10-09 14:52:12.025443+05:30,BANKNIFTY,2026-10-27,True,41,82,55345.75,1.79,
2026-10-09 14:52:13.807967+05:30,BANKNIFTY,2026-11-23,True,41,82,55344.65,1.78,
2026-10-09 14:52:15.567328+05:30,SENSEX,2026-10-15,True,41,82,72601.19,1.76,
2026-10-09 14:52:17.331701+05:30,SENSEX,2026-10-22,True,41,81,72599.79,1.76,
2026-10-09 14:52:19.085799+05:30,FINNIFTY,2026-10-27,True,41,82,25025.95,1.75,
2026-10-09 14:52:20.857341+05:30,MIDCPNIFTY,2026-10-27,True,41,82,13596.9,1.77,
2026-10-09 14:53:06.745638+05:30,NIFTY,2026-10-13,True,41,82,22559.8,1.77,
2026-10-09 14:53:08.522622+05:30,NIFTY,2026-10-19,True,41,82,22560.2,1.78,
2026-10-09 14:53:10.287320+05:30,NIFTY,2026-10-27,True,41,82,22559.85,1.76,
2026-10-09 14:53:12.076115+05:30,BANKNIFTY,2026-10-27,True,41,82,55357.0,1.78,
2026-10-09 14:53:13.844708+05:30,BANKNIFTY,2026-11-23,True,41,82,55358.95,1.77,
2026-10-09 14:53:15.608965+05:30,SENSEX,2026-10-15,True,41,82,72605.76,1.76,
2026-10-09 14:53:17.373559+05:30,SENSEX,2026-10-22,True,41,81,72605.26,1.78,
2026-10-09 14:53:19.186661+05:30,FINNIFTY,2026-10-27,True,41,82,25030.7,1.79,
2026-10-09 14:53:20.950305+05:30,MIDCPNIFTY,2026-10-27,True,41,82,13596.65,1.76,
2026-10-09 14:54:06.704894+05:30,NIFTY,2026-10-13,True,41,82,22560.4,1.72,
2026-10-09 14:54:08.509541+05:30,NIFTY,2026-10-19,True,41,82,22561.6,1.82,
2026-10-09 14:54:10.302035+05:30,NIFTY,2026-10-27,True,41,82,22562.75,1.77,
2026-10-09 14:54:12.070198+05:30,BANKNIFTY,2026-10-27,True,41,82,55364.6,1.77,
2026-10-09 14:54:13.834877+05:30,BANKNIFTY,2026-11-23,True,41,82,55365.0,1.76,
2026-10-09 14:54:15.592566+05:30,SENSEX,2026-10-15,True,41,82,72619.94,1.76,
2026-10-09 14:54:17.351950+05:30,SENSEX,2026-10-22,True,41,81,72618.1,1.76,
2026-10-09 14:54:19.129054+05:30,FINNIFTY,2026-10-27,True,41,82,25033.8,1.78,
2026-10-09 14:54:20.894232+05:30,MIDCPNIFTY,2026-10-27,True,41,82,13595.7,1.76,
2026-10-09 14:55:06.722841+05:30,NIFTY,2026-10-13,True,41,82,22562.2,1.74,
2026-10-09 14:55:08.798201+05:30,NIFTY,2026-10-19,True,41,82,22562.35,2.07,
2026-10-09 14:55:11.579739+05:30,NIFTY,2026-10-27,True,41,82,22561.9,2.78,
2026-10-09 14:55:13.374912+05:30,BANKNIFTY,2026-10-27,True,41,82,55361.9,1.79,
2026-10-09 14:55:15.170164+05:30,BANKNIFTY,2026-11-23,True,41,82,55362.1,1.79,
2026-10-09 14:55:16.956413+05:30,SENSEX,2026-10-15,True,41,82,72603.34,1.79,
2026-10-09 14:55:18.712141+05:30,SENSEX,2026-10-22,True,41,81,72606.95,1.75,
2026-10-09 14:55:20.503494+05:30,FINNIFTY,2026-10-27,True,41,82,25030.35,1.79,
2026-10-09 14:55:22.262924+05:30,MIDCPNIFTY,2026-10-27,True,41,82,13594.65,1.76,
2026-10-09 14:56:06.880425+05:30,NIFTY,2026-10-13,True,41,82,22564.3,1.9,
2026-10-09 14:56:08.709613+05:30,NIFTY,2026-10-19,True,41,82,22564.65,1.83,
2026-10-09 14:56:10.494243+05:30,NIFTY,2026-10-27,True,41,82,22563.6,1.78,
2026-10-09 14:56:12.343591+05:30,BANKNIFTY,2026-10-27,True,41,82,55368.35,1.85,
2026-10-09 14:56:14.135458+05:30,BANKNIFTY,2026-11-23,True,41,82,55367.4,1.79,
2026-10-09 14:56:15.892249+05:30,SENSEX,2026-10-15,True,41,82,72622.91,1.76,
2026-10-09 14:56:17.651319+05:30,SENSEX,2026-10-22,True,41,81,72622.47,1.76,
2026-10-09 14:56:19.416040+05:30,FINNIFTY,2026-10-27,True,41,82,25038.55,1.76,
2026-10-09 14:56:21.179967+05:30,MIDCPNIFTY,2026-10-27,True,41,82,13595.5,1.76,
2026-10-09 14:57:06.676914+05:30,NIFTY,2026-10-13,True,41,82,22566.35,1.7,
2026-10-09 14:57:08.415242+05:30,NIFTY,2026-10-19,True,41,82,22566.2,1.74,
2026-10-09 14:57:10.366267+05:30,NIFTY,2026-10-27,True,41,82,22566.15,1.95,
2026-10-09 14:57:12.141252+05:30,BANKNIFTY,2026-10-27,True,41,82,55375.3,1.77,
2026-10-09 14:57:13.933311+05:30,BANKNIFTY,2026-11-23,True,41,82,55378.25,1.79,
2026-10-09 14:57:15.676200+05:30,SENSEX,2026-10-15,True,41,82,72628.73,1.74,
2026-10-09 14:57:17.411373+05:30,SENSEX,2026-10-22,True,41,81,72634.06,1.73,
2026-10-09 14:57:19.143261+05:30,FINNIFTY,2026-10-27,True,41,82,25042.65,1.73,
2026-10-09 14:57:21.628661+05:30,MIDCPNIFTY,2026-10-27,True,41,82,13598.0,2.48,
2026-10-09 14:58:06.676834+05:30,NIFTY,2026-10-13,True,41,82,22568.7,1.7,
2026-10-09 14:58:08.420426+05:30,NIFTY,2026-10-19,True,41,82,22569.05,1.74,
2026-10-09 14:58:10.183612+05:30,NIFTY,2026-10-27,True,41,82,22568.85,1.79,
2026-10-09 14:58:11.923625+05:30,BANKNIFTY,2026-10-27,True,41,82,55382.75,1.73,
2026-10-09 14:58:13.698206+05:30,BANKNIFTY,2026-11-23,True,41,82,55381.7,1.76,
2026-10-09 14:58:15.450419+05:30,SENSEX,2026-10-15,True,41,82,72643.22,1.75,
2026-10-09 14:58:17.170391+05:30,SENSEX,2026-10-22,True,41,81,72638.1,1.74,
2026-10-09 14:58:18.910241+05:30,FINNIFTY,2026-10-27,True,41,82,25042.2,1.72,
2026-10-09 14:58:20.639390+05:30,MIDCPNIFTY,2026-10-27,True,41,82,13597.55,1.73,
2026-10-09 14:59:06.740834+05:30,NIFTY,2026-10-13,True,41,82,22565.85,1.76,
2026-10-09 14:59:08.664153+05:30,NIFTY,2026-10-19,True,41,82,22567.95,1.94,
2026-10-09 14:59:10.595534+05:30,NIFTY,2026-10-27,True,41,82,22566.3,1.91,
2026-10-09 14:59:12.384546+05:30,BANKNIFTY,2026-10-27,True,41,82,55369.9,1.79,
2026-10-09 14:59:16.870548+05:30,BANKNIFTY,2026-11-23,True,41,82,55360.8,4.48,
2026-10-09 14:59:18.737495+05:30,SENSEX,2026-10-15,True,41,82,72631.3,1.87,
2026-10-09 14:59:20.506698+05:30,SENSEX,2026-10-22,True,41,81,72627.86,1.77,
2026-10-09 14:59:22.265695+05:30,FINNIFTY,2026-10-27,True,41,82,25032.25,1.76,
2026-10-09 14:59:25.082112+05:30,MIDCPNIFTY,2026-10-27,True,41,82,13595.05,2.81,
2026-10-09 15:00:07.241501+05:30,NIFTY,2026-10-13,True,41,82,22563.1,2.26,
2026-10-09 15:00:09.081262+05:30,NIFTY,2026-10-19,True,41,82,22562.25,1.84,
2026-10-09 15:00:10.852297+05:30,NIFTY,2026-10-27,True,41,82,22562.35,1.77,
2026-10-09 15:00:12.685904+05:30,BANKNIFTY,2026-10-27,True,41,82,55342.85,1.83,
2026-10-09 15:00:14.476934+05:30,BANKNIFTY,2026-11-23,True,41,82,55345.5,1.79,
2026-10-09 15:00:16.245265+05:30,SENSEX,2026-10-15,True,41,82,72635.19,1.77,
2026-10-09 15:00:18.009521+05:30,SENSEX,2026-10-22,True,41,81,72633.53,1.76,
2026-10-09 15:00:19.767086+05:30,FINNIFTY,2026-10-27,True,41,82,25025.9,1.76,
2026-10-09 15:00:21.585409+05:30,MIDCPNIFTY,2026-10-27,True,41,82,13588.55,1.82,
2026-10-09 15:01:06.797080+05:30,NIFTY,2026-10-13,True,41,82,22553.85,1.82,
2026-10-09 15:01:08.684106+05:30,NIFTY,2026-10-19,True,41,82,22554.8,1.89,
2026-10-09 15:01:10.568132+05:30,NIFTY,2026-10-27,True,41,82,22552.9,1.88,
2026-10-09 15:01:15.519486+05:30,BANKNIFTY,2026-10-27,True,41,82,55305.05,4.95,
2026-10-09 15:01:19.647582+05:30,BANKNIFTY,2026-11-23,True,41,82,55303.7,4.13,
2026-10-09 15:01:23.863657+05:30,SENSEX,2026-10-15,True,41,82,72593.55,4.22,
2026-10-09 15:01:29.114363+05:30,SENSEX,2026-10-22,True,41,81,72594.81,5.25,
2026-10-09 15:01:31.123084+05:30,FINNIFTY,2026-10-27,True,41,82,25004.9,2.01,
2026-10-09 15:01:33.017095+05:30,MIDCPNIFTY,2026-10-27,True,41,82,13581.25,1.89,
2026-10-09 15:02:06.720424+05:30,NIFTY,2026-10-13,True,41,82,22544.65,1.74,
2026-10-09 15:02:08.513369+05:30,NIFTY,2026-10-19,True,41,82,22542.75,1.79,
2026-10-09 15:02:10.332232+05:30,NIFTY,2026-10-27,True,41,82,22541.75,1.82,
2026-10-09 15:02:12.095048+05:30,BANKNIFTY,2026-10-27,True,41,82,55268.1,1.76,
2026-10-09 15:02:13.942699+05:30,BANKNIFTY,2026-11-23,True,41,82,55261.75,1.85,
2026-10-09 15:02:15.793045+05:30,SENSEX,2026-10-15,True,41,82,72558.02,1.85,
2026-10-09 15:02:21.264419+05:30,SENSEX,2026-10-22,True,41,81,72556.17,5.47,
2026-10-09 15:02:24.242581+05:30,FINNIFTY,2026-10-27,True,41,82,24993.1,2.98,
2026-10-09 15:02:27.333528+05:30,MIDCPNIFTY,2026-10-27,True,41,82,13575.4,3.09,
2026-10-09 15:03:11.275070+05:30,NIFTY,2026-10-13,True,41,82,22534.85,6.36,
2026-10-09 15:03:18.009564+05:30,NIFTY,2026-10-19,True,41,82,22540.5,6.66,
2026-10-09 15:03:22.190653+05:30,NIFTY,2026-10-27,True,41,82,22542.55,4.18,
2026-10-09 15:03:24.435464+05:30,BANKNIFTY,2026-10-27,True,41,82,55263.25,2.24,
2026-10-09 15:03:29.756113+05:30,BANKNIFTY,2026-11-23,True,41,82,55271.2,5.32,
2026-10-09 15:03:31.705108+05:30,SENSEX,2026-10-15,True,41,82,72557.63,1.95,
2026-10-09 15:03:33.441923+05:30,SENSEX,2026-10-22,True,41,81,72553.33,1.73,
2026-10-09 15:03:35.196179+05:30,FINNIFTY,2026-10-27,True,41,82,24995.2,1.75,
2026-10-09 15:03:36.936157+05:30,MIDCPNIFTY,2026-10-27,True,41,82,13574.0,1.74,
2026-10-09 15:04:06.690599+05:30,NIFTY,2026-10-13,True,41,82,22539.3,1.71,
2026-10-09 15:04:08.455767+05:30,NIFTY,2026-10-19,True,41,82,22540.45,1.76,
2026-10-09 15:04:10.197811+05:30,NIFTY,2026-10-27,True,41,82,22540.2,1.76,
2026-10-09 15:04:11.957231+05:30,BANKNIFTY,2026-10-27,True,41,82,55270.55,1.74,
2026-10-09 15:04:13.710266+05:30,BANKNIFTY,2026-11-23,True,41,82,55272.8,1.77,
2026-10-09 15:04:16.480041+05:30,SENSEX,2026-10-15,True,41,82,72553.07,2.74,
2026-10-09 15:04:18.217062+05:30,SENSEX,2026-10-22,True,41,81,72552.39,1.73,
2026-10-09 15:04:19.967142+05:30,FINNIFTY,2026-10-27,True,41,82,24999.6,1.75,
2026-10-09 15:04:21.721411+05:30,MIDCPNIFTY,2026-10-27,True,41,82,13572.45,1.75,
2026-10-09 15:05:06.692489+05:30,NIFTY,2026-10-13,True,41,82,22543.8,1.71,
2026-10-09 15:05:08.440721+05:30,NIFTY,2026-10-19,True,41,82,22543.95,1.77,
2026-10-09 15:05:10.182267+05:30,NIFTY,2026-10-27,True,41,82,22543.45,1.72,
2026-10-09 15:05:11.930918+05:30,BANKNIFTY,2026-10-27,True,41,82,55284.05,1.75,
2026-10-09 15:05:13.709833+05:30,BANKNIFTY,2026-11-23,True,41,82,55273.3,1.78,
2026-10-09 15:05:15.491929+05:30,SENSEX,2026-10-15,True,41,82,72560.51,1.78,
2026-10-09 15:05:17.221333+05:30,SENSEX,2026-10-22,True,41,81,72560.51,1.73,
2026-10-09 15:05:18.958709+05:30,FINNIFTY,2026-10-27,True,41,82,24998.85,1.73,
2026-10-09 15:05:20.702311+05:30,MIDCPNIFTY,2026-10-27,True,41,82,13574.4,1.74,
2026-10-09 15:06:06.722259+05:30,NIFTY,2026-10-13,True,41,82,22542.95,1.74,
2026-10-09 15:06:08.548151+05:30,NIFTY,2026-10-19,True,41,82,22542.7,1.82,
2026-10-09 15:06:10.325755+05:30,NIFTY,2026-10-27,True,41,82,22543.65,1.78,
2026-10-09 15:06:12.120196+05:30,BANKNIFTY,2026-10-27,True,41,82,55279.65,1.79,
2026-10-09 15:06:13.885576+05:30,BANKNIFTY,2026-11-23,True,41,82,55279.3,1.76,
2026-10-09 15:06:15.613412+05:30,SENSEX,2026-10-15,True,41,82,72561.6,1.73,
2026-10-09 15:06:17.352213+05:30,SENSEX,2026-10-22,True,41,81,72562.91,1.74,
2026-10-09 15:06:19.120007+05:30,FINNIFTY,2026-10-27,True,41,82,24995.1,1.77,
2026-10-09 15:06:20.875081+05:30,MIDCPNIFTY,2026-10-27,True,41,82,13576.25,1.75,
2026-10-09 15:07:06.734412+05:30,NIFTY,2026-10-13,True,41,82,22541.55,1.75,
2026-10-09 15:07:09.484757+05:30,NIFTY,2026-10-19,True,41,82,22540.6,2.75,
2026-10-09 15:07:12.234472+05:30,NIFTY,2026-10-27,True,41,82,22540.45,2.75,
2026-10-09 15:07:13.989777+05:30,BANKNIFTY,2026-10-27,True,41,82,55276.45,1.75,
2026-10-09 15:07:15.737782+05:30,BANKNIFTY,2026-11-23,True,41,82,55276.55,1.75,
2026-10-09 15:07:18.507439+05:30,SENSEX,2026-10-15,True,41,82,72556.48,2.77,
2026-10-09 15:07:20.240982+05:30,SENSEX,2026-10-22,True,41,81,72561.44,1.73,
2026-10-09 15:07:22.082653+05:30,FINNIFTY,2026-10-27,True,41,82,24989.5,1.84,
2026-10-09 15:07:23.835255+05:30,MIDCPNIFTY,2026-10-27,True,41,82,13575.0,1.75,
2026-10-09 15:08:06.683213+05:30,NIFTY,2026-10-13,True,41,82,22543.05,1.7,
2026-10-09 15:08:08.452972+05:30,NIFTY,2026-10-19,True,41,82,22543.05,1.77,
2026-10-09 15:08:10.215903+05:30,NIFTY,2026-10-27,True,41,82,22542.35,1.76,
2026-10-09 15:08:11.964140+05:30,BANKNIFTY,2026-10-27,True,41,82,55267.8,1.75,
2026-10-09 15:08:13.706986+05:30,BANKNIFTY,2026-11-23,True,41,82,55267.45,1.74,
2026-10-09 15:08:15.440683+05:30,SENSEX,2026-10-15,True,41,82,72563.65,1.73,
2026-10-09 15:08:17.170254+05:30,SENSEX,2026-10-22,True,41,81,72561.76,1.73,
2026-10-09 15:08:18.906492+05:30,FINNIFTY,2026-10-27,True,41,82,24988.7,1.73,
2026-10-09 15:08:20.642883+05:30,MIDCPNIFTY,2026-10-27,True,41,82,13576.1,1.73,
2026-10-09 15:09:07.735807+05:30,NIFTY,2026-10-13,True,41,82,22543.8,2.76,
2026-10-09 15:09:09.516463+05:30,NIFTY,2026-10-19,True,41,82,22544.7,1.8,
2026-10-09 15:09:11.261474+05:30,NIFTY,2026-10-27,True,41,82,22543.05,1.72,
2026-10-09 15:09:13.003119+05:30,BANKNIFTY,2026-10-27,True,41,82,55277.5,1.74,
2026-10-09 15:09:14.765957+05:30,BANKNIFTY,2026-11-23,True,41,82,55275.15,1.76,
2026-10-09 15:09:16.505786+05:30,SENSEX,2026-10-15,True,41,82,72561.72,1.74,
2026-10-09 15:09:18.245469+05:30,SENSEX,2026-10-22,True,41,81,72566.8,1.74,
2026-10-09 15:09:19.971605+05:30,FINNIFTY,2026-10-27,True,41,82,24990.1,1.72,
2026-10-09 15:09:21.723477+05:30,MIDCPNIFTY,2026-10-27,True,41,82,13580.2,1.75,
2026-10-09 15:10:06.697261+05:30,NIFTY,2026-10-13,True,41,82,22535.6,1.72,
2026-10-09 15:10:08.447983+05:30,NIFTY,2026-10-19,True,41,82,22534.4,1.75,
2026-10-09 15:10:10.190106+05:30,NIFTY,2026-10-27,True,41,82,22534.35,1.75,
2026-10-09 15:10:11.932659+05:30,BANKNIFTY,2026-10-27,True,41,82,55254.6,1.74,
2026-10-09 15:10:13.712699+05:30,BANKNIFTY,2026-11-23,True,41,82,55256.4,1.77,
2026-10-09 15:10:15.443903+05:30,SENSEX,2026-10-15,True,41,82,72544.84,1.73,
2026-10-09 15:10:17.178031+05:30,SENSEX,2026-10-22,True,41,81,72543.7,1.73,
2026-10-09 15:10:18.919842+05:30,FINNIFTY,2026-10-27,True,41,82,24977.4,1.74,
2026-10-09 15:10:20.659774+05:30,MIDCPNIFTY,2026-10-27,True,41,82,13576.85,1.74,
2026-10-09 15:11:06.706665+05:30,NIFTY,2026-10-13,True,41,82,22532.4,1.73,
2026-10-09 15:11:09.045085+05:30,NIFTY,2026-10-19,True,41,82,22531.5,2.34,
2026-10-09 15:11:10.812820+05:30,NIFTY,2026-10-27,True,41,82,22532.55,1.77,
2026-10-09 15:11:12.584422+05:30,BANKNIFTY,2026-10-27,True,41,82,55251.25,1.77,
2026-10-09 15:11:14.360347+05:30,BANKNIFTY,2026-11-23,True,41,82,55248.3,1.77,
2026-10-09 15:11:16.131037+05:30,SENSEX,2026-10-15,True,41,82,72529.89,1.77,
2026-10-09 15:11:17.880374+05:30,SENSEX,2026-10-22,True,41,81,72534.47,1.75,
2026-10-09 15:11:19.638082+05:30,FINNIFTY,2026-10-27,True,41,82,24977.1,1.75,
2026-10-09 15:11:21.399606+05:30,MIDCPNIFTY,2026-10-27,True,41,82,13572.15,1.76,
2026-10-09 15:12:06.729516+05:30,NIFTY,2026-10-13,True,41,82,22529.85,1.75,
2026-10-09 15:12:08.498883+05:30,NIFTY,2026-10-19,True,41,82,22530.45,1.77,
2026-10-09 15:12:10.283303+05:30,NIFTY,2026-10-27,True,41,82,22530.6,1.78,
2026-10-09 15:12:12.080225+05:30,BANKNIFTY,2026-10-27,True,41,82,55245.05,1.79,
2026-10-09 15:12:13.877168+05:30,BANKNIFTY,2026-11-23,True,41,82,55240.1,1.8,
2026-10-09 15:12:15.654492+05:30,SENSEX,2026-10-15,True,41,82,72534.18,1.78,
2026-10-09 15:12:17.445283+05:30,SENSEX,2026-10-22,True,41,81,72528.34,1.79,
2026-10-09 15:12:19.449029+05:30,FINNIFTY,2026-10-27,True,41,82,24972.7,2.0,
2026-10-09 15:12:21.245423+05:30,MIDCPNIFTY,2026-10-27,True,41,82,13572.05,1.79,
2026-10-09 15:13:06.715526+05:30,NIFTY,2026-10-13,True,41,82,22526.7,1.73,
2026-10-09 15:13:08.493173+05:30,NIFTY,2026-10-19,True,41,82,22529.6,1.8,
2026-10-09 15:13:10.254617+05:30,NIFTY,2026-10-27,True,41,82,22528.45,1.74,
2026-10-09 15:13:12.033335+05:30,BANKNIFTY,2026-10-27,True,41,82,55245.35,1.78,
2026-10-09 15:13:13.882946+05:30,BANKNIFTY,2026-11-23,True,41,82,55238.15,1.85,
2026-10-09 15:13:15.659109+05:30,SENSEX,2026-10-15,True,41,82,72513.36,1.78,
2026-10-09 15:13:17.419422+05:30,SENSEX,2026-10-22,True,41,81,72513.78,1.76,
2026-10-09 15:13:19.197617+05:30,FINNIFTY,2026-10-27,True,41,82,24968.75,1.78,
2026-10-09 15:13:20.987937+05:30,MIDCPNIFTY,2026-10-27,True,41,82,13575.05,1.79,
2026-10-09 15:14:06.721961+05:30,NIFTY,2026-10-13,True,41,82,22522.8,1.74,
2026-10-09 15:14:08.495278+05:30,NIFTY,2026-10-19,True,41,82,22522.35,1.77,
2026-10-09 15:14:10.261688+05:30,NIFTY,2026-10-27,True,41,82,22522.4,1.77,
2026-10-09 15:14:13.073553+05:30,BANKNIFTY,2026-10-27,True,41,82,55217.15,2.83,
2026-10-09 15:14:14.868017+05:30,BANKNIFTY,2026-11-23,True,41,82,55223.85,1.79,
2026-10-09 15:14:16.639383+05:30,SENSEX,2026-10-15,True,41,82,72499.92,1.76,
2026-10-09 15:14:18.409606+05:30,SENSEX,2026-10-22,True,41,82,72493.29,1.77,
2026-10-09 15:14:20.190185+05:30,FINNIFTY,2026-10-27,True,41,82,24959.5,1.78,
2026-10-09 15:14:21.955166+05:30,MIDCPNIFTY,2026-10-27,True,41,82,13577.85,1.76,
2026-10-09 15:15:06.712665+05:30,NIFTY,2026-10-13,True,41,82,22535.65,1.73,
2026-10-09 15:15:08.493432+05:30,NIFTY,2026-10-19,True,41,82,22535.65,1.8,
2026-10-09 15:15:10.250363+05:30,NIFTY,2026-10-27,True,41,82,22535.65,1.73,
2026-10-09 15:15:12.031884+05:30,BANKNIFTY,2026-10-27,True,41,82,55237.95,1.78,
2026-10-09 15:15:13.831152+05:30,BANKNIFTY,2026-11-23,True,41,82,55237.95,1.8,
2026-10-09 15:15:15.611268+05:30,SENSEX,2026-10-15,True,41,82,72544.66,1.78,
2026-10-09 15:15:17.429831+05:30,SENSEX,2026-10-22,True,41,82,72544.66,1.82,
2026-10-09 15:15:19.201832+05:30,FINNIFTY,2026-10-27,True,41,82,24969.6,1.77,
2026-10-09 15:15:20.990921+05:30,MIDCPNIFTY,2026-10-27,True,41,82,13582.3,1.79,
2026-10-09 15:16:06.711401+05:30,NIFTY,2026-10-13,True,41,82,22535.65,1.73,
2026-10-09 15:16:08.485959+05:30,NIFTY,2026-10-19,True,41,82,22535.65,1.77,
2026-10-09 15:16:10.252067+05:30,NIFTY,2026-10-27,True,41,82,22535.65,1.77,
2026-10-09 15:16:12.024654+05:30,BANKNIFTY,2026-10-27,True,41,82,55237.95,1.76,
2026-10-09 15:16:13.821689+05:30,BANKNIFTY,2026-11-23,True,41,82,55237.95,1.79,
2026-10-09 15:16:15.613849+05:30,SENSEX,2026-10-15,True,41,82,72544.66,1.79,
2026-10-09 15:16:17.368470+05:30,SENSEX,2026-10-22,True,41,82,72544.66,1.75,
2026-10-09 15:16:19.144535+05:30,FINNIFTY,2026-10-27,True,41,82,24969.6,1.77,
2026-10-09 15:16:20.907959+05:30,MIDCPNIFTY,2026-10-27,True,41,82,13582.3,1.76,
2026-10-09 15:17:06.722595+05:30,NIFTY,2026-10-13,True,41,82,22535.65,1.74,
2026-10-09 15:17:08.526721+05:30,NIFTY,2026-10-19,True,41,82,22535.65,1.81,
2026-10-09 15:17:10.329993+05:30,NIFTY,2026-10-27,True,41,82,22535.65,1.8,
2026-10-09 15:17:12.104245+05:30,BANKNIFTY,2026-10-27,True,41,82,55237.95,1.77,
2026-10-09 15:17:13.892055+05:30,BANKNIFTY,2026-11-23,True,41,82,55237.95,1.79,
2026-10-09 15:17:15.676981+05:30,SENSEX,2026-10-15,True,41,82,72544.66,1.78,
2026-10-09 15:17:17.523060+05:30,SENSEX,2026-10-22,True,41,82,72544.66,1.85,
2026-10-09 15:17:19.285954+05:30,FINNIFTY,2026-10-27,True,41,82,24969.6,1.76,
2026-10-09 15:17:21.058289+05:30,MIDCPNIFTY,2026-10-27,True,41,82,13582.3,1.77,
2026-10-09 15:18:06.738709+05:30,NIFTY,2026-10-13,True,41,82,22535.65,1.76,
2026-10-09 15:18:08.493764+05:30,NIFTY,2026-10-19,True,41,82,22535.65,1.75,
2026-10-09 15:18:10.257791+05:30,NIFTY,2026-10-27,True,41,82,22535.65,1.76,
2026-10-09 15:18:12.055379+05:30,BANKNIFTY,2026-10-27,True,41,82,55237.95,1.8,
2026-10-09 15:18:13.847330+05:30,BANKNIFTY,2026-11-23,True,41,82,55237.95,1.79,
2026-10-09 15:18:15.597582+05:30,SENSEX,2026-10-15,True,41,82,72544.66,1.75,
2026-10-09 15:18:17.344307+05:30,SENSEX,2026-10-22,True,41,82,72544.66,1.75,
2026-10-09 15:18:19.090442+05:30,FINNIFTY,2026-10-27,True,41,82,24969.6,1.74,
2026-10-09 15:18:20.849948+05:30,MIDCPNIFTY,2026-10-27,True,41,82,13582.3,1.76,
2026-10-09 15:19:06.717583+05:30,NIFTY,2026-10-13,True,41,82,22535.65,1.74,
2026-10-09 15:19:08.503631+05:30,NIFTY,2026-10-19,True,41,82,22535.65,1.79,
2026-10-09 15:19:10.259021+05:30,NIFTY,2026-10-27,True,41,82,22535.65,1.76,
2026-10-09 15:19:12.056569+05:30,BANKNIFTY,2026-10-27,True,41,82,55237.95,1.8,
2026-10-09 15:19:13.853029+05:30,BANKNIFTY,2026-11-23,True,41,82,55237.95,1.79,
2026-10-09 15:19:15.636024+05:30,SENSEX,2026-10-15,True,41,82,72544.66,1.78,
2026-10-09 15:19:17.395637+05:30,SENSEX,2026-10-22,True,41,82,72544.66,1.76,
2026-10-09 15:19:19.167475+05:30,FINNIFTY,2026-10-27,True,41,82,24969.6,1.77,
2026-10-09 15:19:20.934714+05:30,MIDCPNIFTY,2026-10-27,True,41,82,13582.3,1.76,
2026-10-09 15:20:06.698599+05:30,NIFTY,2026-10-13,True,41,82,22535.65,1.72,
2026-10-09 15:20:08.461185+05:30,NIFTY,2026-10-19,True,41,82,22535.65,1.78,
2026-10-09 15:20:10.251851+05:30,NIFTY,2026-10-27,True,41,82,22535.65,1.77,
2026-10-09 15:20:12.067613+05:30,BANKNIFTY,2026-10-27,True,41,82,55237.95,1.81,
2026-10-09 15:20:13.881331+05:30,BANKNIFTY,2026-11-23,True,41,82,55237.95,1.81,
2026-10-09 15:20:15.703549+05:30,SENSEX,2026-10-15,True,41,82,72544.66,1.82,
2026-10-09 15:20:17.488168+05:30,SENSEX,2026-10-22,True,41,82,72544.66,1.78,
2026-10-09 15:20:19.253741+05:30,FINNIFTY,2026-10-27,True,41,82,24969.6,1.76,
2026-10-09 15:20:21.040303+05:30,MIDCPNIFTY,2026-10-27,True,41,82,13582.3,1.78,
2026-10-09 15:21:06.709818+05:30,NIFTY,2026-10-13,True,41,82,22535.65,1.73,
2026-10-09 15:21:08.487352+05:30,NIFTY,2026-10-19,True,41,82,22535.65,1.78,
2026-10-09 15:21:10.267063+05:30,NIFTY,2026-10-27,True,41,82,22535.65,1.78,
2026-10-09 15:21:12.044854+05:30,BANKNIFTY,2026-10-27,True,41,82,55237.95,1.77,
2026-10-09 15:21:13.829477+05:30,BANKNIFTY,2026-11-23,True,41,82,55237.95,1.78,
2026-10-09 15:21:15.588672+05:30,SENSEX,2026-10-15,True,41,82,72544.66,1.76,
2026-10-09 15:21:17.375152+05:30,SENSEX,2026-10-22,True,41,82,72544.66,1.78,
2026-10-09 15:21:19.159961+05:30,FINNIFTY,2026-10-27,True,41,82,24969.6,1.78,
2026-10-09 15:21:20.921050+05:30,MIDCPNIFTY,2026-10-27,True,41,82,13582.3,1.76,
2026-10-09 15:22:06.897074+05:30,NIFTY,2026-10-13,True,41,82,22535.65,1.92,
2026-10-09 15:22:08.660678+05:30,NIFTY,2026-10-19,True,41,82,22535.65,1.76,
2026-10-09 15:22:10.438350+05:30,NIFTY,2026-10-27,True,41,82,22535.65,1.78,
2026-10-09 15:22:12.400927+05:30,BANKNIFTY,2026-10-27,True,41,82,55237.95,1.96,
2026-10-09 15:22:14.187426+05:30,BANKNIFTY,2026-11-23,True,41,82,55237.95,1.78,
2026-10-09 15:22:15.978784+05:30,SENSEX,2026-10-15,True,41,82,72544.66,1.79,
2026-10-09 15:22:17.976921+05:30,SENSEX,2026-10-22,True,41,82,72544.66,2.0,
2026-10-09 15:22:19.739930+05:30,FINNIFTY,2026-10-27,True,41,82,24969.6,1.76,
2026-10-09 15:22:21.494428+05:30,MIDCPNIFTY,2026-10-27,True,41,82,13582.3,1.75,
2026-10-09 15:23:07.821702+05:30,NIFTY,2026-10-13,True,41,82,22535.65,2.84,
2026-10-09 15:23:09.579721+05:30,NIFTY,2026-10-19,True,41,82,22535.65,1.76,
2026-10-09 15:23:11.379812+05:30,NIFTY,2026-10-27,True,41,82,22535.65,1.82,
2026-10-09 15:23:13.187432+05:30,BANKNIFTY,2026-10-27,True,41,82,55237.95,1.78,
2026-10-09 15:23:15.007839+05:30,BANKNIFTY,2026-11-23,True,41,82,55237.95,1.82,
2026-10-09 15:23:16.771172+05:30,SENSEX,2026-10-15,True,41,82,72544.66,1.76,
2026-10-09 15:23:18.540989+05:30,SENSEX,2026-10-22,True,41,82,72544.66,1.77,
2026-10-09 15:23:20.310703+05:30,FINNIFTY,2026-10-27,True,41,82,24969.6,1.77,
2026-10-09 15:23:22.083893+05:30,MIDCPNIFTY,2026-10-27,True,41,82,13582.3,1.77,
2026-10-09 15:24:06.770516+05:30,NIFTY,2026-10-13,True,41,82,22535.65,1.79,
2026-10-09 15:24:08.533182+05:30,NIFTY,2026-10-19,True,41,82,22535.65,1.76,
2026-10-09 15:24:10.296556+05:30,NIFTY,2026-10-27,True,41,82,22535.65,1.76,
2026-10-09 15:24:12.091248+05:30,BANKNIFTY,2026-10-27,True,41,82,55237.95,1.79,
2026-10-09 15:24:13.880129+05:30,BANKNIFTY,2026-11-23,True,41,82,55237.95,1.79,
2026-10-09 15:24:15.648675+05:30,SENSEX,2026-10-15,True,41,82,72544.66,1.77,
2026-10-09 15:24:17.417036+05:30,SENSEX,2026-10-22,True,41,82,72544.66,1.77,
2026-10-09 15:24:19.172526+05:30,FINNIFTY,2026-10-27,True,41,82,24969.6,1.75,
2026-10-09 15:24:05.000164+05:30,MIDCPNIFTY,2026-10-27,False,,,,1.53,"('Connection aborted.', RemoteDisconnected('Remote end closed connection without response'))"
2026-10-09 15:25:07.250828+05:30,NIFTY,2026-10-13,True,41,82,22535.65,2.27,
2026-10-09 15:25:08.982073+05:30,NIFTY,2026-10-19,True,41,82,22535.65,1.74,
2026-10-09 15:25:10.725325+05:30,NIFTY,2026-10-27,True,41,82,22535.65,1.73,
2026-10-09 15:25:12.469127+05:30,BANKNIFTY,2026-10-27,True,41,82,55237.95,1.74,
2026-10-09 15:25:14.227923+05:30,BANKNIFTY,2026-11-23,True,41,82,55237.95,1.76,
2026-10-09 15:25:15.969021+05:30,SENSEX,2026-10-15,True,41,82,72544.66,1.75,
2026-10-09 15:25:17.710392+05:30,SENSEX,2026-10-22,True,41,82,72544.66,1.73,
2026-10-09 15:25:19.450488+05:30,FINNIFTY,2026-10-27,True,41,82,24969.6,1.74,
2026-10-09 15:25:21.197736+05:30,MIDCPNIFTY,2026-10-27,True,41,82,13582.3,1.74,
2026-10-09 15:26:06.733799+05:30,NIFTY,2026-10-13,True,41,82,22535.65,1.75,
2026-10-09 15:26:08.530064+05:30,NIFTY,2026-10-19,True,41,82,22535.65,1.81,
2026-10-09 15:26:10.352743+05:30,NIFTY,2026-10-27,True,41,82,22535.65,1.8,
2026-10-09 15:26:12.179292+05:30,BANKNIFTY,2026-10-27,True,41,82,55237.95,1.82,
2026-10-09 15:26:13.982840+05:30,BANKNIFTY,2026-11-23,True,41,82,55237.95,1.8,
2026-10-09 15:26:15.793497+05:30,SENSEX,2026-10-15,True,41,82,72544.66,1.81,
2026-10-09 15:26:17.586469+05:30,SENSEX,2026-10-22,True,41,82,72544.66,1.79,
2026-10-09 15:26:19.393375+05:30,FINNIFTY,2026-10-27,True,41,82,24969.6,1.8,
2026-10-09 15:26:21.184676+05:30,MIDCPNIFTY,2026-10-27,True,41,82,13582.3,1.79,
2026-10-09 15:27:06.742703+05:30,NIFTY,2026-10-13,True,41,82,22535.65,1.76,
2026-10-09 15:27:08.532664+05:30,NIFTY,2026-10-19,True,41,82,22535.65,1.79,
2026-10-09 15:27:10.324884+05:30,NIFTY,2026-10-27,True,41,82,22535.65,1.79,
2026-10-09 15:27:12.129661+05:30,BANKNIFTY,2026-10-27,True,41,82,55237.95,1.8,
2026-10-09 15:27:13.938287+05:30,BANKNIFTY,2026-11-23,True,41,82,55237.95,1.81,
2026-10-09 15:27:15.741941+05:30,SENSEX,2026-10-15,True,41,82,72544.66,1.8,
2026-10-09 15:27:17.516824+05:30,SENSEX,2026-10-22,True,41,82,72544.66,1.77,
2026-10-09 15:27:19.293549+05:30,FINNIFTY,2026-10-27,True,41,82,24969.6,1.77,
2026-10-09 15:27:21.326740+05:30,MIDCPNIFTY,2026-10-27,True,41,82,13582.3,2.03,
2026-10-09 15:28:06.724577+05:30,NIFTY,2026-10-13,True,41,82,22535.65,1.74,
2026-10-09 15:28:08.494486+05:30,NIFTY,2026-10-19,True,41,82,22535.65,1.79,
2026-10-09 15:28:10.243968+05:30,NIFTY,2026-10-27,True,41,82,22535.65,1.73,
2026-10-09 15:28:12.027273+05:30,BANKNIFTY,2026-10-27,True,41,82,55237.95,1.78,
2026-10-09 15:28:13.786516+05:30,BANKNIFTY,2026-11-23,True,41,82,55237.95,1.78,
2026-10-09 15:28:15.546811+05:30,SENSEX,2026-10-15,True,41,82,72544.66,1.76,
2026-10-09 15:28:17.304077+05:30,SENSEX,2026-10-22,True,41,82,72544.66,1.74,
2026-10-09 15:28:19.065740+05:30,FINNIFTY,2026-10-27,True,41,82,24969.6,1.76,
2026-10-09 15:28:20.835637+05:30,MIDCPNIFTY,2026-10-27,True,41,82,13582.3,1.77,
2026-10-09 15:29:06.693773+05:30,NIFTY,2026-10-13,True,41,82,22535.65,1.71,
2026-10-09 15:29:08.457740+05:30,NIFTY,2026-10-19,True,41,82,22535.65,1.78,
2026-10-09 15:29:10.203521+05:30,NIFTY,2026-10-27,True,41,82,22535.65,1.73,
2026-10-09 15:29:11.961905+05:30,BANKNIFTY,2026-10-27,True,41,82,55237.95,1.76,
2026-10-09 15:29:13.727481+05:30,BANKNIFTY,2026-11-23,True,41,82,55237.95,1.76,
2026-10-09 15:29:15.477802+05:30,SENSEX,2026-10-15,True,41,82,72472.33,1.75,
2026-10-09 15:29:17.220722+05:30,SENSEX,2026-10-22,True,41,82,72472.33,1.74,
2026-10-09 15:29:19.015214+05:30,FINNIFTY,2026-10-27,True,41,82,24969.6,1.79,
2026-10-09 15:29:20.812287+05:30,MIDCPNIFTY,2026-10-27,True,41,82,13582.3,1.79,
