ts,underlying,expiry,ok,strikes,quoted,spot,secs,error
2026-10-06 09:15:03.182651+05:30,NIFTY,2026-10-06,True,41,57,22610.0,2.35,
2026-10-06 09:15:05.018925+05:30,NIFTY,2026-10-13,True,41,77,22606.65,1.82,
2026-10-06 09:15:06.735001+05:30,NIFTY,2026-10-19,True,41,63,22605.25,1.72,
2026-10-06 09:15:08.763561+05:30,BANKNIFTY,2026-10-27,True,41,82,54945.35,1.72,
2026-10-06 09:15:10.465664+05:30,BANKNIFTY,2026-11-23,True,41,48,54950.3,1.7,
2026-10-06 09:15:12.452516+05:30,SENSEX,2026-10-08,True,41,81,72496.03,1.68,
2026-10-06 09:15:14.142956+05:30,SENSEX,2026-10-15,True,41,49,72499.27,1.69,
2026-10-06 09:15:16.271295+05:30,FINNIFTY,2026-10-27,True,41,27,24766.35,1.83,
2026-10-06 09:15:18.257890+05:30,MIDCPNIFTY,2026-10-27,True,41,82,13658.9,1.69,
2026-10-06 09:16:06.632009+05:30,NIFTY,2026-10-06,True,41,82,22569.85,1.66,
2026-10-06 09:16:08.363016+05:30,NIFTY,2026-10-13,True,41,82,22571.65,1.73,
2026-10-06 09:16:10.057601+05:30,NIFTY,2026-10-19,True,41,81,22567.25,1.69,
2026-10-06 09:16:11.935228+05:30,BANKNIFTY,2026-10-27,True,41,82,54879.0,1.89,
2026-10-06 09:16:13.663786+05:30,BANKNIFTY,2026-11-23,True,41,80,54882.65,1.73,
2026-10-06 09:16:15.351055+05:30,SENSEX,2026-10-08,True,41,82,72415.82,1.68,
2026-10-06 09:16:17.011574+05:30,SENSEX,2026-10-15,True,41,72,72415.65,1.66,
2026-10-06 09:16:18.696333+05:30,FINNIFTY,2026-10-27,True,41,36,24720.85,1.68,
2026-10-06 09:16:20.422497+05:30,MIDCPNIFTY,2026-10-27,True,41,82,13652.85,1.72,
2026-10-06 09:17:06.676652+05:30,NIFTY,2026-10-06,True,41,82,22582.15,1.7,
2026-10-06 09:17:08.362503+05:30,NIFTY,2026-10-13,True,41,82,22581.15,1.68,
2026-10-06 09:17:10.056476+05:30,NIFTY,2026-10-19,True,41,81,22584.0,1.69,
2026-10-06 09:17:11.733452+05:30,BANKNIFTY,2026-10-27,True,41,82,54927.6,1.68,
2026-10-06 09:17:13.420706+05:30,BANKNIFTY,2026-11-23,True,41,82,54924.7,1.69,
2026-10-06 09:17:15.112693+05:30,SENSEX,2026-10-08,True,41,82,72453.93,1.69,
2026-10-06 09:17:16.781764+05:30,SENSEX,2026-10-15,True,41,82,72454.83,1.67,
2026-10-06 09:17:18.458731+05:30,FINNIFTY,2026-10-27,True,41,66,24758.7,1.68,
2026-10-06 09:17:20.120386+05:30,MIDCPNIFTY,2026-10-27,True,41,82,13667.35,1.66,
2026-10-06 09:18:06.612140+05:30,NIFTY,2026-10-06,True,41,82,22591.6,1.64,
2026-10-06 09:18:08.284295+05:30,NIFTY,2026-10-13,True,41,82,22593.3,1.67,
2026-10-06 09:18:09.960661+05:30,NIFTY,2026-10-19,True,41,81,22592.95,1.67,
2026-10-06 09:18:12.676783+05:30,BANKNIFTY,2026-10-27,True,41,82,55009.15,2.72,
2026-10-06 09:18:15.184826+05:30,BANKNIFTY,2026-11-23,True,41,82,55009.3,2.51,
2026-10-06 09:18:16.851869+05:30,SENSEX,2026-10-08,True,41,82,72489.82,1.67,
2026-10-06 09:18:18.542815+05:30,SENSEX,2026-10-15,True,41,82,72492.12,1.69,
2026-10-06 09:18:20.373448+05:30,FINNIFTY,2026-10-27,True,41,67,24797.75,1.83,
2026-10-06 09:18:22.054345+05:30,MIDCPNIFTY,2026-10-27,True,41,82,13686.2,1.68,
2026-10-06 09:19:06.639442+05:30,NIFTY,2026-10-06,True,41,82,22586.0,1.67,
2026-10-06 09:19:08.331150+05:30,NIFTY,2026-10-13,True,41,82,22583.8,1.68,
2026-10-06 09:19:09.988148+05:30,NIFTY,2026-10-19,True,41,81,22583.3,1.65,
2026-10-06 09:19:11.664768+05:30,BANKNIFTY,2026-10-27,True,41,82,54948.0,1.68,
2026-10-06 09:19:13.347938+05:30,BANKNIFTY,2026-11-23,True,41,79,54935.65,1.68,
2026-10-06 09:19:16.019845+05:30,SENSEX,2026-10-08,True,41,82,72449.84,2.67,
2026-10-06 09:19:17.664468+05:30,SENSEX,2026-10-15,True,41,82,72457.85,1.64,
2026-10-06 09:19:19.331108+05:30,FINNIFTY,2026-10-27,True,41,66,24770.85,1.66,
2026-10-06 09:19:21.026100+05:30,MIDCPNIFTY,2026-10-27,True,41,82,13693.6,1.69,
2026-10-06 09:20:06.635179+05:30,NIFTY,2026-10-06,True,41,82,22583.95,1.66,
2026-10-06 09:20:08.332060+05:30,NIFTY,2026-10-13,True,41,82,22586.1,1.7,
2026-10-06 09:20:10.022768+05:30,NIFTY,2026-10-19,True,41,81,22585.65,1.68,
2026-10-06 09:20:11.704517+05:30,BANKNIFTY,2026-10-27,True,41,82,54936.6,1.68,
2026-10-06 09:20:13.406642+05:30,BANKNIFTY,2026-11-23,True,41,82,54928.6,1.7,
2026-10-06 09:20:16.116696+05:30,SENSEX,2026-10-08,True,41,82,72466.19,2.71,
2026-10-06 09:20:17.774855+05:30,SENSEX,2026-10-15,True,41,82,72465.15,1.66,
2026-10-06 09:20:19.442234+05:30,FINNIFTY,2026-10-27,True,41,66,24769.95,1.66,
2026-10-06 09:20:21.143518+05:30,MIDCPNIFTY,2026-10-27,True,41,82,13696.95,1.7,
2026-10-06 09:21:06.648775+05:30,NIFTY,2026-10-06,True,41,82,22567.0,1.68,
2026-10-06 09:21:08.321901+05:30,NIFTY,2026-10-13,True,41,82,22568.6,1.71,
2026-10-06 09:21:09.996230+05:30,NIFTY,2026-10-19,True,41,81,22570.05,1.64,
2026-10-06 09:21:11.686402+05:30,BANKNIFTY,2026-10-27,True,41,82,54867.6,1.68,
2026-10-06 09:21:13.379916+05:30,BANKNIFTY,2026-11-23,True,41,82,54877.25,1.69,
2026-10-06 09:21:15.080115+05:30,SENSEX,2026-10-08,True,41,82,72418.63,1.7,
2026-10-06 09:21:16.747218+05:30,SENSEX,2026-10-15,True,41,82,72425.43,1.67,
2026-10-06 09:21:18.431441+05:30,FINNIFTY,2026-10-27,True,41,66,24765.95,1.68,
2026-10-06 09:21:20.097559+05:30,MIDCPNIFTY,2026-10-27,True,41,82,13688.8,1.66,
2026-10-06 09:22:07.635488+05:30,NIFTY,2026-10-06,True,41,82,22572.75,2.66,
2026-10-06 09:22:09.326979+05:30,NIFTY,2026-10-13,True,41,82,22574.75,1.68,
2026-10-06 09:22:11.022034+05:30,NIFTY,2026-10-19,True,41,81,22578.1,1.69,
2026-10-06 09:22:12.716547+05:30,BANKNIFTY,2026-10-27,True,41,82,54892.6,1.69,
2026-10-06 09:22:14.400073+05:30,BANKNIFTY,2026-11-23,True,41,82,54896.55,1.68,
2026-10-06 09:22:16.069866+05:30,SENSEX,2026-10-08,True,41,82,72452.13,1.67,
2026-10-06 09:22:17.727575+05:30,SENSEX,2026-10-15,True,41,82,72453.98,1.66,
2026-10-06 09:22:19.428531+05:30,FINNIFTY,2026-10-27,True,41,67,24777.4,1.7,
2026-10-06 09:22:21.108786+05:30,MIDCPNIFTY,2026-10-27,True,41,82,13683.45,1.68,
2026-10-06 09:23:06.628630+05:30,NIFTY,2026-10-06,True,41,82,22587.05,1.65,
2026-10-06 09:23:08.291334+05:30,NIFTY,2026-10-13,True,41,82,22586.3,1.66,
2026-10-06 09:23:09.974930+05:30,NIFTY,2026-10-19,True,41,81,22585.95,1.68,
2026-10-06 09:23:11.692197+05:30,BANKNIFTY,2026-10-27,True,41,82,54901.75,1.72,
2026-10-06 09:23:13.354940+05:30,BANKNIFTY,2026-11-23,True,41,82,54905.95,1.66,
2026-10-06 09:23:15.022486+05:30,SENSEX,2026-10-08,True,41,82,72470.68,1.67,
2026-10-06 09:23:16.675593+05:30,SENSEX,2026-10-15,True,41,82,72470.31,1.65,
2026-10-06 09:23:18.345732+05:30,FINNIFTY,2026-10-27,True,41,82,24778.5,1.67,
2026-10-06 09:23:20.014925+05:30,MIDCPNIFTY,2026-10-27,True,41,82,13677.6,1.67,
2026-10-06 09:24:06.615559+05:30,NIFTY,2026-10-06,True,41,82,22587.75,1.64,
2026-10-06 09:24:08.288189+05:30,NIFTY,2026-10-13,True,41,82,22588.85,1.67,
2026-10-06 09:24:09.948876+05:30,NIFTY,2026-10-19,True,41,81,22589.35,1.66,
2026-10-06 09:24:11.628227+05:30,BANKNIFTY,2026-10-27,True,41,82,54875.35,1.68,
2026-10-06 09:24:13.355302+05:30,BANKNIFTY,2026-11-23,True,41,82,54870.6,1.73,
2026-10-06 09:24:15.025959+05:30,SENSEX,2026-10-08,True,41,82,72485.6,1.67,
2026-10-06 09:24:16.700133+05:30,SENSEX,2026-10-15,True,41,82,72484.67,1.67,
2026-10-06 09:24:18.354250+05:30,FINNIFTY,2026-10-27,True,41,82,24764.0,1.65,
2026-10-06 09:24:20.010433+05:30,MIDCPNIFTY,2026-10-27,True,41,82,13681.7,1.66,
2026-10-06 09:25:06.627828+05:30,NIFTY,2026-10-06,True,41,82,22597.9,1.65,
2026-10-06 09:25:09.328468+05:30,NIFTY,2026-10-13,True,41,82,22598.65,2.69,
2026-10-06 09:25:10.996141+05:30,NIFTY,2026-10-19,True,41,81,22597.6,1.66,
2026-10-06 09:25:12.662568+05:30,BANKNIFTY,2026-10-27,True,41,82,54875.6,1.67,
2026-10-06 09:25:14.360443+05:30,BANKNIFTY,2026-11-23,True,41,82,54879.15,1.7,
2026-10-06 09:25:16.023856+05:30,SENSEX,2026-10-08,True,41,82,72510.33,1.66,
2026-10-06 09:25:17.684739+05:30,SENSEX,2026-10-15,True,41,82,72513.24,1.66,
2026-10-06 09:25:19.351792+05:30,FINNIFTY,2026-10-27,True,41,82,24778.0,1.66,
2026-10-06 09:25:21.015409+05:30,MIDCPNIFTY,2026-10-27,True,41,82,13683.1,1.66,
2026-10-06 09:26:06.606003+05:30,NIFTY,2026-10-06,True,41,82,22596.75,1.64,
2026-10-06 09:26:08.269644+05:30,NIFTY,2026-10-13,True,41,82,22596.0,1.67,
2026-10-06 09:26:09.917016+05:30,NIFTY,2026-10-19,True,41,81,22596.1,1.63,
2026-10-06 09:26:11.577236+05:30,BANKNIFTY,2026-10-27,True,41,82,54872.25,1.66,
2026-10-06 09:26:13.231776+05:30,BANKNIFTY,2026-11-23,True,41,78,54874.5,1.65,
2026-10-06 09:26:14.876494+05:30,SENSEX,2026-10-08,True,41,82,72505.79,1.64,
2026-10-06 09:26:16.534288+05:30,SENSEX,2026-10-15,True,41,82,72502.16,1.66,
2026-10-06 09:26:18.218146+05:30,FINNIFTY,2026-10-27,True,41,82,24777.1,1.68,
2026-10-06 09:26:19.872845+05:30,MIDCPNIFTY,2026-10-27,True,41,82,13685.0,1.65,
2026-10-06 09:27:06.598513+05:30,NIFTY,2026-10-06,True,41,82,22595.6,1.63,
2026-10-06 09:27:08.275789+05:30,NIFTY,2026-10-13,True,41,82,22593.75,1.67,
2026-10-06 09:27:09.934742+05:30,NIFTY,2026-10-19,True,41,81,22591.8,1.67,
2026-10-06 09:27:11.599241+05:30,BANKNIFTY,2026-10-27,True,41,82,54853.45,1.65,
2026-10-06 09:27:13.259065+05:30,BANKNIFTY,2026-11-23,True,41,82,54853.95,1.66,
2026-10-06 09:27:14.903410+05:30,SENSEX,2026-10-08,True,41,82,72492.55,1.64,
2026-10-06 09:27:16.545288+05:30,SENSEX,2026-10-15,True,41,82,72495.43,1.64,
2026-10-06 09:27:18.207139+05:30,FINNIFTY,2026-10-27,True,41,82,24772.35,1.66,
2026-10-06 09:27:19.862891+05:30,MIDCPNIFTY,2026-10-27,True,41,82,13686.25,1.65,
2026-10-06 09:28:06.615108+05:30,NIFTY,2026-10-06,True,41,82,22598.2,1.64,
2026-10-06 09:28:08.289788+05:30,NIFTY,2026-10-13,True,41,82,22598.55,1.67,
2026-10-06 09:28:09.929198+05:30,NIFTY,2026-10-19,True,41,81,22598.0,1.63,
2026-10-06 09:28:11.612211+05:30,BANKNIFTY,2026-10-27,True,41,82,54873.3,1.68,
2026-10-06 09:28:13.294279+05:30,BANKNIFTY,2026-11-23,True,41,82,54891.4,1.68,
2026-10-06 09:28:14.947017+05:30,SENSEX,2026-10-08,True,41,82,72517.65,1.65,
2026-10-06 09:28:16.594229+05:30,SENSEX,2026-10-15,True,41,82,72509.02,1.65,
2026-10-06 09:28:19.256084+05:30,FINNIFTY,2026-10-27,True,41,82,24797.55,2.66,
2026-10-06 09:28:20.906880+05:30,MIDCPNIFTY,2026-10-27,True,41,82,13690.1,1.65,
2026-10-06 09:29:06.631555+05:30,NIFTY,2026-10-06,True,41,82,22596.55,1.66,
2026-10-06 09:29:08.315719+05:30,NIFTY,2026-10-13,True,41,82,22596.9,1.68,
2026-10-06 09:29:09.968106+05:30,NIFTY,2026-10-19,True,41,81,22597.2,1.65,
2026-10-06 09:29:11.650360+05:30,BANKNIFTY,2026-10-27,True,41,82,54888.35,1.68,
2026-10-06 09:29:13.304811+05:30,BANKNIFTY,2026-11-23,True,41,82,54892.0,1.65,
2026-10-06 09:29:14.970900+05:30,SENSEX,2026-10-08,True,41,82,72501.44,1.66,
2026-10-06 09:29:16.629609+05:30,SENSEX,2026-10-15,True,41,82,72494.84,1.66,
2026-10-06 09:29:18.306223+05:30,FINNIFTY,2026-10-27,True,41,82,24807.05,1.67,
2026-10-06 09:29:19.993277+05:30,MIDCPNIFTY,2026-10-27,True,41,82,13701.35,1.69,
2026-10-06 09:30:07.403294+05:30,NIFTY,2026-10-06,True,41,82,22596.35,2.43,
2026-10-06 09:30:09.261676+05:30,NIFTY,2026-10-13,True,41,82,22596.65,1.85,
2026-10-06 09:30:11.128274+05:30,NIFTY,2026-10-19,True,41,81,22599.95,1.86,
2026-10-06 09:30:12.985585+05:30,BANKNIFTY,2026-10-27,True,41,82,54928.55,1.86,
2026-10-06 09:30:14.842675+05:30,BANKNIFTY,2026-11-23,True,41,82,54932.35,1.86,
2026-10-06 09:30:16.689845+05:30,SENSEX,2026-10-08,True,41,82,72536.58,1.85,
2026-10-06 09:30:18.570754+05:30,SENSEX,2026-10-15,True,41,82,72530.1,1.88,
2026-10-06 09:30:20.435880+05:30,FINNIFTY,2026-10-27,True,41,82,24825.55,1.86,
2026-10-06 09:30:22.310732+05:30,MIDCPNIFTY,2026-10-27,True,41,82,13704.2,1.87,
2026-10-06 09:31:06.856236+05:30,NIFTY,2026-10-06,True,41,82,22601.55,1.88,
2026-10-06 09:31:08.711519+05:30,NIFTY,2026-10-13,True,41,82,22601.45,1.85,
2026-10-06 09:31:10.569380+05:30,NIFTY,2026-10-19,True,41,81,22600.1,1.85,
2026-10-06 09:31:12.442615+05:30,BANKNIFTY,2026-10-27,True,41,82,54939.3,1.87,
2026-10-06 09:31:14.301970+05:30,BANKNIFTY,2026-11-23,True,41,82,54933.55,1.86,
2026-10-06 09:31:16.165812+05:30,SENSEX,2026-10-08,True,41,82,72526.34,1.86,
2026-10-06 09:31:18.019489+05:30,SENSEX,2026-10-15,True,41,82,72520.78,1.85,
2026-10-06 09:31:19.871351+05:30,FINNIFTY,2026-10-27,True,41,82,24826.05,1.85,
2026-10-06 09:31:21.739416+05:30,MIDCPNIFTY,2026-10-27,True,41,82,13699.9,1.87,
2026-10-06 09:32:06.817049+05:30,NIFTY,2026-10-06,True,41,82,22591.1,1.84,
2026-10-06 09:32:08.682769+05:30,NIFTY,2026-10-13,True,41,82,22592.0,1.86,
2026-10-06 09:32:10.545936+05:30,NIFTY,2026-10-19,True,41,81,22590.1,1.86,
2026-10-06 09:32:12.412351+05:30,BANKNIFTY,2026-10-27,True,41,82,54917.3,1.87,
2026-10-06 09:32:14.286065+05:30,BANKNIFTY,2026-11-23,True,41,82,54919.8,1.87,
2026-10-06 09:32:16.138211+05:30,SENSEX,2026-10-08,True,41,82,72497.19,1.85,
2026-10-06 09:32:17.971109+05:30,SENSEX,2026-10-15,True,41,82,72492.63,1.83,
2026-10-06 09:32:19.832663+05:30,FINNIFTY,2026-10-27,True,41,82,24810.6,1.86,
2026-10-06 09:32:22.450232+05:30,MIDCPNIFTY,2026-10-27,True,41,82,13688.05,2.62,
2026-10-06 09:33:06.824565+05:30,NIFTY,2026-10-06,True,41,82,22605.05,1.85,
2026-10-06 09:33:08.705426+05:30,NIFTY,2026-10-13,True,41,82,22606.0,1.88,
2026-10-06 09:33:10.562852+05:30,NIFTY,2026-10-19,True,41,81,22605.15,1.85,
2026-10-06 09:33:12.451675+05:30,BANKNIFTY,2026-10-27,True,41,82,54959.65,1.89,
2026-10-06 09:33:14.305758+05:30,BANKNIFTY,2026-11-23,True,41,82,54958.6,1.85,
2026-10-06 09:33:16.187535+05:30,SENSEX,2026-10-08,True,41,82,72536.29,1.88,
2026-10-06 09:33:18.043545+05:30,SENSEX,2026-10-15,True,41,82,72536.09,1.86,
2026-10-06 09:33:19.901304+05:30,FINNIFTY,2026-10-27,True,41,82,24824.4,1.85,
2026-10-06 09:33:21.756850+05:30,MIDCPNIFTY,2026-10-27,True,41,82,13703.7,1.85,
2026-10-06 09:34:06.791056+05:30,NIFTY,2026-10-06,True,41,82,22609.8,1.82,
2026-10-06 09:34:08.652102+05:30,NIFTY,2026-10-13,True,41,82,22609.2,1.86,
2026-10-06 09:34:10.503309+05:30,NIFTY,2026-10-19,True,41,81,22609.05,1.85,
2026-10-06 09:34:12.373071+05:30,BANKNIFTY,2026-10-27,True,41,82,54974.65,1.87,
2026-10-06 09:34:14.265224+05:30,BANKNIFTY,2026-11-23,True,41,82,54986.15,1.89,
2026-10-06 09:34:16.119612+05:30,SENSEX,2026-10-08,True,41,82,72559.16,1.85,
2026-10-06 09:34:17.967843+05:30,SENSEX,2026-10-15,True,41,82,72566.81,1.85,
2026-10-06 09:34:19.826614+05:30,FINNIFTY,2026-10-27,True,41,82,24839.45,1.86,
2026-10-06 09:34:21.713281+05:30,MIDCPNIFTY,2026-10-27,True,41,82,13712.3,1.89,
2026-10-06 09:35:06.805787+05:30,NIFTY,2026-10-06,True,41,82,22612.9,1.83,
2026-10-06 09:35:08.674849+05:30,NIFTY,2026-10-13,True,41,82,22613.05,1.86,
2026-10-06 09:35:10.521087+05:30,NIFTY,2026-10-19,True,41,81,22613.1,1.84,
2026-10-06 09:35:12.390657+05:30,BANKNIFTY,2026-10-27,True,41,82,54988.55,1.87,
2026-10-06 09:35:14.291159+05:30,BANKNIFTY,2026-11-23,True,41,82,54987.55,1.9,
2026-10-06 09:35:16.168573+05:30,SENSEX,2026-10-08,True,41,82,72546.22,1.88,
2026-10-06 09:35:18.029215+05:30,SENSEX,2026-10-15,True,41,82,72540.65,1.86,
2026-10-06 09:35:19.884941+05:30,FINNIFTY,2026-10-27,True,41,82,24834.8,1.85,
2026-10-06 09:35:21.735397+05:30,MIDCPNIFTY,2026-10-27,True,41,82,13709.2,1.85,
2026-10-06 09:36:06.870259+05:30,NIFTY,2026-10-06,True,41,82,22607.25,1.9,
2026-10-06 09:36:08.809736+05:30,NIFTY,2026-10-13,True,41,82,22607.95,1.93,
2026-10-06 09:36:10.672396+05:30,NIFTY,2026-10-19,True,41,81,22607.5,1.86,
2026-10-06 09:36:12.521430+05:30,BANKNIFTY,2026-10-27,True,41,82,54974.45,1.85,
2026-10-06 09:36:14.542687+05:30,BANKNIFTY,2026-11-23,True,41,80,54972.95,2.02,
2026-10-06 09:36:16.389627+05:30,SENSEX,2026-10-08,True,41,82,72540.12,1.85,
2026-10-06 09:36:18.234450+05:30,SENSEX,2026-10-15,True,41,82,72543.96,1.84,
2026-10-06 09:36:20.074269+05:30,FINNIFTY,2026-10-27,True,41,82,24824.9,1.84,
2026-10-06 09:36:22.131458+05:30,MIDCPNIFTY,2026-10-27,True,41,82,13707.7,2.06,
2026-10-06 09:37:08.424613+05:30,NIFTY,2026-10-06,True,41,82,22605.5,3.45,
2026-10-06 09:37:10.304163+05:30,NIFTY,2026-10-13,True,41,82,22606.05,1.87,
2026-10-06 09:37:12.158460+05:30,NIFTY,2026-10-19,True,41,81,22605.55,1.85,
2026-10-06 09:37:14.067008+05:30,BANKNIFTY,2026-10-27,True,41,82,54969.95,1.91,
2026-10-06 09:37:15.915037+05:30,BANKNIFTY,2026-11-23,True,41,82,54979.35,1.85,
2026-10-06 09:37:17.770692+05:30,SENSEX,2026-10-08,True,41,82,72540.49,1.85,
2026-10-06 09:37:19.628663+05:30,SENSEX,2026-10-15,True,41,82,72542.35,1.86,
2026-10-06 09:37:21.478529+05:30,FINNIFTY,2026-10-27,True,41,81,24831.25,1.85,
2026-10-06 09:37:23.325582+05:30,MIDCPNIFTY,2026-10-27,True,41,82,13711.95,1.85,
2026-10-06 09:38:07.811437+05:30,NIFTY,2026-10-06,True,41,82,22618.5,2.84,
2026-10-06 09:38:09.680265+05:30,NIFTY,2026-10-13,True,41,82,22618.25,1.86,
2026-10-06 09:38:11.520829+05:30,NIFTY,2026-10-19,True,41,81,22617.7,1.84,
2026-10-06 09:38:13.415811+05:30,BANKNIFTY,2026-10-27,True,41,82,55010.95,1.89,
2026-10-06 09:38:15.302335+05:30,BANKNIFTY,2026-11-23,True,41,82,55011.45,1.88,
2026-10-06 09:38:17.143397+05:30,SENSEX,2026-10-08,True,41,82,72571.83,1.84,
2026-10-06 09:38:18.989465+05:30,SENSEX,2026-10-15,True,41,82,72569.84,1.85,
2026-10-06 09:38:20.832149+05:30,FINNIFTY,2026-10-27,True,41,82,24842.0,1.84,
2026-10-06 09:38:22.696714+05:30,MIDCPNIFTY,2026-10-27,True,41,82,13716.5,1.86,
2026-10-06 09:39:06.801465+05:30,NIFTY,2026-10-06,True,41,82,22614.95,1.83,
2026-10-06 09:39:08.647865+05:30,NIFTY,2026-10-13,True,41,82,22613.9,1.84,
2026-10-06 09:39:10.486593+05:30,NIFTY,2026-10-19,True,41,81,22613.55,1.84,
2026-10-06 09:39:12.382149+05:30,BANKNIFTY,2026-10-27,True,41,82,55024.7,1.89,
2026-10-06 09:39:15.265810+05:30,BANKNIFTY,2026-11-23,True,41,82,55027.45,2.88,
2026-10-06 09:39:17.131482+05:30,SENSEX,2026-10-08,True,41,82,72558.78,1.86,
2026-10-06 09:39:18.974960+05:30,SENSEX,2026-10-15,True,41,82,72561.24,1.84,
2026-10-06 09:39:20.835264+05:30,FINNIFTY,2026-10-27,True,41,82,24843.4,1.86,
2026-10-06 09:39:22.681303+05:30,MIDCPNIFTY,2026-10-27,True,41,82,13715.65,1.84,
2026-10-06 09:40:06.828302+05:30,NIFTY,2026-10-06,True,41,82,22624.65,1.85,
2026-10-06 09:40:08.673967+05:30,NIFTY,2026-10-13,True,41,82,22626.85,1.84,
2026-10-06 09:40:10.543680+05:30,NIFTY,2026-10-19,True,41,82,22626.45,1.87,
2026-10-06 09:40:12.393688+05:30,BANKNIFTY,2026-10-27,True,41,82,55028.2,1.85,
2026-10-06 09:40:14.255459+05:30,BANKNIFTY,2026-11-23,True,41,82,55031.55,1.86,
2026-10-06 09:40:16.100495+05:30,SENSEX,2026-10-08,True,41,82,72603.12,1.84,
2026-10-06 09:40:17.956377+05:30,SENSEX,2026-10-15,True,41,82,72601.44,1.86,
2026-10-06 09:40:19.802888+05:30,FINNIFTY,2026-10-27,True,41,82,24857.05,1.84,
2026-10-06 09:40:21.659502+05:30,MIDCPNIFTY,2026-10-27,True,41,82,13718.95,1.86,
2026-10-06 09:41:06.782557+05:30,NIFTY,2026-10-06,True,41,82,22625.85,1.81,
2026-10-06 09:41:08.649528+05:30,NIFTY,2026-10-13,True,41,82,22625.1,1.86,
2026-10-06 09:41:10.500636+05:30,NIFTY,2026-10-19,True,41,82,22625.55,1.85,
2026-10-06 09:41:12.364037+05:30,BANKNIFTY,2026-10-27,True,41,82,55046.15,1.86,
2026-10-06 09:41:14.221572+05:30,BANKNIFTY,2026-11-23,True,41,82,55044.7,1.86,
2026-10-06 09:41:16.079489+05:30,SENSEX,2026-10-08,True,41,82,72597.69,1.86,
2026-10-06 09:41:17.925281+05:30,SENSEX,2026-10-15,True,41,82,72598.83,1.85,
2026-10-06 09:41:19.779891+05:30,FINNIFTY,2026-10-27,True,41,82,24857.9,1.85,
2026-10-06 09:41:21.637588+05:30,MIDCPNIFTY,2026-10-27,True,41,82,13726.0,1.86,
2026-10-06 09:42:06.809147+05:30,NIFTY,2026-10-06,True,41,82,22623.05,1.84,
2026-10-06 09:42:08.657630+05:30,NIFTY,2026-10-13,True,41,82,22623.3,1.84,
2026-10-06 09:42:10.530777+05:30,NIFTY,2026-10-19,True,41,82,22624.05,1.87,
2026-10-06 09:42:12.403235+05:30,BANKNIFTY,2026-10-27,True,41,82,55064.5,1.87,
2026-10-06 09:42:14.259937+05:30,BANKNIFTY,2026-11-23,True,41,82,55064.5,1.86,
2026-10-06 09:42:16.119538+05:30,SENSEX,2026-10-08,True,41,82,72587.08,1.86,
2026-10-06 09:42:17.950956+05:30,SENSEX,2026-10-15,True,41,82,72587.42,1.83,
2026-10-06 09:42:19.812496+05:30,FINNIFTY,2026-10-27,True,41,82,24856.1,1.86,
2026-10-06 09:42:21.671266+05:30,MIDCPNIFTY,2026-10-27,True,41,82,13720.25,1.86,
2026-10-06 09:43:06.821219+05:30,NIFTY,2026-10-06,True,41,82,22617.15,1.85,
2026-10-06 09:43:08.665305+05:30,NIFTY,2026-10-13,True,41,82,22615.95,1.84,
2026-10-06 09:43:10.509629+05:30,NIFTY,2026-10-19,True,41,82,22617.2,1.84,
2026-10-06 09:43:12.374339+05:30,BANKNIFTY,2026-10-27,True,41,82,55052.65,1.86,
2026-10-06 09:43:14.216836+05:30,BANKNIFTY,2026-11-23,True,41,82,55047.35,1.84,
2026-10-06 09:43:16.191913+05:30,SENSEX,2026-10-08,True,41,82,72569.18,1.97,
2026-10-06 09:43:18.054957+05:30,SENSEX,2026-10-15,True,41,82,72567.97,1.86,
2026-10-06 09:43:19.938946+05:30,FINNIFTY,2026-10-27,True,41,82,24853.3,1.88,
2026-10-06 09:43:21.824697+05:30,MIDCPNIFTY,2026-10-27,True,41,82,13721.45,1.88,
2026-10-06 09:44:06.794509+05:30,NIFTY,2026-10-06,True,41,82,22620.6,1.82,
2026-10-06 09:44:08.664988+05:30,NIFTY,2026-10-13,True,41,82,22619.8,1.86,
2026-10-06 09:44:10.525304+05:30,NIFTY,2026-10-19,True,41,82,22618.7,1.86,
2026-10-06 09:44:12.375740+05:30,BANKNIFTY,2026-10-27,True,41,82,55052.7,1.85,
2026-10-06 09:44:14.234171+05:30,BANKNIFTY,2026-11-23,True,41,81,55049.55,1.86,
2026-10-06 09:44:16.083520+05:30,SENSEX,2026-10-08,True,41,82,72568.8,1.85,
2026-10-06 09:44:17.959210+05:30,SENSEX,2026-10-15,True,41,82,72564.14,1.87,
2026-10-06 09:44:19.793350+05:30,FINNIFTY,2026-10-27,True,41,82,24854.9,1.83,
2026-10-06 09:44:21.638767+05:30,MIDCPNIFTY,2026-10-27,True,41,82,13719.55,1.84,
2026-10-06 09:45:06.813288+05:30,NIFTY,2026-10-06,True,41,82,22612.45,1.84,
2026-10-06 09:45:08.709342+05:30,NIFTY,2026-10-13,True,41,82,22611.9,1.89,
2026-10-06 09:45:10.614477+05:30,NIFTY,2026-10-19,True,41,82,22612.6,1.9,
2026-10-06 09:45:12.469027+05:30,BANKNIFTY,2026-10-27,True,41,82,55030.2,1.85,
2026-10-06 09:45:14.320834+05:30,BANKNIFTY,2026-11-23,True,41,82,55035.95,1.85,
2026-10-06 09:45:16.168826+05:30,SENSEX,2026-10-08,True,41,82,72559.19,1.85,
2026-10-06 09:45:18.019504+05:30,SENSEX,2026-10-15,True,41,82,72559.43,1.85,
2026-10-06 09:45:19.871760+05:30,FINNIFTY,2026-10-27,True,41,82,24852.45,1.85,
2026-10-06 09:45:21.720811+05:30,MIDCPNIFTY,2026-10-27,True,41,82,13724.25,1.85,
2026-10-06 09:46:06.803452+05:30,NIFTY,2026-10-06,True,41,82,22623.5,1.83,
2026-10-06 09:46:08.654373+05:30,NIFTY,2026-10-13,True,41,82,22624.05,1.84,
2026-10-06 09:46:10.508177+05:30,NIFTY,2026-10-19,True,41,82,22625.1,1.85,
2026-10-06 09:46:12.380684+05:30,BANKNIFTY,2026-10-27,True,41,82,55050.55,1.87,
2026-10-06 09:46:14.232030+05:30,BANKNIFTY,2026-11-23,True,41,82,55049.25,1.85,
2026-10-06 09:46:16.092304+05:30,SENSEX,2026-10-08,True,41,82,72593.63,1.86,
2026-10-06 09:46:17.936347+05:30,SENSEX,2026-10-15,True,41,82,72595.58,1.84,
2026-10-06 09:46:19.804962+05:30,FINNIFTY,2026-10-27,True,41,82,24857.95,1.87,
2026-10-06 09:46:22.890160+05:30,MIDCPNIFTY,2026-10-27,True,41,82,13724.85,3.08,
2026-10-06 09:47:06.810391+05:30,NIFTY,2026-10-06,True,41,82,22620.5,1.84,
2026-10-06 09:47:08.679421+05:30,NIFTY,2026-10-13,True,41,82,22620.55,1.86,
2026-10-06 09:47:10.547393+05:30,NIFTY,2026-10-19,True,41,82,22619.2,1.86,
2026-10-06 09:47:12.403462+05:30,BANKNIFTY,2026-10-27,True,41,82,55024.7,1.86,
2026-10-06 09:47:14.286356+05:30,BANKNIFTY,2026-11-23,True,41,82,55024.75,1.88,
2026-10-06 09:47:16.139900+05:30,SENSEX,2026-10-08,True,41,82,72587.0,1.85,
2026-10-06 09:47:17.989460+05:30,SENSEX,2026-10-15,True,41,82,72586.63,1.85,
2026-10-06 09:47:19.847219+05:30,FINNIFTY,2026-10-27,True,41,82,24842.55,1.85,
2026-10-06 09:47:21.749929+05:30,MIDCPNIFTY,2026-10-27,True,41,82,13720.25,1.9,
2026-10-06 09:48:06.809103+05:30,NIFTY,2026-10-06,True,41,82,22634.4,1.83,
2026-10-06 09:48:08.662820+05:30,NIFTY,2026-10-13,True,41,82,22635.75,1.85,
2026-10-06 09:48:11.573450+05:30,NIFTY,2026-10-19,True,41,82,22633.85,2.91,
2026-10-06 09:48:13.443907+05:30,BANKNIFTY,2026-10-27,True,41,82,55064.55,1.87,
2026-10-06 09:48:15.299681+05:30,BANKNIFTY,2026-11-23,True,41,82,55060.35,1.85,
2026-10-06 09:48:17.145913+05:30,SENSEX,2026-10-08,True,41,82,72630.85,1.85,
2026-10-06 09:48:19.013194+05:30,SENSEX,2026-10-15,True,41,82,72633.47,1.87,
2026-10-06 09:48:20.872734+05:30,FINNIFTY,2026-10-27,True,41,82,24860.8,1.86,
2026-10-06 09:48:22.743475+05:30,MIDCPNIFTY,2026-10-27,True,41,82,13727.75,1.87,
2026-10-06 09:49:06.804873+05:30,NIFTY,2026-10-06,True,41,82,22631.8,1.83,
2026-10-06 09:49:08.689259+05:30,NIFTY,2026-10-13,True,41,82,22631.05,1.88,
2026-10-06 09:49:10.555415+05:30,NIFTY,2026-10-19,True,41,82,22631.2,1.86,
2026-10-06 09:49:12.792651+05:30,BANKNIFTY,2026-10-27,True,41,82,55030.25,2.24,
2026-10-06 09:49:14.683427+05:30,BANKNIFTY,2026-11-23,True,41,82,55034.75,1.89,
2026-10-06 09:49:16.550081+05:30,SENSEX,2026-10-08,True,41,82,72630.17,1.87,
2026-10-06 09:49:18.425545+05:30,SENSEX,2026-10-15,True,41,82,72628.49,1.87,
2026-10-06 09:49:20.279028+05:30,FINNIFTY,2026-10-27,True,41,82,24851.3,1.85,
2026-10-06 09:49:22.130074+05:30,MIDCPNIFTY,2026-10-27,True,41,82,13730.1,1.85,
2026-10-06 09:50:06.820684+05:30,NIFTY,2026-10-06,True,41,82,22632.6,1.85,
2026-10-06 09:50:08.680760+05:30,NIFTY,2026-10-13,True,41,82,22632.95,1.85,
2026-10-06 09:50:10.527484+05:30,NIFTY,2026-10-19,True,41,82,22632.65,1.84,
2026-10-06 09:50:12.385494+05:30,BANKNIFTY,2026-10-27,True,41,82,55036.25,1.86,
2026-10-06 09:50:14.238223+05:30,BANKNIFTY,2026-11-23,True,41,82,55034.45,1.85,
2026-10-06 09:50:16.095840+05:30,SENSEX,2026-10-08,True,41,82,72636.24,1.86,
2026-10-06 09:50:17.945368+05:30,SENSEX,2026-10-15,True,41,82,72635.95,1.85,
2026-10-06 09:50:19.788217+05:30,FINNIFTY,2026-10-27,True,41,82,24852.5,1.84,
2026-10-06 09:50:22.290599+05:30,MIDCPNIFTY,2026-10-27,True,41,82,13732.55,2.5,
2026-10-06 09:51:06.812639+05:30,NIFTY,2026-10-06,True,41,82,22634.9,1.84,
2026-10-06 09:51:08.683502+05:30,NIFTY,2026-10-13,True,41,82,22635.6,1.86,
2026-10-06 09:51:10.566620+05:30,NIFTY,2026-10-19,True,41,82,22633.9,1.88,
2026-10-06 09:51:12.405202+05:30,BANKNIFTY,2026-10-27,True,41,82,55026.5,1.84,
2026-10-06 09:51:14.412929+05:30,BANKNIFTY,2026-11-23,True,41,82,55029.35,2.01,
2026-10-06 09:51:16.267663+05:30,SENSEX,2026-10-08,True,41,82,72646.69,1.85,
2026-10-06 09:51:18.121663+05:30,SENSEX,2026-10-15,True,41,82,72644.48,1.85,
2026-10-06 09:51:19.984856+05:30,FINNIFTY,2026-10-27,True,41,82,24856.5,1.86,
2026-10-06 09:51:21.833693+05:30,MIDCPNIFTY,2026-10-27,True,41,82,13732.05,1.85,
2026-10-06 09:52:06.799021+05:30,NIFTY,2026-10-06,True,41,82,22627.3,1.83,
2026-10-06 09:52:08.655946+05:30,NIFTY,2026-10-13,True,41,82,22626.3,1.85,
2026-10-06 09:52:10.937246+05:30,NIFTY,2026-10-19,True,41,82,22626.55,2.28,
2026-10-06 09:52:12.644439+05:30,BANKNIFTY,2026-10-27,True,41,82,55014.35,1.71,
2026-10-06 09:52:14.380928+05:30,BANKNIFTY,2026-11-23,True,41,82,55013.8,1.74,
2026-10-06 09:52:16.040065+05:30,SENSEX,2026-10-08,True,41,82,72620.03,1.66,
2026-10-06 09:52:17.724944+05:30,SENSEX,2026-10-15,True,41,82,72618.27,1.68,
2026-10-06 09:52:19.388875+05:30,FINNIFTY,2026-10-27,True,41,82,24842.45,1.66,
2026-10-06 09:52:21.087540+05:30,MIDCPNIFTY,2026-10-27,True,41,82,13727.15,1.7,
2026-10-06 09:53:07.387550+05:30,NIFTY,2026-10-06,True,41,82,22631.0,2.41,
2026-10-06 09:53:09.245786+05:30,NIFTY,2026-10-13,True,41,82,22630.75,1.85,
2026-10-06 09:53:11.114348+05:30,NIFTY,2026-10-19,True,41,82,22630.8,1.87,
2026-10-06 09:53:12.967471+05:30,BANKNIFTY,2026-10-27,True,41,82,55022.7,1.85,
2026-10-06 09:53:14.834394+05:30,BANKNIFTY,2026-11-23,True,41,82,55024.75,1.87,
2026-10-06 09:53:16.672517+05:30,SENSEX,2026-10-08,True,41,82,72623.89,1.84,
2026-10-06 09:53:18.516183+05:30,SENSEX,2026-10-15,True,41,82,72625.89,1.84,
2026-10-06 09:53:20.362911+05:30,FINNIFTY,2026-10-27,True,41,82,24855.05,1.84,
2026-10-06 09:53:22.233779+05:30,MIDCPNIFTY,2026-10-27,True,41,82,13736.6,1.87,
2026-10-06 09:54:06.801230+05:30,NIFTY,2026-10-06,True,41,82,22634.15,1.83,
2026-10-06 09:54:08.722696+05:30,NIFTY,2026-10-13,True,41,82,22635.05,1.91,
2026-10-06 09:54:10.596138+05:30,NIFTY,2026-10-19,True,41,82,22636.05,1.87,
2026-10-06 09:54:12.452794+05:30,BANKNIFTY,2026-10-27,True,41,82,55026.2,1.86,
2026-10-06 09:54:14.324189+05:30,BANKNIFTY,2026-11-23,True,41,82,55022.65,1.87,
2026-10-06 09:54:16.161995+05:30,SENSEX,2026-10-08,True,41,82,72641.89,1.84,
2026-10-06 09:54:18.008284+05:30,SENSEX,2026-10-15,True,41,82,72637.67,1.85,
2026-10-06 09:54:19.839179+05:30,FINNIFTY,2026-10-27,True,41,82,24847.8,1.83,
2026-10-06 09:54:21.690520+05:30,MIDCPNIFTY,2026-10-27,True,41,82,13739.2,1.85,
2026-10-06 09:55:06.828672+05:30,NIFTY,2026-10-06,True,41,82,22649.55,1.85,
2026-10-06 09:55:08.683426+05:30,NIFTY,2026-10-13,True,41,82,22647.4,1.85,
2026-10-06 09:55:10.545564+05:30,NIFTY,2026-10-19,True,41,82,22648.0,1.86,
2026-10-06 09:55:12.449835+05:30,BANKNIFTY,2026-10-27,True,41,82,55051.95,1.9,
2026-10-06 09:55:14.311041+05:30,BANKNIFTY,2026-11-23,True,41,82,55058.05,1.86,
2026-10-06 09:55:16.188891+05:30,SENSEX,2026-10-08,True,41,82,72678.02,1.88,
2026-10-06 09:55:18.057479+05:30,SENSEX,2026-10-15,True,41,82,72683.8,1.87,
2026-10-06 09:55:20.946882+05:30,FINNIFTY,2026-10-27,True,41,82,24865.7,2.89,
2026-10-06 09:55:22.827071+05:30,MIDCPNIFTY,2026-10-27,True,41,82,13753.0,1.88,
2026-10-06 09:56:06.822700+05:30,NIFTY,2026-10-06,True,41,82,22650.9,1.85,
2026-10-06 09:56:08.678638+05:30,NIFTY,2026-10-13,True,41,82,22651.2,1.85,
2026-10-06 09:56:10.535139+05:30,NIFTY,2026-10-19,True,41,82,22651.35,1.86,
2026-10-06 09:56:12.398742+05:30,BANKNIFTY,2026-10-27,True,41,82,55059.1,1.86,
2026-10-06 09:56:14.290102+05:30,BANKNIFTY,2026-11-23,True,41,82,55059.85,1.89,
2026-10-06 09:56:16.149265+05:30,SENSEX,2026-10-08,True,41,82,72705.09,1.86,
2026-10-06 09:56:18.013668+05:30,SENSEX,2026-10-15,True,41,82,72704.59,1.86,
2026-10-06 09:56:19.849021+05:30,FINNIFTY,2026-10-27,True,41,82,24868.15,1.83,
2026-10-06 09:56:21.716192+05:30,MIDCPNIFTY,2026-10-27,True,41,82,13757.3,1.87,
2026-10-06 09:57:08.289675+05:30,NIFTY,2026-10-06,True,41,82,22664.0,3.32,
2026-10-06 09:57:10.157370+05:30,NIFTY,2026-10-13,True,41,82,22663.7,1.86,
2026-10-06 09:57:11.994001+05:30,NIFTY,2026-10-19,True,41,82,22662.85,1.84,
2026-10-06 09:57:13.873524+05:30,BANKNIFTY,2026-10-27,True,41,82,55062.35,1.88,
2026-10-06 09:57:15.746993+05:30,BANKNIFTY,2026-11-23,True,41,82,55063.9,1.87,
2026-10-06 09:57:17.584264+05:30,SENSEX,2026-10-08,True,41,82,72726.0,1.84,
2026-10-06 09:57:19.430659+05:30,SENSEX,2026-10-15,True,41,82,72726.28,1.85,
2026-10-06 09:57:21.286103+05:30,FINNIFTY,2026-10-27,True,41,82,24870.2,1.85,
2026-10-06 09:57:23.158793+05:30,MIDCPNIFTY,2026-10-27,True,41,82,13759.3,1.87,
2026-10-06 09:58:06.829956+05:30,NIFTY,2026-10-06,True,41,82,22662.0,1.86,
2026-10-06 09:58:08.678250+05:30,NIFTY,2026-10-13,True,41,82,22662.45,1.84,
2026-10-06 09:58:10.561273+05:30,NIFTY,2026-10-19,True,41,82,22662.05,1.88,
2026-10-06 09:58:12.404307+05:30,BANKNIFTY,2026-10-27,True,41,82,55039.6,1.84,
2026-10-06 09:58:14.946996+05:30,BANKNIFTY,2026-11-23,True,41,82,55038.15,2.54,
2026-10-06 09:58:16.792890+05:30,SENSEX,2026-10-08,True,41,82,72716.25,1.85,
2026-10-06 09:58:18.623203+05:30,SENSEX,2026-10-15,True,41,82,72714.75,1.83,
2026-10-06 09:58:20.480693+05:30,FINNIFTY,2026-10-27,True,41,82,24867.5,1.85,
2026-10-06 09:58:22.319924+05:30,MIDCPNIFTY,2026-10-27,True,41,82,13755.75,1.84,
2026-10-06 09:59:06.809639+05:30,NIFTY,2026-10-06,True,41,82,22659.55,1.84,
2026-10-06 09:59:08.649461+05:30,NIFTY,2026-10-13,True,41,82,22660.0,1.83,
2026-10-06 09:59:10.523815+05:30,NIFTY,2026-10-19,True,41,82,22661.45,1.87,
2026-10-06 09:59:12.407264+05:30,BANKNIFTY,2026-10-27,True,41,82,55043.55,1.88,
2026-10-06 09:59:14.256391+05:30,BANKNIFTY,2026-11-23,True,41,81,55034.45,1.85,
2026-10-06 09:59:16.103154+05:30,SENSEX,2026-10-08,True,41,82,72719.74,1.85,
2026-10-06 09:59:17.960460+05:30,SENSEX,2026-10-15,True,41,82,72716.64,1.86,
2026-10-06 09:59:19.821246+05:30,FINNIFTY,2026-10-27,True,41,82,24864.0,1.86,
2026-10-06 09:59:21.657464+05:30,MIDCPNIFTY,2026-10-27,True,41,82,13756.85,1.83,
2026-10-06 10:00:06.834224+05:30,NIFTY,2026-10-06,True,41,82,22661.8,1.86,
2026-10-06 10:00:08.701221+05:30,NIFTY,2026-10-13,True,41,82,22661.95,1.86,
2026-10-06 10:00:10.577605+05:30,NIFTY,2026-10-19,True,41,82,22664.15,1.87,
2026-10-06 10:00:12.468967+05:30,BANKNIFTY,2026-10-27,True,41,82,55021.45,1.89,
2026-10-06 10:00:14.336725+05:30,BANKNIFTY,2026-11-23,True,41,81,55012.7,1.87,
2026-10-06 10:00:16.185872+05:30,SENSEX,2026-10-08,True,41,82,72714.43,1.85,
2026-10-06 10:00:18.049798+05:30,SENSEX,2026-10-15,True,41,82,72714.81,1.86,
2026-10-06 10:00:19.923293+05:30,FINNIFTY,2026-10-27,True,41,82,24855.55,1.87,
2026-10-06 10:00:21.776849+05:30,MIDCPNIFTY,2026-10-27,True,41,82,13755.65,1.85,
2026-10-06 10:01:06.807053+05:30,NIFTY,2026-10-06,True,41,82,22659.15,1.84,
2026-10-06 10:01:08.678261+05:30,NIFTY,2026-10-13,True,41,82,22659.75,1.87,
2026-10-06 10:01:10.513950+05:30,NIFTY,2026-10-19,True,41,82,22657.85,1.82,
2026-10-06 10:01:12.392284+05:30,BANKNIFTY,2026-10-27,True,41,82,54989.5,1.88,
2026-10-06 10:01:14.258363+05:30,BANKNIFTY,2026-11-23,True,41,82,54993.1,1.86,
2026-10-06 10:01:16.122334+05:30,SENSEX,2026-10-08,True,41,82,72702.87,1.86,
2026-10-06 10:01:17.966555+05:30,SENSEX,2026-10-15,True,41,82,72700.93,1.84,
2026-10-06 10:01:19.819508+05:30,FINNIFTY,2026-10-27,True,41,82,24850.1,1.85,
2026-10-06 10:01:21.657785+05:30,MIDCPNIFTY,2026-10-27,True,41,82,13743.05,1.84,
2026-10-06 10:02:06.796638+05:30,NIFTY,2026-10-06,True,41,82,22658.2,1.82,
2026-10-06 10:02:08.741852+05:30,NIFTY,2026-10-13,True,41,82,22658.05,1.94,
2026-10-06 10:02:10.583228+05:30,NIFTY,2026-10-19,True,41,82,22658.15,1.84,
2026-10-06 10:02:12.441614+05:30,BANKNIFTY,2026-10-27,True,41,82,54990.55,1.86,
2026-10-06 10:02:14.298974+05:30,BANKNIFTY,2026-11-23,True,41,82,54989.4,1.86,
2026-10-06 10:02:16.147567+05:30,SENSEX,2026-10-08,True,41,82,72699.49,1.85,
2026-10-06 10:02:17.980357+05:30,SENSEX,2026-10-15,True,41,82,72702.73,1.83,
2026-10-06 10:02:19.832259+05:30,FINNIFTY,2026-10-27,True,41,82,24858.4,1.85,
2026-10-06 10:02:21.701800+05:30,MIDCPNIFTY,2026-10-27,True,41,82,13748.6,1.87,
2026-10-06 10:03:06.783514+05:30,NIFTY,2026-10-06,True,41,82,22654.15,1.81,
2026-10-06 10:03:08.631831+05:30,NIFTY,2026-10-13,True,41,82,22654.15,1.84,
2026-10-06 10:03:10.499852+05:30,NIFTY,2026-10-19,True,41,82,22654.0,1.86,
2026-10-06 10:03:12.353794+05:30,BANKNIFTY,2026-10-27,True,41,82,54994.85,1.85,
2026-10-06 10:03:14.265921+05:30,BANKNIFTY,2026-11-23,True,41,82,54995.4,1.91,
2026-10-06 10:03:16.101602+05:30,SENSEX,2026-10-08,True,41,82,72696.39,1.84,
2026-10-06 10:03:17.943645+05:30,SENSEX,2026-10-15,True,41,82,72693.66,1.84,
2026-10-06 10:03:19.776189+05:30,FINNIFTY,2026-10-27,True,41,82,24852.8,1.83,
2026-10-06 10:03:21.611383+05:30,MIDCPNIFTY,2026-10-27,True,41,82,13743.75,1.83,
2026-10-06 10:04:06.806256+05:30,NIFTY,2026-10-06,True,41,82,22645.95,1.84,
2026-10-06 10:04:08.671782+05:30,NIFTY,2026-10-13,True,41,82,22646.9,1.85,
2026-10-06 10:04:10.542417+05:30,NIFTY,2026-10-19,True,41,82,22647.05,1.87,
2026-10-06 10:04:12.429282+05:30,BANKNIFTY,2026-10-27,True,41,82,54954.9,1.89,
2026-10-06 10:04:14.300254+05:30,BANKNIFTY,2026-11-23,True,41,81,54949.05,1.87,
2026-10-06 10:04:16.161637+05:30,SENSEX,2026-10-08,True,41,82,72667.76,1.86,
2026-10-06 10:04:18.013140+05:30,SENSEX,2026-10-15,True,41,82,72667.07,1.85,
2026-10-06 10:04:20.883947+05:30,FINNIFTY,2026-10-27,True,41,82,24844.3,2.87,
2026-10-06 10:04:22.755461+05:30,MIDCPNIFTY,2026-10-27,True,41,82,13731.25,1.87,
2026-10-06 10:05:06.783221+05:30,NIFTY,2026-10-06,True,41,82,22652.3,1.81,
2026-10-06 10:05:08.632766+05:30,NIFTY,2026-10-13,True,41,82,22652.95,1.84,
2026-10-06 10:05:10.487042+05:30,NIFTY,2026-10-19,True,41,82,22652.8,1.85,
2026-10-06 10:05:12.338976+05:30,BANKNIFTY,2026-10-27,True,41,82,54933.0,1.85,
2026-10-06 10:05:14.197968+05:30,BANKNIFTY,2026-11-23,True,41,82,54933.45,1.86,
2026-10-06 10:05:16.045719+05:30,SENSEX,2026-10-08,True,41,82,72679.36,1.85,
2026-10-06 10:05:17.898754+05:30,SENSEX,2026-10-15,True,41,82,72681.41,1.85,
2026-10-06 10:05:19.745386+05:30,FINNIFTY,2026-10-27,True,41,82,24847.5,1.84,
2026-10-06 10:05:21.586160+05:30,MIDCPNIFTY,2026-10-27,True,41,82,13732.8,1.84,
2026-10-06 10:06:06.805169+05:30,NIFTY,2026-10-06,True,41,82,22644.35,1.83,
2026-10-06 10:06:09.682472+05:30,NIFTY,2026-10-13,True,41,82,22644.35,2.88,
2026-10-06 10:06:11.554526+05:30,NIFTY,2026-10-19,True,41,82,22644.25,1.86,
2026-10-06 10:06:13.416068+05:30,BANKNIFTY,2026-10-27,True,41,82,54912.9,1.86,
2026-10-06 10:06:15.278466+05:30,BANKNIFTY,2026-11-23,True,41,82,54915.75,1.86,
2026-10-06 10:06:17.133665+05:30,SENSEX,2026-10-08,True,41,82,72660.81,1.86,
2026-10-06 10:06:18.973983+05:30,SENSEX,2026-10-15,True,41,82,72662.18,1.84,
2026-10-06 10:06:20.843203+05:30,FINNIFTY,2026-10-27,True,41,82,24840.6,1.87,
2026-10-06 10:06:22.742070+05:30,MIDCPNIFTY,2026-10-27,True,41,82,13728.0,1.9,
2026-10-06 10:07:06.805781+05:30,NIFTY,2026-10-06,True,41,82,22648.7,1.83,
2026-10-06 10:07:08.660184+05:30,NIFTY,2026-10-13,True,41,82,22648.7,1.84,
2026-10-06 10:07:10.540528+05:30,NIFTY,2026-10-19,True,41,82,22649.45,1.88,
2026-10-06 10:07:12.414574+05:30,BANKNIFTY,2026-10-27,True,41,82,54915.3,1.87,
2026-10-06 10:07:14.284264+05:30,BANKNIFTY,2026-11-23,True,41,82,54922.05,1.87,
2026-10-06 10:07:16.143138+05:30,SENSEX,2026-10-08,True,41,82,72667.37,1.86,
2026-10-06 10:07:18.014934+05:30,SENSEX,2026-10-15,True,41,82,72669.44,1.87,
2026-10-06 10:07:19.888715+05:30,FINNIFTY,2026-10-27,True,41,82,24843.05,1.87,
2026-10-06 10:07:21.734803+05:30,MIDCPNIFTY,2026-10-27,True,41,82,13727.55,1.84,
2026-10-06 10:08:06.798729+05:30,NIFTY,2026-10-06,True,41,82,22637.05,1.83,
2026-10-06 10:08:08.649881+05:30,NIFTY,2026-10-13,True,41,82,22637.5,1.84,
2026-10-06 10:08:10.508568+05:30,NIFTY,2026-10-19,True,41,82,22637.15,1.86,
2026-10-06 10:08:12.391661+05:30,BANKNIFTY,2026-10-27,True,41,82,54901.15,1.88,
2026-10-06 10:08:14.280551+05:30,BANKNIFTY,2026-11-23,True,41,82,54918.9,1.89,
2026-10-06 10:08:16.137771+05:30,SENSEX,2026-10-08,True,41,82,72637.5,1.86,
2026-10-06 10:08:19.012567+05:30,SENSEX,2026-10-15,True,41,82,72643.49,2.87,
2026-10-06 10:08:20.903946+05:30,FINNIFTY,2026-10-27,True,41,82,24836.6,1.89,
2026-10-06 10:08:22.776099+05:30,MIDCPNIFTY,2026-10-27,True,41,82,13722.75,1.87,
2026-10-06 10:09:06.797952+05:30,NIFTY,2026-10-06,True,41,82,22635.4,1.82,
2026-10-06 10:09:09.688165+05:30,NIFTY,2026-10-13,True,41,82,22636.1,2.88,
2026-10-06 10:09:12.576149+05:30,NIFTY,2026-10-19,True,41,82,22632.5,2.89,
2026-10-06 10:09:14.465430+05:30,BANKNIFTY,2026-10-27,True,41,82,54921.6,1.89,
2026-10-06 10:09:16.487566+05:30,BANKNIFTY,2026-11-23,True,41,82,54919.15,2.02,
2026-10-06 10:09:18.325929+05:30,SENSEX,2026-10-08,True,41,82,72631.26,1.84,
2026-10-06 10:09:20.167194+05:30,SENSEX,2026-10-15,True,41,82,72617.38,1.84,
2026-10-06 10:09:22.021106+05:30,FINNIFTY,2026-10-27,True,41,82,24828.75,1.85,
2026-10-06 10:09:24.897198+05:30,MIDCPNIFTY,2026-10-27,True,41,82,13716.9,2.87,
2026-10-06 10:10:06.832530+05:30,NIFTY,2026-10-06,True,41,82,22625.95,1.86,
2026-10-06 10:10:08.665946+05:30,NIFTY,2026-10-13,True,41,82,22626.75,1.83,
2026-10-06 10:10:10.539235+05:30,NIFTY,2026-10-19,True,41,82,22626.85,1.87,
2026-10-06 10:10:12.416992+05:30,BANKNIFTY,2026-10-27,True,41,82,54898.6,1.88,
2026-10-06 10:10:14.268294+05:30,BANKNIFTY,2026-11-23,True,41,82,54901.55,1.85,
2026-10-06 10:10:16.159695+05:30,SENSEX,2026-10-08,True,41,82,72599.27,1.89,
2026-10-06 10:10:18.457014+05:30,SENSEX,2026-10-15,True,41,82,72594.46,2.3,
2026-10-06 10:10:20.309370+05:30,FINNIFTY,2026-10-27,True,41,82,24821.15,1.85,
2026-10-06 10:10:22.172735+05:30,MIDCPNIFTY,2026-10-27,True,41,82,13714.1,1.86,
2026-10-06 10:11:06.798300+05:30,NIFTY,2026-10-06,True,41,82,22635.05,1.82,
2026-10-06 10:11:08.843400+05:30,NIFTY,2026-10-13,True,41,82,22634.85,2.04,
2026-10-06 10:11:10.709141+05:30,NIFTY,2026-10-19,True,41,82,22634.65,1.86,
2026-10-06 10:11:12.568941+05:30,BANKNIFTY,2026-10-27,True,41,82,54918.2,1.86,
2026-10-06 10:11:14.426164+05:30,BANKNIFTY,2026-11-23,True,41,82,54921.85,1.86,
2026-10-06 10:11:16.863011+05:30,SENSEX,2026-10-08,True,41,82,72620.32,2.44,
2026-10-06 10:11:18.721563+05:30,SENSEX,2026-10-15,True,41,82,72618.18,1.86,
2026-10-06 10:11:20.588643+05:30,FINNIFTY,2026-10-27,True,41,82,24836.7,1.86,
2026-10-06 10:11:22.437308+05:30,MIDCPNIFTY,2026-10-27,True,41,82,13717.8,1.85,
2026-10-06 10:12:06.797702+05:30,NIFTY,2026-10-06,True,41,82,22632.3,1.82,
2026-10-06 10:12:08.640737+05:30,NIFTY,2026-10-13,True,41,82,22632.35,1.86,
2026-10-06 10:12:10.477418+05:30,NIFTY,2026-10-19,True,41,82,22632.6,1.81,
2026-10-06 10:12:12.322954+05:30,BANKNIFTY,2026-10-27,True,41,82,54917.3,1.84,
2026-10-06 10:12:14.198250+05:30,BANKNIFTY,2026-11-23,True,41,82,54920.3,1.88,
2026-10-06 10:12:16.028126+05:30,SENSEX,2026-10-08,True,41,82,72615.43,1.82,
2026-10-06 10:12:17.893519+05:30,SENSEX,2026-10-15,True,41,82,72614.79,1.87,
2026-10-06 10:12:19.736830+05:30,FINNIFTY,2026-10-27,True,41,82,24841.95,1.84,
2026-10-06 10:12:21.609614+05:30,MIDCPNIFTY,2026-10-27,True,41,82,13715.95,1.87,
2026-10-06 10:13:06.819256+05:30,NIFTY,2026-10-06,True,41,82,22637.3,1.85,
2026-10-06 10:13:08.670690+05:30,NIFTY,2026-10-13,True,41,82,22638.15,1.84,
2026-10-06 10:13:10.521010+05:30,NIFTY,2026-10-19,True,41,82,22637.7,1.85,
2026-10-06 10:13:12.385071+05:30,BANKNIFTY,2026-10-27,True,41,82,54928.55,1.86,
2026-10-06 10:13:14.343792+05:30,BANKNIFTY,2026-11-23,True,41,82,54929.2,1.96,
2026-10-06 10:13:16.194960+05:30,SENSEX,2026-10-08,True,41,82,72630.09,1.85,
2026-10-06 10:13:18.036750+05:30,SENSEX,2026-10-15,True,41,82,72632.62,1.84,
2026-10-06 10:13:19.884583+05:30,FINNIFTY,2026-10-27,True,41,82,24845.65,1.85,
2026-10-06 10:13:21.744298+05:30,MIDCPNIFTY,2026-10-27,True,41,82,13714.85,1.86,
2026-10-06 10:14:06.794764+05:30,NIFTY,2026-10-06,True,41,82,22643.15,1.83,
2026-10-06 10:14:08.640895+05:30,NIFTY,2026-10-13,True,41,82,22642.9,1.83,
2026-10-06 10:14:10.484285+05:30,NIFTY,2026-10-19,True,41,82,22644.5,1.84,
2026-10-06 10:14:12.343573+05:30,BANKNIFTY,2026-10-27,True,41,82,54946.8,1.86,
2026-10-06 10:14:14.218434+05:30,BANKNIFTY,2026-11-23,True,41,82,54953.2,1.87,
2026-10-06 10:14:16.070340+05:30,SENSEX,2026-10-08,True,41,82,72655.07,1.85,
2026-10-06 10:14:17.912556+05:30,SENSEX,2026-10-15,True,41,82,72656.32,1.84,
2026-10-06 10:14:19.748475+05:30,FINNIFTY,2026-10-27,True,41,82,24854.8,1.83,
2026-10-06 10:14:21.613570+05:30,MIDCPNIFTY,2026-10-27,True,41,82,13717.8,1.86,
2026-10-06 10:15:06.804687+05:30,NIFTY,2026-10-06,True,41,82,22652.8,1.83,
2026-10-06 10:15:08.704349+05:30,NIFTY,2026-10-13,True,41,82,22651.85,1.89,
2026-10-06 10:15:10.954632+05:30,NIFTY,2026-10-19,True,41,82,22652.35,2.25,
2026-10-06 10:15:12.614714+05:30,BANKNIFTY,2026-10-27,True,41,82,54982.95,1.66,
2026-10-06 10:15:14.287251+05:30,BANKNIFTY,2026-11-23,True,41,82,54986.3,1.67,
2026-10-06 10:15:15.954333+05:30,SENSEX,2026-10-08,True,41,82,72689.27,1.67,
2026-10-06 10:15:17.589377+05:30,SENSEX,2026-10-15,True,41,82,72688.54,1.63,
2026-10-06 10:15:19.245233+05:30,FINNIFTY,2026-10-27,True,41,82,24865.2,1.65,
2026-10-06 10:15:20.901888+05:30,MIDCPNIFTY,2026-10-27,True,41,82,13718.2,1.65,
2026-10-06 10:16:06.601296+05:30,NIFTY,2026-10-06,True,41,82,22658.1,1.63,
2026-10-06 10:16:08.254244+05:30,NIFTY,2026-10-13,True,41,82,22656.6,1.65,
2026-10-06 10:16:09.900378+05:30,NIFTY,2026-10-19,True,41,82,22657.2,1.64,
2026-10-06 10:16:11.560556+05:30,BANKNIFTY,2026-10-27,True,41,82,54989.75,1.66,
2026-10-06 10:16:13.220708+05:30,BANKNIFTY,2026-11-23,True,41,82,54988.75,1.66,
2026-10-06 10:16:14.888118+05:30,SENSEX,2026-10-08,True,41,82,72698.3,1.67,
2026-10-06 10:16:16.545661+05:30,SENSEX,2026-10-15,True,41,82,72700.96,1.66,
2026-10-06 10:16:18.202746+05:30,FINNIFTY,2026-10-27,True,41,82,24867.85,1.65,
2026-10-06 10:16:19.850741+05:30,MIDCPNIFTY,2026-10-27,True,41,82,13719.7,1.65,
2026-10-06 10:17:06.629507+05:30,NIFTY,2026-10-06,True,41,82,22657.9,1.66,
2026-10-06 10:17:08.314257+05:30,NIFTY,2026-10-13,True,41,82,22658.4,1.68,
2026-10-06 10:17:09.991941+05:30,NIFTY,2026-10-19,True,41,82,22661.2,1.67,
2026-10-06 10:17:11.662851+05:30,BANKNIFTY,2026-10-27,True,41,82,54999.3,1.67,
2026-10-06 10:17:13.336535+05:30,BANKNIFTY,2026-11-23,True,41,82,55005.15,1.67,
2026-10-06 10:17:15.008899+05:30,SENSEX,2026-10-08,True,41,82,72706.06,1.67,
2026-10-06 10:17:16.648396+05:30,SENSEX,2026-10-15,True,41,82,72706.86,1.64,
2026-10-06 10:17:18.307760+05:30,FINNIFTY,2026-10-27,True,41,82,24876.0,1.66,
2026-10-06 10:17:19.967953+05:30,MIDCPNIFTY,2026-10-27,True,41,82,13726.15,1.66,
2026-10-06 10:18:06.589589+05:30,NIFTY,2026-10-06,True,41,82,22658.9,1.61,
2026-10-06 10:18:08.242706+05:30,NIFTY,2026-10-13,True,41,82,22658.8,1.65,
2026-10-06 10:18:09.900230+05:30,NIFTY,2026-10-19,True,41,82,22658.45,1.65,
2026-10-06 10:18:11.559119+05:30,BANKNIFTY,2026-10-27,True,41,82,55003.5,1.66,
2026-10-06 10:18:13.295267+05:30,BANKNIFTY,2026-11-23,True,41,82,55001.95,1.73,
2026-10-06 10:18:14.938036+05:30,SENSEX,2026-10-08,True,41,82,72711.29,1.64,
2026-10-06 10:18:16.574634+05:30,SENSEX,2026-10-15,True,41,82,72709.66,1.64,
2026-10-06 10:18:18.233435+05:30,FINNIFTY,2026-10-27,True,41,82,24867.1,1.66,
2026-10-06 10:18:19.879209+05:30,MIDCPNIFTY,2026-10-27,True,41,82,13721.4,1.64,
2026-10-06 10:19:07.133730+05:30,NIFTY,2026-10-06,True,41,82,22659.3,2.16,
2026-10-06 10:19:08.782781+05:30,NIFTY,2026-10-13,True,41,82,22658.85,1.64,
2026-10-06 10:19:10.423479+05:30,NIFTY,2026-10-19,True,41,82,22658.5,1.64,
2026-10-06 10:19:12.095903+05:30,BANKNIFTY,2026-10-27,True,41,82,55010.55,1.67,
2026-10-06 10:19:13.750861+05:30,BANKNIFTY,2026-11-23,True,41,82,55014.65,1.66,
2026-10-06 10:19:15.400052+05:30,SENSEX,2026-10-08,True,41,82,72715.78,1.65,
2026-10-06 10:19:17.050516+05:30,SENSEX,2026-10-15,True,41,82,72715.47,1.65,
2026-10-06 10:19:18.709671+05:30,FINNIFTY,2026-10-27,True,41,82,24868.95,1.66,
2026-10-06 10:19:20.375689+05:30,MIDCPNIFTY,2026-10-27,True,41,82,13724.55,1.66,
2026-10-06 10:20:06.659177+05:30,NIFTY,2026-10-06,True,41,82,22643.65,1.68,
2026-10-06 10:20:08.316003+05:30,NIFTY,2026-10-13,True,41,82,22644.45,1.65,
2026-10-06 10:20:10.001941+05:30,NIFTY,2026-10-19,True,41,82,22644.8,1.68,
2026-10-06 10:20:11.669853+05:30,BANKNIFTY,2026-10-27,True,41,82,54987.1,1.67,
2026-10-06 10:20:13.339285+05:30,BANKNIFTY,2026-11-23,True,41,82,54992.35,1.67,
2026-10-06 10:20:14.986382+05:30,SENSEX,2026-10-08,True,41,82,72670.6,1.65,
2026-10-06 10:20:16.685044+05:30,SENSEX,2026-10-15,True,41,82,72668.22,1.7,
2026-10-06 10:20:18.356176+05:30,FINNIFTY,2026-10-27,True,41,82,24853.8,1.67,
2026-10-06 10:20:20.039374+05:30,MIDCPNIFTY,2026-10-27,True,41,82,13718.7,1.68,
2026-10-06 10:21:06.665021+05:30,NIFTY,2026-10-06,True,41,82,22646.05,1.69,
2026-10-06 10:21:09.340511+05:30,NIFTY,2026-10-13,True,41,82,22645.95,2.67,
2026-10-06 10:21:10.994045+05:30,NIFTY,2026-10-19,True,41,82,22645.5,1.65,
2026-10-06 10:21:12.659141+05:30,BANKNIFTY,2026-10-27,True,41,82,54990.75,1.66,
2026-10-06 10:21:14.341493+05:30,BANKNIFTY,2026-11-23,True,41,82,54993.9,1.68,
2026-10-06 10:21:15.996335+05:30,SENSEX,2026-10-08,True,41,82,72665.07,1.65,
2026-10-06 10:21:17.645114+05:30,SENSEX,2026-10-15,True,41,82,72668.92,1.65,
2026-10-06 10:21:19.303789+05:30,FINNIFTY,2026-10-27,True,41,82,24852.3,1.66,
2026-10-06 10:21:20.958881+05:30,MIDCPNIFTY,2026-10-27,True,41,82,13718.5,1.65,
2026-10-06 10:22:06.605146+05:30,NIFTY,2026-10-06,True,41,82,22641.6,1.63,
2026-10-06 10:22:08.273018+05:30,NIFTY,2026-10-13,True,41,82,22640.55,1.66,
2026-10-06 10:22:09.919477+05:30,NIFTY,2026-10-19,True,41,82,22641.8,1.64,
2026-10-06 10:22:11.587301+05:30,BANKNIFTY,2026-10-27,True,41,82,54976.0,1.67,
2026-10-06 10:22:13.258717+05:30,BANKNIFTY,2026-11-23,True,41,82,54976.65,1.67,
2026-10-06 10:22:14.911461+05:30,SENSEX,2026-10-08,True,41,82,72650.25,1.65,
2026-10-06 10:22:16.555821+05:30,SENSEX,2026-10-15,True,41,82,72652.31,1.64,
2026-10-06 10:22:18.208283+05:30,FINNIFTY,2026-10-27,True,41,82,24850.6,1.65,
2026-10-06 10:22:19.853910+05:30,MIDCPNIFTY,2026-10-27,True,41,82,13719.75,1.64,
2026-10-06 10:23:06.617975+05:30,NIFTY,2026-10-06,True,41,82,22646.2,1.64,
2026-10-06 10:23:08.283569+05:30,NIFTY,2026-10-13,True,41,82,22644.65,1.66,
2026-10-06 10:23:09.936191+05:30,NIFTY,2026-10-19,True,41,82,22645.9,1.65,
2026-10-06 10:23:11.601215+05:30,BANKNIFTY,2026-10-27,True,41,82,54961.9,1.66,
2026-10-06 10:23:13.277340+05:30,BANKNIFTY,2026-11-23,True,41,82,54968.1,1.67,
2026-10-06 10:23:14.935694+05:30,SENSEX,2026-10-08,True,41,82,72664.99,1.66,
2026-10-06 10:23:16.573394+05:30,SENSEX,2026-10-15,True,41,82,72666.91,1.64,
2026-10-06 10:23:18.217484+05:30,FINNIFTY,2026-10-27,True,41,82,24846.15,1.64,
2026-10-06 10:23:20.089203+05:30,MIDCPNIFTY,2026-10-27,True,41,82,13721.4,1.87,
2026-10-06 10:24:06.589371+05:30,NIFTY,2026-10-06,True,41,82,22652.25,1.61,
2026-10-06 10:24:08.222740+05:30,NIFTY,2026-10-13,True,41,82,22651.5,1.63,
2026-10-06 10:24:09.862617+05:30,NIFTY,2026-10-19,True,41,82,22652.9,1.64,
2026-10-06 10:24:11.578723+05:30,BANKNIFTY,2026-10-27,True,41,82,54987.15,1.71,
2026-10-06 10:24:13.265761+05:30,BANKNIFTY,2026-11-23,True,41,82,54992.2,1.69,
2026-10-06 10:24:14.897643+05:30,SENSEX,2026-10-08,True,41,82,72683.68,1.63,
2026-10-06 10:24:16.550133+05:30,SENSEX,2026-10-15,True,41,82,72684.87,1.65,
2026-10-06 10:24:18.766108+05:30,FINNIFTY,2026-10-27,True,41,82,24856.35,2.21,
2026-10-06 10:24:20.418678+05:30,MIDCPNIFTY,2026-10-27,True,41,82,13725.1,1.65,
2026-10-06 10:25:06.632940+05:30,NIFTY,2026-10-06,True,41,82,22649.95,1.66,
2026-10-06 10:25:08.293258+05:30,NIFTY,2026-10-13,True,41,82,22650.95,1.65,
2026-10-06 10:25:09.942712+05:30,NIFTY,2026-10-19,True,41,82,22651.65,1.65,
2026-10-06 10:25:12.639820+05:30,BANKNIFTY,2026-10-27,True,41,82,54988.85,2.7,
2026-10-06 10:25:14.329020+05:30,BANKNIFTY,2026-11-23,True,41,82,54987.55,1.69,
2026-10-06 10:25:15.987563+05:30,SENSEX,2026-10-08,True,41,82,72679.55,1.66,
2026-10-06 10:25:17.639353+05:30,SENSEX,2026-10-15,True,41,82,72681.91,1.65,
2026-10-06 10:25:19.324831+05:30,FINNIFTY,2026-10-27,True,41,82,24854.45,1.68,
2026-10-06 10:25:20.977847+05:30,MIDCPNIFTY,2026-10-27,True,41,82,13727.3,1.65,
2026-10-06 10:26:06.597297+05:30,NIFTY,2026-10-06,True,41,82,22654.45,1.64,
2026-10-06 10:26:08.245597+05:30,NIFTY,2026-10-13,True,41,82,22654.1,1.63,
2026-10-06 10:26:09.886039+05:30,NIFTY,2026-10-19,True,41,82,22654.1,1.64,
2026-10-06 10:26:11.569266+05:30,BANKNIFTY,2026-10-27,True,41,82,54999.25,1.68,
2026-10-06 10:26:13.234257+05:30,BANKNIFTY,2026-11-23,True,41,82,54996.45,1.66,
2026-10-06 10:26:14.889204+05:30,SENSEX,2026-10-08,True,41,82,72681.89,1.65,
2026-10-06 10:26:16.535598+05:30,SENSEX,2026-10-15,True,41,82,72684.68,1.65,
2026-10-06 10:26:18.203776+05:30,FINNIFTY,2026-10-27,True,41,82,24856.7,1.67,
2026-10-06 10:26:19.879455+05:30,MIDCPNIFTY,2026-10-27,True,41,82,13732.35,1.67,
2026-10-06 10:27:06.630094+05:30,NIFTY,2026-10-06,True,41,82,22647.05,1.66,
2026-10-06 10:27:08.299474+05:30,NIFTY,2026-10-13,True,41,82,22646.8,1.66,
2026-10-06 10:27:09.967905+05:30,NIFTY,2026-10-19,True,41,82,22647.65,1.67,
2026-10-06 10:27:11.646843+05:30,BANKNIFTY,2026-10-27,True,41,82,54991.35,1.67,
2026-10-06 10:27:13.324168+05:30,BANKNIFTY,2026-11-23,True,41,82,54996.8,1.68,
2026-10-06 10:27:14.963472+05:30,SENSEX,2026-10-08,True,41,82,72675.12,1.64,
2026-10-06 10:27:16.691244+05:30,SENSEX,2026-10-15,True,41,82,72677.3,1.73,
2026-10-06 10:27:18.350492+05:30,FINNIFTY,2026-10-27,True,41,82,24851.1,1.66,
2026-10-06 10:27:20.005090+05:30,MIDCPNIFTY,2026-10-27,True,41,82,13728.0,1.65,
2026-10-06 10:28:06.615273+05:30,NIFTY,2026-10-06,True,41,82,22644.2,1.64,
2026-10-06 10:28:08.271900+05:30,NIFTY,2026-10-13,True,41,82,22644.25,1.65,
2026-10-06 10:28:09.941533+05:30,NIFTY,2026-10-19,True,41,82,22644.7,1.67,
2026-10-06 10:28:11.614069+05:30,BANKNIFTY,2026-10-27,True,41,82,54990.1,1.67,
2026-10-06 10:28:13.288069+05:30,BANKNIFTY,2026-11-23,True,41,82,54990.8,1.67,
2026-10-06 10:28:14.925424+05:30,SENSEX,2026-10-08,True,41,82,72662.79,1.64,
2026-10-06 10:28:16.702273+05:30,SENSEX,2026-10-15,True,41,82,72666.39,1.78,
2026-10-06 10:28:18.333492+05:30,FINNIFTY,2026-10-27,True,41,82,24849.0,1.62,
2026-10-06 10:28:20.001250+05:30,MIDCPNIFTY,2026-10-27,True,41,82,13731.25,1.67,
2026-10-06 10:29:06.574166+05:30,NIFTY,2026-10-06,True,41,82,22646.9,1.6,
2026-10-06 10:29:08.329033+05:30,NIFTY,2026-10-13,True,41,82,22647.45,1.75,
2026-10-06 10:29:09.926354+05:30,NIFTY,2026-10-19,True,41,82,22646.9,1.59,
2026-10-06 10:29:11.565421+05:30,BANKNIFTY,2026-10-27,True,41,82,54999.75,1.64,
2026-10-06 10:29:13.186098+05:30,BANKNIFTY,2026-11-23,True,41,82,54999.3,1.62,
2026-10-06 10:29:14.786760+05:30,SENSEX,2026-10-08,True,41,82,72660.0,1.6,
2026-10-06 10:29:16.439122+05:30,SENSEX,2026-10-15,True,41,82,72659.78,1.65,
2026-10-06 10:29:18.058691+05:30,FINNIFTY,2026-10-27,True,41,82,24852.45,1.62,
2026-10-06 10:29:19.671813+05:30,MIDCPNIFTY,2026-10-27,True,41,82,13731.2,1.61,
2026-10-06 10:30:06.570138+05:30,NIFTY,2026-10-06,True,41,82,22650.1,1.6,
2026-10-06 10:30:08.212892+05:30,NIFTY,2026-10-13,True,41,82,22650.55,1.64,
2026-10-06 10:30:09.816043+05:30,NIFTY,2026-10-19,True,41,82,22650.35,1.62,
2026-10-06 10:30:11.437108+05:30,BANKNIFTY,2026-10-27,True,41,82,55013.25,1.6,
2026-10-06 10:30:13.071470+05:30,BANKNIFTY,2026-11-23,True,41,82,55015.2,1.63,
2026-10-06 10:30:14.669380+05:30,SENSEX,2026-10-08,True,41,82,72678.49,1.6,
2026-10-06 10:30:16.318238+05:30,SENSEX,2026-10-15,True,41,82,72676.78,1.65,
2026-10-06 10:30:18.978499+05:30,FINNIFTY,2026-10-27,True,41,82,24853.4,2.66,
2026-10-06 10:30:20.631764+05:30,MIDCPNIFTY,2026-10-27,True,41,82,13734.45,1.65,
2026-10-06 10:31:06.555825+05:30,NIFTY,2026-10-06,True,41,82,22648.1,1.58,
2026-10-06 10:31:08.162943+05:30,NIFTY,2026-10-13,True,41,82,22648.95,1.6,
2026-10-06 10:31:10.806450+05:30,NIFTY,2026-10-19,True,41,82,22649.3,2.64,
2026-10-06 10:31:12.455049+05:30,BANKNIFTY,2026-10-27,True,41,82,55021.2,1.65,
2026-10-06 10:31:14.086419+05:30,BANKNIFTY,2026-11-23,True,41,82,55021.45,1.63,
2026-10-06 10:31:05.000176+05:30,SENSEX,2026-10-08,False,,,,1.19,"('Connection aborted.', RemoteDisconnected('Remote end closed connection without response'))"
2026-10-06 10:31:17.506429+05:30,SENSEX,2026-10-15,True,41,82,72664.96,2.23,
2026-10-06 10:31:19.090712+05:30,FINNIFTY,2026-10-27,True,41,82,24862.2,1.58,
2026-10-06 10:31:20.714277+05:30,MIDCPNIFTY,2026-10-27,True,41,82,13735.15,1.62,
2026-10-06 10:32:06.541984+05:30,NIFTY,2026-10-06,True,41,82,22651.0,1.57,
2026-10-06 10:32:08.165634+05:30,NIFTY,2026-10-13,True,41,82,22651.0,1.62,
2026-10-06 10:32:10.362835+05:30,NIFTY,2026-10-19,True,41,82,22651.8,2.19,
2026-10-06 10:32:12.035900+05:30,BANKNIFTY,2026-10-27,True,41,82,55026.25,1.67,
2026-10-06 10:32:13.643572+05:30,BANKNIFTY,2026-11-23,True,41,82,55027.5,1.61,
2026-10-06 10:32:15.263080+05:30,SENSEX,2026-10-08,True,41,82,72681.37,1.62,
2026-10-06 10:32:16.843753+05:30,SENSEX,2026-10-15,True,41,82,72680.19,1.58,
2026-10-06 10:32:18.433769+05:30,FINNIFTY,2026-10-27,True,41,82,24859.55,1.59,
2026-10-06 10:32:20.040003+05:30,MIDCPNIFTY,2026-10-27,True,41,82,13736.3,1.6,
2026-10-06 10:33:06.531908+05:30,NIFTY,2026-10-06,True,41,82,22646.3,1.56,
2026-10-06 10:33:08.138638+05:30,NIFTY,2026-10-13,True,41,82,22645.65,1.6,
2026-10-06 10:33:09.727420+05:30,NIFTY,2026-10-19,True,41,82,22645.35,1.59,
2026-10-06 10:33:11.326304+05:30,BANKNIFTY,2026-10-27,True,41,82,55015.95,1.6,
2026-10-06 10:33:12.937461+05:30,BANKNIFTY,2026-11-23,True,41,82,55015.2,1.61,
2026-10-06 10:33:14.529851+05:30,SENSEX,2026-10-08,True,41,82,72666.47,1.59,
2026-10-06 10:33:16.116618+05:30,SENSEX,2026-10-15,True,41,82,72665.23,1.59,
2026-10-06 10:33:17.713860+05:30,FINNIFTY,2026-10-27,True,41,82,24853.3,1.59,
2026-10-06 10:33:19.309099+05:30,MIDCPNIFTY,2026-10-27,True,41,82,13730.55,1.59,
2026-10-06 10:34:06.529839+05:30,NIFTY,2026-10-06,True,41,82,22652.85,1.56,
2026-10-06 10:34:08.128798+05:30,NIFTY,2026-10-13,True,41,82,22653.55,1.59,
2026-10-06 10:34:09.742337+05:30,NIFTY,2026-10-19,True,41,82,22653.4,1.61,
2026-10-06 10:34:11.367703+05:30,BANKNIFTY,2026-10-27,True,41,82,55053.25,1.62,
2026-10-06 10:34:13.151762+05:30,BANKNIFTY,2026-11-23,True,41,82,55046.9,1.78,
2026-10-06 10:34:14.756654+05:30,SENSEX,2026-10-08,True,41,82,72699.94,1.6,
2026-10-06 10:34:16.351849+05:30,SENSEX,2026-10-15,True,41,82,72703.96,1.59,
2026-10-06 10:34:17.961226+05:30,FINNIFTY,2026-10-27,True,41,82,24868.3,1.61,
2026-10-06 10:34:19.562233+05:30,MIDCPNIFTY,2026-10-27,True,41,82,13738.55,1.6,
2026-10-06 10:35:07.386412+05:30,NIFTY,2026-10-06,True,41,82,22658.5,2.41,
2026-10-06 10:35:09.239788+05:30,NIFTY,2026-10-13,True,41,82,22657.45,1.85,
2026-10-06 10:35:11.077287+05:30,NIFTY,2026-10-19,True,41,82,22657.75,1.83,
2026-10-06 10:35:12.930098+05:30,BANKNIFTY,2026-10-27,True,41,82,55034.9,1.85,
2026-10-06 10:35:14.796580+05:30,BANKNIFTY,2026-11-23,True,41,82,55035.7,1.87,
2026-10-06 10:35:16.655092+05:30,SENSEX,2026-10-08,True,41,82,72710.24,1.86,
2026-10-06 10:35:18.532843+05:30,SENSEX,2026-10-15,True,41,82,72710.02,1.88,
2026-10-06 10:35:20.382237+05:30,FINNIFTY,2026-10-27,True,41,82,24872.9,1.85,
2026-10-06 10:35:22.230156+05:30,MIDCPNIFTY,2026-10-27,True,41,82,13738.75,1.85,
2026-10-06 10:36:06.799787+05:30,NIFTY,2026-10-06,True,41,82,22662.25,1.83,
2026-10-06 10:36:08.629781+05:30,NIFTY,2026-10-13,True,41,82,22662.0,1.82,
2026-10-06 10:36:10.681380+05:30,NIFTY,2026-10-19,True,41,82,22660.95,2.05,
2026-10-06 10:36:12.739158+05:30,BANKNIFTY,2026-10-27,True,41,82,55033.95,2.05,
2026-10-06 10:36:14.605937+05:30,BANKNIFTY,2026-11-23,True,41,82,55033.2,1.86,
2026-10-06 10:36:16.445908+05:30,SENSEX,2026-10-08,True,41,82,72710.09,1.84,
2026-10-06 10:36:18.301747+05:30,SENSEX,2026-10-15,True,41,82,72710.2,1.85,
2026-10-06 10:36:20.164336+05:30,FINNIFTY,2026-10-27,True,41,82,24871.95,1.86,
2026-10-06 10:36:21.995837+05:30,MIDCPNIFTY,2026-10-27,True,41,82,13740.05,1.83,
2026-10-06 10:37:06.784146+05:30,NIFTY,2026-10-06,True,41,82,22664.0,1.81,
2026-10-06 10:37:08.627611+05:30,NIFTY,2026-10-13,True,41,82,22664.15,1.83,
2026-10-06 10:37:10.472452+05:30,NIFTY,2026-10-19,True,41,82,22663.5,1.84,
2026-10-06 10:37:12.307617+05:30,BANKNIFTY,2026-10-27,True,41,82,55035.5,1.83,
2026-10-06 10:37:14.141604+05:30,BANKNIFTY,2026-11-23,True,41,82,55034.35,1.83,
2026-10-06 10:37:15.967123+05:30,SENSEX,2026-10-08,True,41,82,72706.89,1.83,
2026-10-06 10:37:17.796569+05:30,SENSEX,2026-10-15,True,41,82,72712.52,1.83,
2026-10-06 10:37:19.626399+05:30,FINNIFTY,2026-10-27,True,41,82,24879.35,1.83,
2026-10-06 10:37:21.755046+05:30,MIDCPNIFTY,2026-10-27,True,41,82,13740.7,2.13,
2026-10-06 10:38:06.811335+05:30,NIFTY,2026-10-06,True,41,82,22670.6,1.84,
2026-10-06 10:38:08.649524+05:30,NIFTY,2026-10-13,True,41,82,22669.7,1.83,
2026-10-06 10:38:10.488152+05:30,NIFTY,2026-10-19,True,41,82,22670.35,1.84,
2026-10-06 10:38:12.331018+05:30,BANKNIFTY,2026-10-27,True,41,82,55047.25,1.86,
2026-10-06 10:38:14.180377+05:30,BANKNIFTY,2026-11-23,True,41,82,55045.75,1.83,
2026-10-06 10:38:16.005332+05:30,SENSEX,2026-10-08,True,41,82,72728.07,1.82,
2026-10-06 10:38:17.837971+05:30,SENSEX,2026-10-15,True,41,82,72728.82,1.83,
2026-10-06 10:38:19.672451+05:30,FINNIFTY,2026-10-27,True,41,82,24880.05,1.83,
2026-10-06 10:38:21.707577+05:30,MIDCPNIFTY,2026-10-27,True,41,82,13743.1,2.03,
2026-10-06 10:39:06.783946+05:30,NIFTY,2026-10-06,True,41,82,22669.4,1.81,
2026-10-06 10:39:08.609276+05:30,NIFTY,2026-10-13,True,41,82,22670.45,1.82,
2026-10-06 10:39:10.444429+05:30,NIFTY,2026-10-19,True,41,82,22669.35,1.83,
2026-10-06 10:39:12.291097+05:30,BANKNIFTY,2026-10-27,True,41,82,55046.75,1.85,
2026-10-06 10:39:14.138240+05:30,BANKNIFTY,2026-11-23,True,41,82,55042.95,1.84,
2026-10-06 10:39:15.966652+05:30,SENSEX,2026-10-08,True,41,82,72727.86,1.83,
2026-10-06 10:39:17.789911+05:30,SENSEX,2026-10-15,True,41,82,72728.11,1.82,
2026-10-06 10:39:19.619155+05:30,FINNIFTY,2026-10-27,True,41,82,24884.85,1.83,
2026-10-06 10:39:21.462815+05:30,MIDCPNIFTY,2026-10-27,True,41,82,13738.65,1.84,
2026-10-06 10:40:06.803881+05:30,NIFTY,2026-10-06,True,41,82,22671.85,1.83,
2026-10-06 10:40:08.628859+05:30,NIFTY,2026-10-13,True,41,82,22671.75,1.82,
2026-10-06 10:40:10.444144+05:30,NIFTY,2026-10-19,True,41,82,22671.45,1.81,
2026-10-06 10:40:12.304601+05:30,BANKNIFTY,2026-10-27,True,41,82,55050.05,1.86,
2026-10-06 10:40:14.177694+05:30,BANKNIFTY,2026-11-23,True,41,82,55043.55,1.87,
2026-10-06 10:40:16.014879+05:30,SENSEX,2026-10-08,True,41,82,72739.02,1.84,
2026-10-06 10:40:17.844016+05:30,SENSEX,2026-10-15,True,41,82,72736.43,1.83,
2026-10-06 10:40:19.691516+05:30,FINNIFTY,2026-10-27,True,41,82,24884.45,1.84,
2026-10-06 10:40:21.536698+05:30,MIDCPNIFTY,2026-10-27,True,41,82,13737.8,1.84,
2026-10-06 10:41:06.803480+05:30,NIFTY,2026-10-06,True,41,82,22664.15,1.83,
2026-10-06 10:41:08.635942+05:30,NIFTY,2026-10-13,True,41,82,22664.45,1.83,
2026-10-06 10:41:10.483384+05:30,NIFTY,2026-10-19,True,41,82,22662.4,1.85,
2026-10-06 10:41:12.322021+05:30,BANKNIFTY,2026-10-27,True,41,82,55018.1,1.83,
2026-10-06 10:41:14.158478+05:30,BANKNIFTY,2026-11-23,True,41,82,55017.8,1.83,
2026-10-06 10:41:15.990199+05:30,SENSEX,2026-10-08,True,41,82,72719.81,1.83,
2026-10-06 10:41:17.812573+05:30,SENSEX,2026-10-15,True,41,82,72722.57,1.82,
2026-10-06 10:41:19.641237+05:30,FINNIFTY,2026-10-27,True,41,82,24870.6,1.83,
2026-10-06 10:41:21.488346+05:30,MIDCPNIFTY,2026-10-27,True,41,82,13734.5,1.85,
2026-10-06 10:42:06.778692+05:30,NIFTY,2026-10-06,True,41,82,22666.35,1.81,
2026-10-06 10:42:08.629787+05:30,NIFTY,2026-10-13,True,41,82,22667.0,1.84,
2026-10-06 10:42:10.460142+05:30,NIFTY,2026-10-19,True,41,82,22667.45,1.83,
2026-10-06 10:42:12.295681+05:30,BANKNIFTY,2026-10-27,True,41,82,55039.3,1.83,
2026-10-06 10:42:14.157210+05:30,BANKNIFTY,2026-11-23,True,41,82,55040.15,1.86,
2026-10-06 10:42:16.002738+05:30,SENSEX,2026-10-08,True,41,82,72734.03,1.84,
2026-10-06 10:42:17.829194+05:30,SENSEX,2026-10-15,True,41,82,72735.27,1.83,
2026-10-06 10:42:19.649276+05:30,FINNIFTY,2026-10-27,True,41,82,24878.65,1.82,
2026-10-06 10:42:21.504477+05:30,MIDCPNIFTY,2026-10-27,True,41,82,13737.15,1.85,
2026-10-06 10:43:06.794523+05:30,NIFTY,2026-10-06,True,41,82,22671.3,1.82,
2026-10-06 10:43:08.730700+05:30,NIFTY,2026-10-13,True,41,82,22671.4,1.93,
2026-10-06 10:43:10.579247+05:30,NIFTY,2026-10-19,True,41,82,22669.9,1.85,
2026-10-06 10:43:12.423439+05:30,BANKNIFTY,2026-10-27,True,41,82,55041.85,1.84,
2026-10-06 10:43:14.272451+05:30,BANKNIFTY,2026-11-23,True,41,82,55036.65,1.85,
2026-10-06 10:43:16.108747+05:30,SENSEX,2026-10-08,True,41,82,72741.22,1.84,
2026-10-06 10:43:17.922232+05:30,SENSEX,2026-10-15,True,41,82,72739.09,1.81,
2026-10-06 10:43:19.764505+05:30,FINNIFTY,2026-10-27,True,41,82,24879.7,1.84,
2026-10-06 10:43:21.590382+05:30,MIDCPNIFTY,2026-10-27,True,41,82,13737.65,1.82,
2026-10-06 10:44:06.792739+05:30,NIFTY,2026-10-06,True,41,82,22672.75,1.82,
2026-10-06 10:44:08.633676+05:30,NIFTY,2026-10-13,True,41,82,22672.05,1.83,
2026-10-06 10:44:10.466387+05:30,NIFTY,2026-10-19,True,41,82,22671.2,1.83,
2026-10-06 10:44:12.306407+05:30,BANKNIFTY,2026-10-27,True,41,82,55033.85,1.84,
2026-10-06 10:44:14.173805+05:30,BANKNIFTY,2026-11-23,True,41,82,55032.9,1.87,
2026-10-06 10:44:15.997592+05:30,SENSEX,2026-10-08,True,41,82,72743.05,1.81,
2026-10-06 10:44:17.825920+05:30,SENSEX,2026-10-15,True,41,82,72739.4,1.83,
2026-10-06 10:44:19.655224+05:30,FINNIFTY,2026-10-27,True,41,82,24874.75,1.83,
2026-10-06 10:44:21.490158+05:30,MIDCPNIFTY,2026-10-27,True,41,82,13739.1,1.83,
2026-10-06 10:45:07.044034+05:30,NIFTY,2026-10-06,True,41,82,22675.1,2.07,
2026-10-06 10:45:08.656791+05:30,NIFTY,2026-10-13,True,41,82,22675.45,1.6,
2026-10-06 10:45:10.681040+05:30,NIFTY,2026-10-19,True,41,82,22674.8,2.02,
2026-10-06 10:45:12.315755+05:30,BANKNIFTY,2026-10-27,True,41,82,55043.2,1.63,
2026-10-06 10:45:13.927517+05:30,BANKNIFTY,2026-11-23,True,41,82,55041.35,1.61,
2026-10-06 10:45:15.537236+05:30,SENSEX,2026-10-08,True,41,82,72761.1,1.61,
2026-10-06 10:45:17.138558+05:30,SENSEX,2026-10-15,True,41,82,72760.72,1.6,
2026-10-06 10:45:18.755946+05:30,FINNIFTY,2026-10-27,True,41,82,24882.35,1.61,
2026-10-06 10:45:20.360826+05:30,MIDCPNIFTY,2026-10-27,True,41,82,13739.55,1.61,
2026-10-06 10:46:06.586790+05:30,NIFTY,2026-10-06,True,41,82,22669.65,1.61,
2026-10-06 10:46:08.174510+05:30,NIFTY,2026-10-13,True,41,82,22669.2,1.58,
2026-10-06 10:46:09.780442+05:30,NIFTY,2026-10-19,True,41,82,22669.4,1.6,
2026-10-06 10:46:11.412606+05:30,BANKNIFTY,2026-10-27,True,41,82,55016.5,1.63,
2026-10-06 10:46:13.038016+05:30,BANKNIFTY,2026-11-23,True,41,82,55017.65,1.62,
2026-10-06 10:46:14.641493+05:30,SENSEX,2026-10-08,True,41,82,72742.34,1.6,
2026-10-06 10:46:16.240309+05:30,SENSEX,2026-10-15,True,41,82,72743.56,1.6,
2026-10-06 10:46:17.835184+05:30,FINNIFTY,2026-10-27,True,41,82,24877.7,1.59,
2026-10-06 10:46:19.447222+05:30,MIDCPNIFTY,2026-10-27,True,41,82,13736.45,1.61,
2026-10-06 10:47:06.561750+05:30,NIFTY,2026-10-06,True,41,82,22667.35,1.59,
2026-10-06 10:47:08.155888+05:30,NIFTY,2026-10-13,True,41,82,22666.35,1.59,
2026-10-06 10:47:09.764051+05:30,NIFTY,2026-10-19,True,41,82,22665.35,1.61,
2026-10-06 10:47:11.357602+05:30,BANKNIFTY,2026-10-27,True,41,82,55000.3,1.59,
2026-10-06 10:47:12.983426+05:30,BANKNIFTY,2026-11-23,True,41,82,55001.3,1.62,
2026-10-06 10:47:14.574741+05:30,SENSEX,2026-10-08,True,41,82,72726.49,1.59,
2026-10-06 10:47:16.186624+05:30,SENSEX,2026-10-15,True,41,82,72718.37,1.61,
2026-10-06 10:47:17.776089+05:30,FINNIFTY,2026-10-27,True,41,82,24854.65,1.59,
2026-10-06 10:47:19.377095+05:30,MIDCPNIFTY,2026-10-27,True,41,82,13734.4,1.6,
2026-10-06 10:48:06.566573+05:30,NIFTY,2026-10-06,True,41,82,22665.85,1.59,
2026-10-06 10:48:08.173496+05:30,NIFTY,2026-10-13,True,41,82,22666.25,1.6,
2026-10-06 10:48:09.778792+05:30,NIFTY,2026-10-19,True,41,82,22665.35,1.6,
2026-10-06 10:48:12.438797+05:30,BANKNIFTY,2026-10-27,True,41,82,54997.0,2.66,
2026-10-06 10:48:14.060480+05:30,BANKNIFTY,2026-11-23,True,41,82,54997.15,1.62,
2026-10-06 10:48:15.666667+05:30,SENSEX,2026-10-08,True,41,82,72734.71,1.61,
2026-10-06 10:48:17.267840+05:30,SENSEX,2026-10-15,True,41,82,72731.13,1.6,
2026-10-06 10:48:18.866534+05:30,FINNIFTY,2026-10-27,True,41,82,24865.15,1.6,
2026-10-06 10:48:20.553814+05:30,MIDCPNIFTY,2026-10-27,True,41,82,13735.9,1.69,
2026-10-06 10:49:06.550992+05:30,NIFTY,2026-10-06,True,41,82,22669.65,1.58,
2026-10-06 10:49:08.149873+05:30,NIFTY,2026-10-13,True,41,82,22669.6,1.59,
2026-10-06 10:49:09.749144+05:30,NIFTY,2026-10-19,True,41,82,22668.35,1.6,
2026-10-06 10:49:11.401356+05:30,BANKNIFTY,2026-10-27,True,41,82,54991.45,1.65,
2026-10-06 10:49:13.039283+05:30,BANKNIFTY,2026-11-23,True,41,82,54988.8,1.64,
2026-10-06 10:49:14.672511+05:30,SENSEX,2026-10-08,True,41,82,72742.28,1.63,
2026-10-06 10:49:16.276682+05:30,SENSEX,2026-10-15,True,41,82,72745.63,1.6,
2026-10-06 10:49:17.880862+05:30,FINNIFTY,2026-10-27,True,41,82,24868.5,1.6,
2026-10-06 10:49:19.483651+05:30,MIDCPNIFTY,2026-10-27,True,41,82,13733.85,1.6,
2026-10-06 10:50:06.552789+05:30,NIFTY,2026-10-06,True,41,82,22669.4,1.58,
2026-10-06 10:50:08.145527+05:30,NIFTY,2026-10-13,True,41,82,22670.25,1.59,
2026-10-06 10:50:09.741130+05:30,NIFTY,2026-10-19,True,41,82,22670.55,1.59,
2026-10-06 10:50:11.334931+05:30,BANKNIFTY,2026-10-27,True,41,82,54993.0,1.59,
2026-10-06 10:50:12.942860+05:30,BANKNIFTY,2026-11-23,True,41,82,54992.8,1.61,
2026-10-06 10:50:14.530886+05:30,SENSEX,2026-10-08,True,41,82,72740.21,1.59,
2026-10-06 10:50:16.113212+05:30,SENSEX,2026-10-15,True,41,82,72744.18,1.58,
2026-10-06 10:50:17.702406+05:30,FINNIFTY,2026-10-27,True,41,82,24870.2,1.59,
2026-10-06 10:50:19.301416+05:30,MIDCPNIFTY,2026-10-27,True,41,82,13733.3,1.6,
2026-10-06 10:51:06.565605+05:30,NIFTY,2026-10-06,True,41,82,22664.75,1.59,
2026-10-06 10:51:08.173739+05:30,NIFTY,2026-10-13,True,41,82,22664.55,1.6,
2026-10-06 10:51:09.773615+05:30,NIFTY,2026-10-19,True,41,82,22663.15,1.61,
2026-10-06 10:51:11.405533+05:30,BANKNIFTY,2026-10-27,True,41,82,54975.9,1.62,
2026-10-06 10:51:13.028964+05:30,BANKNIFTY,2026-11-23,True,41,82,54974.75,1.62,
2026-10-06 10:51:14.633644+05:30,SENSEX,2026-10-08,True,41,82,72732.27,1.6,
2026-10-06 10:51:16.229033+05:30,SENSEX,2026-10-15,True,41,82,72731.81,1.6,
2026-10-06 10:51:17.841042+05:30,FINNIFTY,2026-10-27,True,41,82,24861.0,1.61,
2026-10-06 10:51:19.440164+05:30,MIDCPNIFTY,2026-10-27,True,41,82,13729.45,1.6,
2026-10-06 10:52:06.562132+05:30,NIFTY,2026-10-06,True,41,82,22660.05,1.59,
2026-10-06 10:52:08.157428+05:30,NIFTY,2026-10-13,True,41,82,22660.05,1.59,
2026-10-06 10:52:09.745419+05:30,NIFTY,2026-10-19,True,41,82,22660.4,1.59,
2026-10-06 10:52:11.368598+05:30,BANKNIFTY,2026-10-27,True,41,82,54955.9,1.62,
2026-10-06 10:52:12.976986+05:30,BANKNIFTY,2026-11-23,True,41,82,54957.1,1.61,
2026-10-06 10:52:14.591272+05:30,SENSEX,2026-10-08,True,41,82,72724.95,1.61,
2026-10-06 10:52:16.179698+05:30,SENSEX,2026-10-15,True,41,82,72723.31,1.59,
2026-10-06 10:52:17.779433+05:30,FINNIFTY,2026-10-27,True,41,82,24853.75,1.6,
2026-10-06 10:52:19.384553+05:30,MIDCPNIFTY,2026-10-27,True,41,82,13731.05,1.6,
2026-10-06 10:53:07.165893+05:30,NIFTY,2026-10-06,True,41,82,22666.4,2.19,
2026-10-06 10:53:08.764891+05:30,NIFTY,2026-10-13,True,41,82,22666.15,1.59,
2026-10-06 10:53:10.355594+05:30,NIFTY,2026-10-19,True,41,82,22665.95,1.59,
2026-10-06 10:53:11.957565+05:30,BANKNIFTY,2026-10-27,True,41,82,54978.05,1.6,
2026-10-06 10:53:13.560083+05:30,BANKNIFTY,2026-11-23,True,41,82,54972.75,1.6,
2026-10-06 10:53:15.155697+05:30,SENSEX,2026-10-08,True,41,82,72740.61,1.59,
2026-10-06 10:53:16.753531+05:30,SENSEX,2026-10-15,True,41,82,72743.14,1.6,
2026-10-06 10:53:18.372514+05:30,FINNIFTY,2026-10-27,True,41,82,24857.6,1.62,
2026-10-06 10:53:19.965802+05:30,MIDCPNIFTY,2026-10-27,True,41,82,13731.75,1.59,
2026-10-06 10:54:06.557411+05:30,NIFTY,2026-10-06,True,41,82,22661.55,1.58,
2026-10-06 10:54:08.167342+05:30,NIFTY,2026-10-13,True,41,82,22660.85,1.6,
2026-10-06 10:54:09.777461+05:30,NIFTY,2026-10-19,True,41,82,22660.45,1.61,
2026-10-06 10:54:11.410652+05:30,BANKNIFTY,2026-10-27,True,41,82,54970.25,1.63,
2026-10-06 10:54:13.023457+05:30,BANKNIFTY,2026-11-23,True,41,82,54971.55,1.61,
2026-10-06 10:54:14.667307+05:30,SENSEX,2026-10-08,True,41,82,72730.22,1.64,
2026-10-06 10:54:16.267901+05:30,SENSEX,2026-10-15,True,41,82,72729.02,1.6,
2026-10-06 10:54:17.869340+05:30,FINNIFTY,2026-10-27,True,41,82,24856.35,1.6,
2026-10-06 10:54:19.478983+05:30,MIDCPNIFTY,2026-10-27,True,41,82,13728.9,1.61,
2026-10-06 10:55:06.575825+05:30,NIFTY,2026-10-06,True,41,82,22662.7,1.6,
2026-10-06 10:55:08.185471+05:30,NIFTY,2026-10-13,True,41,82,22662.75,1.6,
2026-10-06 10:55:09.800143+05:30,NIFTY,2026-10-19,True,41,82,22662.5,1.61,
2026-10-06 10:55:11.419034+05:30,BANKNIFTY,2026-10-27,True,41,82,54983.4,1.62,
2026-10-06 10:55:13.068501+05:30,BANKNIFTY,2026-11-23,True,41,82,54983.85,1.65,
2026-10-06 10:55:14.672491+05:30,SENSEX,2026-10-08,True,41,82,72721.19,1.6,
2026-10-06 10:55:16.265653+05:30,SENSEX,2026-10-15,True,41,82,72730.24,1.59,
2026-10-06 10:55:17.871784+05:30,FINNIFTY,2026-10-27,True,41,82,24863.9,1.6,
2026-10-06 10:55:19.480173+05:30,MIDCPNIFTY,2026-10-27,True,41,82,13729.35,1.61,
2026-10-06 10:56:06.549623+05:30,NIFTY,2026-10-06,True,41,82,22663.5,1.58,
2026-10-06 10:56:08.156955+05:30,NIFTY,2026-10-13,True,41,82,22663.95,1.6,
2026-10-06 10:56:09.754060+05:30,NIFTY,2026-10-19,True,41,82,22662.7,1.6,
2026-10-06 10:56:11.362834+05:30,BANKNIFTY,2026-10-27,True,41,82,54986.85,1.6,
2026-10-06 10:56:12.975159+05:30,BANKNIFTY,2026-11-23,True,41,82,54990.15,1.61,
2026-10-06 10:56:14.596530+05:30,SENSEX,2026-10-08,True,41,82,72719.95,1.62,
2026-10-06 10:56:16.199037+05:30,SENSEX,2026-10-15,True,41,82,72719.7,1.6,
2026-10-06 10:56:17.813557+05:30,FINNIFTY,2026-10-27,True,41,82,24861.65,1.61,
2026-10-06 10:56:19.412676+05:30,MIDCPNIFTY,2026-10-27,True,41,82,13731.05,1.6,
2026-10-06 10:57:06.569428+05:30,NIFTY,2026-10-06,True,41,82,22658.8,1.59,
2026-10-06 10:57:08.172378+05:30,NIFTY,2026-10-13,True,41,82,22657.9,1.6,
2026-10-06 10:57:09.769111+05:30,NIFTY,2026-10-19,True,41,82,22657.4,1.59,
2026-10-06 10:57:11.382240+05:30,BANKNIFTY,2026-10-27,True,41,82,54975.3,1.61,
2026-10-06 10:57:13.018974+05:30,BANKNIFTY,2026-11-23,True,41,82,54975.75,1.64,
2026-10-06 10:57:14.613866+05:30,SENSEX,2026-10-08,True,41,82,72716.16,1.59,
2026-10-06 10:57:16.247414+05:30,SENSEX,2026-10-15,True,41,82,72716.13,1.63,
2026-10-06 10:57:17.858839+05:30,FINNIFTY,2026-10-27,True,41,82,24856.45,1.61,
2026-10-06 10:57:19.451485+05:30,MIDCPNIFTY,2026-10-27,True,41,82,13730.45,1.59,
2026-10-06 10:58:07.125385+05:30,NIFTY,2026-10-06,True,41,82,22657.15,2.15,
2026-10-06 10:58:08.742533+05:30,NIFTY,2026-10-13,True,41,82,22657.1,1.61,
2026-10-06 10:58:10.352116+05:30,NIFTY,2026-10-19,True,41,82,22657.2,1.61,
2026-10-06 10:58:11.954128+05:30,BANKNIFTY,2026-10-27,True,41,82,54987.55,1.6,
2026-10-06 10:58:13.590665+05:30,BANKNIFTY,2026-11-23,True,41,82,54986.15,1.63,
2026-10-06 10:58:15.183862+05:30,SENSEX,2026-10-08,True,41,82,72707.46,1.59,
2026-10-06 10:58:16.774307+05:30,SENSEX,2026-10-15,True,41,82,72708.43,1.59,
2026-10-06 10:58:18.392702+05:30,FINNIFTY,2026-10-27,True,41,82,24861.55,1.62,
2026-10-06 10:58:20.006578+05:30,MIDCPNIFTY,2026-10-27,True,41,82,13732.7,1.61,
2026-10-06 10:59:06.576613+05:30,NIFTY,2026-10-06,True,41,82,22653.6,1.6,
2026-10-06 10:59:08.174037+05:30,NIFTY,2026-10-13,True,41,82,22654.35,1.59,
2026-10-06 10:59:09.825859+05:30,NIFTY,2026-10-19,True,41,82,22653.4,1.65,
2026-10-06 10:59:11.459507+05:30,BANKNIFTY,2026-10-27,True,41,82,54986.1,1.63,
2026-10-06 10:59:13.066440+05:30,BANKNIFTY,2026-11-23,True,41,82,54985.3,1.61,
2026-10-06 10:59:14.683276+05:30,SENSEX,2026-10-08,True,41,82,72696.54,1.62,
2026-10-06 10:59:16.267019+05:30,SENSEX,2026-10-15,True,41,82,72696.71,1.58,
2026-10-06 10:59:17.850006+05:30,FINNIFTY,2026-10-27,True,41,82,24863.15,1.58,
2026-10-06 10:59:19.449903+05:30,MIDCPNIFTY,2026-10-27,True,41,82,13732.85,1.6,
2026-10-06 11:00:06.582601+05:30,NIFTY,2026-10-06,True,41,82,22663.25,1.61,
2026-10-06 11:00:08.192250+05:30,NIFTY,2026-10-13,True,41,82,22665.0,1.6,
2026-10-06 11:00:09.790311+05:30,NIFTY,2026-10-19,True,41,82,22664.45,1.6,
2026-10-06 11:00:11.399063+05:30,BANKNIFTY,2026-10-27,True,41,82,55007.6,1.61,
2026-10-06 11:00:13.016660+05:30,BANKNIFTY,2026-11-23,True,41,82,55012.85,1.62,
2026-10-06 11:00:14.638211+05:30,SENSEX,2026-10-08,True,41,75,72737.35,1.62,
2026-10-06 11:00:16.230916+05:30,SENSEX,2026-10-15,True,41,76,72732.85,1.59,
2026-10-06 11:00:17.821985+05:30,FINNIFTY,2026-10-27,True,41,82,24870.4,1.59,
2026-10-06 11:00:19.419187+05:30,MIDCPNIFTY,2026-10-27,True,41,82,13735.05,1.6,
2026-10-06 11:01:06.554205+05:30,NIFTY,2026-10-06,True,41,82,22660.5,1.58,
2026-10-06 11:01:08.176222+05:30,NIFTY,2026-10-13,True,41,82,22660.6,1.62,
2026-10-06 11:01:09.769264+05:30,NIFTY,2026-10-19,True,41,82,22660.2,1.59,
2026-10-06 11:01:11.387228+05:30,BANKNIFTY,2026-10-27,True,41,82,54984.35,1.62,
2026-10-06 11:01:12.997848+05:30,BANKNIFTY,2026-11-23,True,41,82,54983.95,1.61,
2026-10-06 11:01:14.602517+05:30,SENSEX,2026-10-08,True,41,75,72728.91,1.6,
2026-10-06 11:01:16.198465+05:30,SENSEX,2026-10-15,True,41,76,72729.07,1.6,
2026-10-06 11:01:17.786035+05:30,FINNIFTY,2026-10-27,True,41,82,24857.9,1.58,
2026-10-06 11:01:19.386282+05:30,MIDCPNIFTY,2026-10-27,True,41,82,13732.35,1.6,
2026-10-06 11:02:06.555809+05:30,NIFTY,2026-10-06,True,41,82,22668.9,1.58,
2026-10-06 11:02:08.175229+05:30,NIFTY,2026-10-13,True,41,82,22669.2,1.61,
2026-10-06 11:02:09.766988+05:30,NIFTY,2026-10-19,True,41,82,22668.4,1.59,
2026-10-06 11:02:11.389136+05:30,BANKNIFTY,2026-10-27,True,41,82,54983.5,1.62,
2026-10-06 11:02:13.009395+05:30,BANKNIFTY,2026-11-23,True,41,82,54982.0,1.62,
2026-10-06 11:02:14.603847+05:30,SENSEX,2026-10-08,True,41,76,72741.99,1.59,
2026-10-06 11:02:16.223487+05:30,SENSEX,2026-10-15,True,41,76,72738.13,1.62,
2026-10-06 11:02:17.814726+05:30,FINNIFTY,2026-10-27,True,41,82,24861.25,1.59,
2026-10-06 11:02:19.415238+05:30,MIDCPNIFTY,2026-10-27,True,41,82,13735.05,1.6,
2026-10-06 11:03:06.546756+05:30,NIFTY,2026-10-06,True,41,82,22673.0,1.57,
2026-10-06 11:03:08.148130+05:30,NIFTY,2026-10-13,True,41,82,22673.35,1.59,
2026-10-06 11:03:09.750651+05:30,NIFTY,2026-10-19,True,41,82,22673.8,1.61,
2026-10-06 11:03:11.361910+05:30,BANKNIFTY,2026-10-27,True,41,82,55006.4,1.6,
2026-10-06 11:03:13.098064+05:30,BANKNIFTY,2026-11-23,True,41,82,55007.6,1.73,
2026-10-06 11:03:14.719167+05:30,SENSEX,2026-10-08,True,41,74,72769.84,1.62,
2026-10-06 11:03:16.348453+05:30,SENSEX,2026-10-15,True,41,75,72767.74,1.63,
2026-10-06 11:03:18.544019+05:30,FINNIFTY,2026-10-27,True,41,82,24868.15,2.19,
2026-10-06 11:03:20.151513+05:30,MIDCPNIFTY,2026-10-27,True,41,82,13735.05,1.61,
2026-10-06 11:04:06.541714+05:30,NIFTY,2026-10-06,True,41,82,22673.95,1.57,
2026-10-06 11:04:08.171981+05:30,NIFTY,2026-10-13,True,41,82,22673.95,1.62,
2026-10-06 11:04:09.772070+05:30,NIFTY,2026-10-19,True,41,82,22673.55,1.6,
2026-10-06 11:04:11.400608+05:30,BANKNIFTY,2026-10-27,True,41,82,55017.5,1.63,
2026-10-06 11:04:13.037433+05:30,BANKNIFTY,2026-11-23,True,41,82,55014.45,1.64,
2026-10-06 11:04:15.642130+05:30,SENSEX,2026-10-08,True,41,74,72768.5,2.6,
2026-10-06 11:04:17.267792+05:30,SENSEX,2026-10-15,True,41,75,72768.54,1.62,
2026-10-06 11:04:18.880612+05:30,FINNIFTY,2026-10-27,True,41,82,24869.7,1.61,
2026-10-06 11:04:20.485137+05:30,MIDCPNIFTY,2026-10-27,True,41,82,13736.15,1.6,
2026-10-06 11:05:06.558700+05:30,NIFTY,2026-10-06,True,41,82,22678.8,1.59,
2026-10-06 11:05:08.162465+05:30,NIFTY,2026-10-13,True,41,82,22678.3,1.6,
2026-10-06 11:05:09.770444+05:30,NIFTY,2026-10-19,True,41,82,22678.15,1.61,
2026-10-06 11:05:11.385650+05:30,BANKNIFTY,2026-10-27,True,41,82,55020.1,1.61,
2026-10-06 11:05:13.026816+05:30,BANKNIFTY,2026-11-23,True,41,82,55019.7,1.64,
2026-10-06 11:05:14.634996+05:30,SENSEX,2026-10-08,True,41,74,72787.21,1.61,
2026-10-06 11:05:16.248606+05:30,SENSEX,2026-10-15,True,41,75,72787.16,1.61,
2026-10-06 11:05:17.849139+05:30,FINNIFTY,2026-10-27,True,41,82,24873.75,1.6,
2026-10-06 11:05:19.452880+05:30,MIDCPNIFTY,2026-10-27,True,41,82,13733.4,1.6,
2026-10-06 11:06:06.552170+05:30,NIFTY,2026-10-06,True,41,82,22691.0,1.58,
2026-10-06 11:06:08.172670+05:30,NIFTY,2026-10-13,True,41,82,22691.65,1.61,
2026-10-06 11:06:09.799676+05:30,NIFTY,2026-10-19,True,41,82,22691.4,1.62,
2026-10-06 11:06:11.421194+05:30,BANKNIFTY,2026-10-27,True,41,82,55060.0,1.62,
2026-10-06 11:06:13.054574+05:30,BANKNIFTY,2026-11-23,True,41,82,55060.0,1.63,
2026-10-06 11:06:14.661360+05:30,SENSEX,2026-10-08,True,41,74,72827.64,1.61,
2026-10-06 11:06:16.285642+05:30,SENSEX,2026-10-15,True,41,75,72825.89,1.62,
2026-10-06 11:06:17.878005+05:30,FINNIFTY,2026-10-27,True,41,82,24890.75,1.59,
2026-10-06 11:06:19.498364+05:30,MIDCPNIFTY,2026-10-27,True,41,82,13741.8,1.62,
2026-10-06 11:07:06.591991+05:30,NIFTY,2026-10-06,True,41,82,22684.45,1.62,
2026-10-06 11:07:08.204481+05:30,NIFTY,2026-10-13,True,41,82,22684.55,1.61,
2026-10-06 11:07:10.431178+05:30,NIFTY,2026-10-19,True,41,82,22684.35,2.22,
2026-10-06 11:07:12.065224+05:30,BANKNIFTY,2026-10-27,True,41,82,55053.35,1.63,
2026-10-06 11:07:13.693714+05:30,BANKNIFTY,2026-11-23,True,41,82,55058.5,1.63,
2026-10-06 11:07:15.326750+05:30,SENSEX,2026-10-08,True,41,74,72808.3,1.63,
2026-10-06 11:07:17.002926+05:30,SENSEX,2026-10-15,True,41,70,72808.69,1.68,
2026-10-06 11:07:18.649216+05:30,FINNIFTY,2026-10-27,True,41,82,24888.9,1.64,
2026-10-06 11:07:20.297807+05:30,MIDCPNIFTY,2026-10-27,True,41,82,13740.1,1.65,
2026-10-06 11:08:06.556249+05:30,NIFTY,2026-10-06,True,41,82,22677.25,1.58,
2026-10-06 11:08:08.183704+05:30,NIFTY,2026-10-13,True,41,82,22676.8,1.62,
2026-10-06 11:08:09.801981+05:30,NIFTY,2026-10-19,True,41,82,22676.05,1.62,
2026-10-06 11:08:11.421922+05:30,BANKNIFTY,2026-10-27,True,41,82,55036.1,1.62,
2026-10-06 11:08:13.055638+05:30,BANKNIFTY,2026-11-23,True,41,82,55038.35,1.63,
2026-10-06 11:08:14.663643+05:30,SENSEX,2026-10-08,True,41,80,72774.75,1.61,
2026-10-06 11:08:16.317158+05:30,SENSEX,2026-10-15,True,41,73,72778.24,1.65,
2026-10-06 11:08:17.926977+05:30,FINNIFTY,2026-10-27,True,41,82,24875.65,1.61,
2026-10-06 11:08:19.544027+05:30,MIDCPNIFTY,2026-10-27,True,41,82,13739.8,1.62,
2026-10-06 11:09:06.584611+05:30,NIFTY,2026-10-06,True,41,82,22681.95,1.61,
2026-10-06 11:09:08.200804+05:30,NIFTY,2026-10-13,True,41,82,22682.1,1.61,
2026-10-06 11:09:09.812492+05:30,NIFTY,2026-10-19,True,41,82,22681.95,1.61,
2026-10-06 11:09:11.440961+05:30,BANKNIFTY,2026-10-27,True,41,82,55059.5,1.63,
2026-10-06 11:09:13.060913+05:30,BANKNIFTY,2026-11-23,True,41,82,55056.45,1.62,
2026-10-06 11:09:14.666260+05:30,SENSEX,2026-10-08,True,41,80,72800.09,1.6,
2026-10-06 11:09:16.294044+05:30,SENSEX,2026-10-15,True,41,72,72799.58,1.63,
2026-10-06 11:09:17.921278+05:30,FINNIFTY,2026-10-27,True,41,82,24885.55,1.63,
2026-10-06 11:09:19.558064+05:30,MIDCPNIFTY,2026-10-27,True,41,82,13740.7,1.64,
2026-10-06 11:10:06.682668+05:30,NIFTY,2026-10-06,True,41,82,22682.05,1.71,
2026-10-06 11:10:08.407754+05:30,NIFTY,2026-10-13,True,41,82,22682.15,1.72,
2026-10-06 11:10:11.160647+05:30,NIFTY,2026-10-19,True,41,82,22684.8,2.75,
2026-10-06 11:10:12.923252+05:30,BANKNIFTY,2026-10-27,True,41,82,55051.85,1.76,
2026-10-06 11:10:14.643891+05:30,BANKNIFTY,2026-11-23,True,41,82,55058.5,1.72,
2026-10-06 11:10:16.377843+05:30,SENSEX,2026-10-08,True,41,80,72797.64,1.73,
2026-10-06 11:10:18.099505+05:30,SENSEX,2026-10-15,True,41,75,72800.41,1.72,
2026-10-06 11:10:19.802654+05:30,FINNIFTY,2026-10-27,True,41,82,24870.5,1.7,
2026-10-06 11:10:21.523902+05:30,MIDCPNIFTY,2026-10-27,True,41,82,13739.1,1.72,
2026-10-06 11:11:06.573712+05:30,NIFTY,2026-10-06,True,41,82,22683.75,1.6,
2026-10-06 11:11:08.184134+05:30,NIFTY,2026-10-13,True,41,82,22684.3,1.6,
2026-10-06 11:11:09.810399+05:30,NIFTY,2026-10-19,True,41,82,22683.35,1.62,
2026-10-06 11:11:11.431172+05:30,BANKNIFTY,2026-10-27,True,41,82,55045.0,1.62,
2026-10-06 11:11:13.054373+05:30,BANKNIFTY,2026-11-23,True,41,82,55044.95,1.62,
2026-10-06 11:11:14.663216+05:30,SENSEX,2026-10-08,True,41,81,72799.29,1.61,
2026-10-06 11:11:16.287707+05:30,SENSEX,2026-10-15,True,41,75,72802.85,1.62,
2026-10-06 11:11:17.899303+05:30,FINNIFTY,2026-10-27,True,41,82,24876.45,1.61,
2026-10-06 11:11:19.512303+05:30,MIDCPNIFTY,2026-10-27,True,41,82,13733.95,1.61,
2026-10-06 11:12:07.032581+05:30,NIFTY,2026-10-06,True,41,82,22681.0,2.06,
2026-10-06 11:12:08.623866+05:30,NIFTY,2026-10-13,True,41,82,22681.25,1.58,
2026-10-06 11:12:10.203710+05:30,NIFTY,2026-10-19,True,41,82,22681.55,1.58,
2026-10-06 11:12:11.840798+05:30,BANKNIFTY,2026-10-27,True,41,82,55047.3,1.64,
2026-10-06 11:12:13.466698+05:30,BANKNIFTY,2026-11-23,True,41,82,55046.9,1.62,
2026-10-06 11:12:15.092083+05:30,SENSEX,2026-10-08,True,41,81,72801.79,1.62,
2026-10-06 11:12:16.714044+05:30,SENSEX,2026-10-15,True,41,75,72801.67,1.62,
2026-10-06 11:12:18.329492+05:30,FINNIFTY,2026-10-27,True,41,82,24878.45,1.61,
2026-10-06 11:12:19.926767+05:30,MIDCPNIFTY,2026-10-27,True,41,82,13731.55,1.6,
2026-10-06 11:13:06.542365+05:30,NIFTY,2026-10-06,True,41,82,22674.9,1.57,
2026-10-06 11:13:08.125740+05:30,NIFTY,2026-10-13,True,41,82,22675.75,1.58,
2026-10-06 11:13:09.709780+05:30,NIFTY,2026-10-19,True,41,82,22674.35,1.58,
2026-10-06 11:13:11.329138+05:30,BANKNIFTY,2026-10-27,True,41,82,55031.25,1.62,
2026-10-06 11:13:12.916863+05:30,BANKNIFTY,2026-11-23,True,41,82,55028.3,1.59,
2026-10-06 11:13:14.487078+05:30,SENSEX,2026-10-08,True,41,82,72783.57,1.57,
2026-10-06 11:13:16.082377+05:30,SENSEX,2026-10-15,True,41,76,72785.43,1.59,
2026-10-06 11:13:17.666407+05:30,FINNIFTY,2026-10-27,True,41,82,24865.3,1.58,
2026-10-06 11:13:19.272603+05:30,MIDCPNIFTY,2026-10-27,True,41,82,13727.15,1.6,
2026-10-06 11:14:06.514275+05:30,NIFTY,2026-10-06,True,41,82,22681.1,1.54,
2026-10-06 11:14:08.115391+05:30,NIFTY,2026-10-13,True,41,82,22680.85,1.59,
2026-10-06 11:14:09.700469+05:30,NIFTY,2026-10-19,True,41,82,22680.95,1.58,
2026-10-06 11:14:11.314820+05:30,BANKNIFTY,2026-10-27,True,41,82,55047.25,1.61,
2026-10-06 11:14:12.910429+05:30,BANKNIFTY,2026-11-23,True,41,82,55046.75,1.59,
2026-10-06 11:14:14.487365+05:30,SENSEX,2026-10-08,True,41,82,72802.81,1.58,
2026-10-06 11:14:16.080122+05:30,SENSEX,2026-10-15,True,41,76,72804.12,1.59,
2026-10-06 11:14:17.655636+05:30,FINNIFTY,2026-10-27,True,41,82,24873.6,1.57,
2026-10-06 11:14:19.249178+05:30,MIDCPNIFTY,2026-10-27,True,41,82,13730.6,1.59,
2026-10-06 11:15:06.540136+05:30,NIFTY,2026-10-06,True,41,82,22680.35,1.57,
2026-10-06 11:15:08.120607+05:30,NIFTY,2026-10-13,True,41,82,22680.2,1.57,
2026-10-06 11:15:09.694434+05:30,NIFTY,2026-10-19,True,41,82,22679.9,1.57,
2026-10-06 11:15:11.312164+05:30,BANKNIFTY,2026-10-27,True,41,82,55047.75,1.62,
2026-10-06 11:15:12.956591+05:30,BANKNIFTY,2026-11-23,True,41,82,55044.0,1.64,
2026-10-06 11:15:14.532187+05:30,SENSEX,2026-10-08,True,41,82,72805.84,1.58,
2026-10-06 11:15:16.142644+05:30,SENSEX,2026-10-15,True,41,82,72808.84,1.61,
2026-10-06 11:15:17.720511+05:30,FINNIFTY,2026-10-27,True,41,82,24874.2,1.57,
2026-10-06 11:15:19.329544+05:30,MIDCPNIFTY,2026-10-27,True,41,82,13735.3,1.61,
2026-10-06 11:16:06.519062+05:30,NIFTY,2026-10-06,True,41,82,22683.05,1.54,
2026-10-06 11:16:08.119366+05:30,NIFTY,2026-10-13,True,41,82,22682.85,1.6,
2026-10-06 11:16:09.688197+05:30,NIFTY,2026-10-19,True,41,82,22682.35,1.56,
2026-10-06 11:16:11.272259+05:30,BANKNIFTY,2026-10-27,True,41,82,55036.75,1.58,
2026-10-06 11:16:12.877183+05:30,BANKNIFTY,2026-11-23,True,41,82,55038.5,1.6,
2026-10-06 11:16:14.470084+05:30,SENSEX,2026-10-08,True,41,82,72806.24,1.59,
2026-10-06 11:16:16.402045+05:30,SENSEX,2026-10-15,True,41,82,72804.33,1.93,
2026-10-06 11:16:17.978991+05:30,FINNIFTY,2026-10-27,True,41,82,24869.7,1.57,
2026-10-06 11:16:19.566310+05:30,MIDCPNIFTY,2026-10-27,True,41,82,13736.8,1.59,
2026-10-06 11:17:06.545058+05:30,NIFTY,2026-10-06,True,41,82,22677.2,1.57,
2026-10-06 11:17:08.137701+05:30,NIFTY,2026-10-13,True,41,82,22678.0,1.59,
2026-10-06 11:17:09.720949+05:30,NIFTY,2026-10-19,True,41,82,22678.15,1.58,
2026-10-06 11:17:11.333489+05:30,BANKNIFTY,2026-10-27,True,41,82,55037.3,1.61,
2026-10-06 11:17:12.939743+05:30,BANKNIFTY,2026-11-23,True,41,82,55037.4,1.6,
2026-10-06 11:17:14.536754+05:30,SENSEX,2026-10-08,True,41,82,72788.25,1.6,
2026-10-06 11:17:16.105748+05:30,SENSEX,2026-10-15,True,41,82,72786.3,1.57,
2026-10-06 11:17:17.684987+05:30,FINNIFTY,2026-10-27,True,41,82,24868.85,1.58,
2026-10-06 11:17:19.276459+05:30,MIDCPNIFTY,2026-10-27,True,41,82,13735.0,1.59,
2026-10-06 11:18:06.526332+05:30,NIFTY,2026-10-06,True,41,82,22679.25,1.55,
2026-10-06 11:18:08.104503+05:30,NIFTY,2026-10-13,True,41,82,22679.25,1.57,
2026-10-06 11:18:09.681919+05:30,NIFTY,2026-10-19,True,41,82,22678.8,1.57,
2026-10-06 11:18:11.310446+05:30,BANKNIFTY,2026-10-27,True,41,82,55029.25,1.63,
2026-10-06 11:18:12.956334+05:30,BANKNIFTY,2026-11-23,True,41,82,55026.15,1.64,
2026-10-06 11:18:14.538877+05:30,SENSEX,2026-10-08,True,41,82,72794.45,1.58,
2026-10-06 11:18:16.138489+05:30,SENSEX,2026-10-15,True,41,82,72794.45,1.6,
2026-10-06 11:18:17.740906+05:30,FINNIFTY,2026-10-27,True,41,82,24866.65,1.6,
2026-10-06 11:18:19.346871+05:30,MIDCPNIFTY,2026-10-27,True,41,82,13732.15,1.6,
2026-10-06 11:19:06.537077+05:30,NIFTY,2026-10-06,True,41,82,22683.6,1.56,
2026-10-06 11:19:08.117727+05:30,NIFTY,2026-10-13,True,41,82,22683.6,1.58,
2026-10-06 11:19:09.706737+05:30,NIFTY,2026-10-19,True,41,82,22684.35,1.59,
2026-10-06 11:19:11.300466+05:30,BANKNIFTY,2026-10-27,True,41,82,55037.6,1.59,
2026-10-06 11:19:12.916585+05:30,BANKNIFTY,2026-11-23,True,41,82,55036.75,1.61,
2026-10-06 11:19:14.507910+05:30,SENSEX,2026-10-08,True,41,82,72811.9,1.59,
2026-10-06 11:19:16.100006+05:30,SENSEX,2026-10-15,True,41,82,72814.71,1.59,
2026-10-06 11:19:17.694111+05:30,FINNIFTY,2026-10-27,True,41,82,24870.5,1.59,
2026-10-06 11:19:19.301869+05:30,MIDCPNIFTY,2026-10-27,True,41,82,13734.25,1.61,
2026-10-06 11:20:06.556360+05:30,NIFTY,2026-10-06,True,41,82,22685.6,1.58,
2026-10-06 11:20:08.182118+05:30,NIFTY,2026-10-13,True,41,82,22686.2,1.62,
2026-10-06 11:20:09.783248+05:30,NIFTY,2026-10-19,True,41,82,22686.45,1.6,
2026-10-06 11:20:11.387159+05:30,BANKNIFTY,2026-10-27,True,41,82,55040.55,1.6,
2026-10-06 11:20:13.044706+05:30,BANKNIFTY,2026-11-23,True,41,82,55038.4,1.66,
2026-10-06 11:20:14.642422+05:30,SENSEX,2026-10-08,True,41,82,72821.06,1.6,
2026-10-06 11:20:16.235365+05:30,SENSEX,2026-10-15,True,41,82,72818.79,1.59,
2026-10-06 11:20:17.821890+05:30,FINNIFTY,2026-10-27,True,41,82,24874.6,1.58,
2026-10-06 11:20:19.407525+05:30,MIDCPNIFTY,2026-10-27,True,41,82,13743.1,1.58,
2026-10-06 11:21:06.547975+05:30,NIFTY,2026-10-06,True,41,82,22681.8,1.57,
2026-10-06 11:21:08.139309+05:30,NIFTY,2026-10-13,True,41,82,22681.4,1.58,
2026-10-06 11:21:09.723740+05:30,NIFTY,2026-10-19,True,41,82,22680.8,1.58,
2026-10-06 11:21:11.311928+05:30,BANKNIFTY,2026-10-27,True,41,82,55027.65,1.59,
2026-10-06 11:21:12.902741+05:30,BANKNIFTY,2026-11-23,True,41,82,55030.35,1.59,
2026-10-06 11:21:14.498878+05:30,SENSEX,2026-10-08,True,41,82,72807.18,1.6,
2026-10-06 11:21:16.086701+05:30,SENSEX,2026-10-15,True,41,82,72810.86,1.59,
2026-10-06 11:21:17.671753+05:30,FINNIFTY,2026-10-27,True,41,82,24859.3,1.58,
2026-10-06 11:21:19.306674+05:30,MIDCPNIFTY,2026-10-27,True,41,82,13734.8,1.63,
2026-10-06 11:22:06.534250+05:30,NIFTY,2026-10-06,True,41,82,22680.15,1.56,
2026-10-06 11:22:08.135366+05:30,NIFTY,2026-10-13,True,41,82,22680.3,1.59,
2026-10-06 11:22:09.729594+05:30,NIFTY,2026-10-19,True,41,82,22680.0,1.59,
2026-10-06 11:22:11.344054+05:30,BANKNIFTY,2026-10-27,True,41,82,55025.45,1.61,
2026-10-06 11:22:12.980143+05:30,BANKNIFTY,2026-11-23,True,41,82,55026.3,1.63,
2026-10-06 11:22:14.572872+05:30,SENSEX,2026-10-08,True,41,82,72803.06,1.59,
2026-10-06 11:22:16.153082+05:30,SENSEX,2026-10-15,True,41,82,72800.28,1.58,
2026-10-06 11:22:17.739907+05:30,FINNIFTY,2026-10-27,True,41,82,24860.6,1.58,
2026-10-06 11:22:19.321296+05:30,MIDCPNIFTY,2026-10-27,True,41,82,13734.4,1.58,
2026-10-06 11:23:06.537611+05:30,NIFTY,2026-10-06,True,41,82,22675.75,1.56,
2026-10-06 11:23:08.125671+05:30,NIFTY,2026-10-13,True,41,82,22675.8,1.58,
2026-10-06 11:23:09.713250+05:30,NIFTY,2026-10-19,True,41,82,22675.5,1.58,
2026-10-06 11:23:11.326714+05:30,BANKNIFTY,2026-10-27,True,41,82,55007.35,1.61,
2026-10-06 11:23:13.946450+05:30,BANKNIFTY,2026-11-23,True,41,82,55008.7,2.62,
2026-10-06 11:23:15.516260+05:30,SENSEX,2026-10-08,True,41,82,72781.94,1.57,
2026-10-06 11:23:17.084445+05:30,SENSEX,2026-10-15,True,41,82,72782.92,1.57,
2026-10-06 11:23:18.693668+05:30,FINNIFTY,2026-10-27,True,41,82,24850.7,1.61,
2026-10-06 11:23:20.311650+05:30,MIDCPNIFTY,2026-10-27,True,41,82,13736.3,1.62,
2026-10-06 11:24:06.530049+05:30,NIFTY,2026-10-06,True,41,82,22676.7,1.56,
2026-10-06 11:24:08.120657+05:30,NIFTY,2026-10-13,True,41,82,22676.4,1.58,
2026-10-06 11:24:09.717670+05:30,NIFTY,2026-10-19,True,41,82,22675.85,1.59,
2026-10-06 11:24:11.322224+05:30,BANKNIFTY,2026-10-27,True,41,82,55011.75,1.6,
2026-10-06 11:24:12.982056+05:30,BANKNIFTY,2026-11-23,True,41,82,55008.9,1.66,
2026-10-06 11:24:14.569380+05:30,SENSEX,2026-10-08,True,41,82,72789.17,1.59,
2026-10-06 11:24:16.162074+05:30,SENSEX,2026-10-15,True,41,82,72790.69,1.59,
2026-10-06 11:24:17.748692+05:30,FINNIFTY,2026-10-27,True,41,82,24850.5,1.58,
2026-10-06 11:24:19.340346+05:30,MIDCPNIFTY,2026-10-27,True,41,82,13736.15,1.59,
2026-10-06 11:25:06.752259+05:30,NIFTY,2026-10-06,True,41,82,22677.75,1.78,
2026-10-06 11:25:08.342878+05:30,NIFTY,2026-10-13,True,41,82,22677.2,1.58,
2026-10-06 11:25:09.930135+05:30,NIFTY,2026-10-19,True,41,82,22677.9,1.58,
2026-10-06 11:25:11.526365+05:30,BANKNIFTY,2026-10-27,True,41,82,55006.15,1.6,
2026-10-06 11:25:13.133196+05:30,BANKNIFTY,2026-11-23,True,41,82,55002.05,1.61,
2026-10-06 11:25:14.744683+05:30,SENSEX,2026-10-08,True,41,82,72797.65,1.61,
2026-10-06 11:25:16.353595+05:30,SENSEX,2026-10-15,True,41,82,72795.77,1.61,
2026-10-06 11:25:17.932490+05:30,FINNIFTY,2026-10-27,True,41,82,24847.4,1.58,
2026-10-06 11:25:19.511379+05:30,MIDCPNIFTY,2026-10-27,True,41,82,13734.4,1.58,
2026-10-06 11:26:06.527404+05:30,NIFTY,2026-10-06,True,41,82,22679.45,1.55,
2026-10-06 11:26:08.132007+05:30,NIFTY,2026-10-13,True,41,82,22678.8,1.6,
2026-10-06 11:26:09.727450+05:30,NIFTY,2026-10-19,True,41,82,22677.9,1.59,
2026-10-06 11:26:11.345034+05:30,BANKNIFTY,2026-10-27,True,41,82,54996.8,1.62,
2026-10-06 11:26:12.942717+05:30,BANKNIFTY,2026-11-23,True,41,82,54994.15,1.6,
2026-10-06 11:26:14.514133+05:30,SENSEX,2026-10-08,True,41,82,72792.69,1.57,
2026-10-06 11:26:16.404340+05:30,SENSEX,2026-10-15,True,41,82,72791.87,1.89,
2026-10-06 11:26:18.006542+05:30,FINNIFTY,2026-10-27,True,41,82,24848.5,1.6,
2026-10-06 11:26:19.608365+05:30,MIDCPNIFTY,2026-10-27,True,41,82,13732.4,1.6,
2026-10-06 11:27:06.522613+05:30,NIFTY,2026-10-06,True,41,82,22676.75,1.55,
2026-10-06 11:27:08.092650+05:30,NIFTY,2026-10-13,True,41,82,22676.95,1.56,
2026-10-06 11:27:09.704169+05:30,NIFTY,2026-10-19,True,41,82,22676.5,1.61,
2026-10-06 11:27:11.306851+05:30,BANKNIFTY,2026-10-27,True,41,82,55002.85,1.6,
2026-10-06 11:27:12.889761+05:30,BANKNIFTY,2026-11-23,True,41,82,54998.6,1.58,
2026-10-06 11:27:14.480439+05:30,SENSEX,2026-10-08,True,41,82,72791.85,1.59,
2026-10-06 11:27:16.093864+05:30,SENSEX,2026-10-15,True,41,82,72793.37,1.61,
2026-10-06 11:27:17.690539+05:30,FINNIFTY,2026-10-27,True,41,82,24849.3,1.59,
2026-10-06 11:27:19.283826+05:30,MIDCPNIFTY,2026-10-27,True,41,82,13735.7,1.59,
2026-10-06 11:28:06.532260+05:30,NIFTY,2026-10-06,True,41,82,22676.35,1.56,
2026-10-06 11:28:08.109230+05:30,NIFTY,2026-10-13,True,41,82,22677.2,1.57,
2026-10-06 11:28:09.711433+05:30,NIFTY,2026-10-19,True,41,82,22677.1,1.6,
2026-10-06 11:28:11.326968+05:30,BANKNIFTY,2026-10-27,True,41,82,54994.35,1.62,
2026-10-06 11:28:12.914448+05:30,BANKNIFTY,2026-11-23,True,41,82,54992.5,1.59,
2026-10-06 11:28:14.493016+05:30,SENSEX,2026-10-08,True,41,82,72790.08,1.58,
2026-10-06 11:28:16.085986+05:30,SENSEX,2026-10-15,True,41,82,72790.2,1.59,
2026-10-06 11:28:17.658622+05:30,FINNIFTY,2026-10-27,True,41,82,24850.0,1.57,
2026-10-06 11:28:19.239172+05:30,MIDCPNIFTY,2026-10-27,True,41,82,13737.0,1.58,
2026-10-06 11:29:06.529767+05:30,NIFTY,2026-10-06,True,41,82,22680.5,1.56,
2026-10-06 11:29:08.108800+05:30,NIFTY,2026-10-13,True,41,82,22679.45,1.57,
2026-10-06 11:29:09.697389+05:30,NIFTY,2026-10-19,True,41,82,22675.75,1.58,
2026-10-06 11:29:11.293923+05:30,BANKNIFTY,2026-10-27,True,41,82,54986.05,1.6,
2026-10-06 11:29:12.909954+05:30,BANKNIFTY,2026-11-23,True,41,82,54977.25,1.61,
2026-10-06 11:29:14.692247+05:30,SENSEX,2026-10-08,True,41,82,72792.96,1.78,
2026-10-06 11:29:16.285350+05:30,SENSEX,2026-10-15,True,41,82,72792.84,1.59,
2026-10-06 11:29:18.384147+05:30,FINNIFTY,2026-10-27,True,41,82,24842.75,2.1,
2026-10-06 11:29:19.984961+05:30,MIDCPNIFTY,2026-10-27,True,41,82,13736.2,1.6,
2026-10-06 11:30:06.546705+05:30,NIFTY,2026-10-06,True,41,82,22674.8,1.57,
2026-10-06 11:30:08.132423+05:30,NIFTY,2026-10-13,True,41,82,22674.45,1.58,
2026-10-06 11:30:09.711258+05:30,NIFTY,2026-10-19,True,41,82,22674.3,1.58,
2026-10-06 11:30:11.422250+05:30,BANKNIFTY,2026-10-27,True,41,82,54976.15,1.71,
2026-10-06 11:30:13.078077+05:30,BANKNIFTY,2026-11-23,True,41,82,54978.3,1.65,
2026-10-06 11:30:14.673490+05:30,SENSEX,2026-10-08,True,41,82,72787.32,1.59,
2026-10-06 11:30:16.256141+05:30,SENSEX,2026-10-15,True,41,82,72789.54,1.58,
2026-10-06 11:30:17.848776+05:30,FINNIFTY,2026-10-27,True,41,82,24845.05,1.59,
2026-10-06 11:30:19.424994+05:30,MIDCPNIFTY,2026-10-27,True,41,82,13740.05,1.57,
2026-10-06 11:31:06.534713+05:30,NIFTY,2026-10-06,True,41,82,22675.1,1.56,
2026-10-06 11:31:08.111456+05:30,NIFTY,2026-10-13,True,41,82,22674.95,1.57,
2026-10-06 11:31:09.699948+05:30,NIFTY,2026-10-19,True,41,82,22676.05,1.59,
2026-10-06 11:31:11.307382+05:30,BANKNIFTY,2026-10-27,True,41,82,54977.6,1.61,
2026-10-06 11:31:12.968771+05:30,BANKNIFTY,2026-11-23,True,41,82,54977.55,1.66,
2026-10-06 11:31:14.539808+05:30,SENSEX,2026-10-08,True,41,82,72788.71,1.57,
2026-10-06 11:31:16.145954+05:30,SENSEX,2026-10-15,True,41,82,72788.75,1.61,
2026-10-06 11:31:17.733950+05:30,FINNIFTY,2026-10-27,True,41,82,24845.25,1.58,
2026-10-06 11:31:19.316432+05:30,MIDCPNIFTY,2026-10-27,True,41,82,13740.75,1.58,
2026-10-06 11:32:06.532117+05:30,NIFTY,2026-10-06,True,41,82,22672.35,1.56,
2026-10-06 11:32:08.140486+05:30,NIFTY,2026-10-13,True,41,82,22672.5,1.6,
2026-10-06 11:32:09.740214+05:30,NIFTY,2026-10-19,True,41,82,22671.75,1.6,
2026-10-06 11:32:11.364643+05:30,BANKNIFTY,2026-10-27,True,41,82,54977.25,1.62,
2026-10-06 11:32:13.400939+05:30,BANKNIFTY,2026-11-23,True,41,82,54976.25,2.03,
2026-10-06 11:32:15.101171+05:30,SENSEX,2026-10-08,True,41,82,72778.71,1.7,
2026-10-06 11:32:16.681215+05:30,SENSEX,2026-10-15,True,41,82,72778.85,1.58,
2026-10-06 11:32:18.266134+05:30,FINNIFTY,2026-10-27,True,41,82,24840.4,1.58,
2026-10-06 11:32:19.855411+05:30,MIDCPNIFTY,2026-10-27,True,41,82,13738.8,1.59,
2026-10-06 11:33:06.539514+05:30,NIFTY,2026-10-06,True,41,82,22673.5,1.56,
2026-10-06 11:33:08.129555+05:30,NIFTY,2026-10-13,True,41,82,22673.85,1.58,
2026-10-06 11:33:10.744928+05:30,NIFTY,2026-10-19,True,41,82,22674.5,2.61,
2026-10-06 11:33:13.370515+05:30,BANKNIFTY,2026-10-27,True,41,82,54980.1,2.63,
2026-10-06 11:33:14.984690+05:30,BANKNIFTY,2026-11-23,True,41,82,54977.4,1.62,
2026-10-06 11:33:16.562405+05:30,SENSEX,2026-10-08,True,41,82,72775.37,1.57,
2026-10-06 11:33:18.139683+05:30,SENSEX,2026-10-15,True,41,82,72775.37,1.58,
2026-10-06 11:33:19.717187+05:30,FINNIFTY,2026-10-27,True,41,82,24841.7,1.57,
2026-10-06 11:33:21.326638+05:30,MIDCPNIFTY,2026-10-27,True,41,82,13743.85,1.61,
2026-10-06 11:34:06.524182+05:30,NIFTY,2026-10-06,True,41,82,22672.7,1.55,
2026-10-06 11:34:08.111266+05:30,NIFTY,2026-10-13,True,41,82,22673.6,1.58,
2026-10-06 11:34:10.286654+05:30,NIFTY,2026-10-19,True,41,82,22673.7,2.17,
2026-10-06 11:34:11.894845+05:30,BANKNIFTY,2026-10-27,True,41,82,54981.45,1.61,
2026-10-06 11:34:13.509981+05:30,BANKNIFTY,2026-11-23,True,41,82,54984.1,1.61,
2026-10-06 11:34:15.132297+05:30,SENSEX,2026-10-08,True,41,82,72774.52,1.63,
2026-10-06 11:34:16.740656+05:30,SENSEX,2026-10-15,True,41,82,72776.3,1.6,
2026-10-06 11:34:18.354365+05:30,FINNIFTY,2026-10-27,True,41,82,24843.7,1.61,
2026-10-06 11:34:19.983702+05:30,MIDCPNIFTY,2026-10-27,True,41,82,13749.65,1.63,
2026-10-06 11:35:06.619592+05:30,NIFTY,2026-10-06,True,41,82,22677.8,1.64,
2026-10-06 11:35:08.244946+05:30,NIFTY,2026-10-13,True,41,82,22676.55,1.62,
2026-10-06 11:35:09.854029+05:30,NIFTY,2026-10-19,True,41,82,22676.55,1.61,
2026-10-06 11:35:11.489823+05:30,BANKNIFTY,2026-10-27,True,41,82,54996.55,1.63,
2026-10-06 11:35:13.130711+05:30,BANKNIFTY,2026-11-23,True,41,82,54995.15,1.64,
2026-10-06 11:35:14.759426+05:30,SENSEX,2026-10-08,True,41,82,72781.87,1.63,
2026-10-06 11:35:16.406918+05:30,SENSEX,2026-10-15,True,41,82,72785.78,1.65,
2026-10-06 11:35:18.048892+05:30,FINNIFTY,2026-10-27,True,41,82,24843.95,1.64,
2026-10-06 11:35:19.688724+05:30,MIDCPNIFTY,2026-10-27,True,41,82,13750.6,1.64,
2026-10-06 11:36:06.591617+05:30,NIFTY,2026-10-06,True,41,82,22669.8,1.62,
2026-10-06 11:36:08.218419+05:30,NIFTY,2026-10-13,True,41,82,22670.85,1.62,
2026-10-06 11:36:09.840511+05:30,NIFTY,2026-10-19,True,41,82,22669.6,1.62,
2026-10-06 11:36:11.471635+05:30,BANKNIFTY,2026-10-27,True,41,82,54974.25,1.63,
2026-10-06 11:36:13.102919+05:30,BANKNIFTY,2026-11-23,True,41,82,54971.15,1.63,
2026-10-06 11:36:14.738475+05:30,SENSEX,2026-10-08,True,41,82,72760.99,1.63,
2026-10-06 11:36:16.376136+05:30,SENSEX,2026-10-15,True,41,82,72760.34,1.64,
2026-10-06 11:36:18.215961+05:30,FINNIFTY,2026-10-27,True,41,82,24838.15,1.84,
2026-10-06 11:36:19.855925+05:30,MIDCPNIFTY,2026-10-27,True,41,82,13744.45,1.64,
2026-10-06 11:37:07.047934+05:30,NIFTY,2026-10-06,True,41,82,22672.25,2.07,
2026-10-06 11:37:09.704219+05:30,NIFTY,2026-10-13,True,41,82,22672.65,2.65,
2026-10-06 11:37:11.321559+05:30,NIFTY,2026-10-19,True,41,82,22671.5,1.61,
2026-10-06 11:37:12.985370+05:30,BANKNIFTY,2026-10-27,True,41,82,54972.7,1.66,
2026-10-06 11:37:14.596357+05:30,BANKNIFTY,2026-11-23,True,41,82,54981.35,1.61,
2026-10-06 11:37:16.190431+05:30,SENSEX,2026-10-08,True,41,82,72775.08,1.59,
2026-10-06 11:37:17.807440+05:30,SENSEX,2026-10-15,True,41,82,72770.74,1.62,
2026-10-06 11:37:19.413162+05:30,FINNIFTY,2026-10-27,True,41,82,24836.55,1.6,
2026-10-06 11:37:21.033276+05:30,MIDCPNIFTY,2026-10-27,True,41,82,13742.6,1.62,
2026-10-06 11:38:06.567170+05:30,NIFTY,2026-10-06,True,41,82,22679.75,1.59,
2026-10-06 11:38:08.180144+05:30,NIFTY,2026-10-13,True,41,82,22679.95,1.61,
2026-10-06 11:38:09.784234+05:30,NIFTY,2026-10-19,True,41,82,22680.0,1.6,
2026-10-06 11:38:11.411083+05:30,BANKNIFTY,2026-10-27,True,41,82,54990.85,1.63,
2026-10-06 11:38:13.042038+05:30,BANKNIFTY,2026-11-23,True,41,82,54991.35,1.63,
2026-10-06 11:38:15.685298+05:30,SENSEX,2026-10-08,True,41,82,72795.12,2.64,
2026-10-06 11:38:17.300841+05:30,SENSEX,2026-10-15,True,41,82,72796.46,1.62,
2026-10-06 11:38:19.072453+05:30,FINNIFTY,2026-10-27,True,41,82,24853.35,1.77,
2026-10-06 11:38:20.675884+05:30,MIDCPNIFTY,2026-10-27,True,41,82,13747.25,1.6,
2026-10-06 11:39:06.550046+05:30,NIFTY,2026-10-06,True,41,82,22679.9,1.58,
2026-10-06 11:39:08.153047+05:30,NIFTY,2026-10-13,True,41,82,22680.1,1.6,
2026-10-06 11:39:09.764557+05:30,NIFTY,2026-10-19,True,41,82,22680.0,1.61,
2026-10-06 11:39:11.375691+05:30,BANKNIFTY,2026-10-27,True,41,82,54986.6,1.61,
2026-10-06 11:39:12.981811+05:30,BANKNIFTY,2026-11-23,True,41,82,54983.45,1.6,
2026-10-06 11:39:14.580946+05:30,SENSEX,2026-10-08,True,41,82,72796.51,1.6,
2026-10-06 11:39:16.178977+05:30,SENSEX,2026-10-15,True,41,82,72800.22,1.6,
2026-10-06 11:39:17.781763+05:30,FINNIFTY,2026-10-27,True,41,82,24847.75,1.6,
2026-10-06 11:39:19.391665+05:30,MIDCPNIFTY,2026-10-27,True,41,82,13750.95,1.61,
2026-10-06 11:40:06.551065+05:30,NIFTY,2026-10-06,True,41,82,22681.25,1.58,
2026-10-06 11:40:08.168735+05:30,NIFTY,2026-10-13,True,41,82,22680.8,1.61,
2026-10-06 11:40:09.767413+05:30,NIFTY,2026-10-19,True,41,82,22680.9,1.6,
2026-10-06 11:40:11.378201+05:30,BANKNIFTY,2026-10-27,True,41,82,54984.5,1.61,
2026-10-06 11:40:13.004221+05:30,BANKNIFTY,2026-11-23,True,41,82,54982.85,1.62,
2026-10-06 11:40:14.616571+05:30,SENSEX,2026-10-08,True,41,82,72800.23,1.61,
2026-10-06 11:40:16.234623+05:30,SENSEX,2026-10-15,True,41,82,72801.5,1.62,
2026-10-06 11:40:17.838653+05:30,FINNIFTY,2026-10-27,True,41,82,24848.25,1.6,
2026-10-06 11:40:20.450378+05:30,MIDCPNIFTY,2026-10-27,True,41,82,13753.85,2.61,
2026-10-06 11:41:07.030518+05:30,NIFTY,2026-10-06,True,41,82,22681.9,2.06,
2026-10-06 11:41:08.627575+05:30,NIFTY,2026-10-13,True,41,82,22681.95,1.59,
2026-10-06 11:41:10.205889+05:30,NIFTY,2026-10-19,True,41,82,22681.75,1.58,
2026-10-06 11:41:11.806892+05:30,BANKNIFTY,2026-10-27,True,41,82,54990.25,1.6,
2026-10-06 11:41:13.429473+05:30,BANKNIFTY,2026-11-23,True,41,82,54988.6,1.62,
2026-10-06 11:41:15.045670+05:30,SENSEX,2026-10-08,True,41,82,72800.94,1.62,
2026-10-06 11:41:16.641882+05:30,SENSEX,2026-10-15,True,41,82,72801.95,1.6,
2026-10-06 11:41:18.245617+05:30,FINNIFTY,2026-10-27,True,41,82,24848.4,1.6,
2026-10-06 11:41:19.820133+05:30,MIDCPNIFTY,2026-10-27,True,41,82,13758.25,1.57,
2026-10-06 11:42:07.570489+05:30,NIFTY,2026-10-06,True,41,82,22679.0,2.6,
2026-10-06 11:42:09.156590+05:30,NIFTY,2026-10-13,True,41,82,22679.0,1.58,
2026-10-06 11:42:10.754776+05:30,NIFTY,2026-10-19,True,41,82,22678.85,1.59,
2026-10-06 11:42:12.349770+05:30,BANKNIFTY,2026-10-27,True,41,82,54974.4,1.59,
2026-10-06 11:42:13.940477+05:30,BANKNIFTY,2026-11-23,True,41,82,54974.35,1.59,
2026-10-06 11:42:15.521833+05:30,SENSEX,2026-10-08,True,41,82,72792.93,1.58,
2026-10-06 11:42:17.116297+05:30,SENSEX,2026-10-15,True,41,82,72793.29,1.59,
2026-10-06 11:42:18.710900+05:30,FINNIFTY,2026-10-27,True,41,82,24842.65,1.59,
2026-10-06 11:42:20.809016+05:30,MIDCPNIFTY,2026-10-27,True,41,82,13753.75,2.1,
2026-10-06 11:43:06.535512+05:30,NIFTY,2026-10-06,True,41,82,22682.85,1.56,
2026-10-06 11:43:08.126540+05:30,NIFTY,2026-10-13,True,41,82,22683.15,1.58,
2026-10-06 11:43:09.711295+05:30,NIFTY,2026-10-19,True,41,82,22682.95,1.58,
2026-10-06 11:43:11.305661+05:30,BANKNIFTY,2026-10-27,True,41,82,54985.85,1.59,
2026-10-06 11:43:12.905863+05:30,BANKNIFTY,2026-11-23,True,41,82,54984.6,1.6,
2026-10-06 11:43:14.488556+05:30,SENSEX,2026-10-08,True,41,82,72798.83,1.58,
2026-10-06 11:43:16.397191+05:30,SENSEX,2026-10-15,True,41,82,72797.01,1.91,
2026-10-06 11:43:19.008840+05:30,FINNIFTY,2026-10-27,True,41,82,24850.5,2.61,
2026-10-06 11:43:20.596492+05:30,MIDCPNIFTY,2026-10-27,True,41,82,13759.25,1.59,
2026-10-06 11:44:06.530898+05:30,NIFTY,2026-10-06,True,41,82,22683.8,1.56,
2026-10-06 11:44:08.349562+05:30,NIFTY,2026-10-13,True,41,82,22683.6,1.81,
2026-10-06 11:44:09.936934+05:30,NIFTY,2026-10-19,True,41,82,22683.05,1.58,
2026-10-06 11:44:11.530866+05:30,BANKNIFTY,2026-10-27,True,41,82,54982.25,1.59,
2026-10-06 11:44:13.109863+05:30,BANKNIFTY,2026-11-23,True,41,82,54981.65,1.58,
2026-10-06 11:44:14.700637+05:30,SENSEX,2026-10-08,True,41,82,72809.19,1.59,
2026-10-06 11:44:16.286781+05:30,SENSEX,2026-10-15,True,41,82,72808.96,1.59,
2026-10-06 11:44:17.874243+05:30,FINNIFTY,2026-10-27,True,41,82,24853.45,1.58,
2026-10-06 11:44:19.460111+05:30,MIDCPNIFTY,2026-10-27,True,41,82,13758.9,1.58,
2026-10-06 11:45:06.771545+05:30,NIFTY,2026-10-06,True,41,82,22688.9,1.8,
2026-10-06 11:45:08.589163+05:30,NIFTY,2026-10-13,True,41,82,22688.45,1.81,
2026-10-06 11:45:10.405281+05:30,NIFTY,2026-10-19,True,41,82,22687.9,1.81,
2026-10-06 11:45:13.270164+05:30,BANKNIFTY,2026-10-27,True,41,82,54989.0,2.86,
2026-10-06 11:45:15.331813+05:30,BANKNIFTY,2026-11-23,True,41,82,55006.25,2.06,
2026-10-06 11:45:17.157996+05:30,SENSEX,2026-10-08,True,41,82,72829.27,1.83,
2026-10-06 11:45:18.979831+05:30,SENSEX,2026-10-15,True,41,82,72825.48,1.82,
2026-10-06 11:45:20.792873+05:30,FINNIFTY,2026-10-27,True,41,82,24868.9,1.81,
2026-10-06 11:45:22.615720+05:30,MIDCPNIFTY,2026-10-27,True,41,82,13763.75,1.82,
2026-10-06 11:46:06.840348+05:30,NIFTY,2026-10-06,True,41,82,22695.15,1.87,
2026-10-06 11:46:08.661208+05:30,NIFTY,2026-10-13,True,41,82,22694.2,1.81,
2026-10-06 11:46:10.480790+05:30,NIFTY,2026-10-19,True,41,82,22693.65,1.82,
2026-10-06 11:46:12.296153+05:30,BANKNIFTY,2026-10-27,True,41,82,54996.75,1.81,
2026-10-06 11:46:14.136297+05:30,BANKNIFTY,2026-11-23,True,41,82,55000.05,1.84,
2026-10-06 11:46:15.947089+05:30,SENSEX,2026-10-08,True,41,82,72844.36,1.81,
2026-10-06 11:46:17.780038+05:30,SENSEX,2026-10-15,True,41,82,72841.94,1.83,
2026-10-06 11:46:19.579578+05:30,FINNIFTY,2026-10-27,True,41,82,24868.25,1.8,
2026-10-06 11:46:21.415470+05:30,MIDCPNIFTY,2026-10-27,True,41,82,13763.5,1.83,
2026-10-06 11:47:06.757019+05:30,NIFTY,2026-10-06,True,41,82,22696.85,1.78,
2026-10-06 11:47:08.576991+05:30,NIFTY,2026-10-13,True,41,82,22696.45,1.81,
2026-10-06 11:47:10.396220+05:30,NIFTY,2026-10-19,True,41,82,22695.85,1.82,
2026-10-06 11:47:12.230038+05:30,BANKNIFTY,2026-10-27,True,41,82,55016.9,1.83,
2026-10-06 11:47:14.060478+05:30,BANKNIFTY,2026-11-23,True,41,82,55012.35,1.83,
2026-10-06 11:47:15.894266+05:30,SENSEX,2026-10-08,True,41,82,72851.66,1.83,
2026-10-06 11:47:17.871514+05:30,SENSEX,2026-10-15,True,41,82,72854.68,1.98,
2026-10-06 11:47:19.675468+05:30,FINNIFTY,2026-10-27,True,41,82,24874.5,1.8,
2026-10-06 11:47:21.484998+05:30,MIDCPNIFTY,2026-10-27,True,41,82,13769.35,1.81,
2026-10-06 11:48:06.745127+05:30,NIFTY,2026-10-06,True,41,82,22695.8,1.77,
2026-10-06 11:48:08.574087+05:30,NIFTY,2026-10-13,True,41,82,22696.0,1.83,
2026-10-06 11:48:10.385814+05:30,NIFTY,2026-10-19,True,41,82,22696.1,1.8,
2026-10-06 11:48:12.211299+05:30,BANKNIFTY,2026-10-27,True,41,82,55033.75,1.83,
2026-10-06 11:48:15.043946+05:30,BANKNIFTY,2026-11-23,True,41,82,55034.8,2.83,
2026-10-06 11:48:16.854336+05:30,SENSEX,2026-10-08,True,41,82,72843.67,1.81,
2026-10-06 11:48:18.656368+05:30,SENSEX,2026-10-15,True,41,82,72845.07,1.8,
2026-10-06 11:48:20.472666+05:30,FINNIFTY,2026-10-27,True,41,82,24875.3,1.81,
2026-10-06 11:48:22.286778+05:30,MIDCPNIFTY,2026-10-27,True,41,82,13771.85,1.81,
2026-10-06 11:49:06.753426+05:30,NIFTY,2026-10-06,True,41,82,22697.8,1.79,
2026-10-06 11:49:08.557525+05:30,NIFTY,2026-10-13,True,41,82,22698.0,1.79,
2026-10-06 11:49:10.370213+05:30,NIFTY,2026-10-19,True,41,82,22697.8,1.81,
2026-10-06 11:49:12.196203+05:30,BANKNIFTY,2026-10-27,True,41,82,55028.7,1.83,
2026-10-06 11:49:14.016768+05:30,BANKNIFTY,2026-11-23,True,41,82,55027.2,1.82,
2026-10-06 11:49:15.811265+05:30,SENSEX,2026-10-08,True,41,82,72852.1,1.79,
2026-10-06 11:49:17.622093+05:30,SENSEX,2026-10-15,True,41,82,72851.82,1.81,
2026-10-06 11:49:19.436646+05:30,FINNIFTY,2026-10-27,True,41,82,24878.3,1.81,
2026-10-06 11:49:21.241167+05:30,MIDCPNIFTY,2026-10-27,True,41,82,13775.35,1.8,
2026-10-06 11:50:06.754948+05:30,NIFTY,2026-10-06,True,41,82,22697.05,1.78,
2026-10-06 11:50:08.575586+05:30,NIFTY,2026-10-13,True,41,82,22697.55,1.81,
2026-10-06 11:50:12.431152+05:30,NIFTY,2026-10-19,True,41,82,22695.85,3.85,
2026-10-06 11:50:14.253539+05:30,BANKNIFTY,2026-10-27,True,41,82,55032.05,1.82,
2026-10-06 11:50:16.085300+05:30,BANKNIFTY,2026-11-23,True,41,82,55031.95,1.83,
2026-10-06 11:50:17.882389+05:30,SENSEX,2026-10-08,True,41,82,72844.83,1.8,
2026-10-06 11:50:19.709481+05:30,SENSEX,2026-10-15,True,41,82,72842.16,1.83,
2026-10-06 11:50:21.531506+05:30,FINNIFTY,2026-10-27,True,41,82,24877.4,1.82,
2026-10-06 11:50:23.359155+05:30,MIDCPNIFTY,2026-10-27,True,41,82,13773.05,1.83,
2026-10-06 11:51:06.766091+05:30,NIFTY,2026-10-06,True,41,82,22685.5,1.79,
2026-10-06 11:51:08.587846+05:30,NIFTY,2026-10-13,True,41,82,22685.7,1.81,
2026-10-06 11:51:10.397847+05:30,NIFTY,2026-10-19,True,41,82,22684.65,1.81,
2026-10-06 11:51:12.236916+05:30,BANKNIFTY,2026-10-27,True,41,82,54996.35,1.84,
2026-10-06 11:51:14.070109+05:30,BANKNIFTY,2026-11-23,True,41,82,55001.0,1.83,
2026-10-06 11:51:15.879900+05:30,SENSEX,2026-10-08,True,41,82,72818.37,1.81,
2026-10-06 11:51:17.680827+05:30,SENSEX,2026-10-15,True,41,82,72816.75,1.8,
2026-10-06 11:51:19.544101+05:30,FINNIFTY,2026-10-27,True,41,82,24868.95,1.86,
2026-10-06 11:51:21.389434+05:30,MIDCPNIFTY,2026-10-27,True,41,82,13771.95,1.84,
2026-10-06 11:52:06.748116+05:30,NIFTY,2026-10-06,True,41,82,22680.85,1.78,
2026-10-06 11:52:08.561569+05:30,NIFTY,2026-10-13,True,41,82,22681.5,1.8,
2026-10-06 11:52:10.388611+05:30,NIFTY,2026-10-19,True,41,82,22680.85,1.82,
2026-10-06 11:52:12.204120+05:30,BANKNIFTY,2026-10-27,True,41,82,54997.75,1.82,
2026-10-06 11:52:14.026937+05:30,BANKNIFTY,2026-11-23,True,41,82,54999.1,1.82,
2026-10-06 11:52:16.213193+05:30,SENSEX,2026-10-08,True,41,82,72795.77,2.19,
2026-10-06 11:52:18.023024+05:30,SENSEX,2026-10-15,True,41,82,72792.95,1.81,
2026-10-06 11:52:19.827461+05:30,FINNIFTY,2026-10-27,True,41,82,24872.7,1.8,
2026-10-06 11:52:21.625773+05:30,MIDCPNIFTY,2026-10-27,True,41,82,13770.55,1.8,
2026-10-06 11:53:06.751529+05:30,NIFTY,2026-10-06,True,41,82,22677.3,1.78,
2026-10-06 11:53:08.571815+05:30,NIFTY,2026-10-13,True,41,82,22677.15,1.82,
2026-10-06 11:53:10.259849+05:30,NIFTY,2026-10-19,True,41,82,22676.7,1.67,
2026-10-06 11:53:11.860100+05:30,BANKNIFTY,2026-10-27,True,41,82,54979.25,1.6,
2026-10-06 11:53:13.460595+05:30,BANKNIFTY,2026-11-23,True,41,82,54979.15,1.6,
2026-10-06 11:53:15.063616+05:30,SENSEX,2026-10-08,True,41,82,72780.52,1.6,
2026-10-06 11:53:16.649297+05:30,SENSEX,2026-10-15,True,41,82,72780.44,1.59,
2026-10-06 11:53:18.237165+05:30,FINNIFTY,2026-10-27,True,41,82,24864.7,1.59,
2026-10-06 11:53:19.832244+05:30,MIDCPNIFTY,2026-10-27,True,41,82,13766.45,1.59,
2026-10-06 11:54:06.524496+05:30,NIFTY,2026-10-06,True,41,82,22685.95,1.55,
2026-10-06 11:54:08.101361+05:30,NIFTY,2026-10-13,True,41,82,22685.75,1.57,
2026-10-06 11:54:09.712237+05:30,NIFTY,2026-10-19,True,41,82,22685.65,1.61,
2026-10-06 11:54:11.310746+05:30,BANKNIFTY,2026-10-27,True,41,82,54997.65,1.6,
2026-10-06 11:54:12.906032+05:30,BANKNIFTY,2026-11-23,True,41,82,54995.25,1.59,
2026-10-06 11:54:14.475872+05:30,SENSEX,2026-10-08,True,41,82,72821.46,1.57,
2026-10-06 11:54:16.072397+05:30,SENSEX,2026-10-15,True,41,82,72820.53,1.6,
2026-10-06 11:54:17.696443+05:30,FINNIFTY,2026-10-27,True,41,82,24877.15,1.62,
2026-10-06 11:54:19.297306+05:30,MIDCPNIFTY,2026-10-27,True,41,82,13770.45,1.6,
2026-10-06 11:55:06.534287+05:30,NIFTY,2026-10-06,True,41,82,22679.55,1.57,
2026-10-06 11:55:08.506974+05:30,NIFTY,2026-10-13,True,41,82,22679.4,1.96,
2026-10-06 11:55:10.102925+05:30,NIFTY,2026-10-19,True,41,82,22679.25,1.59,
2026-10-06 11:55:11.713286+05:30,BANKNIFTY,2026-10-27,True,41,82,54984.15,1.61,
2026-10-06 11:55:13.334068+05:30,BANKNIFTY,2026-11-23,True,41,82,54985.55,1.62,
2026-10-06 11:55:14.928710+05:30,SENSEX,2026-10-08,True,41,82,72798.62,1.59,
2026-10-06 11:55:16.502007+05:30,SENSEX,2026-10-15,True,41,82,72797.4,1.57,
2026-10-06 11:55:18.087622+05:30,FINNIFTY,2026-10-27,True,41,82,24869.2,1.58,
2026-10-06 11:55:19.680874+05:30,MIDCPNIFTY,2026-10-27,True,41,82,13768.85,1.59,
2026-10-06 11:56:06.548453+05:30,NIFTY,2026-10-06,True,41,82,22680.3,1.57,
2026-10-06 11:56:08.123551+05:30,NIFTY,2026-10-13,True,41,82,22680.9,1.57,
2026-10-06 11:56:09.718790+05:30,NIFTY,2026-10-19,True,41,82,22680.8,1.59,
2026-10-06 11:56:11.314823+05:30,BANKNIFTY,2026-10-27,True,41,82,55006.65,1.6,
2026-10-06 11:56:12.914784+05:30,BANKNIFTY,2026-11-23,True,41,82,55004.3,1.6,
2026-10-06 11:56:14.492850+05:30,SENSEX,2026-10-08,True,41,82,72800.09,1.58,
2026-10-06 11:56:16.067460+05:30,SENSEX,2026-10-15,True,41,82,72796.24,1.57,
2026-10-06 11:56:17.660357+05:30,FINNIFTY,2026-10-27,True,41,82,24879.7,1.59,
2026-10-06 11:56:19.237332+05:30,MIDCPNIFTY,2026-10-27,True,41,82,13771.5,1.58,
2026-10-06 11:57:06.525237+05:30,NIFTY,2026-10-06,True,41,82,22686.15,1.55,
2026-10-06 11:57:08.121377+05:30,NIFTY,2026-10-13,True,41,82,22686.0,1.59,
2026-10-06 11:57:09.706453+05:30,NIFTY,2026-10-19,True,41,82,22686.15,1.58,
2026-10-06 11:57:11.291077+05:30,BANKNIFTY,2026-10-27,True,41,82,55021.6,1.58,
2026-10-06 11:57:12.896352+05:30,BANKNIFTY,2026-11-23,True,41,82,55021.7,1.6,
2026-10-06 11:57:14.488866+05:30,SENSEX,2026-10-08,True,41,82,72807.87,1.59,
2026-10-06 11:57:16.067624+05:30,SENSEX,2026-10-15,True,41,82,72810.99,1.58,
2026-10-06 11:57:17.665517+05:30,FINNIFTY,2026-10-27,True,41,82,24880.45,1.59,
2026-10-06 11:57:19.279638+05:30,MIDCPNIFTY,2026-10-27,True,41,82,13775.45,1.61,
2026-10-06 11:58:06.537096+05:30,NIFTY,2026-10-06,True,41,82,22684.6,1.57,
2026-10-06 11:58:08.132377+05:30,NIFTY,2026-10-13,True,41,82,22684.65,1.58,
2026-10-06 11:58:09.739393+05:30,NIFTY,2026-10-19,True,41,82,22684.15,1.61,
2026-10-06 11:58:11.380050+05:30,BANKNIFTY,2026-10-27,True,41,82,55016.8,1.63,
2026-10-06 11:58:13.036085+05:30,BANKNIFTY,2026-11-23,True,41,82,55018.5,1.65,
2026-10-06 11:58:14.623769+05:30,SENSEX,2026-10-08,True,41,82,72811.33,1.59,
2026-10-06 11:58:16.198372+05:30,SENSEX,2026-10-15,True,41,82,72813.79,1.57,
2026-10-06 11:58:17.779282+05:30,FINNIFTY,2026-10-27,True,41,82,24879.3,1.58,
2026-10-06 11:58:19.371514+05:30,MIDCPNIFTY,2026-10-27,True,41,82,13776.25,1.59,
2026-10-06 11:59:06.535978+05:30,NIFTY,2026-10-06,True,41,82,22683.25,1.56,
2026-10-06 11:59:08.121435+05:30,NIFTY,2026-10-13,True,41,82,22683.0,1.57,
2026-10-06 11:59:09.698122+05:30,NIFTY,2026-10-19,True,41,82,22683.1,1.57,
2026-10-06 11:59:11.295291+05:30,BANKNIFTY,2026-10-27,True,41,82,55024.6,1.6,
2026-10-06 11:59:12.900731+05:30,BANKNIFTY,2026-11-23,True,41,82,55020.9,1.6,
2026-10-06 11:59:14.471004+05:30,SENSEX,2026-10-08,True,41,82,72810.61,1.57,
2026-10-06 11:59:16.057260+05:30,SENSEX,2026-10-15,True,41,82,72811.68,1.59,
2026-10-06 11:59:17.649487+05:30,FINNIFTY,2026-10-27,True,41,82,24880.3,1.59,
2026-10-06 11:59:19.262134+05:30,MIDCPNIFTY,2026-10-27,True,41,82,13778.4,1.61,
2026-10-06 12:00:06.548229+05:30,NIFTY,2026-10-06,True,41,82,22685.3,1.58,
2026-10-06 12:00:08.136286+05:30,NIFTY,2026-10-13,True,41,82,22686.05,1.58,
2026-10-06 12:00:09.729581+05:30,NIFTY,2026-10-19,True,41,82,22685.15,1.59,
2026-10-06 12:00:11.357752+05:30,BANKNIFTY,2026-10-27,True,41,82,55029.15,1.63,
2026-10-06 12:00:13.134516+05:30,BANKNIFTY,2026-11-23,True,41,82,55030.2,1.77,
2026-10-06 12:00:14.944430+05:30,SENSEX,2026-10-08,True,41,82,72822.57,1.81,
2026-10-06 12:00:16.737869+05:30,SENSEX,2026-10-15,True,41,82,72822.96,1.79,
2026-10-06 12:00:18.534370+05:30,FINNIFTY,2026-10-27,True,41,82,24880.25,1.79,
2026-10-06 12:00:20.378375+05:30,MIDCPNIFTY,2026-10-27,True,41,82,13780.55,1.84,
2026-10-06 12:01:06.806714+05:30,NIFTY,2026-10-06,True,41,82,22684.0,1.83,
2026-10-06 12:01:08.625650+05:30,NIFTY,2026-10-13,True,41,82,22683.75,1.82,
2026-10-06 12:01:10.446096+05:30,NIFTY,2026-10-19,True,41,82,22683.7,1.8,
2026-10-06 12:01:12.347660+05:30,BANKNIFTY,2026-10-27,True,41,82,55025.75,1.9,
2026-10-06 12:01:14.389690+05:30,BANKNIFTY,2026-11-23,True,41,82,55029.1,2.04,
2026-10-06 12:01:16.197021+05:30,SENSEX,2026-10-08,True,41,82,72824.06,1.81,
2026-10-06 12:01:18.020655+05:30,SENSEX,2026-10-15,True,41,82,72826.21,1.82,
2026-10-06 12:01:19.837247+05:30,FINNIFTY,2026-10-27,True,41,82,24883.05,1.81,
2026-10-06 12:01:21.669112+05:30,MIDCPNIFTY,2026-10-27,True,41,82,13776.9,1.83,
2026-10-06 12:02:06.757624+05:30,NIFTY,2026-10-06,True,41,82,22695.15,1.78,
2026-10-06 12:02:08.579597+05:30,NIFTY,2026-10-13,True,41,82,22694.65,1.82,
2026-10-06 12:02:10.392507+05:30,NIFTY,2026-10-19,True,41,82,22695.15,1.81,
2026-10-06 12:02:12.205387+05:30,BANKNIFTY,2026-10-27,True,41,82,55049.6,1.81,
2026-10-06 12:02:14.044083+05:30,BANKNIFTY,2026-11-23,True,41,82,55054.1,1.84,
2026-10-06 12:02:15.851169+05:30,SENSEX,2026-10-08,True,41,82,72863.59,1.81,
2026-10-06 12:02:17.667598+05:30,SENSEX,2026-10-15,True,41,82,72863.33,1.82,
2026-10-06 12:02:19.479606+05:30,FINNIFTY,2026-10-27,True,41,82,24893.85,1.81,
2026-10-06 12:02:21.286203+05:30,MIDCPNIFTY,2026-10-27,True,41,82,13781.55,1.81,
2026-10-06 12:03:06.755652+05:30,NIFTY,2026-10-06,True,41,82,22692.15,1.78,
2026-10-06 12:03:08.554251+05:30,NIFTY,2026-10-13,True,41,82,22692.6,1.79,
2026-10-06 12:03:11.061802+05:30,NIFTY,2026-10-19,True,41,82,22692.0,2.51,
2026-10-06 12:03:12.893755+05:30,BANKNIFTY,2026-10-27,True,41,82,55037.9,1.83,
2026-10-06 12:03:15.778200+05:30,BANKNIFTY,2026-11-23,True,41,82,55028.95,2.88,
2026-10-06 12:03:17.596472+05:30,SENSEX,2026-10-08,True,41,82,72845.17,1.82,
2026-10-06 12:03:19.447402+05:30,SENSEX,2026-10-15,True,41,82,72844.66,1.85,
2026-10-06 12:03:21.276846+05:30,FINNIFTY,2026-10-27,True,41,82,24885.45,1.83,
2026-10-06 12:03:23.112291+05:30,MIDCPNIFTY,2026-10-27,True,41,82,13788.7,1.84,
2026-10-06 12:04:06.793086+05:30,NIFTY,2026-10-06,True,41,82,22691.9,1.82,
2026-10-06 12:04:08.627165+05:30,NIFTY,2026-10-13,True,41,82,22691.3,1.83,
2026-10-06 12:04:10.458459+05:30,NIFTY,2026-10-19,True,41,82,22690.75,1.83,
2026-10-06 12:04:12.322908+05:30,BANKNIFTY,2026-10-27,True,41,82,55026.65,1.86,
2026-10-06 12:04:14.174111+05:30,BANKNIFTY,2026-11-23,True,41,82,55021.4,1.85,
2026-10-06 12:04:15.983411+05:30,SENSEX,2026-10-08,True,41,82,72837.17,1.81,
2026-10-06 12:04:17.823478+05:30,SENSEX,2026-10-15,True,41,82,72843.25,1.84,
2026-10-06 12:04:19.878674+05:30,FINNIFTY,2026-10-27,True,41,82,24881.55,2.05,
2026-10-06 12:04:21.699526+05:30,MIDCPNIFTY,2026-10-27,True,41,82,13788.35,1.82,
2026-10-06 12:05:06.772454+05:30,NIFTY,2026-10-06,True,41,82,22697.5,1.8,
2026-10-06 12:05:08.607651+05:30,NIFTY,2026-10-13,True,41,82,22696.65,1.83,
2026-10-06 12:05:10.431947+05:30,NIFTY,2026-10-19,True,41,82,22697.3,1.82,
2026-10-06 12:05:12.265549+05:30,BANKNIFTY,2026-10-27,True,41,82,55054.2,1.83,
2026-10-06 12:05:14.099342+05:30,BANKNIFTY,2026-11-23,True,41,82,55050.4,1.83,
2026-10-06 12:05:16.156297+05:30,SENSEX,2026-10-08,True,41,82,72863.98,2.06,
2026-10-06 12:05:17.972959+05:30,SENSEX,2026-10-15,True,41,82,72864.12,1.82,
2026-10-06 12:05:19.796769+05:30,FINNIFTY,2026-10-27,True,41,82,24890.25,1.82,
2026-10-06 12:05:21.669090+05:30,MIDCPNIFTY,2026-10-27,True,41,82,13792.15,1.87,
2026-10-06 12:06:06.779405+05:30,NIFTY,2026-10-06,True,41,82,22692.95,1.8,
2026-10-06 12:06:08.624388+05:30,NIFTY,2026-10-13,True,41,82,22692.25,1.84,
2026-10-06 12:06:10.466908+05:30,NIFTY,2026-10-19,True,41,82,22690.7,1.84,
2026-10-06 12:06:12.313976+05:30,BANKNIFTY,2026-10-27,True,41,82,55028.5,1.85,
2026-10-06 12:06:14.176988+05:30,BANKNIFTY,2026-11-23,True,41,82,55028.9,1.86,
2026-10-06 12:06:16.009060+05:30,SENSEX,2026-10-08,True,41,82,72838.89,1.83,
2026-10-06 12:06:17.828910+05:30,SENSEX,2026-10-15,True,41,82,72838.08,1.82,
2026-10-06 12:06:19.672247+05:30,FINNIFTY,2026-10-27,True,41,82,24882.55,1.84,
2026-10-06 12:06:21.521840+05:30,MIDCPNIFTY,2026-10-27,True,41,82,13791.7,1.85,
2026-10-06 12:07:06.786716+05:30,NIFTY,2026-10-06,True,41,82,22679.35,1.82,
2026-10-06 12:07:08.618382+05:30,NIFTY,2026-10-13,True,41,82,22679.15,1.82,
2026-10-06 12:07:10.446266+05:30,NIFTY,2026-10-19,True,41,82,22679.2,1.83,
2026-10-06 12:07:12.275281+05:30,BANKNIFTY,2026-10-27,True,41,82,55015.75,1.83,
2026-10-06 12:07:14.136497+05:30,BANKNIFTY,2026-11-23,True,41,82,55017.25,1.86,
2026-10-06 12:07:15.961005+05:30,SENSEX,2026-10-08,True,41,82,72801.55,1.82,
2026-10-06 12:07:17.793102+05:30,SENSEX,2026-10-15,True,41,82,72802.71,1.83,
2026-10-06 12:07:19.595633+05:30,FINNIFTY,2026-10-27,True,41,82,24875.2,1.8,
2026-10-06 12:07:21.418867+05:30,MIDCPNIFTY,2026-10-27,True,41,82,13789.55,1.82,
2026-10-06 12:08:06.795113+05:30,NIFTY,2026-10-06,True,41,82,22680.05,1.82,
2026-10-06 12:08:08.634858+05:30,NIFTY,2026-10-13,True,41,82,22680.25,1.84,
2026-10-06 12:08:10.457724+05:30,NIFTY,2026-10-19,True,41,82,22682.45,1.81,
2026-10-06 12:08:12.335854+05:30,BANKNIFTY,2026-10-27,True,41,82,55039.65,1.88,
2026-10-06 12:08:14.206163+05:30,BANKNIFTY,2026-11-23,True,41,82,55040.9,1.87,
2026-10-06 12:08:16.021992+05:30,SENSEX,2026-10-08,True,41,82,72814.19,1.82,
2026-10-06 12:08:17.845300+05:30,SENSEX,2026-10-15,True,41,82,72811.95,1.82,
2026-10-06 12:08:19.660656+05:30,FINNIFTY,2026-10-27,True,41,82,24885.2,1.81,
2026-10-06 12:08:21.483064+05:30,MIDCPNIFTY,2026-10-27,True,41,82,13788.15,1.82,
2026-10-06 12:09:06.798420+05:30,NIFTY,2026-10-06,True,41,82,22683.55,1.83,
2026-10-06 12:09:08.620434+05:30,NIFTY,2026-10-13,True,41,82,22684.0,1.82,
2026-10-06 12:09:10.458709+05:30,NIFTY,2026-10-19,True,41,82,22682.3,1.83,
2026-10-06 12:09:12.286336+05:30,BANKNIFTY,2026-10-27,True,41,82,55045.55,1.83,
2026-10-06 12:09:14.150836+05:30,BANKNIFTY,2026-11-23,True,41,82,55047.95,1.86,
2026-10-06 12:09:15.959124+05:30,SENSEX,2026-10-08,True,41,82,72819.7,1.81,
2026-10-06 12:09:17.779737+05:30,SENSEX,2026-10-15,True,41,82,72812.71,1.82,
2026-10-06 12:09:19.607140+05:30,FINNIFTY,2026-10-27,True,41,82,24886.0,1.82,
2026-10-06 12:09:21.429579+05:30,MIDCPNIFTY,2026-10-27,True,41,82,13790.0,1.82,
2026-10-06 12:10:06.813855+05:30,NIFTY,2026-10-06,True,41,82,22676.85,1.84,
2026-10-06 12:10:08.634834+05:30,NIFTY,2026-10-13,True,41,82,22676.4,1.82,
2026-10-06 12:10:10.674798+05:30,NIFTY,2026-10-19,True,41,82,22676.2,2.03,
2026-10-06 12:10:12.510258+05:30,BANKNIFTY,2026-10-27,True,41,82,55021.9,1.83,
2026-10-06 12:10:14.362460+05:30,BANKNIFTY,2026-11-23,True,41,82,55023.9,1.85,
2026-10-06 12:10:16.202688+05:30,SENSEX,2026-10-08,True,41,82,72787.66,1.84,
2026-10-06 12:10:18.020072+05:30,SENSEX,2026-10-15,True,41,82,72785.77,1.82,
2026-10-06 12:10:19.842547+05:30,FINNIFTY,2026-10-27,True,41,82,24877.25,1.82,
2026-10-06 12:10:21.666486+05:30,MIDCPNIFTY,2026-10-27,True,41,82,13785.7,1.82,
2026-10-06 12:11:06.815614+05:30,NIFTY,2026-10-06,True,41,82,22676.2,1.84,
2026-10-06 12:11:08.669743+05:30,NIFTY,2026-10-13,True,41,82,22676.05,1.85,
2026-10-06 12:11:10.512753+05:30,NIFTY,2026-10-19,True,41,82,22675.65,1.84,
2026-10-06 12:11:12.374969+05:30,BANKNIFTY,2026-10-27,True,41,82,55021.4,1.86,
2026-10-06 12:11:14.226260+05:30,BANKNIFTY,2026-11-23,True,41,82,55019.6,1.85,
2026-10-06 12:11:16.057467+05:30,SENSEX,2026-10-08,True,41,82,72783.4,1.83,
2026-10-06 12:11:17.879442+05:30,SENSEX,2026-10-15,True,41,82,72782.48,1.82,
2026-10-06 12:11:19.705000+05:30,FINNIFTY,2026-10-27,True,41,82,24873.5,1.82,
2026-10-06 12:11:21.526738+05:30,MIDCPNIFTY,2026-10-27,True,41,82,13791.4,1.82,
2026-10-06 12:12:06.790022+05:30,NIFTY,2026-10-06,True,41,82,22671.8,1.82,
2026-10-06 12:12:08.603676+05:30,NIFTY,2026-10-13,True,41,82,22670.2,1.81,
2026-10-06 12:12:10.443908+05:30,NIFTY,2026-10-19,True,41,82,22670.9,1.84,
2026-10-06 12:12:12.295171+05:30,BANKNIFTY,2026-10-27,True,41,82,55011.5,1.85,
2026-10-06 12:12:14.165935+05:30,BANKNIFTY,2026-11-23,True,41,82,54999.4,1.87,
2026-10-06 12:12:16.010919+05:30,SENSEX,2026-10-08,True,41,82,72768.48,1.84,
2026-10-06 12:12:17.842073+05:30,SENSEX,2026-10-15,True,41,82,72768.32,1.83,
2026-10-06 12:12:19.694786+05:30,FINNIFTY,2026-10-27,True,41,82,24873.35,1.85,
2026-10-06 12:12:21.526594+05:30,MIDCPNIFTY,2026-10-27,True,41,82,13788.65,1.83,
2026-10-06 12:13:06.772874+05:30,NIFTY,2026-10-06,True,41,82,22667.5,1.8,
2026-10-06 12:13:08.634554+05:30,NIFTY,2026-10-13,True,41,82,22667.55,1.85,
2026-10-06 12:13:10.466951+05:30,NIFTY,2026-10-19,True,41,82,22670.3,1.83,
2026-10-06 12:13:12.312107+05:30,BANKNIFTY,2026-10-27,True,41,82,54989.9,1.84,
2026-10-06 12:13:14.192083+05:30,BANKNIFTY,2026-11-23,True,41,82,54990.95,1.88,
2026-10-06 12:13:16.038632+05:30,SENSEX,2026-10-08,True,41,82,72765.21,1.85,
2026-10-06 12:13:17.870277+05:30,SENSEX,2026-10-15,True,41,82,72767.09,1.83,
2026-10-06 12:13:19.698846+05:30,FINNIFTY,2026-10-27,True,41,82,24873.65,1.83,
2026-10-06 12:13:21.523806+05:30,MIDCPNIFTY,2026-10-27,True,41,82,13789.95,1.82,
2026-10-06 12:14:06.786000+05:30,NIFTY,2026-10-06,True,41,82,22668.3,1.81,
2026-10-06 12:14:08.617143+05:30,NIFTY,2026-10-13,True,41,82,22668.15,1.83,
2026-10-06 12:14:10.437741+05:30,NIFTY,2026-10-19,True,41,82,22668.1,1.81,
2026-10-06 12:14:12.265700+05:30,BANKNIFTY,2026-10-27,True,41,82,54993.7,1.83,
2026-10-06 12:14:14.110535+05:30,BANKNIFTY,2026-11-23,True,41,82,54989.45,1.84,
2026-10-06 12:14:15.934380+05:30,SENSEX,2026-10-08,True,41,82,72764.78,1.82,
2026-10-06 12:14:17.772852+05:30,SENSEX,2026-10-15,True,41,82,72764.88,1.84,
2026-10-06 12:14:19.588740+05:30,FINNIFTY,2026-10-27,True,41,82,24867.2,1.81,
2026-10-06 12:14:21.426822+05:30,MIDCPNIFTY,2026-10-27,True,41,82,13794.4,1.84,
2026-10-06 12:15:06.782625+05:30,NIFTY,2026-10-06,True,41,82,22671.9,1.81,
2026-10-06 12:15:08.617898+05:30,NIFTY,2026-10-13,True,41,82,22671.75,1.83,
2026-10-06 12:15:10.456924+05:30,NIFTY,2026-10-19,True,41,82,22670.95,1.83,
2026-10-06 12:15:12.303076+05:30,BANKNIFTY,2026-10-27,True,41,82,54986.7,1.85,
2026-10-06 12:15:14.122891+05:30,BANKNIFTY,2026-11-23,True,41,82,54985.95,1.82,
2026-10-06 12:15:15.936767+05:30,SENSEX,2026-10-08,True,41,82,72773.01,1.81,
2026-10-06 12:15:17.766235+05:30,SENSEX,2026-10-15,True,41,82,72773.29,1.83,
2026-10-06 12:15:19.601186+05:30,FINNIFTY,2026-10-27,True,41,82,24863.85,1.83,
2026-10-06 12:15:21.445085+05:30,MIDCPNIFTY,2026-10-27,True,41,82,13794.95,1.84,
2026-10-06 12:16:06.772069+05:30,NIFTY,2026-10-06,True,41,82,22676.65,1.8,
2026-10-06 12:16:08.611019+05:30,NIFTY,2026-10-13,True,41,82,22677.3,1.83,
2026-10-06 12:16:10.459136+05:30,NIFTY,2026-10-19,True,41,82,22677.55,1.85,
2026-10-06 12:16:12.309030+05:30,BANKNIFTY,2026-10-27,True,41,82,55011.05,1.85,
2026-10-06 12:16:14.185023+05:30,BANKNIFTY,2026-11-23,True,41,82,55013.15,1.88,
2026-10-06 12:16:16.001637+05:30,SENSEX,2026-10-08,True,41,82,72796.64,1.81,
2026-10-06 12:16:18.205142+05:30,SENSEX,2026-10-15,True,41,82,72797.64,2.2,
2026-10-06 12:16:20.030407+05:30,FINNIFTY,2026-10-27,True,41,82,24873.8,1.82,
2026-10-06 12:16:21.874072+05:30,MIDCPNIFTY,2026-10-27,True,41,82,13796.8,1.84,
2026-10-06 12:17:06.769436+05:30,NIFTY,2026-10-06,True,41,82,22676.2,1.8,
2026-10-06 12:17:08.585758+05:30,NIFTY,2026-10-13,True,41,82,22676.75,1.81,
2026-10-06 12:17:10.403113+05:30,NIFTY,2026-10-19,True,41,82,22676.2,1.81,
2026-10-06 12:17:12.232299+05:30,BANKNIFTY,2026-10-27,True,41,82,55015.75,1.83,
2026-10-06 12:17:14.092221+05:30,BANKNIFTY,2026-11-23,True,41,82,55016.8,1.86,
2026-10-06 12:17:15.946815+05:30,SENSEX,2026-10-08,True,41,82,72797.18,1.85,
2026-10-06 12:17:17.786729+05:30,SENSEX,2026-10-15,True,41,82,72797.51,1.84,
2026-10-06 12:17:19.606753+05:30,FINNIFTY,2026-10-27,True,41,82,24878.4,1.82,
2026-10-06 12:17:21.422836+05:30,MIDCPNIFTY,2026-10-27,True,41,82,13796.35,1.81,
2026-10-06 12:18:06.784989+05:30,NIFTY,2026-10-06,True,41,82,22687.1,1.81,
2026-10-06 12:18:08.664745+05:30,NIFTY,2026-10-13,True,41,82,22687.25,1.87,
2026-10-06 12:18:10.510169+05:30,NIFTY,2026-10-19,True,41,82,22688.1,1.84,
2026-10-06 12:18:12.342503+05:30,BANKNIFTY,2026-10-27,True,41,82,55038.9,1.83,
2026-10-06 12:18:14.182352+05:30,BANKNIFTY,2026-11-23,True,41,82,55039.1,1.84,
2026-10-06 12:18:16.016271+05:30,SENSEX,2026-10-08,True,41,82,72826.77,1.83,
2026-10-06 12:18:17.844941+05:30,SENSEX,2026-10-15,True,41,82,72829.64,1.83,
2026-10-06 12:18:19.670522+05:30,FINNIFTY,2026-10-27,True,41,82,24882.6,1.82,
2026-10-06 12:18:21.510466+05:30,MIDCPNIFTY,2026-10-27,True,41,82,13796.9,1.84,
2026-10-06 12:19:06.823070+05:30,NIFTY,2026-10-06,True,41,82,22682.25,1.85,
2026-10-06 12:19:08.652100+05:30,NIFTY,2026-10-13,True,41,82,22682.55,1.83,
2026-10-06 12:19:10.615646+05:30,NIFTY,2026-10-19,True,41,82,22684.15,1.96,
2026-10-06 12:19:13.485703+05:30,BANKNIFTY,2026-10-27,True,41,82,55038.45,2.87,
2026-10-06 12:19:15.343937+05:30,BANKNIFTY,2026-11-23,True,41,82,55051.0,1.86,
2026-10-06 12:19:17.174182+05:30,SENSEX,2026-10-08,True,41,82,72828.97,1.83,
2026-10-06 12:19:18.990154+05:30,SENSEX,2026-10-15,True,41,82,72828.97,1.82,
2026-10-06 12:19:20.809969+05:30,FINNIFTY,2026-10-27,True,41,82,24890.6,1.82,
2026-10-06 12:19:22.638861+05:30,MIDCPNIFTY,2026-10-27,True,41,82,13795.35,1.83,
2026-10-06 12:22:13.016198+05:30,NIFTY,2026-10-06,True,41,82,22682.7,1.88,
2026-10-06 12:22:14.872704+05:30,NIFTY,2026-10-13,True,41,82,22682.75,1.85,
2026-10-06 12:22:16.771496+05:30,NIFTY,2026-10-19,True,41,82,22683.3,1.9,
2026-10-06 12:22:19.125718+05:30,BANKNIFTY,2026-10-27,True,41,82,55044.0,2.0,
2026-10-06 12:22:20.978400+05:30,BANKNIFTY,2026-11-23,True,41,82,55043.0,1.85,
2026-10-06 12:22:23.205309+05:30,SENSEX,2026-10-08,True,41,82,72825.61,1.88,
2026-10-06 12:22:25.066166+05:30,SENSEX,2026-10-15,True,41,82,72827.28,1.86,
2026-10-06 12:22:27.292808+05:30,FINNIFTY,2026-10-27,True,41,82,24892.8,1.88,
2026-10-06 12:22:29.513691+05:30,MIDCPNIFTY,2026-10-27,True,41,82,13785.55,1.88,
2026-10-06 12:23:06.795473+05:30,NIFTY,2026-10-06,True,41,82,22686.5,1.82,
2026-10-06 12:23:08.659709+05:30,NIFTY,2026-10-13,True,41,82,22687.2,1.86,
2026-10-06 12:23:10.506320+05:30,NIFTY,2026-10-19,True,41,82,22686.4,1.84,
2026-10-06 12:23:12.346904+05:30,BANKNIFTY,2026-10-27,True,41,82,55046.05,1.84,
2026-10-06 12:23:14.197530+05:30,BANKNIFTY,2026-11-23,True,41,82,55046.2,1.85,
2026-10-06 12:23:16.028523+05:30,SENSEX,2026-10-08,True,41,82,72830.17,1.83,
2026-10-06 12:23:17.853203+05:30,SENSEX,2026-10-15,True,41,82,72828.93,1.83,
2026-10-06 12:23:19.675687+05:30,FINNIFTY,2026-10-27,True,41,82,24900.0,1.82,
2026-10-06 12:23:21.516660+05:30,MIDCPNIFTY,2026-10-27,True,41,82,13786.2,1.84,
2026-10-06 12:24:07.010740+05:30,NIFTY,2026-10-06,True,41,82,22688.1,2.03,
2026-10-06 12:24:09.223510+05:30,NIFTY,2026-10-13,True,41,82,22688.25,2.21,
2026-10-06 12:24:11.046974+05:30,NIFTY,2026-10-19,True,41,82,22687.9,1.82,
2026-10-06 12:24:12.881274+05:30,BANKNIFTY,2026-10-27,True,41,82,55052.65,1.83,
2026-10-06 12:24:14.749095+05:30,BANKNIFTY,2026-11-23,True,41,82,55052.55,1.87,
2026-10-06 12:24:16.580406+05:30,SENSEX,2026-10-08,True,41,82,72837.16,1.83,
2026-10-06 12:24:18.413798+05:30,SENSEX,2026-10-15,True,41,82,72840.26,1.83,
2026-10-06 12:24:20.244265+05:30,FINNIFTY,2026-10-27,True,41,82,24906.6,1.83,
2026-10-06 12:24:22.090966+05:30,MIDCPNIFTY,2026-10-27,True,41,82,13786.3,1.85,
2026-10-06 12:25:06.805214+05:30,NIFTY,2026-10-06,True,41,82,22694.1,1.82,
2026-10-06 12:25:08.643169+05:30,NIFTY,2026-10-13,True,41,82,22694.65,1.83,
2026-10-06 12:25:10.499735+05:30,NIFTY,2026-10-19,True,41,82,22693.6,1.85,
2026-10-06 12:25:12.357031+05:30,BANKNIFTY,2026-10-27,True,41,82,55067.05,1.86,
2026-10-06 12:25:14.224955+05:30,BANKNIFTY,2026-11-23,True,41,82,55067.6,1.87,
2026-10-06 12:25:16.074499+05:30,SENSEX,2026-10-08,True,41,82,72856.51,1.84,
2026-10-06 12:25:17.912866+05:30,SENSEX,2026-10-15,True,41,82,72858.13,1.84,
2026-10-06 12:25:19.741883+05:30,FINNIFTY,2026-10-27,True,41,82,24909.05,1.83,
2026-10-06 12:25:21.668957+05:30,MIDCPNIFTY,2026-10-27,True,41,82,13786.65,1.93,
2026-10-06 12:26:06.785032+05:30,NIFTY,2026-10-06,True,41,82,22685.7,1.8,
2026-10-06 12:26:08.620559+05:30,NIFTY,2026-10-13,True,41,82,22685.25,1.83,
2026-10-06 12:26:10.497859+05:30,NIFTY,2026-10-19,True,41,82,22685.95,1.88,
2026-10-06 12:26:12.314204+05:30,BANKNIFTY,2026-10-27,True,41,82,55052.0,1.82,
2026-10-06 12:26:14.196003+05:30,BANKNIFTY,2026-11-23,True,41,82,55048.35,1.88,
2026-10-06 12:26:16.076275+05:30,SENSEX,2026-10-08,True,41,82,72831.42,1.88,
2026-10-06 12:26:17.973323+05:30,SENSEX,2026-10-15,True,41,82,72831.98,1.9,
2026-10-06 12:26:19.855638+05:30,FINNIFTY,2026-10-27,True,41,82,24899.65,1.88,
2026-10-06 12:26:21.692806+05:30,MIDCPNIFTY,2026-10-27,True,41,82,13786.1,1.84,
2026-10-06 12:27:06.789559+05:30,NIFTY,2026-10-06,True,41,82,22685.4,1.81,
2026-10-06 12:27:08.619885+05:30,NIFTY,2026-10-13,True,41,82,22686.1,1.82,
2026-10-06 12:27:10.493475+05:30,NIFTY,2026-10-19,True,41,82,22685.8,1.87,
2026-10-06 12:27:12.343406+05:30,BANKNIFTY,2026-10-27,True,41,82,55042.95,1.85,
2026-10-06 12:27:14.210436+05:30,BANKNIFTY,2026-11-23,True,41,82,55039.5,1.87,
2026-10-06 12:27:16.047985+05:30,SENSEX,2026-10-08,True,41,82,72834.47,1.84,
2026-10-06 12:27:17.894970+05:30,SENSEX,2026-10-15,True,41,82,72838.71,1.85,
2026-10-06 12:27:19.717748+05:30,FINNIFTY,2026-10-27,True,41,82,24899.9,1.82,
2026-10-06 12:27:21.552073+05:30,MIDCPNIFTY,2026-10-27,True,41,82,13785.75,1.83,
2026-10-06 12:28:06.780221+05:30,NIFTY,2026-10-06,True,41,82,22686.6,1.8,
2026-10-06 12:28:08.620948+05:30,NIFTY,2026-10-13,True,41,82,22686.65,1.84,
2026-10-06 12:28:11.462357+05:30,NIFTY,2026-10-19,True,41,82,22686.3,2.84,
2026-10-06 12:28:13.312871+05:30,BANKNIFTY,2026-10-27,True,41,82,55050.05,1.86,
2026-10-06 12:28:15.166100+05:30,BANKNIFTY,2026-11-23,True,41,82,55049.2,1.85,
2026-10-06 12:28:17.024147+05:30,SENSEX,2026-10-08,True,41,82,72827.58,1.86,
2026-10-06 12:28:18.855062+05:30,SENSEX,2026-10-15,True,41,82,72829.1,1.83,
2026-10-06 12:28:20.711510+05:30,FINNIFTY,2026-10-27,True,41,82,24899.65,1.85,
2026-10-06 12:28:22.563297+05:30,MIDCPNIFTY,2026-10-27,True,41,82,13789.75,1.85,
2026-10-06 12:29:06.795145+05:30,NIFTY,2026-10-06,True,41,82,22688.6,1.81,
2026-10-06 12:29:08.761381+05:30,NIFTY,2026-10-13,True,41,82,22687.4,1.96,
2026-10-06 12:29:10.615380+05:30,NIFTY,2026-10-19,True,41,82,22686.9,1.85,
2026-10-06 12:29:12.470124+05:30,BANKNIFTY,2026-10-27,True,41,82,55047.35,1.85,
2026-10-06 12:29:14.320982+05:30,BANKNIFTY,2026-11-23,True,41,82,55046.5,1.85,
2026-10-06 12:29:16.166822+05:30,SENSEX,2026-10-08,True,41,82,72840.07,1.85,
2026-10-06 12:29:18.038725+05:30,SENSEX,2026-10-15,True,41,82,72840.07,1.87,
2026-10-06 12:29:19.880030+05:30,FINNIFTY,2026-10-27,True,41,82,24899.9,1.84,
2026-10-06 12:29:21.718160+05:30,MIDCPNIFTY,2026-10-27,True,41,82,13787.85,1.84,
2026-10-06 12:30:06.836482+05:30,NIFTY,2026-10-06,True,41,82,22688.15,1.85,
2026-10-06 12:30:08.673756+05:30,NIFTY,2026-10-13,True,41,82,22687.15,1.83,
2026-10-06 12:30:10.552967+05:30,NIFTY,2026-10-19,True,41,82,22687.25,1.88,
2026-10-06 12:30:12.423803+05:30,BANKNIFTY,2026-10-27,True,41,82,55053.65,1.87,
2026-10-06 12:30:14.308882+05:30,BANKNIFTY,2026-11-23,True,41,82,55054.35,1.88,
2026-10-06 12:30:16.144932+05:30,SENSEX,2026-10-08,True,41,82,72847.69,1.84,
2026-10-06 12:30:17.984810+05:30,SENSEX,2026-10-15,True,41,82,72848.94,1.84,
2026-10-06 12:30:19.811052+05:30,FINNIFTY,2026-10-27,True,41,82,24903.25,1.82,
2026-10-06 12:30:21.654382+05:30,MIDCPNIFTY,2026-10-27,True,41,82,13786.6,1.84,
2026-10-06 12:31:06.785390+05:30,NIFTY,2026-10-06,True,41,82,22693.45,1.81,
2026-10-06 12:31:08.628513+05:30,NIFTY,2026-10-13,True,41,82,22695.15,1.83,
2026-10-06 12:31:10.476924+05:30,NIFTY,2026-10-19,True,41,82,22693.45,1.85,
2026-10-06 12:31:12.332209+05:30,BANKNIFTY,2026-10-27,True,41,82,55067.4,1.86,
2026-10-06 12:31:14.229587+05:30,BANKNIFTY,2026-11-23,True,41,82,55072.7,1.9,
2026-10-06 12:31:16.115350+05:30,SENSEX,2026-10-08,True,41,82,72861.4,1.89,
2026-10-06 12:31:17.948235+05:30,SENSEX,2026-10-15,True,41,82,72859.74,1.83,
2026-10-06 12:31:19.790695+05:30,FINNIFTY,2026-10-27,True,41,82,24909.9,1.84,
2026-10-06 12:31:21.629501+05:30,MIDCPNIFTY,2026-10-27,True,41,82,13786.6,1.84,
2026-10-06 12:32:06.791158+05:30,NIFTY,2026-10-06,True,41,82,22695.85,1.81,
2026-10-06 12:32:08.646754+05:30,NIFTY,2026-10-13,True,41,82,22694.9,1.85,
2026-10-06 12:32:10.494615+05:30,NIFTY,2026-10-19,True,41,82,22695.15,1.84,
2026-10-06 12:32:12.377414+05:30,BANKNIFTY,2026-10-27,True,41,82,55083.1,1.88,
2026-10-06 12:32:14.230522+05:30,BANKNIFTY,2026-11-23,True,41,82,55082.65,1.85,
2026-10-06 12:32:16.091404+05:30,SENSEX,2026-10-08,True,41,82,72859.57,1.86,
2026-10-06 12:32:17.922486+05:30,SENSEX,2026-10-15,True,41,82,72855.61,1.83,
2026-10-06 12:32:19.775550+05:30,FINNIFTY,2026-10-27,True,41,82,24909.9,1.85,
2026-10-06 12:32:21.623603+05:30,MIDCPNIFTY,2026-10-27,True,41,82,13789.55,1.85,
2026-10-06 12:33:06.788474+05:30,NIFTY,2026-10-06,True,41,82,22687.35,1.81,
2026-10-06 12:33:08.626698+05:30,NIFTY,2026-10-13,True,41,82,22687.5,1.85,
2026-10-06 12:33:10.466004+05:30,NIFTY,2026-10-19,True,41,82,22687.4,1.82,
2026-10-06 12:33:12.314759+05:30,BANKNIFTY,2026-10-27,True,41,82,55059.9,1.85,
2026-10-06 12:33:14.157898+05:30,BANKNIFTY,2026-11-23,True,41,82,55059.8,1.84,
2026-10-06 12:33:16.022822+05:30,SENSEX,2026-10-08,True,41,82,72842.77,1.86,
2026-10-06 12:33:17.866987+05:30,SENSEX,2026-10-15,True,41,82,72842.77,1.84,
2026-10-06 12:33:19.711771+05:30,FINNIFTY,2026-10-27,True,41,82,24906.3,1.84,
2026-10-06 12:33:21.559589+05:30,MIDCPNIFTY,2026-10-27,True,41,82,13784.85,1.85,
2026-10-06 12:34:06.796475+05:30,NIFTY,2026-10-06,True,41,82,22691.5,1.82,
2026-10-06 12:34:08.634491+05:30,NIFTY,2026-10-13,True,41,82,22691.3,1.83,
2026-10-06 12:34:10.476715+05:30,NIFTY,2026-10-19,True,41,82,22691.25,1.84,
2026-10-06 12:34:12.331919+05:30,BANKNIFTY,2026-10-27,True,41,82,55077.8,1.85,
2026-10-06 12:34:14.178421+05:30,BANKNIFTY,2026-11-23,True,41,82,55079.8,1.84,
2026-10-06 12:34:16.028748+05:30,SENSEX,2026-10-08,True,41,82,72862.62,1.85,
2026-10-06 12:34:17.861786+05:30,SENSEX,2026-10-15,True,41,82,72862.15,1.83,
2026-10-06 12:34:19.696814+05:30,FINNIFTY,2026-10-27,True,41,82,24912.8,1.83,
2026-10-06 12:34:21.560497+05:30,MIDCPNIFTY,2026-10-27,True,41,82,13790.7,1.86,
2026-10-06 12:35:06.794217+05:30,NIFTY,2026-10-06,True,41,82,22690.3,1.81,
2026-10-06 12:35:08.658400+05:30,NIFTY,2026-10-13,True,41,82,22691.0,1.86,
2026-10-06 12:35:10.521535+05:30,NIFTY,2026-10-19,True,41,82,22690.7,1.86,
2026-10-06 12:35:12.386799+05:30,BANKNIFTY,2026-10-27,True,41,82,55090.8,1.87,
2026-10-06 12:35:14.249523+05:30,BANKNIFTY,2026-11-23,True,41,82,55093.55,1.86,
2026-10-06 12:35:16.080438+05:30,SENSEX,2026-10-08,True,41,82,72860.44,1.83,
2026-10-06 12:35:17.923716+05:30,SENSEX,2026-10-15,True,41,82,72862.53,1.84,
2026-10-06 12:35:19.767528+05:30,FINNIFTY,2026-10-27,True,41,82,24913.95,1.84,
2026-10-06 12:35:21.605776+05:30,MIDCPNIFTY,2026-10-27,True,41,82,13793.85,1.84,
2026-10-06 12:36:06.573523+05:30,NIFTY,2026-10-06,True,41,82,22691.55,1.59,
2026-10-06 12:36:08.189856+05:30,NIFTY,2026-10-13,True,41,82,22691.7,1.61,
2026-10-06 12:36:09.797221+05:30,NIFTY,2026-10-19,True,41,82,22691.5,1.61,
2026-10-06 12:36:11.410890+05:30,BANKNIFTY,2026-10-27,True,41,82,55088.2,1.61,
2026-10-06 12:36:13.044763+05:30,BANKNIFTY,2026-11-23,True,41,82,55086.8,1.63,
2026-10-06 12:36:14.674911+05:30,SENSEX,2026-10-08,True,41,82,72851.85,1.63,
2026-10-06 12:36:16.282595+05:30,SENSEX,2026-10-15,True,41,82,72853.09,1.61,
2026-10-06 12:36:17.891231+05:30,FINNIFTY,2026-10-27,True,41,82,24916.3,1.61,
2026-10-06 12:36:19.506303+05:30,MIDCPNIFTY,2026-10-27,True,41,82,13795.15,1.61,
2026-10-06 12:37:06.810198+05:30,NIFTY,2026-10-06,True,41,82,22692.4,1.83,
2026-10-06 12:37:08.664155+05:30,NIFTY,2026-10-13,True,41,82,22691.8,1.86,
2026-10-06 12:37:10.499230+05:30,NIFTY,2026-10-19,True,41,82,22691.55,1.82,
2026-10-06 12:37:12.367644+05:30,BANKNIFTY,2026-10-27,True,41,82,55097.3,1.87,
2026-10-06 12:37:14.204289+05:30,BANKNIFTY,2026-11-23,True,41,82,55100.25,1.84,
2026-10-06 12:37:16.570829+05:30,SENSEX,2026-10-08,True,41,82,72858.6,2.37,
2026-10-06 12:37:18.433811+05:30,SENSEX,2026-10-15,True,41,82,72854.06,1.86,
2026-10-06 12:37:20.487229+05:30,FINNIFTY,2026-10-27,True,41,82,24920.0,2.05,
2026-10-06 12:37:22.328953+05:30,MIDCPNIFTY,2026-10-27,True,41,82,13796.1,1.84,
2026-10-06 12:38:06.804510+05:30,NIFTY,2026-10-06,True,41,82,22698.7,1.83,
2026-10-06 12:38:08.651707+05:30,NIFTY,2026-10-13,True,41,82,22698.7,1.84,
2026-10-06 12:38:10.494931+05:30,NIFTY,2026-10-19,True,41,82,22698.8,1.84,
2026-10-06 12:38:12.373327+05:30,BANKNIFTY,2026-10-27,True,41,82,55114.75,1.88,
2026-10-06 12:38:14.227621+05:30,BANKNIFTY,2026-11-23,True,41,82,55115.5,1.85,
2026-10-06 12:38:16.071274+05:30,SENSEX,2026-10-08,True,41,82,72877.7,1.84,
2026-10-06 12:38:17.928751+05:30,SENSEX,2026-10-15,True,41,82,72880.53,1.86,
2026-10-06 12:38:19.787521+05:30,FINNIFTY,2026-10-27,True,41,82,24923.4,1.86,
2026-10-06 12:38:21.628206+05:30,MIDCPNIFTY,2026-10-27,True,41,82,13794.5,1.84,
2026-10-06 12:39:06.790226+05:30,NIFTY,2026-10-06,True,41,82,22711.2,1.81,
2026-10-06 12:39:08.642612+05:30,NIFTY,2026-10-13,True,41,82,22711.65,1.85,
2026-10-06 12:39:10.482332+05:30,NIFTY,2026-10-19,True,41,82,22712.65,1.84,
2026-10-06 12:39:12.469022+05:30,BANKNIFTY,2026-10-27,True,41,82,55147.4,1.99,
2026-10-06 12:39:14.328973+05:30,BANKNIFTY,2026-11-23,True,41,82,55152.05,1.86,
2026-10-06 12:39:17.179544+05:30,SENSEX,2026-10-08,True,41,82,72922.22,2.85,
2026-10-06 12:39:19.028377+05:30,SENSEX,2026-10-15,True,41,82,72927.12,1.85,
2026-10-06 12:39:20.858838+05:30,FINNIFTY,2026-10-27,True,41,80,24935.8,1.83,
2026-10-06 12:39:22.724823+05:30,MIDCPNIFTY,2026-10-27,True,41,82,13801.55,1.86,
2026-10-06 12:40:06.792171+05:30,NIFTY,2026-10-06,True,41,82,22713.6,1.81,
2026-10-06 12:40:08.645960+05:30,NIFTY,2026-10-13,True,41,82,22712.05,1.84,
2026-10-06 12:40:10.497095+05:30,NIFTY,2026-10-19,True,41,82,22712.25,1.85,
2026-10-06 12:40:12.365076+05:30,BANKNIFTY,2026-10-27,True,41,82,55148.45,1.87,
2026-10-06 12:40:14.221303+05:30,BANKNIFTY,2026-11-23,True,41,82,55146.0,1.85,
2026-10-06 12:40:16.092526+05:30,SENSEX,2026-10-08,True,41,82,72920.74,1.87,
2026-10-06 12:40:17.954430+05:30,SENSEX,2026-10-15,True,41,82,72923.6,1.86,
2026-10-06 12:40:19.795263+05:30,FINNIFTY,2026-10-27,True,41,80,24932.75,1.84,
2026-10-06 12:40:21.645655+05:30,MIDCPNIFTY,2026-10-27,True,41,82,13803.0,1.85,
2026-10-06 12:41:06.784345+05:30,NIFTY,2026-10-06,True,41,82,22708.7,1.81,
2026-10-06 12:41:08.621459+05:30,NIFTY,2026-10-13,True,41,82,22708.95,1.83,
2026-10-06 12:41:10.471661+05:30,NIFTY,2026-10-19,True,41,82,22708.4,1.85,
2026-10-06 12:41:12.374512+05:30,BANKNIFTY,2026-10-27,True,41,82,55145.1,1.9,
2026-10-06 12:41:14.239396+05:30,BANKNIFTY,2026-11-23,True,41,82,55145.8,1.86,
2026-10-06 12:41:16.097893+05:30,SENSEX,2026-10-08,True,41,82,72915.92,1.86,
2026-10-06 12:41:17.936821+05:30,SENSEX,2026-10-15,True,41,82,72909.36,1.84,
2026-10-06 12:41:19.787820+05:30,FINNIFTY,2026-10-27,True,41,80,24930.45,1.85,
2026-10-06 12:41:21.630902+05:30,MIDCPNIFTY,2026-10-27,True,41,82,13802.95,1.84,
2026-10-06 12:42:06.790771+05:30,NIFTY,2026-10-06,True,41,82,22710.6,1.81,
2026-10-06 12:42:08.627786+05:30,NIFTY,2026-10-13,True,41,82,22710.2,1.83,
2026-10-06 12:42:10.502312+05:30,NIFTY,2026-10-19,True,41,82,22710.8,1.87,
2026-10-06 12:42:12.367342+05:30,BANKNIFTY,2026-10-27,True,41,82,55147.9,1.86,
2026-10-06 12:42:14.221765+05:30,BANKNIFTY,2026-11-23,True,41,82,55148.5,1.85,
2026-10-06 12:42:17.071612+05:30,SENSEX,2026-10-08,True,41,82,72919.81,2.85,
2026-10-06 12:42:18.910993+05:30,SENSEX,2026-10-15,True,41,82,72925.17,1.84,
2026-10-06 12:42:21.764738+05:30,FINNIFTY,2026-10-27,True,41,80,24931.0,2.85,
2026-10-06 12:42:23.636058+05:30,MIDCPNIFTY,2026-10-27,True,41,82,13800.75,1.87,
2026-10-06 12:43:06.810895+05:30,NIFTY,2026-10-06,True,41,82,22711.35,1.83,
2026-10-06 12:43:08.682419+05:30,NIFTY,2026-10-13,True,41,82,22712.45,1.87,
2026-10-06 12:43:10.530952+05:30,NIFTY,2026-10-19,True,41,82,22711.85,1.85,
2026-10-06 12:43:12.394974+05:30,BANKNIFTY,2026-10-27,True,41,82,55159.35,1.86,
2026-10-06 12:43:14.240757+05:30,BANKNIFTY,2026-11-23,True,41,82,55162.1,1.84,
2026-10-06 12:43:16.080715+05:30,SENSEX,2026-10-08,True,41,82,72928.12,1.84,
2026-10-06 12:43:17.915562+05:30,SENSEX,2026-10-15,True,41,82,72929.92,1.83,
2026-10-06 12:43:19.753706+05:30,FINNIFTY,2026-10-27,True,41,80,24931.45,1.84,
2026-10-06 12:43:21.593400+05:30,MIDCPNIFTY,2026-10-27,True,41,82,13806.2,1.84,
2026-10-06 12:44:06.958661+05:30,NIFTY,2026-10-06,True,41,82,22725.95,1.98,
2026-10-06 12:44:09.578905+05:30,NIFTY,2026-10-13,True,41,82,22725.65,2.61,
2026-10-06 12:44:11.490433+05:30,NIFTY,2026-10-19,True,41,82,22725.95,1.91,
2026-10-06 12:44:13.415554+05:30,BANKNIFTY,2026-10-27,True,41,82,55190.85,1.93,
2026-10-06 12:44:15.348070+05:30,BANKNIFTY,2026-11-23,True,41,82,55192.1,1.93,
2026-10-06 12:44:17.253089+05:30,SENSEX,2026-10-08,True,41,82,72968.12,1.9,
2026-10-06 12:44:19.180308+05:30,SENSEX,2026-10-15,True,41,82,72969.82,1.93,
2026-10-06 12:44:22.103328+05:30,FINNIFTY,2026-10-27,True,41,80,24944.4,2.92,
2026-10-06 12:44:24.043709+05:30,MIDCPNIFTY,2026-10-27,True,41,82,13807.85,1.94,
2026-10-06 12:45:06.861822+05:30,NIFTY,2026-10-06,True,41,82,22720.7,1.88,
2026-10-06 12:45:09.818124+05:30,NIFTY,2026-10-13,True,41,82,22721.0,2.95,
2026-10-06 12:45:11.741894+05:30,NIFTY,2026-10-19,True,41,82,22721.65,1.92,
2026-10-06 12:45:13.677003+05:30,BANKNIFTY,2026-10-27,True,41,82,55186.5,1.94,
2026-10-06 12:45:15.620923+05:30,BANKNIFTY,2026-11-23,True,41,82,55192.6,1.94,
2026-10-06 12:45:18.577530+05:30,SENSEX,2026-10-08,True,41,82,72960.68,2.96,
2026-10-06 12:45:20.496873+05:30,SENSEX,2026-10-15,True,41,82,72959.04,1.92,
2026-10-06 12:45:22.415901+05:30,FINNIFTY,2026-10-27,True,41,80,24941.35,1.92,
2026-10-06 12:45:24.318486+05:30,MIDCPNIFTY,2026-10-27,True,41,82,13812.05,1.9,
2026-10-06 12:46:06.868793+05:30,NIFTY,2026-10-06,True,41,82,22720.7,1.89,
2026-10-06 12:46:08.812315+05:30,NIFTY,2026-10-13,True,41,82,22719.35,1.94,
2026-10-06 12:46:10.718301+05:30,NIFTY,2026-10-19,True,41,82,22719.45,1.9,
2026-10-06 12:46:12.663235+05:30,BANKNIFTY,2026-10-27,True,41,82,55176.95,1.94,
2026-10-06 12:46:14.572362+05:30,BANKNIFTY,2026-11-23,True,41,82,55173.15,1.91,
2026-10-06 12:46:16.472167+05:30,SENSEX,2026-10-08,True,41,82,72941.02,1.9,
2026-10-06 12:46:18.383252+05:30,SENSEX,2026-10-15,True,41,82,72947.65,1.91,
2026-10-06 12:46:20.281386+05:30,FINNIFTY,2026-10-27,True,41,80,24940.9,1.9,
2026-10-06 12:46:22.206392+05:30,MIDCPNIFTY,2026-10-27,True,41,82,13811.3,1.92,
2026-10-06 12:47:06.844453+05:30,NIFTY,2026-10-06,True,41,82,22723.65,1.86,
2026-10-06 12:47:08.739183+05:30,NIFTY,2026-10-13,True,41,82,22723.35,1.89,
2026-10-06 12:47:10.647983+05:30,NIFTY,2026-10-19,True,41,82,22723.35,1.91,
2026-10-06 12:47:12.553690+05:30,BANKNIFTY,2026-10-27,True,41,82,55178.55,1.91,
2026-10-06 12:47:14.489361+05:30,BANKNIFTY,2026-11-23,True,41,82,55184.65,1.93,
2026-10-06 12:47:16.390977+05:30,SENSEX,2026-10-08,True,41,82,72964.72,1.9,
2026-10-06 12:47:18.320845+05:30,SENSEX,2026-10-15,True,41,82,72957.56,1.93,
2026-10-06 12:47:20.232673+05:30,FINNIFTY,2026-10-27,True,41,80,24942.0,1.91,
2026-10-06 12:47:22.138519+05:30,MIDCPNIFTY,2026-10-27,True,41,82,13814.65,1.91,
2026-10-06 12:48:06.842796+05:30,NIFTY,2026-10-06,True,41,82,22724.3,1.86,
2026-10-06 12:48:08.738129+05:30,NIFTY,2026-10-13,True,41,82,22724.3,1.89,
2026-10-06 12:48:10.646735+05:30,NIFTY,2026-10-19,True,41,82,22724.65,1.91,
2026-10-06 12:48:12.568902+05:30,BANKNIFTY,2026-10-27,True,41,82,55189.45,1.92,
2026-10-06 12:48:14.475810+05:30,BANKNIFTY,2026-11-23,True,41,82,55194.25,1.91,
2026-10-06 12:48:16.370823+05:30,SENSEX,2026-10-08,True,41,82,72959.7,1.89,
2026-10-06 12:48:18.266077+05:30,SENSEX,2026-10-15,True,41,82,72960.99,1.9,
2026-10-06 12:48:20.163798+05:30,FINNIFTY,2026-10-27,True,41,80,24953.1,1.9,
2026-10-06 12:48:22.069341+05:30,MIDCPNIFTY,2026-10-27,True,41,82,13816.0,1.9,
2026-10-06 12:49:06.852438+05:30,NIFTY,2026-10-06,True,41,82,22723.3,1.87,
2026-10-06 12:49:08.750991+05:30,NIFTY,2026-10-13,True,41,82,22721.95,1.89,
2026-10-06 12:49:10.650163+05:30,NIFTY,2026-10-19,True,41,82,22721.75,1.9,
2026-10-06 12:49:12.552187+05:30,BANKNIFTY,2026-10-27,True,41,82,55187.35,1.9,
2026-10-06 12:49:14.464963+05:30,BANKNIFTY,2026-11-23,True,41,82,55194.45,1.91,
2026-10-06 12:49:16.369392+05:30,SENSEX,2026-10-08,True,41,82,72950.62,1.9,
2026-10-06 12:49:18.277111+05:30,SENSEX,2026-10-15,True,41,82,72949.62,1.91,
2026-10-06 12:49:20.201254+05:30,FINNIFTY,2026-10-27,True,41,80,24945.4,1.92,
2026-10-06 12:49:22.138320+05:30,MIDCPNIFTY,2026-10-27,True,41,82,13810.3,1.94,
2026-10-06 12:50:06.857346+05:30,NIFTY,2026-10-06,True,41,82,22715.15,1.88,
2026-10-06 12:50:08.778131+05:30,NIFTY,2026-10-13,True,41,82,22715.05,1.91,
2026-10-06 12:50:10.675943+05:30,NIFTY,2026-10-19,True,41,82,22714.8,1.9,
2026-10-06 12:50:12.632795+05:30,BANKNIFTY,2026-10-27,True,41,82,55169.45,1.96,
2026-10-06 12:50:14.550924+05:30,BANKNIFTY,2026-11-23,True,41,82,55163.3,1.92,
2026-10-06 12:50:16.448328+05:30,SENSEX,2026-10-08,True,41,82,72929.32,1.9,
2026-10-06 12:50:18.332477+05:30,SENSEX,2026-10-15,True,41,82,72924.8,1.88,
2026-10-06 12:50:20.220784+05:30,FINNIFTY,2026-10-27,True,41,80,24935.75,1.89,
2026-10-06 12:50:22.551195+05:30,MIDCPNIFTY,2026-10-27,True,41,82,13810.5,2.33,
2026-10-06 12:51:06.834159+05:30,NIFTY,2026-10-06,True,41,82,22712.7,1.85,
2026-10-06 12:51:08.723865+05:30,NIFTY,2026-10-13,True,41,82,22713.4,1.88,
2026-10-06 12:51:10.629120+05:30,NIFTY,2026-10-19,True,41,82,22713.45,1.9,
2026-10-06 12:51:12.555465+05:30,BANKNIFTY,2026-10-27,True,41,82,55158.45,1.93,
2026-10-06 12:51:14.495697+05:30,BANKNIFTY,2026-11-23,True,41,82,55162.55,1.94,
2026-10-06 12:51:16.405054+05:30,SENSEX,2026-10-08,True,41,82,72927.36,1.91,
2026-10-06 12:51:18.308902+05:30,SENSEX,2026-10-15,True,41,82,72926.71,1.9,
2026-10-06 12:51:20.196125+05:30,FINNIFTY,2026-10-27,True,41,80,24933.55,1.88,
2026-10-06 12:51:22.086332+05:30,MIDCPNIFTY,2026-10-27,True,41,82,13812.3,1.89,
2026-10-06 12:52:06.856759+05:30,NIFTY,2026-10-06,True,41,82,22710.6,1.88,
2026-10-06 12:52:08.746508+05:30,NIFTY,2026-10-13,True,41,82,22710.55,1.88,
2026-10-06 12:52:10.638971+05:30,NIFTY,2026-10-19,True,41,82,22710.5,1.89,
2026-10-06 12:52:12.533434+05:30,BANKNIFTY,2026-10-27,True,41,82,55142.75,1.89,
2026-10-06 12:52:14.441070+05:30,BANKNIFTY,2026-11-23,True,41,82,55146.8,1.91,
2026-10-06 12:52:16.313106+05:30,SENSEX,2026-10-08,True,41,82,72916.92,1.87,
2026-10-06 12:52:18.191750+05:30,SENSEX,2026-10-15,True,41,82,72911.86,1.88,
2026-10-06 12:52:20.110616+05:30,FINNIFTY,2026-10-27,True,41,80,24924.3,1.92,
2026-10-06 12:52:22.218218+05:30,MIDCPNIFTY,2026-10-27,True,41,82,13810.3,2.11,
2026-10-06 12:53:06.855235+05:30,NIFTY,2026-10-06,True,41,82,22717.95,1.87,
2026-10-06 12:53:08.790887+05:30,NIFTY,2026-10-13,True,41,82,22717.4,1.93,
2026-10-06 12:53:10.683004+05:30,NIFTY,2026-10-19,True,41,82,22717.05,1.89,
2026-10-06 12:53:12.583226+05:30,BANKNIFTY,2026-10-27,True,41,82,55167.15,1.9,
2026-10-06 12:53:14.493186+05:30,BANKNIFTY,2026-11-23,True,41,82,55172.25,1.91,
2026-10-06 12:53:16.385368+05:30,SENSEX,2026-10-08,True,41,82,72921.72,1.89,
2026-10-06 12:53:18.275594+05:30,SENSEX,2026-10-15,True,41,82,72926.61,1.89,
2026-10-06 12:53:20.193309+05:30,FINNIFTY,2026-10-27,True,41,80,24935.15,1.92,
2026-10-06 12:53:22.102055+05:30,MIDCPNIFTY,2026-10-27,True,41,82,13812.9,1.91,
2026-10-06 12:54:06.840297+05:30,NIFTY,2026-10-06,True,41,82,22712.0,1.86,
2026-10-06 12:54:08.739634+05:30,NIFTY,2026-10-13,True,41,82,22711.55,1.89,
2026-10-06 12:54:10.644313+05:30,NIFTY,2026-10-19,True,41,82,22711.05,1.9,
2026-10-06 12:54:12.567452+05:30,BANKNIFTY,2026-10-27,True,41,82,55151.9,1.92,
2026-10-06 12:54:14.480414+05:30,BANKNIFTY,2026-11-23,True,41,82,55158.45,1.91,
2026-10-06 12:54:16.393880+05:30,SENSEX,2026-10-08,True,41,82,72916.41,1.91,
2026-10-06 12:54:18.308336+05:30,SENSEX,2026-10-15,True,41,82,72916.04,1.91,
2026-10-06 12:54:20.231845+05:30,FINNIFTY,2026-10-27,True,41,80,24929.45,1.92,
2026-10-06 12:54:22.132005+05:30,MIDCPNIFTY,2026-10-27,True,41,82,13811.15,1.9,
2026-10-06 12:55:06.854323+05:30,NIFTY,2026-10-06,True,41,82,22708.1,1.87,
2026-10-06 12:55:08.776139+05:30,NIFTY,2026-10-13,True,41,82,22708.05,1.92,
2026-10-06 12:55:10.667484+05:30,NIFTY,2026-10-19,True,41,82,22708.15,1.89,
2026-10-06 12:55:12.634012+05:30,BANKNIFTY,2026-10-27,True,41,82,55142.4,1.97,
2026-10-06 12:55:14.567843+05:30,BANKNIFTY,2026-11-23,True,41,82,55143.7,1.93,
2026-10-06 12:55:16.457273+05:30,SENSEX,2026-10-08,True,41,82,72903.24,1.89,
2026-10-06 12:55:18.354266+05:30,SENSEX,2026-10-15,True,41,82,72902.32,1.9,
2026-10-06 12:55:20.242283+05:30,FINNIFTY,2026-10-27,True,41,80,24929.15,1.89,
2026-10-06 12:55:22.166161+05:30,MIDCPNIFTY,2026-10-27,True,41,82,13805.65,1.92,
2026-10-06 12:56:06.854092+05:30,NIFTY,2026-10-06,True,41,82,22703.95,1.87,
2026-10-06 12:56:08.762103+05:30,NIFTY,2026-10-13,True,41,82,22703.45,1.9,
2026-10-06 12:56:10.674261+05:30,NIFTY,2026-10-19,True,41,82,22703.75,1.91,
2026-10-06 12:56:12.601484+05:30,BANKNIFTY,2026-10-27,True,41,82,55121.5,1.93,
2026-10-06 12:56:14.513034+05:30,BANKNIFTY,2026-11-23,True,41,82,55122.6,1.91,
2026-10-06 12:56:16.439535+05:30,SENSEX,2026-10-08,True,41,82,72884.28,1.93,
2026-10-06 12:56:18.348539+05:30,SENSEX,2026-10-15,True,41,82,72888.46,1.91,
2026-10-06 12:56:20.242181+05:30,FINNIFTY,2026-10-27,True,41,82,24920.85,1.89,
2026-10-06 12:56:22.144953+05:30,MIDCPNIFTY,2026-10-27,True,41,82,13802.15,1.9,
2026-10-06 12:57:06.868048+05:30,NIFTY,2026-10-06,True,41,82,22708.95,1.89,
2026-10-06 12:57:08.763617+05:30,NIFTY,2026-10-13,True,41,82,22708.8,1.89,
2026-10-06 12:57:10.668880+05:30,NIFTY,2026-10-19,True,41,82,22708.25,1.9,
2026-10-06 12:57:12.797124+05:30,BANKNIFTY,2026-10-27,True,41,82,55145.6,2.13,
2026-10-06 12:57:14.705766+05:30,BANKNIFTY,2026-11-23,True,41,82,55147.05,1.91,
2026-10-06 12:57:16.605401+05:30,SENSEX,2026-10-08,True,41,82,72898.45,1.9,
2026-10-06 12:57:18.497674+05:30,SENSEX,2026-10-15,True,41,82,72901.24,1.89,
2026-10-06 12:57:20.400977+05:30,FINNIFTY,2026-10-27,True,41,80,24929.0,1.9,
2026-10-06 12:57:22.297040+05:30,MIDCPNIFTY,2026-10-27,True,41,82,13806.6,1.9,
2026-10-06 12:58:06.857617+05:30,NIFTY,2026-10-06,True,41,82,22711.3,1.88,
2026-10-06 12:58:08.802683+05:30,NIFTY,2026-10-13,True,41,82,22710.95,1.94,
2026-10-06 12:58:11.208214+05:30,NIFTY,2026-10-19,True,41,82,22712.8,2.4,
2026-10-06 12:58:13.127142+05:30,BANKNIFTY,2026-10-27,True,41,82,55150.05,1.92,
2026-10-06 12:58:15.045222+05:30,BANKNIFTY,2026-11-23,True,41,82,55151.9,1.92,
2026-10-06 12:58:16.935191+05:30,SENSEX,2026-10-08,True,41,82,72911.88,1.89,
2026-10-06 12:58:18.828468+05:30,SENSEX,2026-10-15,True,41,82,72911.08,1.89,
2026-10-06 12:58:20.715468+05:30,FINNIFTY,2026-10-27,True,41,80,24928.35,1.88,
2026-10-06 12:58:22.614808+05:30,MIDCPNIFTY,2026-10-27,True,41,82,13807.35,1.9,
2026-10-06 12:59:06.870064+05:30,NIFTY,2026-10-06,True,41,82,22712.45,1.89,
2026-10-06 12:59:08.764071+05:30,NIFTY,2026-10-13,True,41,82,22713.9,1.89,
2026-10-06 12:59:10.679680+05:30,NIFTY,2026-10-19,True,41,82,22712.85,1.91,
2026-10-06 12:59:12.620410+05:30,BANKNIFTY,2026-10-27,True,41,82,55161.05,1.94,
2026-10-06 12:59:14.529933+05:30,BANKNIFTY,2026-11-23,True,41,82,55165.8,1.91,
2026-10-06 12:59:16.430320+05:30,SENSEX,2026-10-08,True,41,82,72916.04,1.9,
2026-10-06 12:59:18.324822+05:30,SENSEX,2026-10-15,True,41,82,72913.83,1.89,
2026-10-06 12:59:20.248161+05:30,FINNIFTY,2026-10-27,True,41,80,24939.5,1.92,
2026-10-06 12:59:22.174291+05:30,MIDCPNIFTY,2026-10-27,True,41,82,13810.25,1.93,
2026-10-06 13:00:06.880716+05:30,NIFTY,2026-10-06,True,41,82,22711.65,1.9,
2026-10-06 13:00:08.792895+05:30,NIFTY,2026-10-13,True,41,82,22711.8,1.91,
2026-10-06 13:00:10.685313+05:30,NIFTY,2026-10-19,True,41,82,22711.45,1.89,
2026-10-06 13:00:12.600723+05:30,BANKNIFTY,2026-10-27,True,41,82,55153.8,1.92,
2026-10-06 13:00:14.510145+05:30,BANKNIFTY,2026-11-23,True,41,82,55151.5,1.91,
2026-10-06 13:00:16.405324+05:30,SENSEX,2026-10-08,True,41,82,72912.71,1.89,
2026-10-06 13:00:18.311271+05:30,SENSEX,2026-10-15,True,41,82,72910.07,1.91,
2026-10-06 13:00:20.217866+05:30,FINNIFTY,2026-10-27,True,41,80,24931.45,1.9,
2026-10-06 13:00:22.113561+05:30,MIDCPNIFTY,2026-10-27,True,41,82,13807.9,1.9,
2026-10-06 13:01:06.854618+05:30,NIFTY,2026-10-06,True,41,82,22710.8,1.88,
2026-10-06 13:01:08.736920+05:30,NIFTY,2026-10-13,True,41,82,22710.0,1.87,
2026-10-06 13:01:11.864352+05:30,NIFTY,2026-10-19,True,41,82,22709.5,3.13,
2026-10-06 13:01:13.778670+05:30,BANKNIFTY,2026-10-27,True,41,82,55150.4,1.91,
2026-10-06 13:01:15.673400+05:30,BANKNIFTY,2026-11-23,True,41,82,55150.25,1.89,
2026-10-06 13:01:17.582922+05:30,SENSEX,2026-10-08,True,41,82,72906.05,1.91,
2026-10-06 13:01:19.473519+05:30,SENSEX,2026-10-15,True,41,82,72911.92,1.89,
2026-10-06 13:01:21.364946+05:30,FINNIFTY,2026-10-27,True,41,80,24936.2,1.89,
2026-10-06 13:01:24.273954+05:30,MIDCPNIFTY,2026-10-27,True,41,82,13805.45,2.91,
2026-10-06 13:02:06.855196+05:30,NIFTY,2026-10-06,True,41,82,22695.35,1.87,
2026-10-06 13:02:08.757749+05:30,NIFTY,2026-10-13,True,41,82,22693.8,1.9,
2026-10-06 13:02:10.666056+05:30,NIFTY,2026-10-19,True,41,82,22695.2,1.91,
2026-10-06 13:02:12.582909+05:30,BANKNIFTY,2026-10-27,True,41,82,55110.9,1.92,
2026-10-06 13:02:14.500653+05:30,BANKNIFTY,2026-11-23,True,41,82,55111.35,1.92,
2026-10-06 13:02:16.424749+05:30,SENSEX,2026-10-08,True,41,82,72862.93,1.92,
2026-10-06 13:02:18.330793+05:30,SENSEX,2026-10-15,True,41,82,72865.81,1.9,
2026-10-06 13:02:20.273387+05:30,FINNIFTY,2026-10-27,True,41,80,24926.85,1.94,
2026-10-06 13:02:22.172488+05:30,MIDCPNIFTY,2026-10-27,True,41,82,13795.75,1.9,
2026-10-06 13:03:06.862838+05:30,NIFTY,2026-10-06,True,41,82,22706.75,1.88,
2026-10-06 13:03:08.767008+05:30,NIFTY,2026-10-13,True,41,82,22706.85,1.9,
2026-10-06 13:03:10.683848+05:30,NIFTY,2026-10-19,True,41,82,22706.6,1.92,
2026-10-06 13:03:12.602629+05:30,BANKNIFTY,2026-10-27,True,41,82,55136.2,1.92,
2026-10-06 13:03:14.528823+05:30,BANKNIFTY,2026-11-23,True,41,82,55144.0,1.93,
2026-10-06 13:03:16.427168+05:30,SENSEX,2026-10-08,True,41,82,72899.24,1.9,
2026-10-06 13:03:18.346427+05:30,SENSEX,2026-10-15,True,41,82,72902.27,1.92,
2026-10-06 13:03:20.242314+05:30,FINNIFTY,2026-10-27,True,41,80,24937.8,1.89,
2026-10-06 13:03:22.134639+05:30,MIDCPNIFTY,2026-10-27,True,41,82,13798.9,1.89,
2026-10-06 13:04:06.866772+05:30,NIFTY,2026-10-06,True,41,82,22706.8,1.89,
2026-10-06 13:04:08.815695+05:30,NIFTY,2026-10-13,True,41,82,22706.15,1.94,
2026-10-06 13:04:10.717091+05:30,NIFTY,2026-10-19,True,41,82,22705.9,1.9,
2026-10-06 13:04:12.619206+05:30,BANKNIFTY,2026-10-27,True,41,82,55139.65,1.9,
2026-10-06 13:04:14.516780+05:30,BANKNIFTY,2026-11-23,True,41,82,55143.7,1.9,
2026-10-06 13:04:16.401292+05:30,SENSEX,2026-10-08,True,41,82,72898.96,1.88,
2026-10-06 13:04:18.304395+05:30,SENSEX,2026-10-15,True,41,82,72895.24,1.9,
2026-10-06 13:04:20.204871+05:30,FINNIFTY,2026-10-27,True,41,80,24935.25,1.9,
2026-10-06 13:04:22.108150+05:30,MIDCPNIFTY,2026-10-27,True,41,82,13797.05,1.9,
2026-10-06 13:05:06.849669+05:30,NIFTY,2026-10-06,True,41,82,22708.85,1.87,
2026-10-06 13:05:08.740681+05:30,NIFTY,2026-10-13,True,41,82,22708.75,1.89,
2026-10-06 13:05:10.634671+05:30,NIFTY,2026-10-19,True,41,82,22708.5,1.89,
2026-10-06 13:05:13.576496+05:30,BANKNIFTY,2026-10-27,True,41,82,55131.25,2.94,
2026-10-06 13:05:15.491241+05:30,BANKNIFTY,2026-11-23,True,41,82,55135.55,1.91,
2026-10-06 13:05:17.554970+05:30,SENSEX,2026-10-08,True,41,82,72900.69,2.06,
2026-10-06 13:05:19.460248+05:30,SENSEX,2026-10-15,True,41,82,72899.92,1.9,
2026-10-06 13:05:21.370475+05:30,FINNIFTY,2026-10-27,True,41,80,24932.7,1.91,
2026-10-06 13:05:23.264264+05:30,MIDCPNIFTY,2026-10-27,True,41,82,13793.8,1.89,
2026-10-06 13:06:06.843809+05:30,NIFTY,2026-10-06,True,41,82,22702.15,1.86,
2026-10-06 13:06:08.744730+05:30,NIFTY,2026-10-13,True,41,82,22702.25,1.9,
2026-10-06 13:06:10.640768+05:30,NIFTY,2026-10-19,True,41,82,22702.1,1.9,
2026-10-06 13:06:13.186468+05:30,BANKNIFTY,2026-10-27,True,41,82,55099.95,2.54,
2026-10-06 13:06:15.026902+05:30,BANKNIFTY,2026-11-23,True,41,82,55108.05,1.84,
2026-10-06 13:06:16.864502+05:30,SENSEX,2026-10-08,True,41,82,72879.57,1.84,
2026-10-06 13:06:18.699814+05:30,SENSEX,2026-10-15,True,41,82,72879.85,1.83,
2026-10-06 13:06:20.535967+05:30,FINNIFTY,2026-10-27,True,41,82,24921.2,1.83,
2026-10-06 13:06:22.380634+05:30,MIDCPNIFTY,2026-10-27,True,41,82,13789.7,1.84,
2026-10-06 13:07:06.806322+05:30,NIFTY,2026-10-06,True,41,82,22703.65,1.82,
2026-10-06 13:07:08.640901+05:30,NIFTY,2026-10-13,True,41,82,22704.55,1.83,
2026-10-06 13:07:10.478200+05:30,NIFTY,2026-10-19,True,41,82,22703.4,1.84,
2026-10-06 13:07:12.365611+05:30,BANKNIFTY,2026-10-27,True,41,82,55104.9,1.89,
2026-10-06 13:07:14.231078+05:30,BANKNIFTY,2026-11-23,True,41,82,55110.3,1.86,
2026-10-06 13:07:17.123770+05:30,SENSEX,2026-10-08,True,41,82,72878.69,2.89,
2026-10-06 13:07:18.949980+05:30,SENSEX,2026-10-15,True,41,82,72879.43,1.82,
2026-10-06 13:07:20.783605+05:30,FINNIFTY,2026-10-27,True,41,82,24923.6,1.83,
2026-10-06 13:07:22.612149+05:30,MIDCPNIFTY,2026-10-27,True,41,82,13788.65,1.83,
2026-10-06 13:08:06.807217+05:30,NIFTY,2026-10-06,True,41,82,22705.05,1.83,
2026-10-06 13:08:08.645247+05:30,NIFTY,2026-10-13,True,41,82,22704.3,1.83,
2026-10-06 13:08:10.482203+05:30,NIFTY,2026-10-19,True,41,82,22703.5,1.83,
2026-10-06 13:08:12.321324+05:30,BANKNIFTY,2026-10-27,True,41,82,55119.65,1.84,
2026-10-06 13:08:14.178343+05:30,BANKNIFTY,2026-11-23,True,41,82,55120.25,1.86,
2026-10-06 13:08:16.039325+05:30,SENSEX,2026-10-08,True,41,82,72884.83,1.86,
2026-10-06 13:08:17.859603+05:30,SENSEX,2026-10-15,True,41,82,72884.93,1.82,
2026-10-06 13:08:19.693354+05:30,FINNIFTY,2026-10-27,True,41,80,24928.45,1.83,
2026-10-06 13:08:21.555668+05:30,MIDCPNIFTY,2026-10-27,True,41,82,13789.35,1.86,
2026-10-06 13:09:06.792503+05:30,NIFTY,2026-10-06,True,41,82,22708.15,1.81,
2026-10-06 13:09:08.610081+05:30,NIFTY,2026-10-13,True,41,82,22707.35,1.81,
2026-10-06 13:09:10.431931+05:30,NIFTY,2026-10-19,True,41,82,22707.25,1.82,
2026-10-06 13:09:12.319299+05:30,BANKNIFTY,2026-10-27,True,41,82,55125.75,1.89,
2026-10-06 13:09:14.163166+05:30,BANKNIFTY,2026-11-23,True,41,82,55129.1,1.84,
2026-10-06 13:09:15.974699+05:30,SENSEX,2026-10-08,True,41,82,72896.93,1.81,
2026-10-06 13:09:17.789017+05:30,SENSEX,2026-10-15,True,41,82,72896.93,1.81,
2026-10-06 13:09:19.606947+05:30,FINNIFTY,2026-10-27,True,41,80,24930.4,1.82,
2026-10-06 13:09:21.453667+05:30,MIDCPNIFTY,2026-10-27,True,41,82,13790.1,1.85,
2026-10-06 13:10:06.783147+05:30,NIFTY,2026-10-06,True,41,82,22710.8,1.8,
2026-10-06 13:10:08.625436+05:30,NIFTY,2026-10-13,True,41,82,22709.8,1.84,
2026-10-06 13:10:10.476548+05:30,NIFTY,2026-10-19,True,41,82,22708.65,1.85,
2026-10-06 13:10:12.322038+05:30,BANKNIFTY,2026-10-27,True,41,82,55134.45,1.85,
2026-10-06 13:10:15.262481+05:30,BANKNIFTY,2026-11-23,True,41,82,55138.8,2.94,
2026-10-06 13:10:17.112557+05:30,SENSEX,2026-10-08,True,41,82,72906.96,1.85,
2026-10-06 13:10:18.944024+05:30,SENSEX,2026-10-15,True,41,82,72907.51,1.83,
2026-10-06 13:10:20.767942+05:30,FINNIFTY,2026-10-27,True,41,80,24936.35,1.82,
2026-10-06 13:10:22.598519+05:30,MIDCPNIFTY,2026-10-27,True,41,82,13792.8,1.83,
2026-10-06 13:11:06.781946+05:30,NIFTY,2026-10-06,True,41,82,22708.4,1.8,
2026-10-06 13:11:08.617303+05:30,NIFTY,2026-10-13,True,41,82,22708.55,1.83,
2026-10-06 13:11:10.454325+05:30,NIFTY,2026-10-19,True,41,82,22707.1,1.83,
2026-10-06 13:11:12.831315+05:30,BANKNIFTY,2026-10-27,True,41,82,55127.1,2.38,
2026-10-06 13:11:14.679810+05:30,BANKNIFTY,2026-11-23,True,41,82,55127.05,1.85,
2026-10-06 13:11:16.501584+05:30,SENSEX,2026-10-08,True,41,82,72903.12,1.82,
2026-10-06 13:11:18.330718+05:30,SENSEX,2026-10-15,True,41,82,72898.64,1.83,
2026-10-06 13:11:20.166085+05:30,FINNIFTY,2026-10-27,True,41,80,24936.5,1.83,
2026-10-06 13:11:21.995514+05:30,MIDCPNIFTY,2026-10-27,True,41,82,13791.95,1.83,
2026-10-06 13:12:06.814246+05:30,NIFTY,2026-10-06,True,41,82,22712.35,1.84,
2026-10-06 13:12:08.645347+05:30,NIFTY,2026-10-13,True,41,82,22712.1,1.82,
2026-10-06 13:12:10.475343+05:30,NIFTY,2026-10-19,True,41,82,22711.55,1.83,
2026-10-06 13:12:12.300526+05:30,BANKNIFTY,2026-10-27,True,41,82,55136.15,1.82,
2026-10-06 13:12:14.148828+05:30,BANKNIFTY,2026-11-23,True,41,82,55136.9,1.85,
2026-10-06 13:12:15.996236+05:30,SENSEX,2026-10-08,True,41,82,72913.61,1.85,
2026-10-06 13:12:17.814405+05:30,SENSEX,2026-10-15,True,41,82,72918.31,1.81,
2026-10-06 13:12:19.647843+05:30,FINNIFTY,2026-10-27,True,41,80,24940.8,1.83,
2026-10-06 13:12:21.502142+05:30,MIDCPNIFTY,2026-10-27,True,41,82,13795.55,1.85,
2026-10-06 13:13:06.774665+05:30,NIFTY,2026-10-06,True,41,82,22712.15,1.79,
2026-10-06 13:13:08.607961+05:30,NIFTY,2026-10-13,True,41,82,22711.45,1.83,
2026-10-06 13:13:10.446295+05:30,NIFTY,2026-10-19,True,41,82,22710.95,1.84,
2026-10-06 13:13:12.288600+05:30,BANKNIFTY,2026-10-27,True,41,82,55125.05,1.84,
2026-10-06 13:13:14.142843+05:30,BANKNIFTY,2026-11-23,True,41,82,55132.75,1.85,
2026-10-06 13:13:15.971029+05:30,SENSEX,2026-10-08,True,41,82,72916.14,1.83,
2026-10-06 13:13:17.810425+05:30,SENSEX,2026-10-15,True,41,82,72915.82,1.84,
2026-10-06 13:13:19.637693+05:30,FINNIFTY,2026-10-27,True,41,80,24937.65,1.82,
2026-10-06 13:13:21.470724+05:30,MIDCPNIFTY,2026-10-27,True,41,82,13798.6,1.83,
2026-10-06 13:14:06.788907+05:30,NIFTY,2026-10-06,True,41,82,22711.85,1.81,
2026-10-06 13:14:08.635744+05:30,NIFTY,2026-10-13,True,41,82,22711.2,1.84,
2026-10-06 13:14:10.473662+05:30,NIFTY,2026-10-19,True,41,82,22711.15,1.84,
2026-10-06 13:14:12.307522+05:30,BANKNIFTY,2026-10-27,True,41,82,55131.75,1.83,
2026-10-06 13:14:14.149368+05:30,BANKNIFTY,2026-11-23,True,41,82,55130.35,1.84,
2026-10-06 13:14:16.026882+05:30,SENSEX,2026-10-08,True,41,82,72916.31,1.88,
2026-10-06 13:14:17.845186+05:30,SENSEX,2026-10-15,True,41,82,72916.31,1.82,
2026-10-06 13:14:19.683766+05:30,FINNIFTY,2026-10-27,True,41,80,24936.1,1.84,
2026-10-06 13:14:21.515852+05:30,MIDCPNIFTY,2026-10-27,True,41,82,13799.45,1.83,
2026-10-06 13:15:06.794199+05:30,NIFTY,2026-10-06,True,41,82,22713.05,1.82,
2026-10-06 13:15:08.634431+05:30,NIFTY,2026-10-13,True,41,82,22710.75,1.83,
2026-10-06 13:15:10.475751+05:30,NIFTY,2026-10-19,True,41,82,22711.85,1.84,
2026-10-06 13:15:12.338223+05:30,BANKNIFTY,2026-10-27,True,41,82,55139.6,1.86,
2026-10-06 13:15:14.175113+05:30,BANKNIFTY,2026-11-23,True,41,82,55133.15,1.84,
2026-10-06 13:15:16.021047+05:30,SENSEX,2026-10-08,True,41,82,72903.87,1.84,
2026-10-06 13:15:18.857328+05:30,SENSEX,2026-10-15,True,41,82,72905.24,2.84,
2026-10-06 13:15:21.261651+05:30,FINNIFTY,2026-10-27,True,41,80,24938.9,2.4,
2026-10-06 13:15:23.104377+05:30,MIDCPNIFTY,2026-10-27,True,41,82,13796.45,1.84,
2026-10-06 13:16:06.789535+05:30,NIFTY,2026-10-06,True,41,82,22713.25,1.81,
2026-10-06 13:16:08.629737+05:30,NIFTY,2026-10-13,True,41,82,22712.95,1.84,
2026-10-06 13:16:10.469181+05:30,NIFTY,2026-10-19,True,41,82,22712.55,1.83,
2026-10-06 13:16:12.311405+05:30,BANKNIFTY,2026-10-27,True,41,82,55141.75,1.84,
2026-10-06 13:16:14.159729+05:30,BANKNIFTY,2026-11-23,True,41,82,55141.95,1.85,
2026-10-06 13:16:15.982698+05:30,SENSEX,2026-10-08,True,41,82,72906.37,1.82,
2026-10-06 13:16:17.811247+05:30,SENSEX,2026-10-15,True,41,82,72910.12,1.83,
2026-10-06 13:16:19.633007+05:30,FINNIFTY,2026-10-27,True,41,80,24940.45,1.82,
2026-10-06 13:16:21.465309+05:30,MIDCPNIFTY,2026-10-27,True,41,82,13797.2,1.83,
2026-10-06 13:17:06.786676+05:30,NIFTY,2026-10-06,True,41,82,22711.0,1.81,
2026-10-06 13:17:08.712488+05:30,NIFTY,2026-10-13,True,41,82,22710.7,1.92,
2026-10-06 13:17:10.566984+05:30,NIFTY,2026-10-19,True,41,82,22710.8,1.85,
2026-10-06 13:17:12.442153+05:30,BANKNIFTY,2026-10-27,True,41,82,55135.3,1.88,
2026-10-06 13:17:14.320383+05:30,BANKNIFTY,2026-11-23,True,41,82,55137.2,1.88,
2026-10-06 13:17:16.158240+05:30,SENSEX,2026-10-08,True,41,82,72898.3,1.84,
2026-10-06 13:17:17.995872+05:30,SENSEX,2026-10-15,True,41,82,72901.45,1.84,
2026-10-06 13:17:19.825001+05:30,FINNIFTY,2026-10-27,True,41,80,24939.85,1.83,
2026-10-06 13:17:21.657801+05:30,MIDCPNIFTY,2026-10-27,True,41,82,13797.25,1.83,
2026-10-06 13:18:06.776398+05:30,NIFTY,2026-10-06,True,41,82,22714.45,1.79,
2026-10-06 13:18:08.610396+05:30,NIFTY,2026-10-13,True,41,82,22714.7,1.83,
2026-10-06 13:18:10.441358+05:30,NIFTY,2026-10-19,True,41,82,22714.1,1.83,
2026-10-06 13:18:12.302128+05:30,BANKNIFTY,2026-10-27,True,41,82,55146.25,1.86,
2026-10-06 13:18:14.135403+05:30,BANKNIFTY,2026-11-23,True,41,82,55147.35,1.83,
2026-10-06 13:18:16.149374+05:30,SENSEX,2026-10-08,True,41,82,72904.68,2.01,
2026-10-06 13:18:17.978371+05:30,SENSEX,2026-10-15,True,41,82,72894.43,1.83,
2026-10-06 13:18:19.815418+05:30,FINNIFTY,2026-10-27,True,41,80,24948.4,1.84,
2026-10-06 13:18:21.664531+05:30,MIDCPNIFTY,2026-10-27,True,41,82,13799.2,1.85,
2026-10-06 13:19:06.782394+05:30,NIFTY,2026-10-06,True,41,82,22712.25,1.8,
2026-10-06 13:19:08.622128+05:30,NIFTY,2026-10-13,True,41,82,22712.4,1.83,
2026-10-06 13:19:10.495240+05:30,NIFTY,2026-10-19,True,41,82,22710.8,1.87,
2026-10-06 13:19:12.374680+05:30,BANKNIFTY,2026-10-27,True,41,82,55131.55,1.88,
2026-10-06 13:19:14.232257+05:30,BANKNIFTY,2026-11-23,True,41,82,55134.65,1.86,
2026-10-06 13:19:16.076651+05:30,SENSEX,2026-10-08,True,41,82,72894.54,1.84,
2026-10-06 13:19:17.950844+05:30,SENSEX,2026-10-15,True,41,82,72893.21,1.87,
2026-10-06 13:19:19.796921+05:30,FINNIFTY,2026-10-27,True,41,80,24948.75,1.84,
2026-10-06 13:19:21.638901+05:30,MIDCPNIFTY,2026-10-27,True,41,82,13798.35,1.84,
2026-10-06 13:20:06.776513+05:30,NIFTY,2026-10-06,True,41,82,22713.25,1.8,
2026-10-06 13:20:08.620661+05:30,NIFTY,2026-10-13,True,41,82,22712.85,1.84,
2026-10-06 13:20:10.465422+05:30,NIFTY,2026-10-19,True,41,82,22713.1,1.84,
2026-10-06 13:20:12.327024+05:30,BANKNIFTY,2026-10-27,True,41,82,55139.9,1.86,
2026-10-06 13:20:14.173942+05:30,BANKNIFTY,2026-11-23,True,41,82,55138.35,1.85,
2026-10-06 13:20:16.033674+05:30,SENSEX,2026-10-08,True,41,82,72906.83,1.86,
2026-10-06 13:20:17.881507+05:30,SENSEX,2026-10-15,True,41,82,72905.0,1.85,
2026-10-06 13:20:19.725854+05:30,FINNIFTY,2026-10-27,True,41,80,24951.6,1.84,
2026-10-06 13:20:21.561887+05:30,MIDCPNIFTY,2026-10-27,True,41,82,13797.55,1.84,
2026-10-06 13:21:06.783709+05:30,NIFTY,2026-10-06,True,41,82,22714.65,1.81,
2026-10-06 13:21:08.618020+05:30,NIFTY,2026-10-13,True,41,82,22714.15,2.06,
2026-10-06 13:21:10.632191+05:30,NIFTY,2026-10-19,True,41,82,22713.75,1.78,
2026-10-06 13:21:12.477093+05:30,BANKNIFTY,2026-10-27,True,41,82,55135.25,1.84,
2026-10-06 13:21:14.322955+05:30,BANKNIFTY,2026-11-23,True,41,82,55133.45,1.84,
2026-10-06 13:21:16.162184+05:30,SENSEX,2026-10-08,True,41,82,72908.88,1.84,
2026-10-06 13:21:17.992146+05:30,SENSEX,2026-10-15,True,41,82,72909.17,1.83,
2026-10-06 13:21:19.830770+05:30,FINNIFTY,2026-10-27,True,41,80,24947.1,1.84,
2026-10-06 13:21:21.689402+05:30,MIDCPNIFTY,2026-10-27,True,41,82,13796.65,1.86,
2026-10-06 13:22:06.778392+05:30,NIFTY,2026-10-06,True,41,82,22713.95,1.8,
2026-10-06 13:22:08.604720+05:30,NIFTY,2026-10-13,True,41,82,22713.3,1.82,
2026-10-06 13:22:10.434522+05:30,NIFTY,2026-10-19,True,41,82,22712.85,1.85,
2026-10-06 13:22:12.262148+05:30,BANKNIFTY,2026-10-27,True,41,82,55138.1,1.8,
2026-10-06 13:22:14.099536+05:30,BANKNIFTY,2026-11-23,True,41,82,55135.65,1.84,
2026-10-06 13:22:15.917650+05:30,SENSEX,2026-10-08,True,41,82,72906.81,1.82,
2026-10-06 13:22:17.771641+05:30,SENSEX,2026-10-15,True,41,82,72907.59,1.85,
2026-10-06 13:22:19.601675+05:30,FINNIFTY,2026-10-27,True,41,80,24950.0,1.83,
2026-10-06 13:22:21.456356+05:30,MIDCPNIFTY,2026-10-27,True,41,82,13799.6,1.85,
2026-10-06 13:23:06.789081+05:30,NIFTY,2026-10-06,True,41,82,22713.15,1.81,
2026-10-06 13:23:08.621586+05:30,NIFTY,2026-10-13,True,41,82,22713.3,1.82,
2026-10-06 13:23:10.445937+05:30,NIFTY,2026-10-19,True,41,82,22712.4,1.82,
2026-10-06 13:23:12.287238+05:30,BANKNIFTY,2026-10-27,True,41,82,55132.75,1.84,
2026-10-06 13:23:14.140114+05:30,BANKNIFTY,2026-11-23,True,41,82,55131.65,1.85,
2026-10-06 13:23:16.013467+05:30,SENSEX,2026-10-08,True,41,82,72904.69,1.87,
2026-10-06 13:23:17.837252+05:30,SENSEX,2026-10-15,True,41,82,72903.35,1.82,
2026-10-06 13:23:19.664197+05:30,FINNIFTY,2026-10-27,True,41,80,24949.15,1.82,
2026-10-06 13:23:21.509904+05:30,MIDCPNIFTY,2026-10-27,True,41,82,13799.7,1.84,
2026-10-06 13:24:06.778494+05:30,NIFTY,2026-10-06,True,41,82,22711.6,1.8,
2026-10-06 13:24:08.616440+05:30,NIFTY,2026-10-13,True,41,82,22711.3,1.83,
2026-10-06 13:24:10.453874+05:30,NIFTY,2026-10-19,True,41,82,22711.25,1.84,
2026-10-06 13:24:12.299733+05:30,BANKNIFTY,2026-10-27,True,41,82,55130.55,1.85,
2026-10-06 13:24:14.485436+05:30,BANKNIFTY,2026-11-23,True,41,82,55127.4,2.18,
2026-10-06 13:24:16.330870+05:30,SENSEX,2026-10-08,True,41,82,72900.92,1.85,
2026-10-06 13:24:18.165269+05:30,SENSEX,2026-10-15,True,41,82,72897.4,1.83,
2026-10-06 13:24:20.006729+05:30,FINNIFTY,2026-10-27,True,41,80,24945.25,1.84,
2026-10-06 13:24:21.836482+05:30,MIDCPNIFTY,2026-10-27,True,41,82,13798.35,1.83,
2026-10-06 13:25:06.814889+05:30,NIFTY,2026-10-06,True,41,82,22709.5,1.84,
2026-10-06 13:25:08.695030+05:30,NIFTY,2026-10-13,True,41,82,22709.2,1.87,
2026-10-06 13:25:10.540612+05:30,NIFTY,2026-10-19,True,41,82,22709.75,1.84,
2026-10-06 13:25:12.399637+05:30,BANKNIFTY,2026-10-27,True,41,82,55116.95,1.86,
2026-10-06 13:25:14.250545+05:30,BANKNIFTY,2026-11-23,True,41,82,55120.55,1.85,
2026-10-06 13:25:16.101552+05:30,SENSEX,2026-10-08,True,41,82,72897.73,1.85,
2026-10-06 13:25:17.932098+05:30,SENSEX,2026-10-15,True,41,82,72898.53,1.83,
2026-10-06 13:25:19.765791+05:30,FINNIFTY,2026-10-27,True,41,80,24945.55,1.83,
2026-10-06 13:25:21.668441+05:30,MIDCPNIFTY,2026-10-27,True,41,82,13794.05,1.9,
2026-10-06 13:26:06.792860+05:30,NIFTY,2026-10-06,True,41,82,22705.85,1.81,
2026-10-06 13:26:08.621437+05:30,NIFTY,2026-10-13,True,41,82,22704.3,1.82,
2026-10-06 13:26:10.462240+05:30,NIFTY,2026-10-19,True,41,82,22704.35,1.84,
2026-10-06 13:26:12.326856+05:30,BANKNIFTY,2026-10-27,True,41,82,55100.3,1.86,
2026-10-06 13:26:14.189231+05:30,BANKNIFTY,2026-11-23,True,41,82,55101.6,1.86,
2026-10-06 13:26:16.057440+05:30,SENSEX,2026-10-08,True,41,82,72882.83,1.87,
2026-10-06 13:26:17.877658+05:30,SENSEX,2026-10-15,True,41,82,72883.76,1.82,
2026-10-06 13:26:19.725818+05:30,FINNIFTY,2026-10-27,True,41,80,24939.05,1.85,
2026-10-06 13:26:21.565494+05:30,MIDCPNIFTY,2026-10-27,True,41,82,13792.8,1.84,
2026-10-06 13:27:06.781612+05:30,NIFTY,2026-10-06,True,41,82,22696.8,1.8,
2026-10-06 13:27:08.621275+05:30,NIFTY,2026-10-13,True,41,82,22696.85,1.83,
2026-10-06 13:27:10.475949+05:30,NIFTY,2026-10-19,True,41,82,22697.25,1.85,
2026-10-06 13:27:12.328047+05:30,BANKNIFTY,2026-10-27,True,41,82,55080.9,1.85,
2026-10-06 13:27:14.181165+05:30,BANKNIFTY,2026-11-23,True,41,82,55078.85,1.85,
2026-10-06 13:27:16.025487+05:30,SENSEX,2026-10-08,True,41,82,72859.77,1.84,
2026-10-06 13:27:17.864022+05:30,SENSEX,2026-10-15,True,41,82,72856.31,1.84,
2026-10-06 13:27:19.701655+05:30,FINNIFTY,2026-10-27,True,41,80,24932.6,1.84,
2026-10-06 13:27:21.543675+05:30,MIDCPNIFTY,2026-10-27,True,41,82,13788.05,1.84,
2026-10-06 13:28:06.787848+05:30,NIFTY,2026-10-06,True,41,82,22697.45,1.81,
2026-10-06 13:28:08.628745+05:30,NIFTY,2026-10-13,True,41,82,22696.3,1.84,
2026-10-06 13:28:10.464101+05:30,NIFTY,2026-10-19,True,41,82,22696.65,1.83,
2026-10-06 13:28:12.299129+05:30,BANKNIFTY,2026-10-27,True,41,82,55093.3,1.83,
2026-10-06 13:28:14.168538+05:30,BANKNIFTY,2026-11-23,True,41,82,55096.65,1.87,
2026-10-06 13:28:16.669751+05:30,SENSEX,2026-10-08,True,41,82,72857.68,2.5,
2026-10-06 13:28:18.512798+05:30,SENSEX,2026-10-15,True,41,82,72857.66,1.84,
2026-10-06 13:28:20.355111+05:30,FINNIFTY,2026-10-27,True,41,80,24931.5,1.84,
2026-10-06 13:28:22.183256+05:30,MIDCPNIFTY,2026-10-27,True,41,82,13787.3,1.83,
2026-10-06 13:29:06.820552+05:30,NIFTY,2026-10-06,True,41,82,22696.75,1.84,
2026-10-06 13:29:09.698750+05:30,NIFTY,2026-10-13,True,41,82,22696.8,2.87,
2026-10-06 13:29:11.537881+05:30,NIFTY,2026-10-19,True,41,82,22697.15,1.84,
2026-10-06 13:29:13.388491+05:30,BANKNIFTY,2026-10-27,True,41,82,55104.15,1.85,
2026-10-06 13:29:15.229313+05:30,BANKNIFTY,2026-11-23,True,41,82,55107.7,1.84,
2026-10-06 13:29:17.057527+05:30,SENSEX,2026-10-08,True,41,82,72858.1,1.83,
2026-10-06 13:29:18.880541+05:30,SENSEX,2026-10-15,True,41,82,72859.14,1.82,
2026-10-06 13:29:20.707058+05:30,FINNIFTY,2026-10-27,True,41,80,24939.65,1.82,
2026-10-06 13:29:22.540342+05:30,MIDCPNIFTY,2026-10-27,True,41,82,13787.5,1.83,
2026-10-06 13:30:06.786666+05:30,NIFTY,2026-10-06,True,41,82,22696.9,1.8,
2026-10-06 13:30:08.622356+05:30,NIFTY,2026-10-13,True,41,82,22696.8,1.83,
2026-10-06 13:30:10.451764+05:30,NIFTY,2026-10-19,True,41,82,22697.4,1.82,
2026-10-06 13:30:12.285564+05:30,BANKNIFTY,2026-10-27,True,41,82,55100.75,1.83,
2026-10-06 13:30:14.145951+05:30,BANKNIFTY,2026-11-23,True,41,82,55101.55,1.86,
2026-10-06 13:30:16.000712+05:30,SENSEX,2026-10-08,True,41,82,72867.52,1.85,
2026-10-06 13:30:17.888979+05:30,SENSEX,2026-10-15,True,41,82,72868.94,1.89,
2026-10-06 13:30:19.737131+05:30,FINNIFTY,2026-10-27,True,41,80,24938.95,1.85,
2026-10-06 13:30:21.581327+05:30,MIDCPNIFTY,2026-10-27,True,41,82,13788.2,1.84,
2026-10-06 13:31:06.792280+05:30,NIFTY,2026-10-06,True,41,82,22705.55,1.81,
2026-10-06 13:31:08.621311+05:30,NIFTY,2026-10-13,True,41,82,22705.4,1.82,
2026-10-06 13:31:10.468434+05:30,NIFTY,2026-10-19,True,41,82,22704.45,1.85,
2026-10-06 13:31:12.312470+05:30,BANKNIFTY,2026-10-27,True,41,82,55124.3,1.84,
2026-10-06 13:31:14.163865+05:30,BANKNIFTY,2026-11-23,True,41,82,55122.35,1.85,
2026-10-06 13:31:15.995601+05:30,SENSEX,2026-10-08,True,41,82,72893.06,1.83,
2026-10-06 13:31:17.836375+05:30,SENSEX,2026-10-15,True,41,82,72898.18,1.84,
2026-10-06 13:31:19.673113+05:30,FINNIFTY,2026-10-27,True,41,80,24945.9,1.83,
2026-10-06 13:31:21.709951+05:30,MIDCPNIFTY,2026-10-27,True,41,82,13791.7,2.04,
2026-10-06 13:32:07.834770+05:30,NIFTY,2026-10-06,True,41,82,22706.5,2.85,
2026-10-06 13:32:09.664238+05:30,NIFTY,2026-10-13,True,41,82,22707.05,1.82,
2026-10-06 13:32:11.510895+05:30,NIFTY,2026-10-19,True,41,82,22706.55,1.85,
2026-10-06 13:32:13.384304+05:30,BANKNIFTY,2026-10-27,True,41,82,55124.85,1.87,
2026-10-06 13:32:15.247156+05:30,BANKNIFTY,2026-11-23,True,41,82,55125.15,1.86,
2026-10-06 13:32:17.095900+05:30,SENSEX,2026-10-08,True,41,82,72893.38,1.85,
2026-10-06 13:32:19.965620+05:30,SENSEX,2026-10-15,True,41,82,72889.01,2.87,
2026-10-06 13:32:21.817762+05:30,FINNIFTY,2026-10-27,True,41,80,24943.5,1.85,
2026-10-06 13:32:23.656758+05:30,MIDCPNIFTY,2026-10-27,True,41,82,13792.25,1.84,
2026-10-06 13:33:06.787022+05:30,NIFTY,2026-10-06,True,41,82,22701.45,1.8,
2026-10-06 13:33:08.628879+05:30,NIFTY,2026-10-13,True,41,82,22701.2,1.84,
2026-10-06 13:33:10.479284+05:30,NIFTY,2026-10-19,True,41,82,22701.3,1.85,
2026-10-06 13:33:12.356175+05:30,BANKNIFTY,2026-10-27,True,41,82,55115.15,1.88,
2026-10-06 13:33:14.207869+05:30,BANKNIFTY,2026-11-23,True,41,82,55117.6,1.85,
2026-10-06 13:33:16.057906+05:30,SENSEX,2026-10-08,True,41,82,72879.25,1.85,
2026-10-06 13:33:17.881367+05:30,SENSEX,2026-10-15,True,41,82,72875.64,1.82,
2026-10-06 13:33:19.715932+05:30,FINNIFTY,2026-10-27,True,41,80,24938.6,1.83,
2026-10-06 13:33:21.549600+05:30,MIDCPNIFTY,2026-10-27,True,41,82,13791.55,1.83,
2026-10-06 13:34:06.790424+05:30,NIFTY,2026-10-06,True,41,82,22705.55,1.81,
2026-10-06 13:34:08.634526+05:30,NIFTY,2026-10-13,True,41,82,22706.25,1.84,
2026-10-06 13:34:10.697374+05:30,NIFTY,2026-10-19,True,41,82,22706.55,2.06,
2026-10-06 13:34:12.549401+05:30,BANKNIFTY,2026-10-27,True,41,82,55118.45,1.85,
2026-10-06 13:34:14.403809+05:30,BANKNIFTY,2026-11-23,True,41,82,55123.9,1.85,
2026-10-06 13:34:16.231021+05:30,SENSEX,2026-10-08,True,41,82,72900.74,1.83,
2026-10-06 13:34:18.225639+05:30,SENSEX,2026-10-15,True,41,82,72899.88,1.99,
2026-10-06 13:34:20.082515+05:30,FINNIFTY,2026-10-27,True,41,80,24940.8,1.85,
2026-10-06 13:34:21.925694+05:30,MIDCPNIFTY,2026-10-27,True,41,82,13789.75,1.84,
2026-10-06 13:35:06.811830+05:30,NIFTY,2026-10-06,True,41,82,22703.65,1.83,
2026-10-06 13:35:08.649600+05:30,NIFTY,2026-10-13,True,41,82,22705.25,1.83,
2026-10-06 13:35:10.493013+05:30,NIFTY,2026-10-19,True,41,82,22702.35,1.84,
2026-10-06 13:35:12.333764+05:30,BANKNIFTY,2026-10-27,True,41,82,55105.5,1.84,
2026-10-06 13:35:14.165725+05:30,BANKNIFTY,2026-11-23,True,41,82,55107.3,1.83,
2026-10-06 13:35:15.998027+05:30,SENSEX,2026-10-08,True,41,82,72885.37,1.83,
2026-10-06 13:35:17.837444+05:30,SENSEX,2026-10-15,True,41,82,72886.16,1.84,
2026-10-06 13:35:19.673347+05:30,FINNIFTY,2026-10-27,True,41,80,24933.7,1.83,
2026-10-06 13:35:21.518177+05:30,MIDCPNIFTY,2026-10-27,True,41,82,13792.7,1.84,
2026-10-06 13:36:06.819039+05:30,NIFTY,2026-10-06,True,41,82,22708.0,1.84,
2026-10-06 13:36:08.657271+05:30,NIFTY,2026-10-13,True,41,82,22708.05,1.84,
2026-10-06 13:36:10.498034+05:30,NIFTY,2026-10-19,True,41,82,22709.2,1.83,
2026-10-06 13:36:12.337093+05:30,BANKNIFTY,2026-10-27,True,41,82,55126.5,1.84,
2026-10-06 13:36:14.176585+05:30,BANKNIFTY,2026-11-23,True,41,82,55132.25,1.84,
2026-10-06 13:36:16.860460+05:30,SENSEX,2026-10-08,True,41,82,72903.3,2.68,
2026-10-06 13:36:18.689604+05:30,SENSEX,2026-10-15,True,41,82,72905.7,1.83,
2026-10-06 13:36:20.532666+05:30,FINNIFTY,2026-10-27,True,41,80,24940.6,1.84,
2026-10-06 13:36:22.368920+05:30,MIDCPNIFTY,2026-10-27,True,41,82,13795.7,1.84,
2026-10-06 13:37:06.802131+05:30,NIFTY,2026-10-06,True,41,82,22707.3,1.82,
2026-10-06 13:37:08.635498+05:30,NIFTY,2026-10-13,True,41,82,22707.35,1.83,
2026-10-06 13:37:10.460131+05:30,NIFTY,2026-10-19,True,41,82,22707.75,1.82,
2026-10-06 13:37:12.294831+05:30,BANKNIFTY,2026-10-27,True,41,82,55131.25,1.83,
2026-10-06 13:37:14.159341+05:30,BANKNIFTY,2026-11-23,True,41,82,55133.9,1.86,
2026-10-06 13:37:16.014137+05:30,SENSEX,2026-10-08,True,41,82,72902.24,1.85,
2026-10-06 13:37:17.845437+05:30,SENSEX,2026-10-15,True,41,82,72903.82,1.83,
2026-10-06 13:37:19.690724+05:30,FINNIFTY,2026-10-27,True,41,80,24939.0,1.84,
2026-10-06 13:37:21.927986+05:30,MIDCPNIFTY,2026-10-27,True,41,82,13798.05,2.24,
2026-10-06 13:38:06.818521+05:30,NIFTY,2026-10-06,True,41,82,22712.45,1.84,
2026-10-06 13:38:08.646346+05:30,NIFTY,2026-10-13,True,41,82,22712.8,1.82,
2026-10-06 13:38:10.502591+05:30,NIFTY,2026-10-19,True,41,82,22711.95,1.85,
2026-10-06 13:38:12.354316+05:30,BANKNIFTY,2026-10-27,True,41,82,55131.4,1.85,
2026-10-06 13:38:14.198002+05:30,BANKNIFTY,2026-11-23,True,41,82,55129.25,1.84,
2026-10-06 13:38:16.020517+05:30,SENSEX,2026-10-08,True,41,82,72909.7,1.82,
2026-10-06 13:38:17.866500+05:30,SENSEX,2026-10-15,True,41,82,72910.24,1.85,
2026-10-06 13:38:19.698350+05:30,FINNIFTY,2026-10-27,True,41,80,24933.05,1.83,
2026-10-06 13:38:21.619904+05:30,MIDCPNIFTY,2026-10-27,True,41,82,13800.3,1.92,
2026-10-06 13:39:06.836629+05:30,NIFTY,2026-10-06,True,41,82,22715.85,1.85,
2026-10-06 13:39:08.734335+05:30,NIFTY,2026-10-13,True,41,82,22713.55,1.89,
2026-10-06 13:39:10.623400+05:30,NIFTY,2026-10-19,True,41,82,22713.6,1.89,
2026-10-06 13:39:12.525498+05:30,BANKNIFTY,2026-10-27,True,41,82,55121.4,1.9,
2026-10-06 13:39:14.441202+05:30,BANKNIFTY,2026-11-23,True,41,82,55126.15,1.91,
2026-10-06 13:39:16.346130+05:30,SENSEX,2026-10-08,True,41,82,72912.51,1.91,
2026-10-06 13:39:18.252914+05:30,SENSEX,2026-10-15,True,41,82,72912.03,1.91,
2026-10-06 13:39:20.171582+05:30,FINNIFTY,2026-10-27,True,41,80,24938.7,1.92,
2026-10-06 13:39:22.145385+05:30,MIDCPNIFTY,2026-10-27,True,41,82,13800.4,1.97,
2026-10-06 13:40:06.842866+05:30,NIFTY,2026-10-06,True,41,82,22711.95,1.86,
2026-10-06 13:40:08.739746+05:30,NIFTY,2026-10-13,True,41,82,22710.9,1.89,
2026-10-06 13:40:10.616412+05:30,NIFTY,2026-10-19,True,41,82,22711.2,1.87,
2026-10-06 13:40:12.518881+05:30,BANKNIFTY,2026-10-27,True,41,82,55116.95,1.9,
2026-10-06 13:40:14.418112+05:30,BANKNIFTY,2026-11-23,True,41,82,55120.0,1.9,
2026-10-06 13:40:16.297510+05:30,SENSEX,2026-10-08,True,41,82,72911.6,1.88,
2026-10-06 13:40:18.198734+05:30,SENSEX,2026-10-15,True,41,82,72911.93,1.9,
2026-10-06 13:40:20.094905+05:30,FINNIFTY,2026-10-27,True,41,80,24940.85,1.89,
2026-10-06 13:40:22.004264+05:30,MIDCPNIFTY,2026-10-27,True,41,82,13800.9,1.91,
2026-10-06 13:41:06.840218+05:30,NIFTY,2026-10-06,True,41,82,22715.8,1.86,
2026-10-06 13:41:08.747834+05:30,NIFTY,2026-10-13,True,41,82,22715.55,1.9,
2026-10-06 13:41:10.666395+05:30,NIFTY,2026-10-19,True,41,82,22718.6,1.92,
2026-10-06 13:41:12.833932+05:30,BANKNIFTY,2026-10-27,True,41,82,55132.45,2.17,
2026-10-06 13:41:14.768093+05:30,BANKNIFTY,2026-11-23,True,41,82,55133.15,1.93,
2026-10-06 13:41:16.670843+05:30,SENSEX,2026-10-08,True,41,82,72930.97,1.9,
2026-10-06 13:41:18.560006+05:30,SENSEX,2026-10-15,True,41,82,72934.06,1.89,
2026-10-06 13:41:20.461535+05:30,FINNIFTY,2026-10-27,True,41,80,24943.8,1.9,
2026-10-06 13:41:22.354333+05:30,MIDCPNIFTY,2026-10-27,True,41,82,13800.9,1.89,
2026-10-06 13:42:06.856384+05:30,NIFTY,2026-10-06,True,41,82,22714.5,1.87,
2026-10-06 13:42:08.775148+05:30,NIFTY,2026-10-13,True,41,82,22713.7,1.92,
2026-10-06 13:42:10.664864+05:30,NIFTY,2026-10-19,True,41,82,22713.6,1.89,
2026-10-06 13:42:12.572611+05:30,BANKNIFTY,2026-10-27,True,41,82,55117.5,1.91,
2026-10-06 13:42:14.469712+05:30,BANKNIFTY,2026-11-23,True,41,82,55113.25,1.9,
2026-10-06 13:42:16.370177+05:30,SENSEX,2026-10-08,True,41,82,72927.29,1.9,
2026-10-06 13:42:18.249796+05:30,SENSEX,2026-10-15,True,41,82,72926.71,1.88,
2026-10-06 13:42:20.134437+05:30,FINNIFTY,2026-10-27,True,41,80,24937.55,1.88,
2026-10-06 13:42:22.025478+05:30,MIDCPNIFTY,2026-10-27,True,41,82,13797.4,1.89,
2026-10-06 13:43:06.863276+05:30,NIFTY,2026-10-06,True,41,82,22706.45,1.88,
2026-10-06 13:43:08.776102+05:30,NIFTY,2026-10-13,True,41,82,22707.0,1.91,
2026-10-06 13:43:10.682352+05:30,NIFTY,2026-10-19,True,41,82,22706.9,1.9,
2026-10-06 13:43:12.603425+05:30,BANKNIFTY,2026-10-27,True,41,82,55080.95,1.92,
2026-10-06 13:43:14.498655+05:30,BANKNIFTY,2026-11-23,True,41,82,55081.85,1.89,
2026-10-06 13:43:16.406915+05:30,SENSEX,2026-10-08,True,41,82,72893.5,1.91,
2026-10-06 13:43:18.310040+05:30,SENSEX,2026-10-15,True,41,82,72895.07,1.9,
2026-10-06 13:43:20.249370+05:30,FINNIFTY,2026-10-27,True,41,82,24921.75,1.94,
2026-10-06 13:43:22.195592+05:30,MIDCPNIFTY,2026-10-27,True,41,82,13791.3,1.95,
2026-10-06 13:44:06.855977+05:30,NIFTY,2026-10-06,True,41,82,22702.65,1.87,
2026-10-06 13:44:08.765863+05:30,NIFTY,2026-10-13,True,41,82,22702.55,1.9,
2026-10-06 13:44:10.653832+05:30,NIFTY,2026-10-19,True,41,82,22704.55,1.89,
2026-10-06 13:44:12.550909+05:30,BANKNIFTY,2026-10-27,True,41,82,55076.95,1.9,
2026-10-06 13:44:14.454198+05:30,BANKNIFTY,2026-11-23,True,41,82,55078.5,1.9,
2026-10-06 13:44:16.344138+05:30,SENSEX,2026-10-08,True,41,82,72894.93,1.89,
2026-10-06 13:44:18.235488+05:30,SENSEX,2026-10-15,True,41,82,72897.73,1.89,
2026-10-06 13:44:20.157126+05:30,FINNIFTY,2026-10-27,True,41,82,24923.8,1.92,
2026-10-06 13:44:22.067306+05:30,MIDCPNIFTY,2026-10-27,True,41,82,13792.35,1.91,
2026-10-06 13:45:06.844705+05:30,NIFTY,2026-10-06,True,41,82,22703.85,1.86,
2026-10-06 13:45:08.759430+05:30,NIFTY,2026-10-13,True,41,82,22701.55,1.91,
2026-10-06 13:45:10.670481+05:30,NIFTY,2026-10-19,True,41,82,22700.75,1.91,
2026-10-06 13:45:12.862413+05:30,BANKNIFTY,2026-10-27,True,41,82,55056.5,2.19,
2026-10-06 13:45:14.803443+05:30,BANKNIFTY,2026-11-23,True,41,82,55054.0,1.94,
2026-10-06 13:45:16.702353+05:30,SENSEX,2026-10-08,True,41,82,72888.66,1.9,
2026-10-06 13:45:18.597310+05:30,SENSEX,2026-10-15,True,41,82,72886.4,1.89,
2026-10-06 13:45:20.518192+05:30,FINNIFTY,2026-10-27,True,41,82,24907.75,1.92,
2026-10-06 13:45:22.467494+05:30,MIDCPNIFTY,2026-10-27,True,41,82,13786.85,1.95,
2026-10-06 13:46:07.891325+05:30,NIFTY,2026-10-06,True,41,82,22705.25,2.91,
2026-10-06 13:46:09.835928+05:30,NIFTY,2026-10-13,True,41,82,22706.95,1.94,
2026-10-06 13:46:11.725403+05:30,NIFTY,2026-10-19,True,41,82,22705.4,1.89,
2026-10-06 13:46:13.623002+05:30,BANKNIFTY,2026-10-27,True,41,82,55077.1,1.9,
2026-10-06 13:46:15.539747+05:30,BANKNIFTY,2026-11-23,True,41,82,55076.95,1.92,
2026-10-06 13:46:17.457794+05:30,SENSEX,2026-10-08,True,41,82,72895.78,1.92,
2026-10-06 13:46:19.376943+05:30,SENSEX,2026-10-15,True,41,82,72896.32,1.92,
2026-10-06 13:46:21.282733+05:30,FINNIFTY,2026-10-27,True,41,82,24919.9,1.9,
2026-10-06 13:46:23.257697+05:30,MIDCPNIFTY,2026-10-27,True,41,82,13793.1,1.97,
2026-10-06 13:47:06.844125+05:30,NIFTY,2026-10-06,True,41,82,22706.05,1.86,
2026-10-06 13:47:08.737481+05:30,NIFTY,2026-10-13,True,41,82,22705.7,1.89,
2026-10-06 13:47:10.631467+05:30,NIFTY,2026-10-19,True,41,82,22705.2,1.89,
2026-10-06 13:47:12.532331+05:30,BANKNIFTY,2026-10-27,True,41,82,55070.4,1.9,
2026-10-06 13:47:14.468268+05:30,BANKNIFTY,2026-11-23,True,41,82,55069.5,1.93,
2026-10-06 13:47:16.359067+05:30,SENSEX,2026-10-08,True,41,82,72905.15,1.89,
2026-10-06 13:47:18.248737+05:30,SENSEX,2026-10-15,True,41,82,72907.31,1.89,
2026-10-06 13:47:20.165409+05:30,FINNIFTY,2026-10-27,True,41,82,24914.35,1.91,
2026-10-06 13:47:22.063084+05:30,MIDCPNIFTY,2026-10-27,True,41,82,13790.6,1.9,
2026-10-06 13:48:06.875157+05:30,NIFTY,2026-10-06,True,41,82,22708.3,1.89,
2026-10-06 13:48:08.818857+05:30,NIFTY,2026-10-13,True,41,82,22708.9,1.94,
2026-10-06 13:48:10.718556+05:30,NIFTY,2026-10-19,True,41,82,22709.15,1.9,
2026-10-06 13:48:12.645060+05:30,BANKNIFTY,2026-10-27,True,41,82,55081.15,1.93,
2026-10-06 13:48:14.545994+05:30,BANKNIFTY,2026-11-23,True,41,82,55083.6,1.9,
2026-10-06 13:48:16.446707+05:30,SENSEX,2026-10-08,True,41,82,72911.17,1.9,
2026-10-06 13:48:18.335512+05:30,SENSEX,2026-10-15,True,41,82,72912.57,1.89,
2026-10-06 13:48:20.235162+05:30,FINNIFTY,2026-10-27,True,41,82,24921.1,1.9,
2026-10-06 13:48:22.153335+05:30,MIDCPNIFTY,2026-10-27,True,41,82,13789.85,1.92,
2026-10-06 13:49:06.835777+05:30,NIFTY,2026-10-06,True,41,82,22706.8,1.86,
2026-10-06 13:49:08.731761+05:30,NIFTY,2026-10-13,True,41,82,22706.3,1.92,
2026-10-06 13:49:10.632703+05:30,NIFTY,2026-10-19,True,41,82,22707.1,1.87,
2026-10-06 13:49:12.557138+05:30,BANKNIFTY,2026-10-27,True,41,82,55080.1,1.92,
2026-10-06 13:49:14.512258+05:30,BANKNIFTY,2026-11-23,True,41,82,55081.55,1.95,
2026-10-06 13:49:16.433693+05:30,SENSEX,2026-10-08,True,41,82,72908.54,1.92,
2026-10-06 13:49:18.325524+05:30,SENSEX,2026-10-15,True,41,82,72907.87,1.89,
2026-10-06 13:49:20.222586+05:30,FINNIFTY,2026-10-27,True,41,82,24918.55,1.89,
2026-10-06 13:49:22.123045+05:30,MIDCPNIFTY,2026-10-27,True,41,82,13788.95,1.9,
2026-10-06 13:50:06.878598+05:30,NIFTY,2026-10-06,True,41,82,22710.7,1.9,
2026-10-06 13:50:08.787817+05:30,NIFTY,2026-10-13,True,41,82,22710.15,1.9,
2026-10-06 13:50:11.703027+05:30,NIFTY,2026-10-19,True,41,82,22710.9,2.91,
2026-10-06 13:50:13.605152+05:30,BANKNIFTY,2026-10-27,True,41,82,55091.55,1.9,
2026-10-06 13:50:15.559751+05:30,BANKNIFTY,2026-11-23,True,41,82,55098.1,1.95,
2026-10-06 13:50:17.473368+05:30,SENSEX,2026-10-08,True,41,82,72925.13,1.91,
2026-10-06 13:50:19.364999+05:30,SENSEX,2026-10-15,True,41,82,72928.26,1.89,
2026-10-06 13:50:22.026833+05:30,FINNIFTY,2026-10-27,True,41,82,24923.2,2.66,
2026-10-06 13:50:23.920682+05:30,MIDCPNIFTY,2026-10-27,True,41,82,13791.1,1.89,
2026-10-06 13:51:06.844700+05:30,NIFTY,2026-10-06,True,41,82,22714.3,1.86,
2026-10-06 13:51:08.738990+05:30,NIFTY,2026-10-13,True,41,82,22712.9,1.89,
2026-10-06 13:51:10.664522+05:30,NIFTY,2026-10-19,True,41,82,22712.75,1.92,
2026-10-06 13:51:12.568873+05:30,BANKNIFTY,2026-10-27,True,41,82,55096.65,1.9,
2026-10-06 13:51:14.472645+05:30,BANKNIFTY,2026-11-23,True,41,82,55094.0,1.9,
2026-10-06 13:51:16.372350+05:30,SENSEX,2026-10-08,True,41,82,72933.63,1.9,
2026-10-06 13:51:18.265085+05:30,SENSEX,2026-10-15,True,41,82,72929.09,1.89,
2026-10-06 13:51:20.367891+05:30,FINNIFTY,2026-10-27,True,41,82,24922.6,2.1,
2026-10-06 13:51:22.287625+05:30,MIDCPNIFTY,2026-10-27,True,41,82,13790.9,1.92,
2026-10-06 13:52:06.835711+05:30,NIFTY,2026-10-06,True,41,82,22711.1,1.85,
2026-10-06 13:52:08.738379+05:30,NIFTY,2026-10-13,True,41,82,22711.1,1.9,
2026-10-06 13:52:10.642852+05:30,NIFTY,2026-10-19,True,41,82,22711.65,1.9,
2026-10-06 13:52:12.571453+05:30,BANKNIFTY,2026-10-27,True,41,82,55092.8,1.93,
2026-10-06 13:52:14.473657+05:30,BANKNIFTY,2026-11-23,True,41,82,55097.55,1.9,
2026-10-06 13:52:16.343121+05:30,SENSEX,2026-10-08,True,41,82,72925.95,1.87,
2026-10-06 13:52:18.231027+05:30,SENSEX,2026-10-15,True,41,82,72925.95,1.89,
2026-10-06 13:52:20.131745+05:30,FINNIFTY,2026-10-27,True,41,82,24923.9,1.9,
2026-10-06 13:52:22.008586+05:30,MIDCPNIFTY,2026-10-27,True,41,82,13791.3,1.88,
2026-10-06 13:53:06.840784+05:30,NIFTY,2026-10-06,True,41,82,22708.55,1.86,
2026-10-06 13:53:08.750059+05:30,NIFTY,2026-10-13,True,41,82,22708.7,1.91,
2026-10-06 13:53:10.652433+05:30,NIFTY,2026-10-19,True,41,82,22708.0,1.9,
2026-10-06 13:53:12.590061+05:30,BANKNIFTY,2026-10-27,True,41,82,55080.55,1.94,
2026-10-06 13:53:14.520873+05:30,BANKNIFTY,2026-11-23,True,41,82,55083.65,1.93,
2026-10-06 13:53:16.415145+05:30,SENSEX,2026-10-08,True,41,82,72925.94,1.89,
2026-10-06 13:53:18.324057+05:30,SENSEX,2026-10-15,True,41,82,72922.13,1.91,
2026-10-06 13:53:20.216982+05:30,FINNIFTY,2026-10-27,True,41,82,24918.85,1.89,
2026-10-06 13:53:22.106643+05:30,MIDCPNIFTY,2026-10-27,True,41,82,13790.95,1.89,
2026-10-06 13:54:06.853655+05:30,NIFTY,2026-10-06,True,41,82,22711.45,1.87,
2026-10-06 13:54:08.751119+05:30,NIFTY,2026-10-13,True,41,82,22711.3,1.89,
2026-10-06 13:54:10.644211+05:30,NIFTY,2026-10-19,True,41,82,22711.2,1.89,
2026-10-06 13:54:12.551134+05:30,BANKNIFTY,2026-10-27,True,41,82,55088.2,1.91,
2026-10-06 13:54:14.472270+05:30,BANKNIFTY,2026-11-23,True,41,82,55092.0,1.92,
2026-10-06 13:54:16.380018+05:30,SENSEX,2026-10-08,True,41,82,72911.98,1.91,
2026-10-06 13:54:18.300073+05:30,SENSEX,2026-10-15,True,41,82,72908.69,1.92,
2026-10-06 13:54:20.210418+05:30,FINNIFTY,2026-10-27,True,41,82,24917.6,1.91,
2026-10-06 13:54:22.115755+05:30,MIDCPNIFTY,2026-10-27,True,41,82,13791.8,1.9,
2026-10-06 13:55:07.462252+05:30,NIFTY,2026-10-06,True,41,82,22713.65,2.48,
2026-10-06 13:55:09.368931+05:30,NIFTY,2026-10-13,True,41,82,22713.35,1.9,
2026-10-06 13:55:11.270451+05:30,NIFTY,2026-10-19,True,41,82,22713.65,1.9,
2026-10-06 13:55:13.183434+05:30,BANKNIFTY,2026-10-27,True,41,82,55097.1,1.91,
2026-10-06 13:55:15.081019+05:30,BANKNIFTY,2026-11-23,True,41,82,55095.6,1.9,
2026-10-06 13:55:17.150267+05:30,SENSEX,2026-10-08,True,41,82,72919.38,2.07,
2026-10-06 13:55:19.037616+05:30,SENSEX,2026-10-15,True,41,82,72921.85,1.89,
2026-10-06 13:55:20.945873+05:30,FINNIFTY,2026-10-27,True,41,82,24924.6,1.91,
2026-10-06 13:55:22.842339+05:30,MIDCPNIFTY,2026-10-27,True,41,82,13794.65,1.9,
2026-10-06 13:56:06.552537+05:30,NIFTY,2026-10-06,True,41,82,22714.2,1.57,
2026-10-06 13:56:08.147934+05:30,NIFTY,2026-10-13,True,41,82,22713.9,1.59,
2026-10-06 13:56:10.235549+05:30,NIFTY,2026-10-19,True,41,82,22712.7,2.09,
2026-10-06 13:56:12.140830+05:30,BANKNIFTY,2026-10-27,True,41,82,55095.85,1.9,
2026-10-06 13:56:14.059267+05:30,BANKNIFTY,2026-11-23,True,41,82,55093.75,1.92,
2026-10-06 13:56:15.968608+05:30,SENSEX,2026-10-08,True,41,82,72924.81,1.91,
2026-10-06 13:56:17.859318+05:30,SENSEX,2026-10-15,True,41,82,72925.78,1.89,
2026-10-06 13:56:19.771446+05:30,FINNIFTY,2026-10-27,True,41,80,24924.9,1.91,
2026-10-06 13:56:21.683471+05:30,MIDCPNIFTY,2026-10-27,True,41,82,13793.55,1.91,
2026-10-06 13:57:06.889000+05:30,NIFTY,2026-10-06,True,41,82,22709.7,1.91,
2026-10-06 13:57:08.814730+05:30,NIFTY,2026-10-13,True,41,82,22710.55,1.92,
2026-10-06 13:57:10.721502+05:30,NIFTY,2026-10-19,True,41,82,22708.95,1.9,
2026-10-06 13:57:12.629833+05:30,BANKNIFTY,2026-10-27,True,41,82,55078.4,1.91,
2026-10-06 13:57:14.539034+05:30,BANKNIFTY,2026-11-23,True,41,82,55087.25,1.91,
2026-10-06 13:57:16.439850+05:30,SENSEX,2026-10-08,True,41,82,72912.67,1.9,
2026-10-06 13:57:18.327195+05:30,SENSEX,2026-10-15,True,41,82,72914.28,1.89,
2026-10-06 13:57:20.226518+05:30,FINNIFTY,2026-10-27,True,41,82,24920.15,1.9,
2026-10-06 13:57:22.144972+05:30,MIDCPNIFTY,2026-10-27,True,41,82,13793.8,1.92,
2026-10-06 13:58:06.845275+05:30,NIFTY,2026-10-06,True,41,82,22713.95,1.86,
2026-10-06 13:58:08.733535+05:30,NIFTY,2026-10-13,True,41,82,22713.9,1.88,
2026-10-06 13:58:10.646124+05:30,NIFTY,2026-10-19,True,41,82,22714.1,1.91,
2026-10-06 13:58:12.555245+05:30,BANKNIFTY,2026-10-27,True,41,82,55102.7,1.91,
2026-10-06 13:58:14.452391+05:30,BANKNIFTY,2026-11-23,True,41,82,55103.4,1.9,
2026-10-06 13:58:17.407347+05:30,SENSEX,2026-10-08,True,41,82,72916.03,2.95,
2026-10-06 13:58:19.349735+05:30,SENSEX,2026-10-15,True,41,82,72915.06,1.94,
2026-10-06 13:58:21.270876+05:30,FINNIFTY,2026-10-27,True,41,82,24922.8,1.92,
2026-10-06 13:58:23.171624+05:30,MIDCPNIFTY,2026-10-27,True,41,82,13796.0,1.9,
2026-10-06 13:59:06.869823+05:30,NIFTY,2026-10-06,True,41,82,22714.0,1.89,
2026-10-06 13:59:08.782668+05:30,NIFTY,2026-10-13,True,41,82,22713.55,1.91,
2026-10-06 13:59:10.689369+05:30,NIFTY,2026-10-19,True,41,82,22713.85,1.91,
2026-10-06 13:59:12.611311+05:30,BANKNIFTY,2026-10-27,True,41,82,55094.2,1.92,
2026-10-06 13:59:14.529709+05:30,BANKNIFTY,2026-11-23,True,41,82,55098.9,1.92,
2026-10-06 13:59:16.415556+05:30,SENSEX,2026-10-08,True,41,82,72923.31,1.89,
2026-10-06 13:59:18.309323+05:30,SENSEX,2026-10-15,True,41,82,72925.63,1.89,
2026-10-06 13:59:20.221412+05:30,FINNIFTY,2026-10-27,True,41,82,24923.85,1.91,
2026-10-06 13:59:22.126264+05:30,MIDCPNIFTY,2026-10-27,True,41,82,13797.85,1.9,
2026-10-06 14:00:06.854088+05:30,NIFTY,2026-10-06,True,41,82,22713.9,1.87,
2026-10-06 14:00:08.753433+05:30,NIFTY,2026-10-13,True,41,82,22713.75,1.89,
2026-10-06 14:00:10.654822+05:30,NIFTY,2026-10-19,True,41,82,22714.1,1.9,
2026-10-06 14:00:12.578437+05:30,BANKNIFTY,2026-10-27,True,41,82,55092.3,1.92,
2026-10-06 14:00:14.505121+05:30,BANKNIFTY,2026-11-23,True,41,82,55095.0,1.93,
2026-10-06 14:00:05.000150+05:30,SENSEX,2026-10-08,False,,,,1.14,quotes: HTTP 400: 400: Failed to call upstream quote API
2026-10-06 14:00:17.618839+05:30,SENSEX,2026-10-15,True,41,82,72929.62,1.97,
2026-10-06 14:00:19.527771+05:30,FINNIFTY,2026-10-27,True,41,82,24924.4,1.91,
2026-10-06 14:00:21.434680+05:30,MIDCPNIFTY,2026-10-27,True,41,82,13797.85,1.91,
2026-10-06 14:01:06.849798+05:30,NIFTY,2026-10-06,True,41,82,22713.55,1.87,
2026-10-06 14:01:09.786507+05:30,NIFTY,2026-10-13,True,41,82,22713.2,2.93,
2026-10-06 14:01:11.686978+05:30,NIFTY,2026-10-19,True,41,82,22712.9,1.9,
2026-10-06 14:01:13.610817+05:30,BANKNIFTY,2026-10-27,True,41,82,55095.1,1.92,
2026-10-06 14:01:15.527144+05:30,BANKNIFTY,2026-11-23,True,41,82,55094.85,1.91,
2026-10-06 14:01:17.432037+05:30,SENSEX,2026-10-08,True,41,82,72928.56,1.9,
2026-10-06 14:01:19.328303+05:30,SENSEX,2026-10-15,True,41,82,72928.12,1.9,
2026-10-06 14:01:21.229961+05:30,FINNIFTY,2026-10-27,True,41,82,24925.15,1.9,
2026-10-06 14:01:24.185786+05:30,MIDCPNIFTY,2026-10-27,True,41,82,13803.95,2.95,
2026-10-06 14:02:06.870096+05:30,NIFTY,2026-10-06,True,41,82,22718.55,1.89,
2026-10-06 14:02:08.779923+05:30,NIFTY,2026-10-13,True,41,82,22717.75,1.9,
2026-10-06 14:02:10.689170+05:30,NIFTY,2026-10-19,True,41,82,22717.4,1.91,
2026-10-06 14:02:12.594292+05:30,BANKNIFTY,2026-10-27,True,41,82,55100.4,1.9,
2026-10-06 14:02:14.504066+05:30,BANKNIFTY,2026-11-23,True,41,82,55103.0,1.91,
2026-10-06 14:02:16.422091+05:30,SENSEX,2026-10-08,True,41,82,72940.3,1.92,
2026-10-06 14:02:18.316659+05:30,SENSEX,2026-10-15,True,41,82,72941.32,1.89,
2026-10-06 14:02:20.226963+05:30,FINNIFTY,2026-10-27,True,41,80,24926.2,1.91,
2026-10-06 14:02:22.146184+05:30,MIDCPNIFTY,2026-10-27,True,41,82,13808.7,1.92,
2026-10-06 14:03:06.873016+05:30,NIFTY,2026-10-06,True,41,82,22719.65,1.89,
2026-10-06 14:03:08.785104+05:30,NIFTY,2026-10-13,True,41,82,22719.55,1.91,
2026-10-06 14:03:10.697707+05:30,NIFTY,2026-10-19,True,41,82,22719.85,1.91,
2026-10-06 14:03:12.604083+05:30,BANKNIFTY,2026-10-27,True,41,82,55106.85,1.91,
2026-10-06 14:03:14.505017+05:30,BANKNIFTY,2026-11-23,True,41,82,55110.15,1.9,
2026-10-06 14:03:16.405221+05:30,SENSEX,2026-10-08,True,41,82,72944.21,1.9,
2026-10-06 14:03:18.307549+05:30,SENSEX,2026-10-15,True,41,82,72944.21,1.9,
2026-10-06 14:03:20.201326+05:30,FINNIFTY,2026-10-27,True,41,80,24927.7,1.89,
2026-10-06 14:03:22.104261+05:30,MIDCPNIFTY,2026-10-27,True,41,82,13804.25,1.9,
2026-10-06 14:04:06.840088+05:30,NIFTY,2026-10-06,True,41,82,22725.5,1.86,
2026-10-06 14:04:08.733562+05:30,NIFTY,2026-10-13,True,41,82,22724.95,1.88,
2026-10-06 14:04:10.630838+05:30,NIFTY,2026-10-19,True,41,82,22725.1,1.9,
2026-10-06 14:04:12.543324+05:30,BANKNIFTY,2026-10-27,True,41,82,55123.05,1.91,
2026-10-06 14:04:14.461077+05:30,BANKNIFTY,2026-11-23,True,41,82,55123.25,1.92,
2026-10-06 14:04:16.361366+05:30,SENSEX,2026-10-08,True,41,82,72956.13,1.9,
2026-10-06 14:04:18.267662+05:30,SENSEX,2026-10-15,True,41,82,72957.55,1.91,
2026-10-06 14:04:20.170404+05:30,FINNIFTY,2026-10-27,True,41,80,24936.05,1.9,
2026-10-06 14:04:22.066652+05:30,MIDCPNIFTY,2026-10-27,True,41,82,13804.35,1.9,
2026-10-06 14:05:06.851973+05:30,NIFTY,2026-10-06,True,41,82,22720.85,1.87,
2026-10-06 14:05:08.760279+05:30,NIFTY,2026-10-13,True,41,82,22721.15,1.9,
2026-10-06 14:05:10.678122+05:30,NIFTY,2026-10-19,True,41,82,22720.95,1.92,
2026-10-06 14:05:12.587437+05:30,BANKNIFTY,2026-10-27,True,41,82,55112.85,1.91,
2026-10-06 14:05:14.515334+05:30,BANKNIFTY,2026-11-23,True,41,82,55116.3,1.93,
2026-10-06 14:05:16.417780+05:30,SENSEX,2026-10-08,True,41,82,72946.96,1.9,
2026-10-06 14:05:18.328737+05:30,SENSEX,2026-10-15,True,41,82,72949.72,1.91,
2026-10-06 14:05:20.217831+05:30,FINNIFTY,2026-10-27,True,41,80,24935.85,1.89,
2026-10-06 14:05:22.115337+05:30,MIDCPNIFTY,2026-10-27,True,41,82,13805.8,1.9,
2026-10-06 14:06:07.229181+05:30,NIFTY,2026-10-06,True,41,82,22722.9,2.25,
2026-10-06 14:06:09.133840+05:30,NIFTY,2026-10-13,True,41,82,22722.15,1.9,
2026-10-06 14:06:11.035424+05:30,NIFTY,2026-10-19,True,41,82,22721.05,1.9,
2026-10-06 14:06:13.012491+05:30,BANKNIFTY,2026-10-27,True,41,82,55094.6,1.98,
2026-10-06 14:06:14.946978+05:30,BANKNIFTY,2026-11-23,True,41,82,55099.65,1.93,
2026-10-06 14:06:16.847527+05:30,SENSEX,2026-10-08,True,41,82,72947.69,1.9,
2026-10-06 14:06:18.736376+05:30,SENSEX,2026-10-15,True,41,82,72942.73,1.89,
2026-10-06 14:06:20.639079+05:30,FINNIFTY,2026-10-27,True,41,82,24924.55,1.9,
2026-10-06 14:06:22.574110+05:30,MIDCPNIFTY,2026-10-27,True,41,82,13800.8,1.93,
2026-10-06 14:07:06.877789+05:30,NIFTY,2026-10-06,True,41,82,22725.65,1.9,
2026-10-06 14:07:08.809966+05:30,NIFTY,2026-10-13,True,41,82,22728.0,1.92,
2026-10-06 14:07:10.703119+05:30,NIFTY,2026-10-19,True,41,82,22727.55,1.89,
2026-10-06 14:07:12.614435+05:30,BANKNIFTY,2026-10-27,True,41,82,55109.15,1.91,
2026-10-06 14:07:14.536123+05:30,BANKNIFTY,2026-11-23,True,41,82,55116.6,1.93,
2026-10-06 14:07:16.485753+05:30,SENSEX,2026-10-08,True,41,82,72970.05,1.94,
2026-10-06 14:07:18.375507+05:30,SENSEX,2026-10-15,True,41,82,72970.42,1.89,
2026-10-06 14:07:20.263852+05:30,FINNIFTY,2026-10-27,True,41,80,24934.3,1.89,
2026-10-06 14:07:22.155032+05:30,MIDCPNIFTY,2026-10-27,True,41,82,13807.15,1.89,
2026-10-06 14:08:06.838190+05:30,NIFTY,2026-10-06,True,41,82,22724.45,1.86,
2026-10-06 14:08:08.761342+05:30,NIFTY,2026-10-13,True,41,82,22724.65,1.92,
2026-10-06 14:08:10.654382+05:30,NIFTY,2026-10-19,True,41,82,22724.25,1.89,
2026-10-06 14:08:12.557778+05:30,BANKNIFTY,2026-10-27,True,41,82,55104.8,1.9,
2026-10-06 14:08:14.507124+05:30,BANKNIFTY,2026-11-23,True,41,82,55107.35,1.95,
2026-10-06 14:08:16.448291+05:30,SENSEX,2026-10-08,True,41,82,72963.19,1.94,
2026-10-06 14:08:18.343510+05:30,SENSEX,2026-10-15,True,41,82,72961.8,1.89,
2026-10-06 14:08:20.234330+05:30,FINNIFTY,2026-10-27,True,41,80,24929.85,1.89,
2026-10-06 14:08:22.138139+05:30,MIDCPNIFTY,2026-10-27,True,41,82,13808.1,1.9,
2026-10-06 14:09:06.842935+05:30,NIFTY,2026-10-06,True,41,82,22727.05,1.86,
2026-10-06 14:09:09.286223+05:30,NIFTY,2026-10-13,True,41,82,22727.9,2.44,
2026-10-06 14:09:11.181992+05:30,NIFTY,2026-10-19,True,41,82,22728.3,1.89,
2026-10-06 14:09:13.090702+05:30,BANKNIFTY,2026-10-27,True,41,82,55117.05,1.91,
2026-10-06 14:09:15.011271+05:30,BANKNIFTY,2026-11-23,True,41,82,55114.7,1.92,
2026-10-06 14:09:18.046446+05:30,SENSEX,2026-10-08,True,41,82,72968.73,3.03,
2026-10-06 14:09:20.490449+05:30,SENSEX,2026-10-15,True,41,82,72970.61,2.44,
2026-10-06 14:09:22.420321+05:30,FINNIFTY,2026-10-27,True,41,80,24932.3,1.93,
2026-10-06 14:09:24.330938+05:30,MIDCPNIFTY,2026-10-27,True,41,82,13809.2,1.91,
2026-10-06 14:10:07.051653+05:30,NIFTY,2026-10-06,True,41,82,22728.55,2.07,
2026-10-06 14:10:08.945434+05:30,NIFTY,2026-10-13,True,41,82,22728.5,1.89,
2026-10-06 14:10:10.834764+05:30,NIFTY,2026-10-19,True,41,82,22728.35,1.89,
2026-10-06 14:10:12.759544+05:30,BANKNIFTY,2026-10-27,True,41,82,55121.8,1.92,
2026-10-06 14:10:14.667818+05:30,BANKNIFTY,2026-11-23,True,41,82,55121.8,1.91,
2026-10-06 14:10:16.623911+05:30,SENSEX,2026-10-08,True,41,82,72967.33,1.96,
2026-10-06 14:10:18.527602+05:30,SENSEX,2026-10-15,True,41,82,72963.39,1.9,
2026-10-06 14:10:20.432551+05:30,FINNIFTY,2026-10-27,True,41,80,24933.35,1.9,
2026-10-06 14:10:22.339931+05:30,MIDCPNIFTY,2026-10-27,True,41,82,13805.45,1.91,
2026-10-06 14:11:06.840712+05:30,NIFTY,2026-10-06,True,41,82,22725.0,1.86,
2026-10-06 14:11:08.753432+05:30,NIFTY,2026-10-13,True,41,82,22725.1,1.91,
2026-10-06 14:11:10.658710+05:30,NIFTY,2026-10-19,True,41,82,22724.3,1.9,
2026-10-06 14:11:12.589939+05:30,BANKNIFTY,2026-10-27,True,41,82,55100.3,1.93,
2026-10-06 14:11:14.496351+05:30,BANKNIFTY,2026-11-23,True,41,82,55098.15,1.91,
2026-10-06 14:11:16.382510+05:30,SENSEX,2026-10-08,True,41,82,72957.34,1.89,
2026-10-06 14:11:18.279053+05:30,SENSEX,2026-10-15,True,41,82,72960.93,1.9,
2026-10-06 14:11:20.890100+05:30,FINNIFTY,2026-10-27,True,41,80,24928.3,2.61,
2026-10-06 14:11:22.786656+05:30,MIDCPNIFTY,2026-10-27,True,41,82,13804.9,1.9,
2026-10-06 14:12:06.849993+05:30,NIFTY,2026-10-06,True,41,82,22721.6,1.87,
2026-10-06 14:12:08.749215+05:30,NIFTY,2026-10-13,True,41,82,22720.3,1.89,
2026-10-06 14:12:10.644428+05:30,NIFTY,2026-10-19,True,41,82,22720.95,1.89,
2026-10-06 14:12:12.554391+05:30,BANKNIFTY,2026-10-27,True,41,82,55098.05,1.91,
2026-10-06 14:12:14.459275+05:30,BANKNIFTY,2026-11-23,True,41,82,55100.7,1.9,
2026-10-06 14:12:16.346666+05:30,SENSEX,2026-10-08,True,41,82,72952.18,1.89,
2026-10-06 14:12:18.272455+05:30,SENSEX,2026-10-15,True,41,82,72952.16,1.93,
2026-10-06 14:12:20.161388+05:30,FINNIFTY,2026-10-27,True,41,80,24930.45,1.89,
2026-10-06 14:12:22.087206+05:30,MIDCPNIFTY,2026-10-27,True,41,82,13804.7,1.92,
2026-10-06 14:13:06.840387+05:30,NIFTY,2026-10-06,True,41,82,22724.95,1.86,
2026-10-06 14:13:08.739797+05:30,NIFTY,2026-10-13,True,41,82,22724.85,1.89,
2026-10-06 14:13:10.640334+05:30,NIFTY,2026-10-19,True,41,82,22723.8,1.9,
2026-10-06 14:13:12.541898+05:30,BANKNIFTY,2026-10-27,True,41,82,55106.95,1.9,
2026-10-06 14:13:14.433187+05:30,BANKNIFTY,2026-11-23,True,41,82,55113.7,1.89,
2026-10-06 14:13:16.323416+05:30,SENSEX,2026-10-08,True,41,82,72960.93,1.89,
2026-10-06 14:13:18.207866+05:30,SENSEX,2026-10-15,True,41,82,72962.7,1.88,
2026-10-06 14:13:20.099348+05:30,FINNIFTY,2026-10-27,True,41,80,24932.4,1.89,
2026-10-06 14:13:22.004230+05:30,MIDCPNIFTY,2026-10-27,True,41,82,13804.65,1.9,
2026-10-06 14:14:06.820905+05:30,NIFTY,2026-10-06,True,41,82,22725.55,1.84,
2026-10-06 14:14:08.700478+05:30,NIFTY,2026-10-13,True,41,82,22724.5,1.87,
2026-10-06 14:14:10.573668+05:30,NIFTY,2026-10-19,True,41,82,22723.55,1.88,
2026-10-06 14:14:12.469629+05:30,BANKNIFTY,2026-10-27,True,41,82,55094.9,1.89,
2026-10-06 14:14:14.365844+05:30,BANKNIFTY,2026-11-23,True,41,82,55098.25,1.89,
2026-10-06 14:14:16.252694+05:30,SENSEX,2026-10-08,True,41,82,72961.21,1.89,
2026-10-06 14:14:18.130431+05:30,SENSEX,2026-10-15,True,41,82,72960.12,1.88,
2026-10-06 14:14:20.019172+05:30,FINNIFTY,2026-10-27,True,41,80,24930.1,1.89,
2026-10-06 14:14:22.919922+05:30,MIDCPNIFTY,2026-10-27,True,41,82,13805.5,2.9,
2026-10-06 14:15:06.890523+05:30,NIFTY,2026-10-06,True,41,82,22722.15,1.91,
2026-10-06 14:15:08.970186+05:30,NIFTY,2026-10-13,True,41,82,22720.0,2.07,
2026-10-06 14:15:10.857782+05:30,NIFTY,2026-10-19,True,41,82,22720.5,1.89,
2026-10-06 14:15:12.747632+05:30,BANKNIFTY,2026-10-27,True,41,82,55092.65,1.89,
2026-10-06 14:15:14.647593+05:30,BANKNIFTY,2026-11-23,True,41,82,55092.15,1.9,
2026-10-06 14:15:16.521133+05:30,SENSEX,2026-10-08,True,41,82,72954.74,1.87,
2026-10-06 14:15:18.411268+05:30,SENSEX,2026-10-15,True,41,82,72951.55,1.89,
2026-10-06 14:15:20.294088+05:30,FINNIFTY,2026-10-27,True,41,80,24925.0,1.88,
2026-10-06 14:15:22.222374+05:30,MIDCPNIFTY,2026-10-27,True,41,82,13804.35,1.93,
2026-10-06 14:16:06.808076+05:30,NIFTY,2026-10-06,True,41,82,22719.55,1.83,
2026-10-06 14:16:08.684325+05:30,NIFTY,2026-10-13,True,41,82,22719.75,1.87,
2026-10-06 14:16:10.567997+05:30,NIFTY,2026-10-19,True,41,82,22720.4,1.88,
2026-10-06 14:16:12.472834+05:30,BANKNIFTY,2026-10-27,True,41,82,55098.75,1.9,
2026-10-06 14:16:14.370388+05:30,BANKNIFTY,2026-11-23,True,41,82,55106.4,1.9,
2026-10-06 14:16:16.241469+05:30,SENSEX,2026-10-08,True,41,82,72942.38,1.87,
2026-10-06 14:16:18.127794+05:30,SENSEX,2026-10-15,True,41,82,72944.95,1.89,
2026-10-06 14:16:20.021046+05:30,FINNIFTY,2026-10-27,True,41,80,24929.55,1.89,
2026-10-06 14:16:21.936009+05:30,MIDCPNIFTY,2026-10-27,True,41,82,13804.35,1.91,
2026-10-06 14:17:06.815340+05:30,NIFTY,2026-10-06,True,41,82,22717.9,1.84,
2026-10-06 14:17:08.694418+05:30,NIFTY,2026-10-13,True,41,82,22717.7,1.87,
2026-10-06 14:17:11.219444+05:30,NIFTY,2026-10-19,True,41,82,22717.15,2.52,
2026-10-06 14:17:13.058390+05:30,BANKNIFTY,2026-10-27,True,41,82,55085.8,1.84,
2026-10-06 14:17:14.898154+05:30,BANKNIFTY,2026-11-23,True,41,82,55088.35,1.84,
2026-10-06 14:17:16.724744+05:30,SENSEX,2026-10-08,True,41,82,72935.45,1.83,
2026-10-06 14:17:18.567605+05:30,SENSEX,2026-10-15,True,41,82,72935.29,1.84,
2026-10-06 14:17:20.396202+05:30,FINNIFTY,2026-10-27,True,41,82,24921.7,1.83,
2026-10-06 14:17:22.234806+05:30,MIDCPNIFTY,2026-10-27,True,41,82,13801.8,1.84,
2026-10-06 14:18:06.779090+05:30,NIFTY,2026-10-06,True,41,82,22711.0,1.8,
2026-10-06 14:18:08.610843+05:30,NIFTY,2026-10-13,True,41,82,22709.1,1.83,
2026-10-06 14:18:10.443251+05:30,NIFTY,2026-10-19,True,41,82,22708.85,1.83,
2026-10-06 14:18:12.260986+05:30,BANKNIFTY,2026-10-27,True,41,82,55069.9,1.82,
2026-10-06 14:18:14.088317+05:30,BANKNIFTY,2026-11-23,True,41,82,55073.65,1.83,
2026-10-06 14:18:15.918724+05:30,SENSEX,2026-10-08,True,41,82,72911.73,1.83,
2026-10-06 14:18:17.733146+05:30,SENSEX,2026-10-15,True,41,82,72909.86,1.81,
2026-10-06 14:18:19.579157+05:30,FINNIFTY,2026-10-27,True,41,82,24914.05,1.84,
2026-10-06 14:18:21.389809+05:30,MIDCPNIFTY,2026-10-27,True,41,82,13798.75,1.81,
2026-10-06 14:19:06.778223+05:30,NIFTY,2026-10-06,True,41,82,22716.35,1.8,
2026-10-06 14:19:08.594355+05:30,NIFTY,2026-10-13,True,41,82,22715.5,1.82,
2026-10-06 14:19:10.428348+05:30,NIFTY,2026-10-19,True,41,82,22713.4,1.82,
2026-10-06 14:19:12.506739+05:30,BANKNIFTY,2026-10-27,True,41,82,55087.8,2.08,
2026-10-06 14:19:14.324658+05:30,BANKNIFTY,2026-11-23,True,41,82,55092.55,1.82,
2026-10-06 14:19:16.139724+05:30,SENSEX,2026-10-08,True,41,82,72930.49,1.81,
2026-10-06 14:19:17.953537+05:30,SENSEX,2026-10-15,True,41,82,72927.56,1.81,
2026-10-06 14:19:19.784442+05:30,FINNIFTY,2026-10-27,True,41,82,24921.75,1.83,
2026-10-06 14:19:21.615538+05:30,MIDCPNIFTY,2026-10-27,True,41,82,13801.1,1.83,
2026-10-06 14:20:06.763283+05:30,NIFTY,2026-10-06,True,41,82,22709.9,1.78,
2026-10-06 14:20:08.596586+05:30,NIFTY,2026-10-13,True,41,82,22709.35,1.83,
2026-10-06 14:20:10.585314+05:30,NIFTY,2026-10-19,True,41,82,22709.95,1.99,
2026-10-06 14:20:12.418379+05:30,BANKNIFTY,2026-10-27,True,41,82,55086.4,1.83,
2026-10-06 14:20:14.258138+05:30,BANKNIFTY,2026-11-23,True,41,82,55086.6,1.84,
2026-10-06 14:20:16.089283+05:30,SENSEX,2026-10-08,True,41,82,72924.6,1.83,
2026-10-06 14:20:17.912838+05:30,SENSEX,2026-10-15,True,41,82,72923.87,1.82,
2026-10-06 14:20:19.739822+05:30,FINNIFTY,2026-10-27,True,41,82,24922.75,1.82,
2026-10-06 14:20:21.564244+05:30,MIDCPNIFTY,2026-10-27,True,41,82,13801.9,1.82,
2026-10-06 14:21:06.778860+05:30,NIFTY,2026-10-06,True,41,82,22717.7,1.8,
2026-10-06 14:21:08.595210+05:30,NIFTY,2026-10-13,True,41,82,22717.2,1.82,
2026-10-06 14:21:10.407596+05:30,NIFTY,2026-10-19,True,41,82,22716.85,1.81,
2026-10-06 14:21:12.246908+05:30,BANKNIFTY,2026-10-27,True,41,82,55096.35,1.84,
2026-10-06 14:21:14.071565+05:30,BANKNIFTY,2026-11-23,True,41,82,55103.6,1.82,
2026-10-06 14:21:15.905930+05:30,SENSEX,2026-10-08,True,41,82,72943.46,1.83,
2026-10-06 14:21:17.745439+05:30,SENSEX,2026-10-15,True,41,82,72941.52,1.84,
2026-10-06 14:21:19.590056+05:30,FINNIFTY,2026-10-27,True,41,80,24930.0,1.84,
2026-10-06 14:21:21.419462+05:30,MIDCPNIFTY,2026-10-27,True,41,82,13797.95,1.83,
2026-10-06 14:22:06.784559+05:30,NIFTY,2026-10-06,True,41,82,22712.65,1.8,
2026-10-06 14:22:08.617103+05:30,NIFTY,2026-10-13,True,41,82,22712.95,1.83,
2026-10-06 14:22:10.460262+05:30,NIFTY,2026-10-19,True,41,82,22713.2,1.84,
2026-10-06 14:22:12.291397+05:30,BANKNIFTY,2026-10-27,True,41,82,55090.5,1.83,
2026-10-06 14:22:14.131971+05:30,BANKNIFTY,2026-11-23,True,41,82,55084.6,1.84,
2026-10-06 14:22:15.960781+05:30,SENSEX,2026-10-08,True,41,82,72922.89,1.83,
2026-10-06 14:22:17.805799+05:30,SENSEX,2026-10-15,True,41,82,72923.98,1.84,
2026-10-06 14:22:19.647814+05:30,FINNIFTY,2026-10-27,True,41,82,24921.9,1.84,
2026-10-06 14:22:21.494641+05:30,MIDCPNIFTY,2026-10-27,True,41,82,13796.1,1.85,
2026-10-06 14:23:06.786646+05:30,NIFTY,2026-10-06,True,41,82,22708.85,1.8,
2026-10-06 14:23:08.624586+05:30,NIFTY,2026-10-13,True,41,82,22708.85,1.84,
2026-10-06 14:23:10.445767+05:30,NIFTY,2026-10-19,True,41,82,22707.15,1.81,
2026-10-06 14:23:12.280033+05:30,BANKNIFTY,2026-10-27,True,41,82,55071.55,1.83,
2026-10-06 14:23:14.162168+05:30,BANKNIFTY,2026-11-23,True,41,82,55077.45,1.88,
2026-10-06 14:23:15.989479+05:30,SENSEX,2026-10-08,True,41,82,72918.85,1.83,
2026-10-06 14:23:17.996656+05:30,SENSEX,2026-10-15,True,41,82,72917.87,2.01,
2026-10-06 14:23:19.884494+05:30,FINNIFTY,2026-10-27,True,41,82,24917.2,1.89,
2026-10-06 14:23:21.753436+05:30,MIDCPNIFTY,2026-10-27,True,41,82,13797.45,1.87,
2026-10-06 14:24:06.791353+05:30,NIFTY,2026-10-06,True,41,82,22710.45,1.81,
2026-10-06 14:24:08.626838+05:30,NIFTY,2026-10-13,True,41,82,22708.55,1.83,
2026-10-06 14:24:10.454985+05:30,NIFTY,2026-10-19,True,41,82,22709.15,1.83,
2026-10-06 14:24:12.279801+05:30,BANKNIFTY,2026-10-27,True,41,82,55079.0,1.82,
2026-10-06 14:24:14.145565+05:30,BANKNIFTY,2026-11-23,True,41,82,55079.5,1.86,
2026-10-06 14:24:15.974076+05:30,SENSEX,2026-10-08,True,41,82,72918.23,1.83,
2026-10-06 14:24:17.834844+05:30,SENSEX,2026-10-15,True,41,82,72918.11,1.86,
2026-10-06 14:24:19.659552+05:30,FINNIFTY,2026-10-27,True,41,82,24916.5,1.82,
2026-10-06 14:24:21.490347+05:30,MIDCPNIFTY,2026-10-27,True,41,82,13797.8,1.83,
2026-10-06 14:25:06.799590+05:30,NIFTY,2026-10-06,True,41,82,22708.0,1.82,
2026-10-06 14:25:08.645974+05:30,NIFTY,2026-10-13,True,41,82,22707.15,1.84,
2026-10-06 14:25:10.492433+05:30,NIFTY,2026-10-19,True,41,82,22707.0,1.84,
2026-10-06 14:25:12.327349+05:30,BANKNIFTY,2026-10-27,True,41,82,55063.35,1.83,
2026-10-06 14:25:14.183387+05:30,BANKNIFTY,2026-11-23,True,41,82,55065.15,1.85,
2026-10-06 14:25:16.165630+05:30,SENSEX,2026-10-08,True,41,82,72911.26,1.98,
2026-10-06 14:25:18.058282+05:30,SENSEX,2026-10-15,True,41,82,72911.32,1.89,
2026-10-06 14:25:19.905762+05:30,FINNIFTY,2026-10-27,True,41,82,24909.9,1.85,
2026-10-06 14:25:21.779752+05:30,MIDCPNIFTY,2026-10-27,True,41,82,13796.1,1.87,
2026-10-06 14:26:06.777291+05:30,NIFTY,2026-10-06,True,41,82,22706.75,1.79,
2026-10-06 14:26:08.780976+05:30,NIFTY,2026-10-13,True,41,82,22706.6,2.0,
2026-10-06 14:26:10.666951+05:30,NIFTY,2026-10-19,True,41,82,22706.5,1.88,
2026-10-06 14:26:12.505417+05:30,BANKNIFTY,2026-10-27,True,41,82,55075.15,1.84,
2026-10-06 14:26:14.368974+05:30,BANKNIFTY,2026-11-23,True,41,82,55079.6,1.86,
2026-10-06 14:26:16.207529+05:30,SENSEX,2026-10-08,True,41,82,72915.89,1.84,
2026-10-06 14:26:18.345744+05:30,SENSEX,2026-10-15,True,41,82,72914.37,2.14,
2026-10-06 14:26:20.168597+05:30,FINNIFTY,2026-10-27,True,41,82,24911.65,1.82,
2026-10-06 14:26:21.996312+05:30,MIDCPNIFTY,2026-10-27,True,41,82,13795.65,1.83,
2026-10-06 14:27:06.814443+05:30,NIFTY,2026-10-06,True,41,82,22697.75,1.83,
2026-10-06 14:27:08.669811+05:30,NIFTY,2026-10-13,True,41,82,22695.5,1.85,
2026-10-06 14:27:10.505136+05:30,NIFTY,2026-10-19,True,41,82,22694.55,1.83,
2026-10-06 14:27:13.441095+05:30,BANKNIFTY,2026-10-27,True,41,82,55043.1,2.93,
2026-10-06 14:27:15.290276+05:30,BANKNIFTY,2026-11-23,True,41,82,55019.35,1.85,
2026-10-06 14:27:17.131684+05:30,SENSEX,2026-10-08,True,41,82,72849.23,1.84,
2026-10-06 14:27:19.396414+05:30,SENSEX,2026-10-15,True,41,82,72843.13,2.26,
2026-10-06 14:27:21.250335+05:30,FINNIFTY,2026-10-27,True,41,82,24888.2,1.85,
2026-10-06 14:27:23.095409+05:30,MIDCPNIFTY,2026-10-27,True,41,82,13787.85,1.84,
2026-10-06 14:28:06.778023+05:30,NIFTY,2026-10-06,True,41,82,22697.3,1.8,
2026-10-06 14:28:08.630012+05:30,NIFTY,2026-10-13,True,41,82,22696.85,1.85,
2026-10-06 14:28:10.464073+05:30,NIFTY,2026-10-19,True,41,82,22696.5,1.83,
2026-10-06 14:28:12.306553+05:30,BANKNIFTY,2026-10-27,True,41,82,55051.65,1.85,
2026-10-06 14:28:14.165774+05:30,BANKNIFTY,2026-11-23,True,41,82,55047.9,1.85,
2026-10-06 14:28:16.006759+05:30,SENSEX,2026-10-08,True,41,82,72870.64,1.84,
2026-10-06 14:28:17.832431+05:30,SENSEX,2026-10-15,True,41,82,72869.75,1.83,
2026-10-06 14:28:19.661454+05:30,FINNIFTY,2026-10-27,True,41,82,24901.45,1.83,
2026-10-06 14:28:21.545046+05:30,MIDCPNIFTY,2026-10-27,True,41,82,13789.4,1.88,
2026-10-06 14:29:06.659547+05:30,NIFTY,2026-10-06,True,41,82,22686.75,1.68,
2026-10-06 14:29:08.295687+05:30,NIFTY,2026-10-13,True,41,82,22687.35,1.64,
2026-10-06 14:29:09.911293+05:30,NIFTY,2026-10-19,True,41,82,22689.0,1.61,
2026-10-06 14:29:11.595054+05:30,BANKNIFTY,2026-10-27,True,41,82,55027.95,1.68,
2026-10-06 14:29:13.236447+05:30,BANKNIFTY,2026-11-23,True,41,82,55029.9,1.64,
2026-10-06 14:29:14.868628+05:30,SENSEX,2026-10-08,True,41,82,72844.77,1.63,
2026-10-06 14:29:16.492314+05:30,SENSEX,2026-10-15,True,41,82,72846.89,1.62,
2026-10-06 14:29:18.125383+05:30,FINNIFTY,2026-10-27,True,41,82,24895.85,1.63,
2026-10-06 14:29:19.746075+05:30,MIDCPNIFTY,2026-10-27,True,41,82,13788.1,1.62,
2026-10-06 14:30:06.785354+05:30,NIFTY,2026-10-06,True,41,82,22691.9,1.8,
2026-10-06 14:30:08.630831+05:30,NIFTY,2026-10-13,True,41,82,22691.75,1.84,
2026-10-06 14:30:10.489490+05:30,NIFTY,2026-10-19,True,41,82,22691.2,1.86,
2026-10-06 14:30:12.357707+05:30,BANKNIFTY,2026-10-27,True,41,82,55036.9,1.87,
2026-10-06 14:30:14.205295+05:30,BANKNIFTY,2026-11-23,True,41,82,55036.6,1.85,
2026-10-06 14:30:16.044596+05:30,SENSEX,2026-10-08,True,41,82,72845.14,1.84,
2026-10-06 14:30:17.909507+05:30,SENSEX,2026-10-15,True,41,82,72845.52,1.86,
2026-10-06 14:30:19.867361+05:30,FINNIFTY,2026-10-27,True,41,82,24899.55,1.96,
2026-10-06 14:30:21.730161+05:30,MIDCPNIFTY,2026-10-27,True,41,82,13784.75,1.86,
2026-10-06 14:31:06.788267+05:30,NIFTY,2026-10-06,True,41,82,22691.55,1.81,
2026-10-06 14:31:08.629809+05:30,NIFTY,2026-10-13,True,41,82,22692.4,1.84,
2026-10-06 14:31:10.468419+05:30,NIFTY,2026-10-19,True,41,82,22691.9,1.84,
2026-10-06 14:31:12.324631+05:30,BANKNIFTY,2026-10-27,True,41,82,55049.25,1.85,
2026-10-06 14:31:14.173674+05:30,BANKNIFTY,2026-11-23,True,41,82,55050.7,1.85,
2026-10-06 14:31:16.067322+05:30,SENSEX,2026-10-08,True,41,82,72858.61,1.89,
2026-10-06 14:31:17.917155+05:30,SENSEX,2026-10-15,True,41,82,72858.71,1.85,
2026-10-06 14:31:19.792029+05:30,FINNIFTY,2026-10-27,True,41,82,24899.65,1.87,
2026-10-06 14:31:21.640541+05:30,MIDCPNIFTY,2026-10-27,True,41,82,13782.65,1.85,
2026-10-06 14:32:06.807605+05:30,NIFTY,2026-10-06,True,41,82,22693.0,1.83,
2026-10-06 14:32:08.663042+05:30,NIFTY,2026-10-13,True,41,82,22693.3,1.85,
2026-10-06 14:32:10.489992+05:30,NIFTY,2026-10-19,True,41,82,22693.0,1.83,
2026-10-06 14:32:12.349603+05:30,BANKNIFTY,2026-10-27,True,41,82,55046.6,1.86,
2026-10-06 14:32:14.220519+05:30,BANKNIFTY,2026-11-23,True,41,82,55044.95,1.87,
2026-10-06 14:32:16.056548+05:30,SENSEX,2026-10-08,True,41,82,72863.87,1.84,
2026-10-06 14:32:17.918904+05:30,SENSEX,2026-10-15,True,41,82,72865.8,1.86,
2026-10-06 14:32:19.987139+05:30,FINNIFTY,2026-10-27,True,41,82,24902.8,2.07,
2026-10-06 14:32:21.838602+05:30,MIDCPNIFTY,2026-10-27,True,41,82,13784.15,1.85,
2026-10-06 14:33:06.778381+05:30,NIFTY,2026-10-06,True,41,82,22695.05,1.8,
2026-10-06 14:33:08.632072+05:30,NIFTY,2026-10-13,True,41,82,22693.9,1.84,
2026-10-06 14:33:10.485497+05:30,NIFTY,2026-10-19,True,41,82,22693.4,1.85,
2026-10-06 14:33:12.362996+05:30,BANKNIFTY,2026-10-27,True,41,82,55043.55,1.88,
2026-10-06 14:33:14.200947+05:30,BANKNIFTY,2026-11-23,True,41,82,55041.9,1.84,
2026-10-06 14:33:16.045784+05:30,SENSEX,2026-10-08,True,41,82,72861.63,1.84,
2026-10-06 14:33:17.919906+05:30,SENSEX,2026-10-15,True,41,82,72859.07,1.87,
2026-10-06 14:33:19.767347+05:30,FINNIFTY,2026-10-27,True,41,82,24899.75,1.85,
2026-10-06 14:33:21.623843+05:30,MIDCPNIFTY,2026-10-27,True,41,82,13784.05,1.85,
2026-10-06 14:34:08.063030+05:30,NIFTY,2026-10-06,True,41,82,22691.8,3.08,
2026-10-06 14:34:09.907111+05:30,NIFTY,2026-10-13,True,41,82,22690.75,1.84,
2026-10-06 14:34:11.743035+05:30,NIFTY,2026-10-19,True,41,82,22690.3,1.83,
2026-10-06 14:34:13.625582+05:30,BANKNIFTY,2026-10-27,True,41,82,55033.2,1.88,
2026-10-06 14:34:15.497928+05:30,BANKNIFTY,2026-11-23,True,41,82,55029.4,1.87,
2026-10-06 14:34:17.354702+05:30,SENSEX,2026-10-08,True,41,82,72846.76,1.85,
2026-10-06 14:34:19.222819+05:30,SENSEX,2026-10-15,True,41,82,72846.12,1.87,
2026-10-06 14:34:21.070466+05:30,FINNIFTY,2026-10-27,True,41,82,24894.95,1.85,
2026-10-06 14:34:22.913694+05:30,MIDCPNIFTY,2026-10-27,True,41,82,13781.3,1.84,
2026-10-06 14:35:07.434245+05:30,NIFTY,2026-10-06,True,41,82,22693.4,2.45,
2026-10-06 14:35:09.331080+05:30,NIFTY,2026-10-13,True,41,82,22692.65,1.9,
2026-10-06 14:35:11.208078+05:30,NIFTY,2026-10-19,True,41,82,22691.85,1.87,
2026-10-06 14:35:13.093171+05:30,BANKNIFTY,2026-10-27,True,41,82,55022.5,1.88,
2026-10-06 14:35:14.996336+05:30,BANKNIFTY,2026-11-23,True,41,82,55018.35,1.9,
2026-10-06 14:35:16.881548+05:30,SENSEX,2026-10-08,True,41,82,72846.43,1.88,
2026-10-06 14:35:18.771442+05:30,SENSEX,2026-10-15,True,41,82,72848.71,1.89,
2026-10-06 14:35:20.653878+05:30,FINNIFTY,2026-10-27,True,41,82,24894.35,1.88,
2026-10-06 14:35:22.515498+05:30,MIDCPNIFTY,2026-10-27,True,41,82,13781.55,1.86,
2026-10-06 14:36:06.832174+05:30,NIFTY,2026-10-06,True,41,82,22689.85,1.85,
2026-10-06 14:36:08.720755+05:30,NIFTY,2026-10-13,True,41,82,22689.35,1.88,
2026-10-06 14:36:10.615501+05:30,NIFTY,2026-10-19,True,41,82,22689.45,1.89,
2026-10-06 14:36:12.520031+05:30,BANKNIFTY,2026-10-27,True,41,82,55023.25,1.9,
2026-10-06 14:36:14.415359+05:30,BANKNIFTY,2026-11-23,True,41,82,55024.15,1.89,
2026-10-06 14:36:16.340367+05:30,SENSEX,2026-10-08,True,41,82,72845.01,1.93,
2026-10-06 14:36:18.257024+05:30,SENSEX,2026-10-15,True,41,82,72843.53,1.92,
2026-10-06 14:36:20.156520+05:30,FINNIFTY,2026-10-27,True,41,82,24895.1,1.9,
2026-10-06 14:36:22.077415+05:30,MIDCPNIFTY,2026-10-27,True,41,82,13781.75,1.92,
2026-10-06 14:37:06.808270+05:30,NIFTY,2026-10-06,True,41,82,22690.75,1.83,
2026-10-06 14:37:08.673827+05:30,NIFTY,2026-10-13,True,41,82,22690.25,1.86,
2026-10-06 14:37:10.543038+05:30,NIFTY,2026-10-19,True,41,82,22689.7,1.87,
2026-10-06 14:37:12.415978+05:30,BANKNIFTY,2026-10-27,True,41,82,55023.35,1.87,
2026-10-06 14:37:14.309650+05:30,BANKNIFTY,2026-11-23,True,41,82,55018.3,1.89,
2026-10-06 14:37:16.194546+05:30,SENSEX,2026-10-08,True,41,82,72843.42,1.88,
2026-10-06 14:37:18.101020+05:30,SENSEX,2026-10-15,True,41,82,72840.67,1.91,
2026-10-06 14:37:19.991138+05:30,FINNIFTY,2026-10-27,True,41,82,24889.45,1.89,
2026-10-06 14:37:21.881484+05:30,MIDCPNIFTY,2026-10-27,True,41,82,13779.7,1.89,
2026-10-06 14:38:07.465673+05:30,NIFTY,2026-10-06,True,41,82,22694.35,2.48,
2026-10-06 14:38:09.356029+05:30,NIFTY,2026-10-13,True,41,82,22694.35,1.88,
2026-10-06 14:38:11.240743+05:30,NIFTY,2026-10-19,True,41,82,22695.3,1.88,
2026-10-06 14:38:13.146075+05:30,BANKNIFTY,2026-10-27,True,41,82,55034.95,1.9,
2026-10-06 14:38:15.050227+05:30,BANKNIFTY,2026-11-23,True,41,82,55034.4,1.9,
2026-10-06 14:38:16.950043+05:30,SENSEX,2026-10-08,True,41,82,72864.97,1.9,
2026-10-06 14:38:18.842764+05:30,SENSEX,2026-10-15,True,41,82,72863.16,1.89,
2026-10-06 14:38:20.719180+05:30,FINNIFTY,2026-10-27,True,41,82,24897.25,1.87,
2026-10-06 14:38:22.619024+05:30,MIDCPNIFTY,2026-10-27,True,41,82,13780.15,1.9,
2026-10-06 14:39:06.840361+05:30,NIFTY,2026-10-06,True,41,82,22693.5,1.86,
2026-10-06 14:39:08.721669+05:30,NIFTY,2026-10-13,True,41,82,22694.05,1.88,
2026-10-06 14:39:10.614012+05:30,NIFTY,2026-10-19,True,41,82,22693.25,1.89,
2026-10-06 14:39:12.506805+05:30,BANKNIFTY,2026-10-27,True,41,82,55020.5,1.89,
2026-10-06 14:39:14.410374+05:30,BANKNIFTY,2026-11-23,True,41,82,55020.4,1.9,
2026-10-06 14:39:16.277638+05:30,SENSEX,2026-10-08,True,41,82,72857.9,1.87,
2026-10-06 14:39:18.189184+05:30,SENSEX,2026-10-15,True,41,81,72861.64,1.91,
2026-10-06 14:39:20.103279+05:30,FINNIFTY,2026-10-27,True,41,82,24896.35,1.91,
2026-10-06 14:39:21.990271+05:30,MIDCPNIFTY,2026-10-27,True,41,82,13781.25,1.89,
2026-10-06 14:40:06.874908+05:30,NIFTY,2026-10-06,True,41,82,22700.05,1.89,
2026-10-06 14:40:08.785682+05:30,NIFTY,2026-10-13,True,41,82,22699.6,1.91,
2026-10-06 14:40:10.697175+05:30,NIFTY,2026-10-19,True,41,82,22698.55,1.91,
2026-10-06 14:40:13.134625+05:30,BANKNIFTY,2026-10-27,True,41,82,55032.1,2.44,
2026-10-06 14:40:15.065582+05:30,BANKNIFTY,2026-11-23,True,41,82,55031.5,1.93,
2026-10-06 14:40:16.975303+05:30,SENSEX,2026-10-08,True,41,82,72869.33,1.91,
2026-10-06 14:40:18.898378+05:30,SENSEX,2026-10-15,True,41,82,72868.46,1.92,
2026-10-06 14:40:20.813594+05:30,FINNIFTY,2026-10-27,True,41,82,24889.1,1.91,
2026-10-06 14:40:22.807421+05:30,MIDCPNIFTY,2026-10-27,True,41,82,13781.45,1.99,
2026-10-06 14:41:06.859483+05:30,NIFTY,2026-10-06,True,41,82,22703.55,1.88,
2026-10-06 14:41:08.774314+05:30,NIFTY,2026-10-13,True,41,82,22703.4,1.91,
2026-10-06 14:41:10.690663+05:30,NIFTY,2026-10-19,True,41,82,22703.1,1.91,
2026-10-06 14:41:12.616838+05:30,BANKNIFTY,2026-10-27,True,41,82,55038.3,1.93,
2026-10-06 14:41:14.548061+05:30,BANKNIFTY,2026-11-23,True,41,82,55041.1,1.93,
2026-10-06 14:41:16.462184+05:30,SENSEX,2026-10-08,True,41,82,72880.34,1.92,
2026-10-06 14:41:18.388281+05:30,SENSEX,2026-10-15,True,41,82,72878.34,1.92,
2026-10-06 14:41:20.287687+05:30,FINNIFTY,2026-10-27,True,41,82,24894.45,1.9,
2026-10-06 14:41:22.231587+05:30,MIDCPNIFTY,2026-10-27,True,41,82,13785.9,1.94,
2026-10-06 14:42:06.874917+05:30,NIFTY,2026-10-06,True,41,82,22714.15,1.89,
2026-10-06 14:42:08.787069+05:30,NIFTY,2026-10-13,True,41,82,22714.05,1.91,
2026-10-06 14:42:10.704740+05:30,NIFTY,2026-10-19,True,41,82,22714.1,1.91,
2026-10-06 14:42:12.639100+05:30,BANKNIFTY,2026-10-27,True,41,82,55073.7,1.93,
2026-10-06 14:42:14.588337+05:30,BANKNIFTY,2026-11-23,True,41,82,55077.05,1.95,
2026-10-06 14:42:16.552402+05:30,SENSEX,2026-10-08,True,41,82,72910.05,1.96,
2026-10-06 14:42:18.473545+05:30,SENSEX,2026-10-15,True,41,82,72911.33,1.92,
2026-10-06 14:42:20.379838+05:30,FINNIFTY,2026-10-27,True,41,82,24907.05,1.9,
2026-10-06 14:42:22.425249+05:30,MIDCPNIFTY,2026-10-27,True,41,82,13793.95,2.04,
2026-10-06 14:43:06.857472+05:30,NIFTY,2026-10-06,True,41,82,22704.8,1.88,
2026-10-06 14:43:08.785679+05:30,NIFTY,2026-10-13,True,41,82,22702.7,1.92,
2026-10-06 14:43:10.736928+05:30,NIFTY,2026-10-19,True,41,82,22702.25,1.95,
2026-10-06 14:43:12.658331+05:30,BANKNIFTY,2026-10-27,True,41,82,55045.25,1.92,
2026-10-06 14:43:14.645610+05:30,BANKNIFTY,2026-11-23,True,41,82,55043.85,1.99,
2026-10-06 14:43:16.588469+05:30,SENSEX,2026-10-08,True,41,82,72888.4,1.94,
2026-10-06 14:43:18.531844+05:30,SENSEX,2026-10-15,True,41,82,72886.55,1.94,
2026-10-06 14:43:20.464786+05:30,FINNIFTY,2026-10-27,True,41,82,24893.0,1.93,
2026-10-06 14:43:22.429033+05:30,MIDCPNIFTY,2026-10-27,True,41,82,13787.6,1.96,
2026-10-06 14:44:06.849653+05:30,NIFTY,2026-10-06,True,41,82,22700.1,1.87,
2026-10-06 14:44:08.758539+05:30,NIFTY,2026-10-13,True,41,82,22700.05,1.91,
2026-10-06 14:44:10.663692+05:30,NIFTY,2026-10-19,True,41,82,22699.8,2.06,
2026-10-06 14:44:12.688847+05:30,BANKNIFTY,2026-10-27,True,41,82,55036.2,1.86,
2026-10-06 14:44:14.612901+05:30,BANKNIFTY,2026-11-23,True,41,82,55039.25,1.92,
2026-10-06 14:44:16.523188+05:30,SENSEX,2026-10-08,True,41,82,72868.0,1.91,
2026-10-06 14:44:18.452173+05:30,SENSEX,2026-10-15,True,41,82,72869.24,1.93,
2026-10-06 14:44:20.411843+05:30,FINNIFTY,2026-10-27,True,41,82,24891.7,1.96,
2026-10-06 14:44:22.420556+05:30,MIDCPNIFTY,2026-10-27,True,41,82,13789.3,2.01,
2026-10-06 14:45:06.902720+05:30,NIFTY,2026-10-06,True,41,81,22702.3,1.92,
2026-10-06 14:45:08.872076+05:30,NIFTY,2026-10-13,True,41,82,22702.85,1.96,
2026-10-06 14:45:10.838232+05:30,NIFTY,2026-10-19,True,41,82,22702.75,1.96,
2026-10-06 14:45:12.825365+05:30,BANKNIFTY,2026-10-27,True,41,82,55054.1,1.99,
2026-10-06 14:45:14.814860+05:30,BANKNIFTY,2026-11-23,True,41,82,55061.6,1.99,
2026-10-06 14:45:16.779996+05:30,SENSEX,2026-10-08,True,41,82,72889.99,1.97,
2026-10-06 14:45:18.747983+05:30,SENSEX,2026-10-15,True,41,82,72889.95,1.97,
2026-10-06 14:45:20.750103+05:30,FINNIFTY,2026-10-27,True,41,82,24901.35,2.0,
2026-10-06 14:45:22.822023+05:30,MIDCPNIFTY,2026-10-27,True,41,82,13790.4,2.07,
2026-10-06 14:46:06.926452+05:30,NIFTY,2026-10-06,True,41,82,22705.95,1.94,
2026-10-06 14:46:08.895833+05:30,NIFTY,2026-10-13,True,41,82,22705.6,1.96,
2026-10-06 14:46:10.865299+05:30,NIFTY,2026-10-19,True,41,82,22705.6,1.97,
2026-10-06 14:46:12.825626+05:30,BANKNIFTY,2026-10-27,True,41,82,55060.5,1.96,
2026-10-06 14:46:14.848597+05:30,BANKNIFTY,2026-11-23,True,41,82,55064.9,2.02,
2026-10-06 14:46:16.825047+05:30,SENSEX,2026-10-08,True,41,82,72894.27,1.98,
2026-10-06 14:46:18.815422+05:30,SENSEX,2026-10-15,True,41,82,72897.49,1.99,
2026-10-06 14:46:20.803074+05:30,FINNIFTY,2026-10-27,True,41,82,24900.65,1.99,
2026-10-06 14:46:22.862493+05:30,MIDCPNIFTY,2026-10-27,True,41,82,13793.05,2.06,
2026-10-06 14:47:06.894350+05:30,NIFTY,2026-10-06,True,41,82,22704.75,1.91,
2026-10-06 14:47:08.866125+05:30,NIFTY,2026-10-13,True,41,82,22705.65,2.04,
2026-10-06 14:47:10.866072+05:30,NIFTY,2026-10-19,True,41,82,22704.9,1.92,
2026-10-06 14:47:13.081827+05:30,BANKNIFTY,2026-10-27,True,41,82,55054.8,2.22,
2026-10-06 14:47:15.070789+05:30,BANKNIFTY,2026-11-23,True,41,82,55054.45,1.99,
2026-10-06 14:47:17.088414+05:30,SENSEX,2026-10-08,True,41,82,72893.01,2.02,
2026-10-06 14:47:19.077937+05:30,SENSEX,2026-10-15,True,41,82,72891.71,1.99,
2026-10-06 14:47:21.047887+05:30,FINNIFTY,2026-10-27,True,41,82,24895.6,1.97,
2026-10-06 14:47:22.824318+05:30,MIDCPNIFTY,2026-10-27,True,41,82,13792.55,1.78,
2026-10-06 14:48:06.618472+05:30,NIFTY,2026-10-06,True,41,82,22711.95,1.64,
2026-10-06 14:48:08.372421+05:30,NIFTY,2026-10-13,True,41,82,22711.15,1.75,
2026-10-06 14:48:10.072018+05:30,NIFTY,2026-10-19,True,41,82,22711.6,1.7,
2026-10-06 14:48:11.772475+05:30,BANKNIFTY,2026-10-27,True,41,82,55069.2,1.7,
2026-10-06 14:48:13.513637+05:30,BANKNIFTY,2026-11-23,True,41,82,55070.5,1.74,
2026-10-06 14:48:15.217619+05:30,SENSEX,2026-10-08,True,41,82,72906.5,1.7,
2026-10-06 14:48:16.893219+05:30,SENSEX,2026-10-15,True,41,82,72908.85,1.67,
2026-10-06 14:48:18.577918+05:30,FINNIFTY,2026-10-27,True,41,82,24903.05,1.68,
2026-10-06 14:48:20.249454+05:30,MIDCPNIFTY,2026-10-27,True,41,82,13792.9,1.67,
2026-10-06 14:49:06.922038+05:30,NIFTY,2026-10-06,True,41,82,22711.45,1.94,
2026-10-06 14:49:08.945251+05:30,NIFTY,2026-10-13,True,41,82,22712.0,2.02,
2026-10-06 14:49:10.940459+05:30,NIFTY,2026-10-19,True,41,82,22711.05,1.99,
2026-10-06 14:49:12.912358+05:30,BANKNIFTY,2026-10-27,True,41,82,55071.85,1.97,
2026-10-06 14:49:14.897890+05:30,BANKNIFTY,2026-11-23,True,41,82,55072.15,1.98,
2026-10-06 14:49:16.853233+05:30,SENSEX,2026-10-08,True,41,82,72920.18,1.96,
2026-10-06 14:49:18.824330+05:30,SENSEX,2026-10-15,True,41,82,72919.3,1.97,
2026-10-06 14:49:20.796450+05:30,FINNIFTY,2026-10-27,True,41,82,24895.1,1.97,
2026-10-06 14:49:22.860798+05:30,MIDCPNIFTY,2026-10-27,True,41,82,13791.5,2.06,
2026-10-06 14:50:06.921307+05:30,NIFTY,2026-10-06,True,41,82,22708.45,1.94,
2026-10-06 14:50:08.915152+05:30,NIFTY,2026-10-13,True,41,82,22708.55,1.99,
2026-10-06 14:50:10.889080+05:30,NIFTY,2026-10-19,True,41,82,22707.9,1.97,
2026-10-06 14:50:12.860673+05:30,BANKNIFTY,2026-10-27,True,41,82,55055.15,1.97,
2026-10-06 14:50:14.848871+05:30,BANKNIFTY,2026-11-23,True,41,82,55061.35,1.99,
2026-10-06 14:50:16.833297+05:30,SENSEX,2026-10-08,True,41,82,72913.43,1.98,
2026-10-06 14:50:18.975365+05:30,SENSEX,2026-10-15,True,41,82,72913.63,2.14,
2026-10-06 14:50:20.940769+05:30,FINNIFTY,2026-10-27,True,41,82,24892.2,1.96,
2026-10-06 14:50:22.909090+05:30,MIDCPNIFTY,2026-10-27,True,41,82,13792.45,1.97,
2026-10-06 14:51:07.491726+05:30,NIFTY,2026-10-06,True,41,82,22709.1,2.51,
2026-10-06 14:51:09.410620+05:30,NIFTY,2026-10-13,True,41,82,22709.95,1.91,
2026-10-06 14:51:11.334431+05:30,NIFTY,2026-10-19,True,41,82,22709.55,1.92,
2026-10-06 14:51:13.240951+05:30,BANKNIFTY,2026-10-27,True,41,82,55061.15,1.91,
2026-10-06 14:51:15.173750+05:30,BANKNIFTY,2026-11-23,True,41,82,55065.6,1.93,
2026-10-06 14:51:17.210404+05:30,SENSEX,2026-10-08,True,41,82,72919.98,2.04,
2026-10-06 14:51:19.101550+05:30,SENSEX,2026-10-15,True,41,82,72916.4,1.89,
2026-10-06 14:51:21.011135+05:30,FINNIFTY,2026-10-27,True,41,82,24896.3,1.91,
2026-10-06 14:51:22.909486+05:30,MIDCPNIFTY,2026-10-27,True,41,82,13794.7,1.9,
2026-10-06 14:52:06.873266+05:30,NIFTY,2026-10-06,True,41,82,22709.4,1.89,
2026-10-06 14:52:08.775318+05:30,NIFTY,2026-10-13,True,41,82,22708.45,1.9,
2026-10-06 14:52:10.682015+05:30,NIFTY,2026-10-19,True,41,82,22708.95,1.9,
2026-10-06 14:52:12.601338+05:30,BANKNIFTY,2026-10-27,True,41,82,55062.2,1.92,
2026-10-06 14:52:14.506525+05:30,BANKNIFTY,2026-11-23,True,41,82,55064.65,1.9,
2026-10-06 14:52:16.412239+05:30,SENSEX,2026-10-08,True,41,82,72910.75,1.91,
2026-10-06 14:52:18.305154+05:30,SENSEX,2026-10-15,True,41,82,72911.51,1.89,
2026-10-06 14:52:20.187287+05:30,FINNIFTY,2026-10-27,True,41,82,24896.1,1.88,
2026-10-06 14:52:22.102233+05:30,MIDCPNIFTY,2026-10-27,True,41,82,13792.8,1.91,
2026-10-06 14:53:06.845889+05:30,NIFTY,2026-10-06,True,41,82,22708.65,1.86,
2026-10-06 14:53:08.744265+05:30,NIFTY,2026-10-13,True,41,82,22707.65,1.89,
2026-10-06 14:53:10.638059+05:30,NIFTY,2026-10-19,True,41,82,22708.6,1.89,
2026-10-06 14:53:12.599056+05:30,BANKNIFTY,2026-10-27,True,41,82,55059.65,1.96,
2026-10-06 14:53:14.518999+05:30,BANKNIFTY,2026-11-23,True,41,82,55059.25,1.92,
2026-10-06 14:53:16.428609+05:30,SENSEX,2026-10-08,True,41,82,72907.68,1.91,
2026-10-06 14:53:18.946585+05:30,SENSEX,2026-10-15,True,41,82,72907.86,2.52,
2026-10-06 14:53:20.841717+05:30,FINNIFTY,2026-10-27,True,41,82,24894.75,1.89,
2026-10-06 14:53:22.740335+05:30,MIDCPNIFTY,2026-10-27,True,41,82,13791.95,1.9,
2026-10-06 14:54:06.894184+05:30,NIFTY,2026-10-06,True,41,82,22706.85,1.91,
2026-10-06 14:54:08.832081+05:30,NIFTY,2026-10-13,True,41,82,22707.3,1.93,
2026-10-06 14:54:10.775890+05:30,NIFTY,2026-10-19,True,41,82,22707.05,1.94,
2026-10-06 14:54:12.726094+05:30,BANKNIFTY,2026-10-27,True,41,82,55053.15,1.95,
2026-10-06 14:54:14.654787+05:30,BANKNIFTY,2026-11-23,True,41,82,55055.5,1.93,
2026-10-06 14:54:16.556054+05:30,SENSEX,2026-10-08,True,41,82,72901.16,1.9,
2026-10-06 14:54:18.454155+05:30,SENSEX,2026-10-15,True,41,82,72900.41,1.9,
2026-10-06 14:54:20.339908+05:30,FINNIFTY,2026-10-27,True,41,82,24895.55,1.88,
2026-10-06 14:54:22.260726+05:30,MIDCPNIFTY,2026-10-27,True,41,82,13794.0,1.92,
2026-10-06 14:55:06.882366+05:30,NIFTY,2026-10-06,True,41,81,22705.1,1.9,
2026-10-06 14:55:08.778164+05:30,NIFTY,2026-10-13,True,41,82,22705.35,1.89,
2026-10-06 14:55:11.712410+05:30,NIFTY,2026-10-19,True,41,82,22705.55,2.93,
2026-10-06 14:55:13.644806+05:30,BANKNIFTY,2026-10-27,True,41,82,55049.95,1.93,
2026-10-06 14:55:15.592851+05:30,BANKNIFTY,2026-11-23,True,41,82,55051.3,1.95,
2026-10-06 14:55:17.503167+05:30,SENSEX,2026-10-08,True,41,82,72901.12,1.91,
2026-10-06 14:55:19.399324+05:30,SENSEX,2026-10-15,True,41,82,72904.6,1.9,
2026-10-06 14:55:21.312624+05:30,FINNIFTY,2026-10-27,True,41,82,24897.3,1.91,
2026-10-06 14:55:23.225186+05:30,MIDCPNIFTY,2026-10-27,True,41,82,13797.95,1.91,
2026-10-06 14:56:06.848810+05:30,NIFTY,2026-10-06,True,41,81,22710.6,1.87,
2026-10-06 14:56:08.782509+05:30,NIFTY,2026-10-13,True,41,82,22712.4,1.93,
2026-10-06 14:56:10.701489+05:30,NIFTY,2026-10-19,True,41,82,22712.35,1.91,
2026-10-06 14:56:12.619507+05:30,BANKNIFTY,2026-10-27,True,41,82,55048.85,1.92,
2026-10-06 14:56:14.565698+05:30,BANKNIFTY,2026-11-23,True,41,82,55051.05,1.94,
2026-10-06 14:56:16.461313+05:30,SENSEX,2026-10-08,True,41,82,72915.29,1.9,
2026-10-06 14:56:18.347008+05:30,SENSEX,2026-10-15,True,41,82,72914.57,1.89,
2026-10-06 14:56:20.246951+05:30,FINNIFTY,2026-10-27,True,41,82,24892.1,1.9,
2026-10-06 14:56:22.144506+05:30,MIDCPNIFTY,2026-10-27,True,41,82,13802.3,1.9,
2026-10-06 14:57:06.834046+05:30,NIFTY,2026-10-06,True,41,81,22710.8,1.85,
2026-10-06 14:57:08.729640+05:30,NIFTY,2026-10-13,True,41,82,22711.15,1.89,
2026-10-06 14:57:10.598031+05:30,NIFTY,2026-10-19,True,41,82,22709.8,1.87,
2026-10-06 14:57:12.478216+05:30,BANKNIFTY,2026-10-27,True,41,82,55053.4,1.88,
2026-10-06 14:57:14.354272+05:30,BANKNIFTY,2026-11-23,True,41,82,55054.05,1.87,
2026-10-06 14:57:16.211719+05:30,SENSEX,2026-10-08,True,41,82,72915.75,1.86,
2026-10-06 14:57:18.082820+05:30,SENSEX,2026-10-15,True,41,82,72913.43,1.87,
2026-10-06 14:57:19.940843+05:30,FINNIFTY,2026-10-27,True,41,82,24891.8,1.86,
2026-10-06 14:57:21.826979+05:30,MIDCPNIFTY,2026-10-27,True,41,82,13804.6,1.88,
2026-10-06 14:58:06.908924+05:30,NIFTY,2026-10-06,True,41,81,22707.85,1.93,
2026-10-06 14:58:08.762585+05:30,NIFTY,2026-10-13,True,41,82,22707.7,1.85,
2026-10-06 14:58:10.626971+05:30,NIFTY,2026-10-19,True,41,82,22707.25,1.86,
2026-10-06 14:58:12.491676+05:30,BANKNIFTY,2026-10-27,True,41,82,55053.2,1.86,
2026-10-06 14:58:14.388091+05:30,BANKNIFTY,2026-11-23,True,41,82,55045.3,1.9,
2026-10-06 14:58:16.260032+05:30,SENSEX,2026-10-08,True,41,82,72899.92,1.87,
2026-10-06 14:58:18.127285+05:30,SENSEX,2026-10-15,True,41,82,72901.27,1.87,
2026-10-06 14:58:19.987182+05:30,FINNIFTY,2026-10-27,True,41,82,24886.75,1.86,
2026-10-06 14:58:21.891106+05:30,MIDCPNIFTY,2026-10-27,True,41,82,13803.05,1.9,
2026-10-06 14:59:06.850851+05:30,NIFTY,2026-10-06,True,41,81,22706.4,1.87,
2026-10-06 14:59:08.757103+05:30,NIFTY,2026-10-13,True,41,82,22707.4,1.9,
2026-10-06 14:59:10.619477+05:30,NIFTY,2026-10-19,True,41,82,22706.8,1.86,
2026-10-06 14:59:12.504719+05:30,BANKNIFTY,2026-10-27,True,41,82,55038.3,1.88,
2026-10-06 14:59:14.378970+05:30,BANKNIFTY,2026-11-23,True,41,82,55039.3,1.87,
2026-10-06 14:59:16.253713+05:30,SENSEX,2026-10-08,True,41,82,72902.13,1.87,
2026-10-06 14:59:18.130711+05:30,SENSEX,2026-10-15,True,41,82,72901.25,1.88,
2026-10-06 14:59:19.999722+05:30,FINNIFTY,2026-10-27,True,41,82,24885.6,1.87,
2026-10-06 14:59:21.864195+05:30,MIDCPNIFTY,2026-10-27,True,41,82,13802.7,1.86,
2026-10-06 15:00:07.849536+05:30,NIFTY,2026-10-06,True,41,80,22701.65,2.87,
2026-10-06 15:00:09.788917+05:30,NIFTY,2026-10-13,True,41,82,22701.25,1.94,
2026-10-06 15:00:11.661890+05:30,NIFTY,2026-10-19,True,41,82,22700.7,1.87,
2026-10-06 15:00:13.561872+05:30,BANKNIFTY,2026-10-27,True,41,82,55018.05,1.9,
2026-10-06 15:00:15.452077+05:30,BANKNIFTY,2026-11-23,True,41,82,55013.95,1.89,
2026-10-06 15:00:17.326062+05:30,SENSEX,2026-10-08,True,41,82,72878.49,1.87,
2026-10-06 15:00:19.184266+05:30,SENSEX,2026-10-15,True,41,82,72876.84,1.86,
2026-10-06 15:00:21.074442+05:30,FINNIFTY,2026-10-27,True,41,82,24879.45,1.89,
2026-10-06 15:00:22.952055+05:30,MIDCPNIFTY,2026-10-27,True,41,82,13798.95,1.88,
2026-10-06 15:01:06.891995+05:30,NIFTY,2026-10-06,True,41,81,22704.5,1.91,
2026-10-06 15:01:09.019923+05:30,NIFTY,2026-10-13,True,41,82,22704.35,2.13,
2026-10-06 15:01:10.890800+05:30,NIFTY,2026-10-19,True,41,82,22705.7,1.86,
2026-10-06 15:01:12.755238+05:30,BANKNIFTY,2026-10-27,True,41,82,55022.3,1.86,
2026-10-06 15:01:14.627361+05:30,BANKNIFTY,2026-11-23,True,41,82,55025.9,1.87,
2026-10-06 15:01:16.495753+05:30,SENSEX,2026-10-08,True,41,82,72898.49,1.87,
2026-10-06 15:01:18.362062+05:30,SENSEX,2026-10-15,True,41,82,72897.43,1.87,
2026-10-06 15:01:20.222162+05:30,FINNIFTY,2026-10-27,True,41,82,24880.7,1.86,
2026-10-06 15:01:22.214441+05:30,MIDCPNIFTY,2026-10-27,True,41,82,13796.8,1.99,
2026-10-06 15:02:06.840886+05:30,NIFTY,2026-10-06,True,41,77,22702.05,1.86,
2026-10-06 15:02:08.702490+05:30,NIFTY,2026-10-13,True,41,82,22702.2,1.86,
2026-10-06 15:02:10.601547+05:30,NIFTY,2026-10-19,True,41,82,22701.85,1.9,
2026-10-06 15:02:12.493117+05:30,BANKNIFTY,2026-10-27,True,41,82,54996.65,1.89,
2026-10-06 15:02:14.391321+05:30,BANKNIFTY,2026-11-23,True,41,82,54995.45,1.9,
2026-10-06 15:02:16.252852+05:30,SENSEX,2026-10-08,True,41,82,72885.28,1.86,
2026-10-06 15:02:18.113119+05:30,SENSEX,2026-10-15,True,41,82,72881.61,1.86,
2026-10-06 15:02:19.998662+05:30,FINNIFTY,2026-10-27,True,41,82,24874.95,1.88,
2026-10-06 15:02:21.878070+05:30,MIDCPNIFTY,2026-10-27,True,41,82,13794.3,1.88,
2026-10-06 15:03:06.844024+05:30,NIFTY,2026-10-06,True,41,77,22698.7,1.86,
2026-10-06 15:03:08.715604+05:30,NIFTY,2026-10-13,True,41,82,22698.7,1.87,
2026-10-06 15:03:10.575021+05:30,NIFTY,2026-10-19,True,41,82,22698.6,1.86,
2026-10-06 15:03:12.460098+05:30,BANKNIFTY,2026-10-27,True,41,82,54981.15,1.88,
2026-10-06 15:03:14.343778+05:30,BANKNIFTY,2026-11-23,True,41,82,54982.95,1.88,
2026-10-06 15:03:16.460067+05:30,SENSEX,2026-10-08,True,41,82,72872.87,2.12,
2026-10-06 15:03:18.341247+05:30,SENSEX,2026-10-15,True,41,82,72878.08,1.88,
2026-10-06 15:03:20.222693+05:30,FINNIFTY,2026-10-27,True,41,82,24872.9,1.88,
2026-10-06 15:03:22.084879+05:30,MIDCPNIFTY,2026-10-27,True,41,82,13795.1,1.86,
2026-10-06 15:04:06.794608+05:30,NIFTY,2026-10-06,True,41,77,22701.4,1.81,
2026-10-06 15:04:08.855804+05:30,NIFTY,2026-10-13,True,41,82,22700.7,2.06,
2026-10-06 15:04:10.710515+05:30,NIFTY,2026-10-19,True,41,82,22700.1,1.85,
2026-10-06 15:04:12.568156+05:30,BANKNIFTY,2026-10-27,True,41,82,54977.8,1.86,
2026-10-06 15:04:14.442510+05:30,BANKNIFTY,2026-11-23,True,41,82,54976.4,1.87,
2026-10-06 15:04:16.295889+05:30,SENSEX,2026-10-08,True,41,82,72881.16,1.85,
2026-10-06 15:04:18.195334+05:30,SENSEX,2026-10-15,True,41,82,72880.57,1.9,
2026-10-06 15:04:20.057502+05:30,FINNIFTY,2026-10-27,True,41,82,24870.65,1.86,
2026-10-06 15:04:21.925686+05:30,MIDCPNIFTY,2026-10-27,True,41,82,13794.15,1.87,
2026-10-06 15:05:06.820181+05:30,NIFTY,2026-10-06,True,41,77,22705.85,1.84,
2026-10-06 15:05:08.683214+05:30,NIFTY,2026-10-13,True,41,82,22707.95,1.86,
2026-10-06 15:05:10.576261+05:30,NIFTY,2026-10-19,True,41,82,22708.6,1.89,
2026-10-06 15:05:12.591896+05:30,BANKNIFTY,2026-10-27,True,41,82,55015.8,2.01,
2026-10-06 15:05:15.535445+05:30,BANKNIFTY,2026-11-23,True,41,82,55015.6,2.95,
2026-10-06 15:05:17.403097+05:30,SENSEX,2026-10-08,True,41,82,72900.82,1.86,
2026-10-06 15:05:20.314655+05:30,SENSEX,2026-10-15,True,41,82,72902.61,2.91,
2026-10-06 15:05:22.185140+05:30,FINNIFTY,2026-10-27,True,41,82,24887.4,1.87,
2026-10-06 15:05:24.099234+05:30,MIDCPNIFTY,2026-10-27,True,41,82,13799.6,1.91,
2026-10-06 15:06:06.819443+05:30,NIFTY,2026-10-06,True,41,76,22709.05,1.84,
2026-10-06 15:06:08.677475+05:30,NIFTY,2026-10-13,True,41,82,22709.3,1.86,
2026-10-06 15:06:10.539377+05:30,NIFTY,2026-10-19,True,41,82,22710.5,1.86,
2026-10-06 15:06:12.429548+05:30,BANKNIFTY,2026-10-27,True,41,82,55016.5,1.89,
2026-10-06 15:06:14.298541+05:30,BANKNIFTY,2026-11-23,True,41,82,55015.35,1.87,
2026-10-06 15:06:16.160823+05:30,SENSEX,2026-10-08,True,41,82,72902.04,1.86,
2026-10-06 15:06:18.228528+05:30,SENSEX,2026-10-15,True,41,82,72913.24,2.07,
2026-10-06 15:06:20.091109+05:30,FINNIFTY,2026-10-27,True,41,82,24884.95,1.86,
2026-10-06 15:06:21.952468+05:30,MIDCPNIFTY,2026-10-27,True,41,82,13797.6,1.86,
2026-10-06 15:07:06.816110+05:30,NIFTY,2026-10-06,True,41,78,22710.25,1.84,
2026-10-06 15:07:08.689312+05:30,NIFTY,2026-10-13,True,41,82,22710.9,1.86,
2026-10-06 15:07:10.561561+05:30,NIFTY,2026-10-19,True,41,82,22710.6,1.87,
2026-10-06 15:07:12.440498+05:30,BANKNIFTY,2026-10-27,True,41,82,55016.7,1.88,
2026-10-06 15:07:14.313089+05:30,BANKNIFTY,2026-11-23,True,41,82,55018.35,1.87,
2026-10-06 15:07:16.189592+05:30,SENSEX,2026-10-08,True,41,82,72910.03,1.88,
2026-10-06 15:07:18.096124+05:30,SENSEX,2026-10-15,True,41,82,72915.37,1.91,
2026-10-06 15:07:19.982874+05:30,FINNIFTY,2026-10-27,True,41,82,24888.0,1.88,
2026-10-06 15:07:21.889101+05:30,MIDCPNIFTY,2026-10-27,True,41,82,13798.15,1.91,
2026-10-06 15:08:06.810288+05:30,NIFTY,2026-10-06,True,41,78,22707.25,1.83,
2026-10-06 15:08:08.696647+05:30,NIFTY,2026-10-13,True,41,82,22708.1,1.89,
2026-10-06 15:08:10.559898+05:30,NIFTY,2026-10-19,True,41,82,22709.05,1.85,
2026-10-06 15:08:12.457617+05:30,BANKNIFTY,2026-10-27,True,41,82,55009.45,1.9,
2026-10-06 15:08:14.332539+05:30,BANKNIFTY,2026-11-23,True,41,82,55006.5,1.87,
2026-10-06 15:08:16.185962+05:30,SENSEX,2026-10-08,True,41,82,72902.51,1.85,
2026-10-06 15:08:18.041031+05:30,SENSEX,2026-10-15,True,41,82,72906.9,1.85,
2026-10-06 15:08:19.967786+05:30,FINNIFTY,2026-10-27,True,41,82,24887.05,1.92,
2026-10-06 15:08:21.840142+05:30,MIDCPNIFTY,2026-10-27,True,41,82,13798.15,1.87,
2026-10-06 15:09:06.820190+05:30,NIFTY,2026-10-06,True,41,78,22708.75,1.84,
2026-10-06 15:09:08.690881+05:30,NIFTY,2026-10-13,True,41,82,22710.45,1.87,
2026-10-06 15:09:10.571600+05:30,NIFTY,2026-10-19,True,41,82,22712.25,1.88,
2026-10-06 15:09:12.464198+05:30,BANKNIFTY,2026-10-27,True,41,82,55010.6,1.89,
2026-10-06 15:09:14.391003+05:30,BANKNIFTY,2026-11-23,True,41,82,55012.85,1.93,
2026-10-06 15:09:16.247238+05:30,SENSEX,2026-10-08,True,41,82,72909.91,1.86,
2026-10-06 15:09:18.115332+05:30,SENSEX,2026-10-15,True,41,82,72910.61,1.87,
2026-10-06 15:09:19.986809+05:30,FINNIFTY,2026-10-27,True,41,82,24889.0,1.87,
2026-10-06 15:09:21.853024+05:30,MIDCPNIFTY,2026-10-27,True,41,82,13797.55,1.87,
2026-10-06 15:10:06.861446+05:30,NIFTY,2026-10-06,True,41,78,22710.0,1.88,
2026-10-06 15:10:08.737272+05:30,NIFTY,2026-10-13,True,41,82,22708.0,1.87,
2026-10-06 15:10:10.611834+05:30,NIFTY,2026-10-19,True,41,82,22708.35,1.87,
2026-10-06 15:10:12.493805+05:30,BANKNIFTY,2026-10-27,True,41,82,54999.15,1.88,
2026-10-06 15:10:14.491624+05:30,BANKNIFTY,2026-11-23,True,41,82,55006.7,2.0,
2026-10-06 15:10:16.403284+05:30,SENSEX,2026-10-08,True,41,82,72912.15,1.91,
2026-10-06 15:10:18.234583+05:30,SENSEX,2026-10-15,True,41,82,72912.52,1.83,
2026-10-06 15:10:20.175977+05:30,FINNIFTY,2026-10-27,True,41,82,24882.75,1.94,
2026-10-06 15:10:22.056948+05:30,MIDCPNIFTY,2026-10-27,True,41,82,13799.35,1.88,
2026-10-06 15:11:06.807137+05:30,NIFTY,2026-10-06,True,41,78,22714.45,1.82,
2026-10-06 15:11:08.676936+05:30,NIFTY,2026-10-13,True,41,82,22713.5,1.87,
2026-10-06 15:11:10.553794+05:30,NIFTY,2026-10-19,True,41,82,22714.25,1.88,
2026-10-06 15:11:12.440815+05:30,BANKNIFTY,2026-10-27,True,41,82,54988.05,1.88,
2026-10-06 15:11:14.334228+05:30,BANKNIFTY,2026-11-23,True,41,82,54995.75,1.89,
2026-10-06 15:11:16.209513+05:30,SENSEX,2026-10-08,True,41,82,72920.47,1.88,
2026-10-06 15:11:18.069600+05:30,SENSEX,2026-10-15,True,41,82,72929.68,1.86,
2026-10-06 15:11:19.931109+05:30,FINNIFTY,2026-10-27,True,41,82,24885.1,1.86,
2026-10-06 15:11:21.810904+05:30,MIDCPNIFTY,2026-10-27,True,41,82,13797.4,1.88,
2026-10-06 15:12:06.820313+05:30,NIFTY,2026-10-06,True,41,78,22713.35,1.84,
2026-10-06 15:12:08.699795+05:30,NIFTY,2026-10-13,True,41,82,22709.7,1.88,
2026-10-06 15:12:10.555335+05:30,NIFTY,2026-10-19,True,41,82,22711.9,1.85,
2026-10-06 15:12:12.420863+05:30,BANKNIFTY,2026-10-27,True,41,82,54972.2,1.86,
2026-10-06 15:12:14.300006+05:30,BANKNIFTY,2026-11-23,True,41,82,54977.2,1.88,
2026-10-06 15:12:16.164333+05:30,SENSEX,2026-10-08,True,41,82,72912.96,1.87,
2026-10-06 15:12:18.057418+05:30,SENSEX,2026-10-15,True,41,82,72927.25,1.89,
2026-10-06 15:12:19.916716+05:30,FINNIFTY,2026-10-27,True,41,82,24873.2,1.86,
2026-10-06 15:12:21.801553+05:30,MIDCPNIFTY,2026-10-27,True,41,82,13797.1,1.88,
2026-10-06 15:13:06.811002+05:30,NIFTY,2026-10-06,True,41,78,22711.3,1.83,
2026-10-06 15:13:08.693755+05:30,NIFTY,2026-10-13,True,41,82,22710.6,1.88,
2026-10-06 15:13:11.280739+05:30,NIFTY,2026-10-19,True,41,82,22711.05,2.58,
2026-10-06 15:13:13.138865+05:30,BANKNIFTY,2026-10-27,True,41,82,54965.5,1.86,
2026-10-06 15:13:15.001183+05:30,BANKNIFTY,2026-11-23,True,41,82,54967.9,1.86,
2026-10-06 15:13:16.870470+05:30,SENSEX,2026-10-08,True,41,82,72887.48,1.87,
2026-10-06 15:13:18.723062+05:30,SENSEX,2026-10-15,True,41,82,72896.92,1.85,
2026-10-06 15:13:20.581067+05:30,FINNIFTY,2026-10-27,True,41,82,24876.55,1.86,
2026-10-06 15:13:22.498806+05:30,MIDCPNIFTY,2026-10-27,True,41,82,13799.0,1.92,
2026-10-06 15:14:06.804632+05:30,NIFTY,2026-10-06,True,41,75,22709.4,1.82,
2026-10-06 15:14:08.661751+05:30,NIFTY,2026-10-13,True,41,82,22710.35,1.85,
2026-10-06 15:14:10.535939+05:30,NIFTY,2026-10-19,True,41,82,22712.7,1.87,
2026-10-06 15:14:12.400911+05:30,BANKNIFTY,2026-10-27,True,41,82,54982.9,1.86,
2026-10-06 15:14:14.284816+05:30,BANKNIFTY,2026-11-23,True,41,82,54971.55,1.88,
2026-10-06 15:14:16.141488+05:30,SENSEX,2026-10-08,True,41,82,72917.69,1.86,
2026-10-06 15:14:18.570439+05:30,SENSEX,2026-10-15,True,41,82,72919.46,2.43,
2026-10-06 15:14:20.462960+05:30,FINNIFTY,2026-10-27,True,41,82,24881.45,1.89,
2026-10-06 15:14:22.359636+05:30,MIDCPNIFTY,2026-10-27,True,41,82,13810.0,1.9,
2026-10-06 15:15:06.801271+05:30,NIFTY,2026-10-06,True,41,75,22717.7,1.82,
2026-10-06 15:15:08.818889+05:30,NIFTY,2026-10-13,True,41,82,22717.7,2.01,
2026-10-06 15:15:10.701597+05:30,NIFTY,2026-10-19,True,41,82,22717.7,1.88,
2026-10-06 15:15:12.600090+05:30,BANKNIFTY,2026-10-27,True,41,82,54993.75,1.9,
2026-10-06 15:15:14.484354+05:30,BANKNIFTY,2026-11-23,True,41,82,54993.75,1.88,
2026-10-06 15:15:16.344408+05:30,SENSEX,2026-10-08,True,41,82,72943.91,1.86,
2026-10-06 15:15:18.194512+05:30,SENSEX,2026-10-15,True,41,82,72943.91,1.85,
2026-10-06 15:15:20.060307+05:30,FINNIFTY,2026-10-27,True,41,81,24887.5,1.86,
2026-10-06 15:15:21.937885+05:30,MIDCPNIFTY,2026-10-27,True,41,82,13812.7,1.88,
2026-10-06 15:16:07.417059+05:30,NIFTY,2026-10-06,True,41,73,22717.7,2.43,
2026-10-06 15:16:09.268302+05:30,NIFTY,2026-10-13,True,41,82,22717.7,1.85,
2026-10-06 15:16:11.148660+05:30,NIFTY,2026-10-19,True,41,82,22717.7,1.88,
2026-10-06 15:16:13.000688+05:30,BANKNIFTY,2026-10-27,True,41,82,54993.75,1.85,
2026-10-06 15:16:14.863950+05:30,BANKNIFTY,2026-11-23,True,41,82,54993.75,1.86,
2026-10-06 15:16:16.729413+05:30,SENSEX,2026-10-08,True,41,82,72943.91,1.87,
2026-10-06 15:16:18.733853+05:30,SENSEX,2026-10-15,True,41,82,72943.91,2.0,
2026-10-06 15:16:20.576975+05:30,FINNIFTY,2026-10-27,True,41,81,24887.5,1.84,
2026-10-06 15:16:22.445198+05:30,MIDCPNIFTY,2026-10-27,True,41,82,13812.7,1.87,
2026-10-06 15:17:06.814945+05:30,NIFTY,2026-10-06,True,41,73,22717.7,1.83,
2026-10-06 15:17:08.678835+05:30,NIFTY,2026-10-13,True,41,82,22717.7,1.87,
2026-10-06 15:17:10.522887+05:30,NIFTY,2026-10-19,True,41,82,22717.7,1.83,
2026-10-06 15:17:12.383361+05:30,BANKNIFTY,2026-10-27,True,41,82,54993.75,1.87,
2026-10-06 15:17:14.248852+05:30,BANKNIFTY,2026-11-23,True,41,82,54993.75,1.85,
2026-10-06 15:17:16.096882+05:30,SENSEX,2026-10-08,True,41,82,72943.91,1.85,
2026-10-06 15:17:17.983401+05:30,SENSEX,2026-10-15,True,41,82,72943.91,1.89,
2026-10-06 15:17:19.878865+05:30,FINNIFTY,2026-10-27,True,41,82,24887.5,1.89,
2026-10-06 15:17:21.781548+05:30,MIDCPNIFTY,2026-10-27,True,41,82,13812.7,1.9,
2026-10-06 15:18:06.809108+05:30,NIFTY,2026-10-06,True,41,73,22717.7,1.83,
2026-10-06 15:18:05.000149+05:30,NIFTY,2026-10-13,False,,,,0.31,"('Connection aborted.', RemoteDisconnected('Remote end closed connection without response'))"
2026-10-06 15:18:09.601551+05:30,NIFTY,2026-10-19,True,41,82,22717.7,2.47,
2026-10-06 15:18:11.460679+05:30,BANKNIFTY,2026-10-27,True,41,82,54993.75,1.86,
2026-10-06 15:18:13.330118+05:30,BANKNIFTY,2026-11-23,True,41,82,54993.75,1.87,
2026-10-06 15:18:15.191892+05:30,SENSEX,2026-10-08,True,41,82,72943.91,1.86,
2026-10-06 15:18:17.049732+05:30,SENSEX,2026-10-15,True,41,82,72943.91,1.86,
2026-10-06 15:18:18.958314+05:30,FINNIFTY,2026-10-27,True,41,82,24887.5,1.91,
2026-10-06 15:18:20.802419+05:30,MIDCPNIFTY,2026-10-27,True,41,82,13812.7,1.84,
2026-10-06 15:19:06.811732+05:30,NIFTY,2026-10-06,True,41,73,22717.7,1.83,
2026-10-06 15:19:08.672514+05:30,NIFTY,2026-10-13,True,41,82,22717.7,1.86,
2026-10-06 15:19:10.533489+05:30,NIFTY,2026-10-19,True,41,82,22717.7,1.86,
2026-10-06 15:19:12.396507+05:30,BANKNIFTY,2026-10-27,True,41,82,54993.75,1.86,
2026-10-06 15:19:14.252735+05:30,BANKNIFTY,2026-11-23,True,41,82,54993.75,1.85,
2026-10-06 15:19:16.084886+05:30,SENSEX,2026-10-08,True,41,82,72943.91,1.83,
2026-10-06 15:19:17.914795+05:30,SENSEX,2026-10-15,True,41,82,72943.91,1.83,
2026-10-06 15:19:19.749360+05:30,FINNIFTY,2026-10-27,True,41,82,24887.5,1.83,
2026-10-06 15:19:21.609427+05:30,MIDCPNIFTY,2026-10-27,True,41,82,13812.7,1.86,
2026-10-06 15:20:06.801676+05:30,NIFTY,2026-10-06,True,41,72,22717.7,1.82,
2026-10-06 15:20:08.859738+05:30,NIFTY,2026-10-13,True,41,82,22717.7,2.06,
2026-10-06 15:20:10.732471+05:30,NIFTY,2026-10-19,True,41,82,22717.7,1.87,
2026-10-06 15:20:12.615850+05:30,BANKNIFTY,2026-10-27,True,41,82,54993.75,1.88,
2026-10-06 15:20:14.470391+05:30,BANKNIFTY,2026-11-23,True,41,82,54993.75,1.85,
2026-10-06 15:20:16.328767+05:30,SENSEX,2026-10-08,True,41,82,72943.91,1.86,
2026-10-06 15:20:18.169695+05:30,SENSEX,2026-10-15,True,41,82,72943.91,1.84,
2026-10-06 15:20:20.044803+05:30,FINNIFTY,2026-10-27,True,41,82,24887.5,1.87,
2026-10-06 15:20:21.887943+05:30,MIDCPNIFTY,2026-10-27,True,41,82,13812.7,1.84,
2026-10-06 15:21:06.834481+05:30,NIFTY,2026-10-06,True,41,72,22717.7,1.85,
2026-10-06 15:21:08.685072+05:30,NIFTY,2026-10-13,True,41,82,22717.7,1.85,
2026-10-06 15:21:10.536218+05:30,NIFTY,2026-10-19,True,41,82,22717.7,1.85,
2026-10-06 15:21:12.439650+05:30,BANKNIFTY,2026-10-27,True,41,82,54993.75,1.9,
2026-10-06 15:21:14.317969+05:30,BANKNIFTY,2026-11-23,True,41,82,54993.75,1.88,
2026-10-06 15:21:16.214957+05:30,SENSEX,2026-10-08,True,41,82,72943.91,1.9,
2026-10-06 15:21:18.068002+05:30,SENSEX,2026-10-15,True,41,82,72943.91,1.85,
2026-10-06 15:21:19.920157+05:30,FINNIFTY,2026-10-27,True,41,82,24887.5,1.85,
2026-10-06 15:21:25.921314+05:30,MIDCPNIFTY,2026-10-27,True,41,82,13812.7,6.0,
2026-10-06 15:22:06.564825+05:30,NIFTY,2026-10-06,True,41,70,22717.7,1.58,
2026-10-06 15:22:08.188400+05:30,NIFTY,2026-10-13,True,41,82,22717.7,1.62,
2026-10-06 15:22:10.130448+05:30,NIFTY,2026-10-19,True,41,82,22717.7,1.94,
2026-10-06 15:22:11.782887+05:30,BANKNIFTY,2026-10-27,True,41,82,54993.75,1.65,
2026-10-06 15:22:13.439833+05:30,BANKNIFTY,2026-11-23,True,41,82,54993.75,1.66,
2026-10-06 15:22:15.066793+05:30,SENSEX,2026-10-08,True,41,82,72943.91,1.63,
2026-10-06 15:22:16.693733+05:30,SENSEX,2026-10-15,True,41,82,72943.91,1.63,
2026-10-06 15:22:18.530632+05:30,FINNIFTY,2026-10-27,True,41,82,24887.5,1.83,
2026-10-06 15:22:20.400972+05:30,MIDCPNIFTY,2026-10-27,True,41,82,13812.7,1.87,
2026-10-06 15:23:06.793143+05:30,NIFTY,2026-10-06,True,41,70,22717.7,1.81,
2026-10-06 15:23:08.647371+05:30,NIFTY,2026-10-13,True,41,82,22717.7,1.86,
2026-10-06 15:23:10.517699+05:30,NIFTY,2026-10-19,True,41,82,22717.7,1.86,
2026-10-06 15:23:12.380890+05:30,BANKNIFTY,2026-10-27,True,41,82,54993.75,1.86,
2026-10-06 15:23:14.254881+05:30,BANKNIFTY,2026-11-23,True,41,82,54993.75,1.87,
2026-10-06 15:23:16.115358+05:30,SENSEX,2026-10-08,True,41,82,72943.91,1.86,
2026-10-06 15:23:17.964748+05:30,SENSEX,2026-10-15,True,41,82,72943.91,1.85,
2026-10-06 15:23:19.817864+05:30,FINNIFTY,2026-10-27,True,41,82,24887.5,1.85,
2026-10-06 15:23:21.684752+05:30,MIDCPNIFTY,2026-10-27,True,41,82,13812.7,1.87,
2026-10-06 15:24:06.806436+05:30,NIFTY,2026-10-06,True,41,70,22717.7,1.82,
2026-10-06 15:24:08.665073+05:30,NIFTY,2026-10-13,True,41,82,22717.7,1.86,
2026-10-06 15:24:10.507515+05:30,NIFTY,2026-10-19,True,41,82,22717.7,1.84,
2026-10-06 15:24:12.364047+05:30,BANKNIFTY,2026-10-27,True,41,82,54993.75,1.86,
2026-10-06 15:24:14.228647+05:30,BANKNIFTY,2026-11-23,True,41,82,54993.75,1.86,
2026-10-06 15:24:16.089346+05:30,SENSEX,2026-10-08,True,41,82,72943.91,1.86,
2026-10-06 15:24:17.952147+05:30,SENSEX,2026-10-15,True,41,82,72943.91,1.86,
2026-10-06 15:24:19.795724+05:30,FINNIFTY,2026-10-27,True,41,82,24887.5,1.84,
2026-10-06 15:24:21.652543+05:30,MIDCPNIFTY,2026-10-27,True,41,82,13812.7,1.86,
2026-10-06 15:25:06.823202+05:30,NIFTY,2026-10-06,True,41,66,22717.7,1.84,
2026-10-06 15:25:08.678590+05:30,NIFTY,2026-10-13,True,41,82,22717.7,1.86,
2026-10-06 15:25:10.543647+05:30,NIFTY,2026-10-19,True,41,82,22717.7,1.86,
2026-10-06 15:25:12.394946+05:30,BANKNIFTY,2026-10-27,True,41,82,54993.75,1.85,
2026-10-06 15:25:14.250507+05:30,BANKNIFTY,2026-11-23,True,41,82,54993.75,1.85,
2026-10-06 15:25:16.102757+05:30,SENSEX,2026-10-08,True,41,82,72943.91,1.85,
2026-10-06 15:25:17.952873+05:30,SENSEX,2026-10-15,True,41,82,72943.91,1.85,
2026-10-06 15:25:19.813496+05:30,FINNIFTY,2026-10-27,True,41,82,24887.5,1.86,
2026-10-06 15:25:21.664603+05:30,MIDCPNIFTY,2026-10-27,True,41,82,13812.7,1.85,
2026-10-06 15:26:06.827764+05:30,NIFTY,2026-10-06,True,41,67,22717.7,1.84,
2026-10-06 15:26:08.679466+05:30,NIFTY,2026-10-13,True,41,82,22717.7,1.85,
2026-10-06 15:26:10.534439+05:30,NIFTY,2026-10-19,True,41,82,22717.7,1.85,
2026-10-06 15:26:12.419414+05:30,BANKNIFTY,2026-10-27,True,41,82,54993.75,1.88,
2026-10-06 15:26:14.288440+05:30,BANKNIFTY,2026-11-23,True,41,82,54993.75,1.87,
2026-10-06 15:26:16.157546+05:30,SENSEX,2026-10-08,True,41,82,72943.91,1.87,
2026-10-06 15:26:17.996015+05:30,SENSEX,2026-10-15,True,41,82,72943.91,1.84,
2026-10-06 15:26:19.826175+05:30,FINNIFTY,2026-10-27,True,41,82,24887.5,1.83,
2026-10-06 15:26:21.673360+05:30,MIDCPNIFTY,2026-10-27,True,41,82,13812.7,1.85,
2026-10-06 15:27:06.806789+05:30,NIFTY,2026-10-06,True,41,68,22717.7,1.82,
2026-10-06 15:27:08.652436+05:30,NIFTY,2026-10-13,True,41,82,22717.7,1.85,
2026-10-06 15:27:10.511319+05:30,NIFTY,2026-10-19,True,41,82,22717.7,1.86,
2026-10-06 15:27:12.375076+05:30,BANKNIFTY,2026-10-27,True,41,82,54993.75,1.86,
2026-10-06 15:27:14.237966+05:30,BANKNIFTY,2026-11-23,True,41,82,54993.75,1.86,
2026-10-06 15:27:16.096950+05:30,SENSEX,2026-10-08,True,41,82,72943.91,1.86,
2026-10-06 15:27:18.007043+05:30,SENSEX,2026-10-15,True,41,82,72943.91,1.91,
2026-10-06 15:27:19.874566+05:30,FINNIFTY,2026-10-27,True,41,82,24887.5,1.87,
2026-10-06 15:27:21.727968+05:30,MIDCPNIFTY,2026-10-27,True,41,82,13812.7,1.85,
2026-10-06 15:28:07.134019+05:30,NIFTY,2026-10-06,True,41,68,22717.7,2.15,
2026-10-06 15:28:08.977337+05:30,NIFTY,2026-10-13,True,41,82,22717.7,1.85,
2026-10-06 15:28:10.878030+05:30,NIFTY,2026-10-19,True,41,75,22717.7,1.9,
2026-10-06 15:28:12.733417+05:30,BANKNIFTY,2026-10-27,True,41,82,54993.75,1.85,
2026-10-06 15:28:14.586515+05:30,BANKNIFTY,2026-11-23,True,41,82,54993.75,1.85,
2026-10-06 15:28:16.435636+05:30,SENSEX,2026-10-08,True,41,82,72943.91,1.85,
2026-10-06 15:28:18.280409+05:30,SENSEX,2026-10-15,True,41,82,72943.91,1.84,
2026-10-06 15:28:20.136983+05:30,FINNIFTY,2026-10-27,True,41,82,24887.5,1.85,
2026-10-06 15:28:21.980815+05:30,MIDCPNIFTY,2026-10-27,True,41,82,13812.7,1.84,
2026-10-06 15:29:06.795063+05:30,NIFTY,2026-10-06,True,41,68,22717.7,1.81,
2026-10-06 15:29:08.638240+05:30,NIFTY,2026-10-13,True,41,82,22717.7,1.85,
2026-10-06 15:29:10.505235+05:30,NIFTY,2026-10-19,True,41,75,22717.7,1.86,
2026-10-06 15:29:12.351591+05:30,BANKNIFTY,2026-10-27,True,41,82,54993.75,1.84,
2026-10-06 15:29:14.226773+05:30,BANKNIFTY,2026-11-23,True,41,82,55128.4,1.87,
2026-10-06 15:29:16.566688+05:30,SENSEX,2026-10-08,True,41,82,73067.81,2.34,
2026-10-06 15:29:18.420905+05:30,SENSEX,2026-10-15,True,41,82,73067.81,1.85,
2026-10-06 15:29:20.257408+05:30,FINNIFTY,2026-10-27,True,41,79,24946.05,1.83,
2026-10-06 15:29:22.117506+05:30,MIDCPNIFTY,2026-10-27,True,41,82,13826.0,1.86,
