ts,underlying,expiry,ok,strikes,quoted,spot,secs,error
2026-10-08 09:15:03.140498+05:30,NIFTY,2026-10-13,True,41,63,22582.25,2.14,
2026-10-08 09:15:05.173638+05:30,NIFTY,2026-10-19,True,41,81,22563.25,2.03,
2026-10-08 09:15:06.947834+05:30,NIFTY,2026-10-27,True,41,82,22537.4,1.77,
2026-10-08 09:15:10.021659+05:30,BANKNIFTY,2026-10-27,True,41,82,54934.4,2.76,
2026-10-08 09:15:11.755010+05:30,BANKNIFTY,2026-11-23,True,41,79,54938.95,1.73,
2026-10-08 09:15:13.802455+05:30,SENSEX,2026-10-08,True,41,82,72523.28,1.74,
2026-10-08 09:15:15.519744+05:30,SENSEX,2026-10-15,True,41,82,72472.22,1.71,
2026-10-08 09:15:17.546673+05:30,FINNIFTY,2026-10-27,True,41,32,24799.4,1.71,
2026-10-08 09:15:19.588035+05:30,MIDCPNIFTY,2026-10-27,True,41,82,13677.1,1.72,
2026-10-08 09:16:07.687658+05:30,NIFTY,2026-10-13,True,41,82,22528.45,2.71,
2026-10-08 09:16:09.602321+05:30,NIFTY,2026-10-19,True,41,82,22528.9,1.91,
2026-10-08 09:16:11.296387+05:30,NIFTY,2026-10-27,True,41,82,22533.55,1.69,
2026-10-08 09:16:13.027817+05:30,BANKNIFTY,2026-10-27,True,41,82,54804.55,1.73,
2026-10-08 09:16:14.799824+05:30,BANKNIFTY,2026-11-23,True,41,82,54802.6,1.77,
2026-10-08 09:16:16.495938+05:30,SENSEX,2026-10-08,True,41,82,72437.0,1.7,
2026-10-08 09:16:18.182246+05:30,SENSEX,2026-10-15,True,41,82,72440.14,1.68,
2026-10-08 09:16:19.879941+05:30,FINNIFTY,2026-10-27,True,41,59,24760.8,1.7,
2026-10-08 09:16:21.579700+05:30,MIDCPNIFTY,2026-10-27,True,41,81,13647.65,1.7,
2026-10-08 09:17:06.671834+05:30,NIFTY,2026-10-13,True,41,82,22553.9,1.69,
2026-10-08 09:17:09.428397+05:30,NIFTY,2026-10-19,True,41,82,22559.45,2.76,
2026-10-08 09:17:11.156612+05:30,NIFTY,2026-10-27,True,41,82,22557.8,1.73,
2026-10-08 09:17:12.921145+05:30,BANKNIFTY,2026-10-27,True,41,82,54848.8,1.76,
2026-10-08 09:17:14.649073+05:30,BANKNIFTY,2026-11-23,True,41,82,54844.95,1.73,
2026-10-08 09:17:16.357157+05:30,SENSEX,2026-10-08,True,41,82,72503.97,1.71,
2026-10-08 09:17:18.070370+05:30,SENSEX,2026-10-15,True,41,82,72497.95,1.71,
2026-10-08 09:17:20.823965+05:30,FINNIFTY,2026-10-27,True,41,78,24790.95,2.75,
2026-10-08 09:17:22.556659+05:30,MIDCPNIFTY,2026-10-27,True,41,82,13688.85,1.73,
2026-10-08 09:18:07.170135+05:30,NIFTY,2026-10-13,True,41,82,22549.2,2.19,
2026-10-08 09:18:08.845225+05:30,NIFTY,2026-10-19,True,41,82,22551.3,1.68,
2026-10-08 09:18:10.570941+05:30,NIFTY,2026-10-27,True,41,82,22550.25,1.72,
2026-10-08 09:18:12.281353+05:30,BANKNIFTY,2026-10-27,True,41,82,54815.45,1.71,
2026-10-08 09:18:13.977539+05:30,BANKNIFTY,2026-11-23,True,41,82,54815.2,1.69,
2026-10-08 09:18:15.664147+05:30,SENSEX,2026-10-08,True,41,82,72469.82,1.69,
2026-10-08 09:18:17.350184+05:30,SENSEX,2026-10-15,True,41,82,72470.46,1.68,
2026-10-08 09:18:19.151718+05:30,FINNIFTY,2026-10-27,True,41,77,24779.0,1.8,
2026-10-08 09:18:20.832921+05:30,MIDCPNIFTY,2026-10-27,True,41,82,13675.45,1.68,
2026-10-08 09:19:06.639249+05:30,NIFTY,2026-10-13,True,41,82,22543.95,1.66,
2026-10-08 09:19:08.334782+05:30,NIFTY,2026-10-19,True,41,82,22538.55,1.7,
2026-10-08 09:19:10.049986+05:30,NIFTY,2026-10-27,True,41,82,22541.45,1.71,
2026-10-08 09:19:11.785693+05:30,BANKNIFTY,2026-10-27,True,41,82,54825.3,1.73,
2026-10-08 09:19:13.839464+05:30,BANKNIFTY,2026-11-23,True,41,82,54826.3,2.05,
2026-10-08 09:19:15.524490+05:30,SENSEX,2026-10-08,True,41,82,72457.3,1.69,
2026-10-08 09:19:17.202995+05:30,SENSEX,2026-10-15,True,41,82,72453.24,1.67,
2026-10-08 09:19:18.892513+05:30,FINNIFTY,2026-10-27,True,41,76,24776.3,1.69,
2026-10-08 09:19:20.581920+05:30,MIDCPNIFTY,2026-10-27,True,41,81,13653.6,1.69,
2026-10-08 09:20:07.684209+05:30,NIFTY,2026-10-13,True,41,82,22532.3,2.7,
2026-10-08 09:20:09.378006+05:30,NIFTY,2026-10-19,True,41,82,22532.5,1.69,
2026-10-08 09:20:11.050848+05:30,NIFTY,2026-10-27,True,41,82,22533.25,1.67,
2026-10-08 09:20:13.768865+05:30,BANKNIFTY,2026-10-27,True,41,82,54783.9,2.72,
2026-10-08 09:20:15.451208+05:30,BANKNIFTY,2026-11-23,True,41,82,54785.35,1.68,
2026-10-08 09:20:18.160967+05:30,SENSEX,2026-10-08,True,41,82,72442.61,2.71,
2026-10-08 09:20:19.850527+05:30,SENSEX,2026-10-15,True,41,82,72444.86,1.69,
2026-10-08 09:20:21.537918+05:30,FINNIFTY,2026-10-27,True,41,80,24771.1,1.68,
2026-10-08 09:20:23.246160+05:30,MIDCPNIFTY,2026-10-27,True,41,82,13649.35,1.71,
2026-10-08 09:21:07.345002+05:30,NIFTY,2026-10-13,True,41,82,22538.3,2.36,
2026-10-08 09:21:09.188142+05:30,NIFTY,2026-10-19,True,41,82,22539.4,1.84,
2026-10-08 09:21:11.050626+05:30,NIFTY,2026-10-27,True,41,82,22538.7,1.86,
2026-10-08 09:21:12.937985+05:30,BANKNIFTY,2026-10-27,True,41,82,54836.95,1.88,
2026-10-08 09:21:15.804223+05:30,BANKNIFTY,2026-11-23,True,41,82,54835.6,2.86,
2026-10-08 09:21:17.639923+05:30,SENSEX,2026-10-08,True,41,82,72457.43,1.84,
2026-10-08 09:21:19.484229+05:30,SENSEX,2026-10-15,True,41,82,72461.4,1.84,
2026-10-08 09:21:21.311473+05:30,FINNIFTY,2026-10-27,True,41,80,24790.35,1.82,
2026-10-08 09:21:23.174423+05:30,MIDCPNIFTY,2026-10-27,True,41,82,13646.35,1.86,
2026-10-08 09:22:06.833432+05:30,NIFTY,2026-10-13,True,41,82,22532.25,1.85,
2026-10-08 09:22:09.755232+05:30,NIFTY,2026-10-19,True,41,82,22531.85,2.92,
2026-10-08 09:22:11.593701+05:30,NIFTY,2026-10-27,True,41,82,22528.25,1.84,
2026-10-08 09:22:13.482216+05:30,BANKNIFTY,2026-10-27,True,41,82,54846.85,1.89,
2026-10-08 09:22:15.347397+05:30,BANKNIFTY,2026-11-23,True,41,82,54845.3,1.86,
2026-10-08 09:22:17.211490+05:30,SENSEX,2026-10-08,True,41,82,72425.11,1.87,
2026-10-08 09:22:19.098174+05:30,SENSEX,2026-10-15,True,41,82,72421.11,1.88,
2026-10-08 09:22:21.540603+05:30,FINNIFTY,2026-10-27,True,41,80,24782.1,2.44,
2026-10-08 09:22:23.578589+05:30,MIDCPNIFTY,2026-10-27,True,41,82,13631.85,2.04,
2026-10-08 09:23:06.802361+05:30,NIFTY,2026-10-13,True,41,82,22524.5,1.82,
2026-10-08 09:23:08.646782+05:30,NIFTY,2026-10-19,True,41,82,22522.1,1.84,
2026-10-08 09:23:11.577563+05:30,NIFTY,2026-10-27,True,41,82,22522.65,2.93,
2026-10-08 09:23:13.443508+05:30,BANKNIFTY,2026-10-27,True,41,82,54867.6,1.86,
2026-10-08 09:23:15.290309+05:30,BANKNIFTY,2026-11-23,True,41,82,54868.85,1.85,
2026-10-08 09:23:17.143382+05:30,SENSEX,2026-10-08,True,41,82,72433.27,1.86,
2026-10-08 09:23:18.970199+05:30,SENSEX,2026-10-15,True,41,82,72433.16,1.82,
2026-10-08 09:23:20.812520+05:30,FINNIFTY,2026-10-27,True,41,80,24787.25,1.84,
2026-10-08 09:23:22.725121+05:30,MIDCPNIFTY,2026-10-27,True,41,82,13626.05,1.91,
2026-10-08 09:24:06.805155+05:30,NIFTY,2026-10-13,True,41,82,22536.7,1.82,
2026-10-08 09:24:08.633730+05:30,NIFTY,2026-10-19,True,41,82,22533.7,1.83,
2026-10-08 09:24:10.497308+05:30,NIFTY,2026-10-27,True,41,82,22532.55,1.86,
2026-10-08 09:24:12.338165+05:30,BANKNIFTY,2026-10-27,True,41,82,54899.15,1.84,
2026-10-08 09:24:14.204682+05:30,BANKNIFTY,2026-11-23,True,41,82,54901.35,1.87,
2026-10-08 09:24:17.080559+05:30,SENSEX,2026-10-08,True,41,82,72447.88,2.88,
2026-10-08 09:24:18.911146+05:30,SENSEX,2026-10-15,True,41,82,72448.89,1.83,
2026-10-08 09:24:20.754311+05:30,FINNIFTY,2026-10-27,True,41,80,24804.6,1.84,
2026-10-08 09:24:22.648706+05:30,MIDCPNIFTY,2026-10-27,True,41,82,13619.7,1.89,
2026-10-08 09:25:07.141200+05:30,NIFTY,2026-10-13,True,41,82,22516.95,2.16,
2026-10-08 09:25:08.825977+05:30,NIFTY,2026-10-19,True,41,82,22516.0,1.69,
2026-10-08 09:25:10.493811+05:30,NIFTY,2026-10-27,True,41,82,22515.7,1.66,
2026-10-08 09:25:12.196612+05:30,BANKNIFTY,2026-10-27,True,41,82,54839.2,1.7,
2026-10-08 09:25:13.884227+05:30,BANKNIFTY,2026-11-23,True,41,82,54829.05,1.69,
2026-10-08 09:25:15.559591+05:30,SENSEX,2026-10-08,True,41,82,72400.61,1.68,
2026-10-08 09:25:17.219747+05:30,SENSEX,2026-10-15,True,41,82,72397.92,1.66,
2026-10-08 09:25:18.894764+05:30,FINNIFTY,2026-10-27,True,41,80,24785.9,1.67,
2026-10-08 09:25:20.599817+05:30,MIDCPNIFTY,2026-10-27,True,41,81,13596.6,1.7,
2026-10-08 09:26:06.648274+05:30,NIFTY,2026-10-13,True,41,82,22501.6,1.67,
2026-10-08 09:26:08.344880+05:30,NIFTY,2026-10-19,True,41,82,22499.95,1.7,
2026-10-08 09:26:10.034779+05:30,NIFTY,2026-10-27,True,41,82,22500.2,1.68,
2026-10-08 09:26:11.744767+05:30,BANKNIFTY,2026-10-27,True,41,82,54801.8,1.71,
2026-10-08 09:26:13.433796+05:30,BANKNIFTY,2026-11-23,True,41,82,54799.25,1.69,
2026-10-08 09:26:15.102692+05:30,SENSEX,2026-10-08,True,41,82,72349.0,1.67,
2026-10-08 09:26:16.775499+05:30,SENSEX,2026-10-15,True,41,82,72344.48,1.67,
2026-10-08 09:26:18.484020+05:30,FINNIFTY,2026-10-27,True,41,82,24769.8,1.7,
2026-10-08 09:26:20.155369+05:30,MIDCPNIFTY,2026-10-27,True,41,81,13591.55,1.67,
2026-10-08 09:27:06.661144+05:30,NIFTY,2026-10-13,True,41,82,22490.55,1.68,
2026-10-08 09:27:08.329886+05:30,NIFTY,2026-10-19,True,41,82,22488.8,1.67,
2026-10-08 09:27:10.011992+05:30,NIFTY,2026-10-27,True,41,82,22489.4,1.68,
2026-10-08 09:27:11.695285+05:30,BANKNIFTY,2026-10-27,True,41,82,54810.75,1.68,
2026-10-08 09:27:13.386798+05:30,BANKNIFTY,2026-11-23,True,41,82,54808.7,1.69,
2026-10-08 09:27:16.820846+05:30,SENSEX,2026-10-08,True,41,82,72305.12,3.44,
2026-10-08 09:27:18.544226+05:30,SENSEX,2026-10-15,True,41,82,72308.67,1.72,
2026-10-08 09:27:20.210555+05:30,FINNIFTY,2026-10-27,True,41,82,24759.7,1.66,
2026-10-08 09:27:21.892411+05:30,MIDCPNIFTY,2026-10-27,True,41,82,13583.0,1.68,
2026-10-08 09:28:06.639646+05:30,NIFTY,2026-10-13,True,41,82,22479.85,1.66,
2026-10-08 09:28:08.315085+05:30,NIFTY,2026-10-19,True,41,82,22482.25,1.68,
2026-10-08 09:28:09.999824+05:30,NIFTY,2026-10-27,True,41,82,22483.35,1.68,
2026-10-08 09:28:11.692984+05:30,BANKNIFTY,2026-10-27,True,41,82,54787.65,1.69,
2026-10-08 09:28:13.388683+05:30,BANKNIFTY,2026-11-23,True,41,82,54791.3,1.69,
2026-10-08 09:28:15.071708+05:30,SENSEX,2026-10-08,True,41,82,72286.83,1.69,
2026-10-08 09:28:17.779515+05:30,SENSEX,2026-10-15,True,41,82,72290.11,2.7,
2026-10-08 09:28:19.484847+05:30,FINNIFTY,2026-10-27,True,41,82,24764.25,1.7,
2026-10-08 09:28:21.197807+05:30,MIDCPNIFTY,2026-10-27,True,41,82,13595.7,1.71,
2026-10-08 09:29:06.639808+05:30,NIFTY,2026-10-13,True,41,82,22495.0,1.66,
2026-10-08 09:29:08.323213+05:30,NIFTY,2026-10-19,True,41,82,22495.25,1.68,
2026-10-08 09:29:10.039062+05:30,NIFTY,2026-10-27,True,41,82,22496.9,1.71,
2026-10-08 09:29:11.734567+05:30,BANKNIFTY,2026-10-27,True,41,82,54858.25,1.69,
2026-10-08 09:29:14.459643+05:30,BANKNIFTY,2026-11-23,True,41,82,54861.15,2.72,
2026-10-08 09:29:16.124945+05:30,SENSEX,2026-10-08,True,41,82,72335.56,1.67,
2026-10-08 09:29:17.804862+05:30,SENSEX,2026-10-15,True,41,82,72336.44,1.68,
2026-10-08 09:29:19.676328+05:30,FINNIFTY,2026-10-27,True,41,82,24791.35,1.87,
2026-10-08 09:29:21.367698+05:30,MIDCPNIFTY,2026-10-27,True,41,82,13617.85,1.69,
2026-10-08 09:30:06.647735+05:30,NIFTY,2026-10-13,True,41,82,22504.05,1.66,
2026-10-08 09:30:08.348270+05:30,NIFTY,2026-10-19,True,41,82,22507.65,1.7,
2026-10-08 09:30:10.032674+05:30,NIFTY,2026-10-27,True,41,82,22507.75,1.68,
2026-10-08 09:30:11.964642+05:30,BANKNIFTY,2026-10-27,True,41,82,54889.6,1.93,
2026-10-08 09:30:13.644701+05:30,BANKNIFTY,2026-11-23,True,41,82,54896.85,1.68,
2026-10-08 09:30:15.335747+05:30,SENSEX,2026-10-08,True,41,82,72371.35,1.7,
2026-10-08 09:30:17.055338+05:30,SENSEX,2026-10-15,True,41,82,72373.24,1.71,
2026-10-08 09:30:18.720372+05:30,FINNIFTY,2026-10-27,True,41,82,24799.6,1.66,
2026-10-08 09:30:20.424162+05:30,MIDCPNIFTY,2026-10-27,True,41,82,13635.45,1.7,
2026-10-08 09:31:06.616976+05:30,NIFTY,2026-10-13,True,41,82,22518.2,1.63,
2026-10-08 09:31:08.305591+05:30,NIFTY,2026-10-19,True,41,82,22519.3,1.7,
2026-10-08 09:31:09.995260+05:30,NIFTY,2026-10-27,True,41,82,22518.05,1.68,
2026-10-08 09:31:11.686851+05:30,BANKNIFTY,2026-10-27,True,41,82,54901.4,1.69,
2026-10-08 09:31:13.411521+05:30,BANKNIFTY,2026-11-23,True,41,82,54906.15,1.72,
2026-10-08 09:31:15.082258+05:30,SENSEX,2026-10-08,True,41,82,72380.76,1.67,
2026-10-08 09:31:17.777588+05:30,SENSEX,2026-10-15,True,41,82,72359.23,2.69,
2026-10-08 09:31:19.457264+05:30,FINNIFTY,2026-10-27,True,41,82,24798.05,1.68,
2026-10-08 09:31:21.196297+05:30,MIDCPNIFTY,2026-10-27,True,41,82,13640.5,1.74,
2026-10-08 09:32:06.640383+05:30,NIFTY,2026-10-13,True,41,82,22515.15,1.66,
2026-10-08 09:32:08.362774+05:30,NIFTY,2026-10-19,True,41,82,22513.9,1.72,
2026-10-08 09:32:10.037791+05:30,NIFTY,2026-10-27,True,41,82,22514.65,1.67,
2026-10-08 09:32:11.736571+05:30,BANKNIFTY,2026-10-27,True,41,82,54928.3,1.7,
2026-10-08 09:32:13.426836+05:30,BANKNIFTY,2026-11-23,True,41,82,54928.2,1.69,
2026-10-08 09:32:15.095818+05:30,SENSEX,2026-10-08,True,41,82,72384.77,1.67,
2026-10-08 09:32:16.773886+05:30,SENSEX,2026-10-15,True,41,82,72390.53,1.67,
2026-10-08 09:32:18.446830+05:30,FINNIFTY,2026-10-27,True,41,82,24811.1,1.67,
2026-10-08 09:32:20.135376+05:30,MIDCPNIFTY,2026-10-27,True,41,82,13641.7,1.69,
2026-10-08 09:33:07.685305+05:30,NIFTY,2026-10-13,True,41,82,22513.35,2.7,
2026-10-08 09:33:09.394673+05:30,NIFTY,2026-10-19,True,41,82,22514.1,1.71,
2026-10-08 09:33:11.075673+05:30,NIFTY,2026-10-27,True,41,82,22514.85,1.68,
2026-10-08 09:33:12.762576+05:30,BANKNIFTY,2026-10-27,True,41,82,54929.95,1.68,
2026-10-08 09:33:14.468144+05:30,BANKNIFTY,2026-11-23,True,41,82,54924.35,1.7,
2026-10-08 09:33:16.125282+05:30,SENSEX,2026-10-08,True,41,82,72377.93,1.66,
2026-10-08 09:33:17.795971+05:30,SENSEX,2026-10-15,True,41,82,72378.0,1.67,
2026-10-08 09:33:19.484395+05:30,FINNIFTY,2026-10-27,True,41,82,24814.9,1.69,
2026-10-08 09:33:21.194504+05:30,MIDCPNIFTY,2026-10-27,True,41,82,13635.9,1.71,
2026-10-08 09:34:07.690821+05:30,NIFTY,2026-10-13,True,41,82,22507.45,2.71,
2026-10-08 09:34:09.386512+05:30,NIFTY,2026-10-19,True,41,82,22505.1,1.7,
2026-10-08 09:34:11.077023+05:30,NIFTY,2026-10-27,True,41,82,22505.05,1.69,
2026-10-08 09:34:12.756442+05:30,BANKNIFTY,2026-10-27,True,41,82,54903.8,1.68,
2026-10-08 09:34:14.448546+05:30,BANKNIFTY,2026-11-23,True,41,82,54897.7,1.69,
2026-10-08 09:34:16.122913+05:30,SENSEX,2026-10-08,True,41,82,72326.61,1.68,
2026-10-08 09:34:17.803460+05:30,SENSEX,2026-10-15,True,41,82,72325.59,1.68,
2026-10-08 09:34:19.473978+05:30,FINNIFTY,2026-10-27,True,41,82,24800.75,1.67,
2026-10-08 09:34:21.154119+05:30,MIDCPNIFTY,2026-10-27,True,41,82,13631.0,1.68,
2026-10-08 09:35:06.636507+05:30,NIFTY,2026-10-13,True,41,82,22503.9,1.65,
2026-10-08 09:35:08.310206+05:30,NIFTY,2026-10-19,True,41,82,22504.15,1.67,
2026-10-08 09:35:09.987627+05:30,NIFTY,2026-10-27,True,41,82,22504.8,1.68,
2026-10-08 09:35:11.675312+05:30,BANKNIFTY,2026-10-27,True,41,82,54870.25,1.69,
2026-10-08 09:35:13.380430+05:30,BANKNIFTY,2026-11-23,True,41,82,54870.55,1.7,
2026-10-08 09:35:15.061568+05:30,SENSEX,2026-10-08,True,41,82,72331.73,1.69,
2026-10-08 09:35:16.727810+05:30,SENSEX,2026-10-15,True,41,82,72336.97,1.66,
2026-10-08 09:35:18.418596+05:30,FINNIFTY,2026-10-27,True,41,82,24803.35,1.69,
2026-10-08 09:35:20.099236+05:30,MIDCPNIFTY,2026-10-27,True,41,82,13633.5,1.68,
2026-10-08 09:36:06.610650+05:30,NIFTY,2026-10-13,True,41,82,22500.05,1.63,
2026-10-08 09:36:08.277082+05:30,NIFTY,2026-10-19,True,41,82,22499.75,1.67,
2026-10-08 09:36:09.944280+05:30,NIFTY,2026-10-27,True,41,82,22498.85,1.66,
2026-10-08 09:36:11.633294+05:30,BANKNIFTY,2026-10-27,True,41,82,54857.55,1.69,
2026-10-08 09:36:13.336843+05:30,BANKNIFTY,2026-11-23,True,41,82,54856.35,1.7,
2026-10-08 09:36:15.013720+05:30,SENSEX,2026-10-08,True,41,82,72323.68,1.68,
2026-10-08 09:36:16.687930+05:30,SENSEX,2026-10-15,True,41,82,72326.17,1.67,
2026-10-08 09:36:18.372895+05:30,FINNIFTY,2026-10-27,True,41,82,24806.95,1.68,
2026-10-08 09:36:20.068229+05:30,MIDCPNIFTY,2026-10-27,True,41,82,13640.65,1.69,
2026-10-08 09:37:06.615716+05:30,NIFTY,2026-10-13,True,41,82,22514.7,1.63,
2026-10-08 09:37:08.283637+05:30,NIFTY,2026-10-19,True,41,82,22513.95,1.67,
2026-10-08 09:37:09.936215+05:30,NIFTY,2026-10-27,True,41,82,22514.9,1.65,
2026-10-08 09:37:11.613122+05:30,BANKNIFTY,2026-10-27,True,41,82,54899.3,1.67,
2026-10-08 09:37:13.376545+05:30,BANKNIFTY,2026-11-23,True,41,82,54891.95,1.76,
2026-10-08 09:37:15.057634+05:30,SENSEX,2026-10-08,True,41,82,72363.89,1.68,
2026-10-08 09:37:16.732607+05:30,SENSEX,2026-10-15,True,41,82,72358.29,1.67,
2026-10-08 09:37:18.412778+05:30,FINNIFTY,2026-10-27,True,41,81,24820.3,1.68,
2026-10-08 09:37:20.087445+05:30,MIDCPNIFTY,2026-10-27,True,41,82,13643.45,1.67,
2026-10-08 09:38:06.670965+05:30,NIFTY,2026-10-13,True,41,82,22514.2,1.69,
2026-10-08 09:38:08.416421+05:30,NIFTY,2026-10-19,True,41,82,22515.05,1.75,
2026-10-08 09:38:10.150493+05:30,NIFTY,2026-10-27,True,41,82,22514.15,1.73,
2026-10-08 09:38:11.910532+05:30,BANKNIFTY,2026-10-27,True,41,82,54870.75,1.76,
2026-10-08 09:38:13.657034+05:30,BANKNIFTY,2026-11-23,True,41,82,54866.5,1.75,
2026-10-08 09:38:15.362061+05:30,SENSEX,2026-10-08,True,41,82,72352.26,1.71,
2026-10-08 09:38:17.026061+05:30,SENSEX,2026-10-15,True,41,82,72350.74,1.66,
2026-10-08 09:38:18.704112+05:30,FINNIFTY,2026-10-27,True,41,82,24814.1,1.67,
2026-10-08 09:38:20.386962+05:30,MIDCPNIFTY,2026-10-27,True,41,82,13638.6,1.68,
2026-10-08 09:39:06.626158+05:30,NIFTY,2026-10-13,True,41,82,22503.9,1.64,
2026-10-08 09:39:08.302653+05:30,NIFTY,2026-10-19,True,41,82,22504.75,1.68,
2026-10-08 09:39:10.004414+05:30,NIFTY,2026-10-27,True,41,82,22503.8,1.7,
2026-10-08 09:39:11.678304+05:30,BANKNIFTY,2026-10-27,True,41,82,54862.25,1.67,
2026-10-08 09:39:13.360283+05:30,BANKNIFTY,2026-11-23,True,41,82,54864.75,1.68,
2026-10-08 09:39:15.015855+05:30,SENSEX,2026-10-08,True,41,82,72342.45,1.66,
2026-10-08 09:39:16.687908+05:30,SENSEX,2026-10-15,True,41,82,72340.53,1.67,
2026-10-08 09:39:18.391325+05:30,FINNIFTY,2026-10-27,True,41,82,24805.75,1.7,
2026-10-08 09:39:21.094975+05:30,MIDCPNIFTY,2026-10-27,True,41,82,13627.95,2.7,
2026-10-08 09:40:06.633331+05:30,NIFTY,2026-10-13,True,41,82,22498.65,1.65,
2026-10-08 09:40:08.316309+05:30,NIFTY,2026-10-19,True,41,82,22498.65,1.68,
2026-10-08 09:40:10.002813+05:30,NIFTY,2026-10-27,True,41,82,22497.1,1.68,
2026-10-08 09:40:11.672027+05:30,BANKNIFTY,2026-10-27,True,41,82,54847.0,1.67,
2026-10-08 09:40:13.351603+05:30,BANKNIFTY,2026-11-23,True,41,82,54848.4,1.68,
2026-10-08 09:40:15.030383+05:30,SENSEX,2026-10-08,True,41,82,72321.76,1.68,
2026-10-08 09:40:16.709498+05:30,SENSEX,2026-10-15,True,41,82,72320.85,1.67,
2026-10-08 09:40:18.395197+05:30,FINNIFTY,2026-10-27,True,41,82,24797.85,1.68,
2026-10-08 09:40:20.081374+05:30,MIDCPNIFTY,2026-10-27,True,41,82,13620.8,1.68,
2026-10-08 09:41:06.632820+05:30,NIFTY,2026-10-13,True,41,82,22484.3,1.65,
2026-10-08 09:41:08.300872+05:30,NIFTY,2026-10-19,True,41,82,22483.75,1.68,
2026-10-08 09:41:11.023936+05:30,NIFTY,2026-10-27,True,41,82,22484.85,2.71,
2026-10-08 09:41:12.707332+05:30,BANKNIFTY,2026-10-27,True,41,82,54826.2,1.68,
2026-10-08 09:41:14.406973+05:30,BANKNIFTY,2026-11-23,True,41,82,54828.8,1.7,
2026-10-08 09:41:16.079958+05:30,SENSEX,2026-10-08,True,41,82,72276.93,1.68,
2026-10-08 09:41:17.759255+05:30,SENSEX,2026-10-15,True,41,82,72278.28,1.67,
2026-10-08 09:41:19.441445+05:30,FINNIFTY,2026-10-27,True,41,82,24801.45,1.68,
2026-10-08 09:41:21.122887+05:30,MIDCPNIFTY,2026-10-27,True,41,82,13607.3,1.68,
2026-10-08 09:42:06.643057+05:30,NIFTY,2026-10-13,True,41,82,22494.25,1.66,
2026-10-08 09:42:08.311089+05:30,NIFTY,2026-10-19,True,41,82,22493.95,1.67,
2026-10-08 09:42:09.982253+05:30,NIFTY,2026-10-27,True,41,82,22494.25,1.67,
2026-10-08 09:42:11.671276+05:30,BANKNIFTY,2026-10-27,True,41,82,54859.55,1.69,
2026-10-08 09:42:13.371435+05:30,BANKNIFTY,2026-11-23,True,41,82,54865.25,1.7,
2026-10-08 09:42:16.060467+05:30,SENSEX,2026-10-08,True,41,82,72315.13,2.69,
2026-10-08 09:42:17.750471+05:30,SENSEX,2026-10-15,True,41,82,72310.11,1.68,
2026-10-08 09:42:19.420820+05:30,FINNIFTY,2026-10-27,True,41,82,24808.5,1.67,
2026-10-08 09:42:21.099253+05:30,MIDCPNIFTY,2026-10-27,True,41,82,13612.0,1.68,
2026-10-08 09:43:06.603841+05:30,NIFTY,2026-10-13,True,41,82,22498.5,1.62,
2026-10-08 09:43:08.271422+05:30,NIFTY,2026-10-19,True,41,82,22495.1,1.67,
2026-10-08 09:43:09.945116+05:30,NIFTY,2026-10-27,True,41,82,22493.8,1.67,
2026-10-08 09:43:11.682745+05:30,BANKNIFTY,2026-10-27,True,41,82,54841.85,1.73,
2026-10-08 09:43:13.364270+05:30,BANKNIFTY,2026-11-23,True,41,82,54840.75,1.68,
2026-10-08 09:43:15.079105+05:30,SENSEX,2026-10-08,True,41,82,72313.3,1.72,
2026-10-08 09:43:16.742438+05:30,SENSEX,2026-10-15,True,41,82,72311.23,1.66,
2026-10-08 09:43:18.443325+05:30,FINNIFTY,2026-10-27,True,41,82,24797.05,1.7,
2026-10-08 09:43:20.122365+05:30,MIDCPNIFTY,2026-10-27,True,41,82,13599.05,1.68,
2026-10-08 09:44:06.609798+05:30,NIFTY,2026-10-13,True,41,82,22470.05,1.63,
2026-10-08 09:44:08.266680+05:30,NIFTY,2026-10-19,True,41,82,22468.45,1.66,
2026-10-08 09:44:09.947089+05:30,NIFTY,2026-10-27,True,41,82,22468.5,1.68,
2026-10-08 09:44:11.640328+05:30,BANKNIFTY,2026-10-27,True,41,82,54797.45,1.69,
2026-10-08 09:44:13.317374+05:30,BANKNIFTY,2026-11-23,True,41,82,54799.4,1.68,
2026-10-08 09:44:15.025339+05:30,SENSEX,2026-10-08,True,41,82,72244.37,1.71,
2026-10-08 09:44:16.702003+05:30,SENSEX,2026-10-15,True,41,82,72241.25,1.67,
2026-10-08 09:44:18.389817+05:30,FINNIFTY,2026-10-27,True,41,82,24779.8,1.68,
2026-10-08 09:44:20.077631+05:30,MIDCPNIFTY,2026-10-27,True,41,82,13589.05,1.69,
2026-10-08 09:45:07.393587+05:30,NIFTY,2026-10-13,True,41,82,22467.0,2.41,
2026-10-08 09:45:09.254684+05:30,NIFTY,2026-10-19,True,41,82,22466.6,1.87,
2026-10-08 09:45:11.136188+05:30,NIFTY,2026-10-27,True,41,82,22466.85,1.87,
2026-10-08 09:45:12.996361+05:30,BANKNIFTY,2026-10-27,True,41,82,54803.75,1.86,
2026-10-08 09:45:14.855387+05:30,BANKNIFTY,2026-11-23,True,41,82,54797.45,1.86,
2026-10-08 09:45:16.695813+05:30,SENSEX,2026-10-08,True,41,82,72230.32,1.85,
2026-10-08 09:45:18.570036+05:30,SENSEX,2026-10-15,True,41,82,72229.0,1.87,
2026-10-08 09:45:20.414863+05:30,FINNIFTY,2026-10-27,True,41,82,24774.35,1.84,
2026-10-08 09:45:22.243588+05:30,MIDCPNIFTY,2026-10-27,True,41,82,13590.15,1.83,
2026-10-08 09:46:07.425486+05:30,NIFTY,2026-10-13,True,41,82,22448.55,2.44,
2026-10-08 09:46:09.292927+05:30,NIFTY,2026-10-19,True,41,82,22449.4,1.87,
2026-10-08 09:46:11.148230+05:30,NIFTY,2026-10-27,True,41,82,22449.0,1.85,
2026-10-08 09:46:13.015324+05:30,BANKNIFTY,2026-10-27,True,41,82,54778.35,1.86,
2026-10-08 09:46:14.877674+05:30,BANKNIFTY,2026-11-23,True,41,82,54787.45,1.86,
2026-10-08 09:46:16.732267+05:30,SENSEX,2026-10-08,True,41,82,72185.59,1.86,
2026-10-08 09:46:18.580381+05:30,SENSEX,2026-10-15,True,41,82,72186.19,1.84,
2026-10-08 09:46:20.429223+05:30,FINNIFTY,2026-10-27,True,41,82,24763.1,1.85,
2026-10-08 09:46:22.307580+05:30,MIDCPNIFTY,2026-10-27,True,41,82,13586.15,1.88,
2026-10-08 09:47:06.776346+05:30,NIFTY,2026-10-13,True,41,82,22449.4,1.79,
2026-10-08 09:47:08.627253+05:30,NIFTY,2026-10-19,True,41,82,22451.85,1.85,
2026-10-08 09:47:10.455192+05:30,NIFTY,2026-10-27,True,41,82,22451.65,1.83,
2026-10-08 09:47:12.265894+05:30,BANKNIFTY,2026-10-27,True,41,82,54803.35,1.81,
2026-10-08 09:47:14.098563+05:30,BANKNIFTY,2026-11-23,True,41,82,54803.2,1.83,
2026-10-08 09:47:15.898750+05:30,SENSEX,2026-10-08,True,41,82,72206.59,1.81,
2026-10-08 09:47:17.722235+05:30,SENSEX,2026-10-15,True,41,82,72202.89,1.82,
2026-10-08 09:47:19.536768+05:30,FINNIFTY,2026-10-27,True,41,82,24769.95,1.81,
2026-10-08 09:47:21.357888+05:30,MIDCPNIFTY,2026-10-27,True,41,82,13588.9,1.82,
2026-10-08 09:48:07.771858+05:30,NIFTY,2026-10-13,True,41,82,22450.45,2.79,
2026-10-08 09:48:09.572871+05:30,NIFTY,2026-10-19,True,41,82,22451.1,1.8,
2026-10-08 09:48:11.373711+05:30,NIFTY,2026-10-27,True,41,82,22449.75,1.8,
2026-10-08 09:48:13.201911+05:30,BANKNIFTY,2026-10-27,True,41,82,54802.45,1.83,
2026-10-08 09:48:15.024638+05:30,BANKNIFTY,2026-11-23,True,41,82,54804.9,1.82,
2026-10-08 09:48:16.843563+05:30,SENSEX,2026-10-08,True,41,82,72197.24,1.83,
2026-10-08 09:48:18.494140+05:30,SENSEX,2026-10-15,True,41,82,72197.51,1.64,
2026-10-08 09:48:20.181661+05:30,FINNIFTY,2026-10-27,True,41,82,24770.55,1.68,
2026-10-08 09:48:21.840574+05:30,MIDCPNIFTY,2026-10-27,True,41,82,13592.35,1.66,
2026-10-08 09:49:06.631774+05:30,NIFTY,2026-10-13,True,41,82,22452.4,1.65,
2026-10-08 09:49:08.296927+05:30,NIFTY,2026-10-19,True,41,82,22453.25,1.66,
2026-10-08 09:49:09.963403+05:30,NIFTY,2026-10-27,True,41,82,22454.3,1.66,
2026-10-08 09:49:11.640698+05:30,BANKNIFTY,2026-10-27,True,41,82,54813.7,1.68,
2026-10-08 09:49:13.327354+05:30,BANKNIFTY,2026-11-23,True,41,82,54812.6,1.69,
2026-10-08 09:49:15.032510+05:30,SENSEX,2026-10-08,True,41,82,72204.26,1.71,
2026-10-08 09:49:17.739321+05:30,SENSEX,2026-10-15,True,41,82,72210.57,2.7,
2026-10-08 09:49:19.401227+05:30,FINNIFTY,2026-10-27,True,41,82,24779.95,1.66,
2026-10-08 09:49:21.183191+05:30,MIDCPNIFTY,2026-10-27,True,41,82,13609.6,1.78,
2026-10-08 09:50:06.625802+05:30,NIFTY,2026-10-13,True,41,82,22470.25,1.64,
2026-10-08 09:50:08.295741+05:30,NIFTY,2026-10-19,True,41,82,22471.0,1.68,
2026-10-08 09:50:09.986435+05:30,NIFTY,2026-10-27,True,41,82,22474.4,1.68,
2026-10-08 09:50:11.659519+05:30,BANKNIFTY,2026-10-27,True,41,82,54852.05,1.67,
2026-10-08 09:50:13.353652+05:30,BANKNIFTY,2026-11-23,True,41,82,54851.35,1.69,
2026-10-08 09:50:15.021632+05:30,SENSEX,2026-10-08,True,41,82,72265.28,1.67,
2026-10-08 09:50:16.686244+05:30,SENSEX,2026-10-15,True,41,82,72269.65,1.66,
2026-10-08 09:50:18.355734+05:30,FINNIFTY,2026-10-27,True,41,82,24788.1,1.67,
2026-10-08 09:50:20.019357+05:30,MIDCPNIFTY,2026-10-27,True,41,82,13624.6,1.66,
2026-10-08 09:51:06.798638+05:30,NIFTY,2026-10-13,True,41,82,22470.35,1.82,
2026-10-08 09:51:08.664209+05:30,NIFTY,2026-10-19,True,41,82,22472.35,1.87,
2026-10-08 09:51:10.677915+05:30,NIFTY,2026-10-27,True,41,82,22473.45,2.01,
2026-10-08 09:51:12.609604+05:30,BANKNIFTY,2026-10-27,True,41,82,54851.75,1.93,
2026-10-08 09:51:14.433605+05:30,BANKNIFTY,2026-11-23,True,41,82,54855.8,1.82,
2026-10-08 09:51:16.253651+05:30,SENSEX,2026-10-08,True,41,82,72266.61,1.82,
2026-10-08 09:51:18.074919+05:30,SENSEX,2026-10-15,True,41,82,72266.71,1.82,
2026-10-08 09:51:19.876059+05:30,FINNIFTY,2026-10-27,True,41,81,24789.9,1.8,
2026-10-08 09:51:21.676536+05:30,MIDCPNIFTY,2026-10-27,True,41,82,13625.15,1.8,
2026-10-08 09:52:06.795105+05:30,NIFTY,2026-10-13,True,41,82,22479.0,1.81,
2026-10-08 09:52:08.627244+05:30,NIFTY,2026-10-19,True,41,82,22479.75,1.83,
2026-10-08 09:52:10.434808+05:30,NIFTY,2026-10-27,True,41,82,22481.1,1.81,
2026-10-08 09:52:12.474255+05:30,BANKNIFTY,2026-10-27,True,41,82,54875.75,2.04,
2026-10-08 09:52:14.316291+05:30,BANKNIFTY,2026-11-23,True,41,82,54873.4,1.84,
2026-10-08 09:52:16.117998+05:30,SENSEX,2026-10-08,True,41,82,72281.0,1.81,
2026-10-08 09:52:17.957972+05:30,SENSEX,2026-10-15,True,41,82,72281.8,1.83,
2026-10-08 09:52:19.770464+05:30,FINNIFTY,2026-10-27,True,41,82,24795.1,1.81,
2026-10-08 09:52:21.580298+05:30,MIDCPNIFTY,2026-10-27,True,41,82,13632.4,1.81,
2026-10-08 09:53:06.762544+05:30,NIFTY,2026-10-13,True,41,82,22470.4,1.78,
2026-10-08 09:53:08.579790+05:30,NIFTY,2026-10-19,True,41,82,22469.9,1.82,
2026-10-08 09:53:10.404303+05:30,NIFTY,2026-10-27,True,41,82,22468.55,1.82,
2026-10-08 09:53:12.240100+05:30,BANKNIFTY,2026-10-27,True,41,82,54836.55,1.83,
2026-10-08 09:53:14.127558+05:30,BANKNIFTY,2026-11-23,True,41,82,54837.05,1.89,
2026-10-08 09:53:15.921211+05:30,SENSEX,2026-10-08,True,41,82,72256.44,1.8,
2026-10-08 09:53:17.709178+05:30,SENSEX,2026-10-15,True,41,82,72261.42,1.78,
2026-10-08 09:53:19.524309+05:30,FINNIFTY,2026-10-27,True,41,82,24779.4,1.81,
2026-10-08 09:53:21.342291+05:30,MIDCPNIFTY,2026-10-27,True,41,82,13619.1,1.82,
2026-10-08 09:54:06.793166+05:30,NIFTY,2026-10-13,True,41,82,22475.2,1.81,
2026-10-08 09:54:08.635849+05:30,NIFTY,2026-10-19,True,41,82,22476.1,1.84,
2026-10-08 09:54:10.477179+05:30,NIFTY,2026-10-27,True,41,82,22476.4,1.84,
2026-10-08 09:54:12.845397+05:30,BANKNIFTY,2026-10-27,True,41,82,54896.35,2.37,
2026-10-08 09:54:14.693613+05:30,BANKNIFTY,2026-11-23,True,41,82,54898.95,1.85,
2026-10-08 09:54:16.547382+05:30,SENSEX,2026-10-08,True,41,82,72270.22,1.86,
2026-10-08 09:54:18.376904+05:30,SENSEX,2026-10-15,True,41,82,72267.46,1.82,
2026-10-08 09:54:20.208267+05:30,FINNIFTY,2026-10-27,True,41,82,24790.2,1.83,
2026-10-08 09:54:22.051753+05:30,MIDCPNIFTY,2026-10-27,True,41,82,13622.45,1.84,
2026-10-08 09:55:06.785643+05:30,NIFTY,2026-10-13,True,41,82,22462.5,1.8,
2026-10-08 09:55:08.639803+05:30,NIFTY,2026-10-19,True,41,82,22464.15,1.85,
2026-10-08 09:55:10.484442+05:30,NIFTY,2026-10-27,True,41,82,22464.45,1.84,
2026-10-08 09:55:12.322802+05:30,BANKNIFTY,2026-10-27,True,41,82,54869.4,1.84,
2026-10-08 09:55:14.188361+05:30,BANKNIFTY,2026-11-23,True,41,82,54870.25,1.86,
2026-10-08 09:55:16.029808+05:30,SENSEX,2026-10-08,True,41,82,72236.06,1.85,
2026-10-08 09:55:17.881346+05:30,SENSEX,2026-10-15,True,41,82,72238.99,1.84,
2026-10-08 09:55:19.724210+05:30,FINNIFTY,2026-10-27,True,41,82,24781.55,1.84,
2026-10-08 09:55:21.587783+05:30,MIDCPNIFTY,2026-10-27,True,41,82,13628.55,1.86,
2026-10-08 09:56:06.756841+05:30,NIFTY,2026-10-13,True,41,82,22473.9,1.77,
2026-10-08 09:56:08.566720+05:30,NIFTY,2026-10-19,True,41,82,22474.35,1.81,
2026-10-08 09:56:10.396387+05:30,NIFTY,2026-10-27,True,41,82,22474.45,1.83,
2026-10-08 09:56:12.273838+05:30,BANKNIFTY,2026-10-27,True,41,82,54924.85,1.88,
2026-10-08 09:56:14.121174+05:30,BANKNIFTY,2026-11-23,True,41,82,54926.5,1.85,
2026-10-08 09:56:15.937403+05:30,SENSEX,2026-10-08,True,41,82,72268.98,1.82,
2026-10-08 09:56:17.763933+05:30,SENSEX,2026-10-15,True,41,82,72277.28,1.82,
2026-10-08 09:56:19.595150+05:30,FINNIFTY,2026-10-27,True,41,82,24789.25,1.83,
2026-10-08 09:56:21.428915+05:30,MIDCPNIFTY,2026-10-27,True,41,82,13628.9,1.83,
2026-10-08 09:57:06.794563+05:30,NIFTY,2026-10-13,True,41,82,22472.0,1.81,
2026-10-08 09:57:08.645561+05:30,NIFTY,2026-10-19,True,41,82,22471.75,1.85,
2026-10-08 09:57:10.477789+05:30,NIFTY,2026-10-27,True,41,82,22474.1,1.83,
2026-10-08 09:57:12.320300+05:30,BANKNIFTY,2026-10-27,True,41,82,54928.05,1.84,
2026-10-08 09:57:14.172859+05:30,BANKNIFTY,2026-11-23,True,41,82,54926.0,1.85,
2026-10-08 09:57:16.024874+05:30,SENSEX,2026-10-08,True,41,82,72278.81,1.86,
2026-10-08 09:57:17.857522+05:30,SENSEX,2026-10-15,True,41,82,72279.95,1.83,
2026-10-08 09:57:19.718942+05:30,FINNIFTY,2026-10-27,True,41,82,24791.35,1.86,
2026-10-08 09:57:21.571440+05:30,MIDCPNIFTY,2026-10-27,True,41,82,13630.3,1.85,
2026-10-08 09:58:06.789943+05:30,NIFTY,2026-10-13,True,41,82,22475.1,1.81,
2026-10-08 09:58:08.631484+05:30,NIFTY,2026-10-19,True,41,82,22476.2,1.84,
2026-10-08 09:58:10.462365+05:30,NIFTY,2026-10-27,True,41,82,22476.7,1.83,
2026-10-08 09:58:12.287161+05:30,BANKNIFTY,2026-10-27,True,41,82,54923.9,1.82,
2026-10-08 09:58:14.119651+05:30,BANKNIFTY,2026-11-23,True,41,82,54923.45,1.83,
2026-10-08 09:58:15.943799+05:30,SENSEX,2026-10-08,True,41,82,72278.92,1.83,
2026-10-08 09:58:17.762999+05:30,SENSEX,2026-10-15,True,41,82,72279.6,1.81,
2026-10-08 09:58:19.593318+05:30,FINNIFTY,2026-10-27,True,41,82,24791.25,1.83,
2026-10-08 09:58:21.425336+05:30,MIDCPNIFTY,2026-10-27,True,41,82,13628.05,1.83,
2026-10-08 09:59:06.781565+05:30,NIFTY,2026-10-13,True,41,82,22480.25,1.8,
2026-10-08 09:59:08.599784+05:30,NIFTY,2026-10-19,True,41,82,22479.85,1.82,
2026-10-08 09:59:10.498449+05:30,NIFTY,2026-10-27,True,41,82,22479.85,1.9,
2026-10-08 09:59:12.389549+05:30,BANKNIFTY,2026-10-27,True,41,82,54897.8,1.89,
2026-10-08 09:59:14.226830+05:30,BANKNIFTY,2026-11-23,True,41,82,54896.6,1.84,
2026-10-08 09:59:17.059446+05:30,SENSEX,2026-10-08,True,41,82,72285.26,2.84,
2026-10-08 09:59:18.870399+05:30,SENSEX,2026-10-15,True,41,82,72284.37,1.81,
2026-10-08 09:59:20.708226+05:30,FINNIFTY,2026-10-27,True,41,82,24788.25,1.83,
2026-10-08 09:59:22.512064+05:30,MIDCPNIFTY,2026-10-27,True,41,82,13624.3,1.8,
2026-10-08 10:00:06.788582+05:30,NIFTY,2026-10-13,True,41,82,22472.9,1.81,
2026-10-08 10:00:08.650225+05:30,NIFTY,2026-10-19,True,41,82,22472.75,1.86,
2026-10-08 10:00:10.508421+05:30,NIFTY,2026-10-27,True,41,82,22472.95,1.86,
2026-10-08 10:00:12.397700+05:30,BANKNIFTY,2026-10-27,True,41,82,54860.15,1.89,
2026-10-08 10:00:14.239100+05:30,BANKNIFTY,2026-11-23,True,41,82,54861.15,1.84,
2026-10-08 10:00:16.065600+05:30,SENSEX,2026-10-08,True,41,82,72272.75,1.83,
2026-10-08 10:00:17.885814+05:30,SENSEX,2026-10-15,True,41,82,72268.09,1.81,
2026-10-08 10:00:19.721144+05:30,FINNIFTY,2026-10-27,True,41,82,24780.5,1.83,
2026-10-08 10:00:21.550735+05:30,MIDCPNIFTY,2026-10-27,True,41,82,13619.7,1.83,
2026-10-08 10:01:06.786388+05:30,NIFTY,2026-10-13,True,41,82,22472.65,1.8,
2026-10-08 10:01:08.626829+05:30,NIFTY,2026-10-19,True,41,82,22474.1,1.84,
2026-10-08 10:01:10.481418+05:30,NIFTY,2026-10-27,True,41,82,22473.95,1.85,
2026-10-08 10:01:12.310964+05:30,BANKNIFTY,2026-10-27,True,41,82,54864.4,1.83,
2026-10-08 10:01:14.148159+05:30,BANKNIFTY,2026-11-23,True,41,82,54863.25,1.84,
2026-10-08 10:01:15.978241+05:30,SENSEX,2026-10-08,True,41,82,72266.24,1.83,
2026-10-08 10:01:17.802652+05:30,SENSEX,2026-10-15,True,41,82,72267.29,1.82,
2026-10-08 10:01:19.641128+05:30,FINNIFTY,2026-10-27,True,41,82,24777.65,1.84,
2026-10-08 10:01:21.476396+05:30,MIDCPNIFTY,2026-10-27,True,41,82,13623.65,1.83,
2026-10-08 10:02:06.815391+05:30,NIFTY,2026-10-13,True,41,82,22468.3,1.83,
2026-10-08 10:02:08.643701+05:30,NIFTY,2026-10-19,True,41,82,22469.05,1.83,
2026-10-08 10:02:10.479272+05:30,NIFTY,2026-10-27,True,41,82,22468.9,1.83,
2026-10-08 10:02:12.329013+05:30,BANKNIFTY,2026-10-27,True,41,82,54855.45,1.85,
2026-10-08 10:02:14.825464+05:30,BANKNIFTY,2026-11-23,True,41,82,54858.95,2.5,
2026-10-08 10:02:16.656665+05:30,SENSEX,2026-10-08,True,41,82,72243.47,1.84,
2026-10-08 10:02:19.513304+05:30,SENSEX,2026-10-15,True,41,82,72240.59,2.85,
2026-10-08 10:02:21.367945+05:30,FINNIFTY,2026-10-27,True,41,82,24777.25,1.85,
2026-10-08 10:02:23.206738+05:30,MIDCPNIFTY,2026-10-27,True,41,82,13627.05,1.84,
2026-10-08 10:03:06.640992+05:30,NIFTY,2026-10-13,True,41,82,22473.85,1.66,
2026-10-08 10:03:08.330717+05:30,NIFTY,2026-10-19,True,41,82,22473.6,1.7,
2026-10-08 10:03:10.023777+05:30,NIFTY,2026-10-27,True,41,82,22471.85,1.68,
2026-10-08 10:03:11.722507+05:30,BANKNIFTY,2026-10-27,True,41,82,54852.35,1.7,
2026-10-08 10:03:13.414696+05:30,BANKNIFTY,2026-11-23,True,41,82,54850.4,1.69,
2026-10-08 10:03:15.107150+05:30,SENSEX,2026-10-08,True,41,82,72261.86,1.7,
2026-10-08 10:03:16.799704+05:30,SENSEX,2026-10-15,True,41,82,72265.78,1.69,
2026-10-08 10:03:18.506801+05:30,FINNIFTY,2026-10-27,True,41,82,24766.55,1.7,
2026-10-08 10:03:20.201241+05:30,MIDCPNIFTY,2026-10-27,True,41,82,13623.85,1.69,
2026-10-08 10:04:06.631326+05:30,NIFTY,2026-10-13,True,41,82,22473.8,1.65,
2026-10-08 10:04:08.330249+05:30,NIFTY,2026-10-19,True,41,82,22475.9,1.7,
2026-10-08 10:04:10.035682+05:30,NIFTY,2026-10-27,True,41,82,22476.45,1.7,
2026-10-08 10:04:11.744474+05:30,BANKNIFTY,2026-10-27,True,41,82,54853.35,1.71,
2026-10-08 10:04:13.466256+05:30,BANKNIFTY,2026-11-23,True,41,82,54858.6,1.72,
2026-10-08 10:04:15.151870+05:30,SENSEX,2026-10-08,True,41,82,72266.13,1.69,
2026-10-08 10:04:16.842614+05:30,SENSEX,2026-10-15,True,41,82,72265.79,1.69,
2026-10-08 10:04:18.529554+05:30,FINNIFTY,2026-10-27,True,41,82,24774.05,1.68,
2026-10-08 10:04:20.222361+05:30,MIDCPNIFTY,2026-10-27,True,41,82,13628.1,1.69,
2026-10-08 10:05:06.643775+05:30,NIFTY,2026-10-13,True,41,82,22483.4,1.66,
2026-10-08 10:05:08.359391+05:30,NIFTY,2026-10-19,True,41,82,22482.75,1.72,
2026-10-08 10:05:10.079366+05:30,NIFTY,2026-10-27,True,41,82,22483.05,1.72,
2026-10-08 10:05:11.783770+05:30,BANKNIFTY,2026-10-27,True,41,82,54866.8,1.7,
2026-10-08 10:05:13.486581+05:30,BANKNIFTY,2026-11-23,True,41,82,54863.8,1.7,
2026-10-08 10:05:15.168034+05:30,SENSEX,2026-10-08,True,41,82,72284.75,1.69,
2026-10-08 10:05:16.849623+05:30,SENSEX,2026-10-15,True,41,82,72282.09,1.68,
2026-10-08 10:05:18.544247+05:30,FINNIFTY,2026-10-27,True,41,82,24775.7,1.69,
2026-10-08 10:05:20.250965+05:30,MIDCPNIFTY,2026-10-27,True,41,82,13633.2,1.71,
2026-10-08 10:06:07.729467+05:30,NIFTY,2026-10-13,True,41,82,22480.05,2.75,
2026-10-08 10:06:09.551068+05:30,NIFTY,2026-10-19,True,41,82,22479.65,1.82,
2026-10-08 10:06:11.445269+05:30,NIFTY,2026-10-27,True,41,82,22479.3,1.89,
2026-10-08 10:06:13.308825+05:30,BANKNIFTY,2026-10-27,True,41,82,54897.35,1.86,
2026-10-08 10:06:15.149354+05:30,BANKNIFTY,2026-11-23,True,41,82,54899.5,1.84,
2026-10-08 10:06:16.965620+05:30,SENSEX,2026-10-08,True,41,82,72287.73,1.82,
2026-10-08 10:06:18.772066+05:30,SENSEX,2026-10-15,True,41,82,72288.37,1.8,
2026-10-08 10:06:20.603543+05:30,FINNIFTY,2026-10-27,True,41,82,24784.75,1.83,
2026-10-08 10:06:22.405837+05:30,MIDCPNIFTY,2026-10-27,True,41,82,13638.65,1.8,
2026-10-08 10:07:06.772902+05:30,NIFTY,2026-10-13,True,41,82,22473.85,1.79,
2026-10-08 10:07:08.637283+05:30,NIFTY,2026-10-19,True,41,82,22474.6,1.87,
2026-10-08 10:07:11.005583+05:30,NIFTY,2026-10-27,True,41,82,22475.0,2.37,
2026-10-08 10:07:12.749898+05:30,BANKNIFTY,2026-10-27,True,41,82,54889.55,1.74,
2026-10-08 10:07:14.483981+05:30,BANKNIFTY,2026-11-23,True,41,82,54888.6,1.73,
2026-10-08 10:07:16.215203+05:30,SENSEX,2026-10-08,True,41,82,72272.73,1.74,
2026-10-08 10:07:17.932340+05:30,SENSEX,2026-10-15,True,41,82,72271.03,1.71,
2026-10-08 10:07:19.654486+05:30,FINNIFTY,2026-10-27,True,41,82,24777.1,1.72,
2026-10-08 10:07:21.399085+05:30,MIDCPNIFTY,2026-10-27,True,41,82,13631.65,1.74,
2026-10-08 10:08:06.688613+05:30,NIFTY,2026-10-13,True,41,82,22478.35,1.71,
2026-10-08 10:08:08.442812+05:30,NIFTY,2026-10-19,True,41,82,22478.2,1.76,
2026-10-08 10:08:10.196704+05:30,NIFTY,2026-10-27,True,41,82,22477.95,1.75,
2026-10-08 10:08:11.959370+05:30,BANKNIFTY,2026-10-27,True,41,82,54895.8,1.76,
2026-10-08 10:08:13.749815+05:30,BANKNIFTY,2026-11-23,True,41,82,54894.45,1.79,
2026-10-08 10:08:15.479531+05:30,SENSEX,2026-10-08,True,41,82,72282.88,1.73,
2026-10-08 10:08:17.216287+05:30,SENSEX,2026-10-15,True,41,82,72284.16,1.73,
2026-10-08 10:08:18.962228+05:30,FINNIFTY,2026-10-27,True,41,82,24785.05,1.74,
2026-10-08 10:08:20.707975+05:30,MIDCPNIFTY,2026-10-27,True,41,82,13635.0,1.75,
2026-10-08 10:09:06.681326+05:30,NIFTY,2026-10-13,True,41,82,22471.75,1.7,
2026-10-08 10:09:08.467379+05:30,NIFTY,2026-10-19,True,41,82,22471.55,1.79,
2026-10-08 10:09:10.198865+05:30,NIFTY,2026-10-27,True,41,82,22474.15,1.73,
2026-10-08 10:09:13.021735+05:30,BANKNIFTY,2026-10-27,True,41,82,54872.05,2.82,
2026-10-08 10:09:14.756433+05:30,BANKNIFTY,2026-11-23,True,41,82,54874.1,1.73,
2026-10-08 10:09:16.489940+05:30,SENSEX,2026-10-08,True,41,82,72254.25,1.74,
2026-10-08 10:09:18.214339+05:30,SENSEX,2026-10-15,True,41,82,72252.43,1.72,
2026-10-08 10:09:19.946926+05:30,FINNIFTY,2026-10-27,True,41,82,24778.8,1.73,
2026-10-08 10:09:21.686922+05:30,MIDCPNIFTY,2026-10-27,True,41,82,13635.7,1.74,
2026-10-08 10:10:06.718219+05:30,NIFTY,2026-10-13,True,41,82,22467.35,1.74,
2026-10-08 10:10:08.791553+05:30,NIFTY,2026-10-19,True,41,82,22467.4,2.07,
2026-10-08 10:10:10.537142+05:30,NIFTY,2026-10-27,True,41,82,22466.05,1.74,
2026-10-08 10:10:12.285855+05:30,BANKNIFTY,2026-10-27,True,41,82,54863.2,1.75,
2026-10-08 10:10:14.045857+05:30,BANKNIFTY,2026-11-23,True,41,82,54868.55,1.76,
2026-10-08 10:10:15.784355+05:30,SENSEX,2026-10-08,True,41,82,72243.55,1.74,
2026-10-08 10:10:17.515990+05:30,SENSEX,2026-10-15,True,41,82,72243.04,1.73,
2026-10-08 10:10:19.496746+05:30,FINNIFTY,2026-10-27,True,41,82,24784.1,1.98,
2026-10-08 10:10:21.212436+05:30,MIDCPNIFTY,2026-10-27,True,41,82,13636.95,1.71,
2026-10-08 10:11:06.680004+05:30,NIFTY,2026-10-13,True,41,82,22474.35,1.7,
2026-10-08 10:11:08.402484+05:30,NIFTY,2026-10-19,True,41,82,22475.05,1.72,
2026-10-08 10:11:10.118972+05:30,NIFTY,2026-10-27,True,41,82,22475.5,1.72,
2026-10-08 10:11:11.845981+05:30,BANKNIFTY,2026-10-27,True,41,82,54887.5,1.72,
2026-10-08 10:11:13.587879+05:30,BANKNIFTY,2026-11-23,True,41,82,54887.0,1.74,
2026-10-08 10:11:15.322345+05:30,SENSEX,2026-10-08,True,41,82,72268.19,1.74,
2026-10-08 10:11:17.076939+05:30,SENSEX,2026-10-15,True,41,82,72271.45,1.75,
2026-10-08 10:11:18.805871+05:30,FINNIFTY,2026-10-27,True,41,82,24798.85,1.73,
2026-10-08 10:11:20.535511+05:30,MIDCPNIFTY,2026-10-27,True,41,82,13640.9,1.73,
2026-10-08 10:12:06.685262+05:30,NIFTY,2026-10-13,True,41,82,22485.65,1.7,
2026-10-08 10:12:08.413063+05:30,NIFTY,2026-10-19,True,41,82,22486.85,1.73,
2026-10-08 10:12:10.151321+05:30,NIFTY,2026-10-27,True,41,82,22487.05,1.74,
2026-10-08 10:12:11.884882+05:30,BANKNIFTY,2026-10-27,True,41,82,54944.8,1.73,
2026-10-08 10:12:13.633188+05:30,BANKNIFTY,2026-11-23,True,41,82,54943.7,1.75,
2026-10-08 10:12:15.372607+05:30,SENSEX,2026-10-08,True,41,82,72305.54,1.75,
2026-10-08 10:12:17.098872+05:30,SENSEX,2026-10-15,True,41,82,72303.71,1.72,
2026-10-08 10:12:19.270007+05:30,FINNIFTY,2026-10-27,True,41,82,24808.0,2.17,
2026-10-08 10:12:20.994753+05:30,MIDCPNIFTY,2026-10-27,True,41,82,13647.25,1.72,
2026-10-08 10:13:06.671972+05:30,NIFTY,2026-10-13,True,41,82,22494.15,1.69,
2026-10-08 10:13:08.405619+05:30,NIFTY,2026-10-19,True,41,82,22495.5,1.73,
2026-10-08 10:13:10.130389+05:30,NIFTY,2026-10-27,True,41,82,22495.95,1.72,
2026-10-08 10:13:11.862938+05:30,BANKNIFTY,2026-10-27,True,41,82,54972.2,1.73,
2026-10-08 10:13:13.599035+05:30,BANKNIFTY,2026-11-23,True,41,82,54972.35,1.73,
2026-10-08 10:13:15.318907+05:30,SENSEX,2026-10-08,True,41,82,72344.35,1.72,
2026-10-08 10:13:17.043565+05:30,SENSEX,2026-10-15,True,41,82,72344.58,1.72,
2026-10-08 10:13:18.759671+05:30,FINNIFTY,2026-10-27,True,41,82,24825.8,1.71,
2026-10-08 10:13:20.484444+05:30,MIDCPNIFTY,2026-10-27,True,41,82,13655.7,1.72,
2026-10-08 10:14:07.719071+05:30,NIFTY,2026-10-13,True,41,82,22494.6,2.74,
2026-10-08 10:14:09.468145+05:30,NIFTY,2026-10-19,True,41,82,22493.5,1.76,
2026-10-08 10:14:11.197456+05:30,NIFTY,2026-10-27,True,41,82,22495.75,1.72,
2026-10-08 10:14:12.929685+05:30,BANKNIFTY,2026-10-27,True,41,82,54972.35,1.73,
2026-10-08 10:14:14.667484+05:30,BANKNIFTY,2026-11-23,True,41,82,54976.5,1.74,
2026-10-08 10:14:16.383886+05:30,SENSEX,2026-10-08,True,41,82,72338.55,1.72,
2026-10-08 10:14:18.087532+05:30,SENSEX,2026-10-15,True,41,82,72339.97,1.7,
2026-10-08 10:14:19.826758+05:30,FINNIFTY,2026-10-27,True,41,82,24823.15,1.74,
2026-10-08 10:14:21.539841+05:30,MIDCPNIFTY,2026-10-27,True,41,82,13658.6,1.71,
2026-10-08 10:15:06.682742+05:30,NIFTY,2026-10-13,True,41,82,22486.05,1.7,
2026-10-08 10:15:08.425830+05:30,NIFTY,2026-10-19,True,41,82,22486.1,1.74,
2026-10-08 10:15:10.143809+05:30,NIFTY,2026-10-27,True,41,82,22485.85,1.72,
2026-10-08 10:15:11.882896+05:30,BANKNIFTY,2026-10-27,True,41,82,54939.95,1.74,
2026-10-08 10:15:13.614965+05:30,BANKNIFTY,2026-11-23,True,41,82,54944.5,1.73,
2026-10-08 10:15:15.328733+05:30,SENSEX,2026-10-08,True,41,82,72301.34,1.72,
2026-10-08 10:15:17.046871+05:30,SENSEX,2026-10-15,True,41,82,72305.51,1.71,
2026-10-08 10:15:18.765241+05:30,FINNIFTY,2026-10-27,True,41,82,24807.65,1.72,
2026-10-08 10:15:20.483192+05:30,MIDCPNIFTY,2026-10-27,True,41,82,13652.4,1.72,
2026-10-08 10:16:06.701719+05:30,NIFTY,2026-10-13,True,41,82,22489.0,1.72,
2026-10-08 10:16:08.434063+05:30,NIFTY,2026-10-19,True,41,82,22490.0,1.73,
2026-10-08 10:16:10.157252+05:30,NIFTY,2026-10-27,True,41,82,22490.3,1.72,
2026-10-08 10:16:11.888833+05:30,BANKNIFTY,2026-10-27,True,41,82,54984.8,1.73,
2026-10-08 10:16:13.619255+05:30,BANKNIFTY,2026-11-23,True,41,82,54981.8,1.73,
2026-10-08 10:16:15.336621+05:30,SENSEX,2026-10-08,True,41,82,72320.16,1.72,
2026-10-08 10:16:17.062923+05:30,SENSEX,2026-10-15,True,41,82,72318.01,1.72,
2026-10-08 10:16:18.787477+05:30,FINNIFTY,2026-10-27,True,41,82,24818.75,1.72,
2026-10-08 10:16:20.523755+05:30,MIDCPNIFTY,2026-10-27,True,41,82,13649.95,1.73,
2026-10-08 10:17:06.709034+05:30,NIFTY,2026-10-13,True,41,82,22476.9,1.73,
2026-10-08 10:17:08.451356+05:30,NIFTY,2026-10-19,True,41,82,22477.3,1.74,
2026-10-08 10:17:10.173308+05:30,NIFTY,2026-10-27,True,41,82,22477.75,1.72,
2026-10-08 10:17:11.911110+05:30,BANKNIFTY,2026-10-27,True,41,82,54932.7,1.74,
2026-10-08 10:17:13.640445+05:30,BANKNIFTY,2026-11-23,True,41,82,54933.6,1.73,
2026-10-08 10:17:15.357099+05:30,SENSEX,2026-10-08,True,41,82,72288.0,1.72,
2026-10-08 10:17:17.128946+05:30,SENSEX,2026-10-15,True,41,82,72291.95,1.76,
2026-10-08 10:17:18.866008+05:30,FINNIFTY,2026-10-27,True,41,82,24803.55,1.73,
2026-10-08 10:17:20.573833+05:30,MIDCPNIFTY,2026-10-27,True,41,82,13640.6,1.71,
2026-10-08 10:18:07.243957+05:30,NIFTY,2026-10-13,True,41,82,22475.2,2.26,
2026-10-08 10:18:09.000952+05:30,NIFTY,2026-10-19,True,41,82,22475.1,1.76,
2026-10-08 10:18:10.765796+05:30,NIFTY,2026-10-27,True,41,82,22474.9,1.76,
2026-10-08 10:18:12.523779+05:30,BANKNIFTY,2026-10-27,True,41,82,54939.55,1.76,
2026-10-08 10:18:14.305178+05:30,BANKNIFTY,2026-11-23,True,41,82,54945.45,1.78,
2026-10-08 10:18:16.064832+05:30,SENSEX,2026-10-08,True,41,82,72277.18,1.77,
2026-10-08 10:18:17.823456+05:30,SENSEX,2026-10-15,True,41,82,72279.61,1.75,
2026-10-08 10:18:20.589944+05:30,FINNIFTY,2026-10-27,True,41,82,24802.3,2.76,
2026-10-08 10:18:22.352072+05:30,MIDCPNIFTY,2026-10-27,True,41,82,13643.4,1.76,
2026-10-08 10:19:06.705096+05:30,NIFTY,2026-10-13,True,41,82,22474.5,1.72,
2026-10-08 10:19:08.461937+05:30,NIFTY,2026-10-19,True,41,82,22474.95,1.76,
2026-10-08 10:19:10.214655+05:30,NIFTY,2026-10-27,True,41,82,22473.85,1.75,
2026-10-08 10:19:11.980112+05:30,BANKNIFTY,2026-10-27,True,41,82,54929.8,1.76,
2026-10-08 10:19:13.762996+05:30,BANKNIFTY,2026-11-23,True,41,82,54931.4,1.78,
2026-10-08 10:19:15.513088+05:30,SENSEX,2026-10-08,True,41,82,72280.65,1.76,
2026-10-08 10:19:17.258624+05:30,SENSEX,2026-10-15,True,41,82,72280.28,1.74,
2026-10-08 10:19:19.016617+05:30,FINNIFTY,2026-10-27,True,41,82,24797.85,1.75,
2026-10-08 10:19:20.816781+05:30,MIDCPNIFTY,2026-10-27,True,41,82,13640.0,1.8,
2026-10-08 10:20:06.699077+05:30,NIFTY,2026-10-13,True,41,82,22457.1,1.75,
2026-10-08 10:20:08.458533+05:30,NIFTY,2026-10-19,True,41,82,22457.75,1.73,
2026-10-08 10:20:10.233495+05:30,NIFTY,2026-10-27,True,41,82,22455.65,1.77,
2026-10-08 10:20:11.994855+05:30,BANKNIFTY,2026-10-27,True,41,82,54883.2,1.76,
2026-10-08 10:20:13.759158+05:30,BANKNIFTY,2026-11-23,True,41,82,54881.75,1.76,
2026-10-08 10:20:16.550135+05:30,SENSEX,2026-10-08,True,41,82,72221.3,2.8,
2026-10-08 10:20:18.280088+05:30,SENSEX,2026-10-15,True,41,82,72212.24,1.72,
2026-10-08 10:20:20.034618+05:30,FINNIFTY,2026-10-27,True,41,82,24776.25,1.75,
2026-10-08 10:20:21.779876+05:30,MIDCPNIFTY,2026-10-27,True,41,82,13623.7,1.74,
2026-10-08 10:21:06.703369+05:30,NIFTY,2026-10-13,True,41,82,22444.15,1.72,
2026-10-08 10:21:08.449948+05:30,NIFTY,2026-10-19,True,41,82,22444.55,1.75,
2026-10-08 10:21:10.214674+05:30,NIFTY,2026-10-27,True,41,82,22444.35,1.76,
2026-10-08 10:21:11.990419+05:30,BANKNIFTY,2026-10-27,True,41,82,54864.1,1.77,
2026-10-08 10:21:13.762650+05:30,BANKNIFTY,2026-11-23,True,41,82,54861.8,1.77,
2026-10-08 10:21:15.534349+05:30,SENSEX,2026-10-08,True,41,82,72185.33,1.78,
2026-10-08 10:21:17.276639+05:30,SENSEX,2026-10-15,True,41,82,72176.68,1.74,
2026-10-08 10:21:19.025605+05:30,FINNIFTY,2026-10-27,True,41,82,24757.35,1.75,
2026-10-08 10:21:20.791720+05:30,MIDCPNIFTY,2026-10-27,True,41,82,13614.25,1.76,
2026-10-08 10:22:07.375120+05:30,NIFTY,2026-10-13,True,41,82,22448.4,2.39,
2026-10-08 10:22:09.223145+05:30,NIFTY,2026-10-19,True,41,82,22448.9,1.85,
2026-10-08 10:22:11.071240+05:30,NIFTY,2026-10-27,True,41,82,22447.65,1.85,
2026-10-08 10:22:12.930142+05:30,BANKNIFTY,2026-10-27,True,41,82,54878.3,1.86,
2026-10-08 10:22:14.772268+05:30,BANKNIFTY,2026-11-23,True,41,82,54878.8,1.84,
2026-10-08 10:22:16.616745+05:30,SENSEX,2026-10-08,True,41,82,72193.2,1.85,
2026-10-08 10:22:18.444857+05:30,SENSEX,2026-10-15,True,41,82,72196.63,1.82,
2026-10-08 10:22:20.267704+05:30,FINNIFTY,2026-10-27,True,41,82,24776.7,1.82,
2026-10-08 10:22:22.092423+05:30,MIDCPNIFTY,2026-10-27,True,41,82,13619.1,1.82,
2026-10-08 10:23:06.797774+05:30,NIFTY,2026-10-13,True,41,82,22452.55,1.82,
2026-10-08 10:23:08.633080+05:30,NIFTY,2026-10-19,True,41,82,22452.25,1.84,
2026-10-08 10:23:10.880374+05:30,NIFTY,2026-10-27,True,41,82,22452.5,2.24,
2026-10-08 10:23:12.746269+05:30,BANKNIFTY,2026-10-27,True,41,82,54878.35,1.86,
2026-10-08 10:23:14.579920+05:30,BANKNIFTY,2026-11-23,True,41,82,54882.2,1.83,
2026-10-08 10:23:16.408220+05:30,SENSEX,2026-10-08,True,41,82,72212.51,1.83,
2026-10-08 10:23:18.257442+05:30,SENSEX,2026-10-15,True,41,82,72212.79,1.84,
2026-10-08 10:23:20.528718+05:30,FINNIFTY,2026-10-27,True,41,82,24780.65,2.27,
2026-10-08 10:23:22.344520+05:30,MIDCPNIFTY,2026-10-27,True,41,82,13618.6,1.81,
2026-10-08 10:24:06.795413+05:30,NIFTY,2026-10-13,True,41,82,22449.45,1.81,
2026-10-08 10:24:08.644418+05:30,NIFTY,2026-10-19,True,41,82,22450.7,1.86,
2026-10-08 10:24:11.565925+05:30,NIFTY,2026-10-27,True,41,82,22450.8,2.91,
2026-10-08 10:24:13.423012+05:30,BANKNIFTY,2026-10-27,True,41,82,54884.0,1.86,
2026-10-08 10:24:16.366504+05:30,BANKNIFTY,2026-11-23,True,41,82,54887.05,2.94,
2026-10-08 10:24:18.206794+05:30,SENSEX,2026-10-08,True,41,82,72203.97,1.85,
2026-10-08 10:24:20.040695+05:30,SENSEX,2026-10-15,True,41,82,72211.14,1.83,
2026-10-08 10:24:21.860032+05:30,FINNIFTY,2026-10-27,True,41,82,24782.45,1.82,
2026-10-08 10:24:23.712152+05:30,MIDCPNIFTY,2026-10-27,True,41,82,13622.0,1.85,
2026-10-08 10:25:06.811259+05:30,NIFTY,2026-10-13,True,41,82,22457.4,1.83,
2026-10-08 10:25:08.698214+05:30,NIFTY,2026-10-19,True,41,82,22457.15,1.89,
2026-10-08 10:25:10.545538+05:30,NIFTY,2026-10-27,True,41,82,22460.45,1.85,
2026-10-08 10:25:12.404447+05:30,BANKNIFTY,2026-10-27,True,41,82,54903.75,1.86,
2026-10-08 10:25:14.264735+05:30,BANKNIFTY,2026-11-23,True,41,82,54903.5,1.86,
2026-10-08 10:25:16.092769+05:30,SENSEX,2026-10-08,True,41,82,72226.18,1.83,
2026-10-08 10:25:17.927796+05:30,SENSEX,2026-10-15,True,41,82,72236.34,1.83,
2026-10-08 10:25:19.762859+05:30,FINNIFTY,2026-10-27,True,41,82,24795.9,1.83,
2026-10-08 10:25:21.585214+05:30,MIDCPNIFTY,2026-10-27,True,41,82,13628.1,1.82,
2026-10-08 10:26:06.778501+05:30,NIFTY,2026-10-13,True,41,82,22468.7,1.8,
2026-10-08 10:26:08.621960+05:30,NIFTY,2026-10-19,True,41,82,22468.95,1.85,
2026-10-08 10:26:10.474950+05:30,NIFTY,2026-10-27,True,41,82,22470.0,1.84,
2026-10-08 10:26:12.333170+05:30,BANKNIFTY,2026-10-27,True,41,82,54946.85,1.86,
2026-10-08 10:26:15.208365+05:30,BANKNIFTY,2026-11-23,True,41,82,54943.3,2.87,
2026-10-08 10:26:17.043551+05:30,SENSEX,2026-10-08,True,41,82,72250.78,1.84,
2026-10-08 10:26:18.884130+05:30,SENSEX,2026-10-15,True,41,82,72250.78,1.83,
2026-10-08 10:26:20.714756+05:30,FINNIFTY,2026-10-27,True,41,82,24813.55,1.83,
2026-10-08 10:26:22.580513+05:30,MIDCPNIFTY,2026-10-27,True,41,82,13634.15,1.86,
2026-10-08 10:27:06.783343+05:30,NIFTY,2026-10-13,True,41,82,22461.1,1.8,
2026-10-08 10:27:08.630558+05:30,NIFTY,2026-10-19,True,41,82,22462.45,1.85,
2026-10-08 10:27:10.473962+05:30,NIFTY,2026-10-27,True,41,82,22462.65,1.84,
2026-10-08 10:27:12.311833+05:30,BANKNIFTY,2026-10-27,True,41,82,54910.3,1.84,
2026-10-08 10:27:14.162365+05:30,BANKNIFTY,2026-11-23,True,41,82,54909.35,1.85,
2026-10-08 10:27:15.994648+05:30,SENSEX,2026-10-08,True,41,82,72242.29,1.84,
2026-10-08 10:27:17.815933+05:30,SENSEX,2026-10-15,True,41,82,72241.33,1.82,
2026-10-08 10:27:19.628910+05:30,FINNIFTY,2026-10-27,True,41,82,24805.0,1.81,
2026-10-08 10:27:21.458579+05:30,MIDCPNIFTY,2026-10-27,True,41,82,13626.55,1.83,
2026-10-08 10:28:06.784710+05:30,NIFTY,2026-10-13,True,41,82,22467.75,1.8,
2026-10-08 10:28:08.619765+05:30,NIFTY,2026-10-19,True,41,82,22468.9,1.84,
2026-10-08 10:28:10.441932+05:30,NIFTY,2026-10-27,True,41,82,22468.8,1.82,
2026-10-08 10:28:12.285022+05:30,BANKNIFTY,2026-10-27,True,41,82,54932.1,1.84,
2026-10-08 10:28:14.245127+05:30,BANKNIFTY,2026-11-23,True,41,82,54926.45,1.96,
2026-10-08 10:28:16.070268+05:30,SENSEX,2026-10-08,True,41,82,72264.44,1.83,
2026-10-08 10:28:17.895769+05:30,SENSEX,2026-10-15,True,41,82,72263.96,1.82,
2026-10-08 10:28:19.734193+05:30,FINNIFTY,2026-10-27,True,41,82,24806.2,1.84,
2026-10-08 10:28:21.570931+05:30,MIDCPNIFTY,2026-10-27,True,41,82,13629.6,1.84,
2026-10-08 10:29:06.807149+05:30,NIFTY,2026-10-13,True,41,82,22466.2,1.82,
2026-10-08 10:29:08.761532+05:30,NIFTY,2026-10-19,True,41,82,22465.1,1.95,
2026-10-08 10:29:10.650520+05:30,NIFTY,2026-10-27,True,41,82,22465.8,1.89,
2026-10-08 10:29:12.576768+05:30,BANKNIFTY,2026-10-27,True,41,82,54924.8,1.92,
2026-10-08 10:29:14.415552+05:30,BANKNIFTY,2026-11-23,True,41,82,54926.0,1.84,
2026-10-08 10:29:16.243641+05:30,SENSEX,2026-10-08,True,41,82,72258.86,1.83,
2026-10-08 10:29:18.066764+05:30,SENSEX,2026-10-15,True,41,82,72262.08,1.82,
2026-10-08 10:29:19.888980+05:30,FINNIFTY,2026-10-27,True,41,82,24813.15,1.82,
2026-10-08 10:29:21.728443+05:30,MIDCPNIFTY,2026-10-27,True,41,82,13625.75,1.84,
2026-10-08 10:30:06.816571+05:30,NIFTY,2026-10-13,True,41,82,22462.9,1.83,
2026-10-08 10:30:08.662277+05:30,NIFTY,2026-10-19,True,41,82,22464.25,1.85,
2026-10-08 10:30:10.514350+05:30,NIFTY,2026-10-27,True,41,82,22464.15,1.85,
2026-10-08 10:30:12.363373+05:30,BANKNIFTY,2026-10-27,True,41,82,54919.7,1.85,
2026-10-08 10:30:14.239706+05:30,BANKNIFTY,2026-11-23,True,41,82,54912.7,1.87,
2026-10-08 10:30:16.092080+05:30,SENSEX,2026-10-08,True,41,82,72244.97,1.86,
2026-10-08 10:30:18.062341+05:30,SENSEX,2026-10-15,True,41,82,72248.65,1.96,
2026-10-08 10:30:19.935485+05:30,FINNIFTY,2026-10-27,True,41,82,24799.6,1.87,
2026-10-08 10:30:21.783766+05:30,MIDCPNIFTY,2026-10-27,True,41,82,13617.1,1.85,
2026-10-08 10:31:06.807071+05:30,NIFTY,2026-10-13,True,41,82,22452.0,1.82,
2026-10-08 10:31:08.642339+05:30,NIFTY,2026-10-19,True,41,82,22451.65,1.84,
2026-10-08 10:31:10.483104+05:30,NIFTY,2026-10-27,True,41,82,22451.5,1.84,
2026-10-08 10:31:12.337209+05:30,BANKNIFTY,2026-10-27,True,41,82,54899.7,1.85,
2026-10-08 10:31:14.693491+05:30,BANKNIFTY,2026-11-23,True,41,82,54899.3,2.35,
2026-10-08 10:31:16.547712+05:30,SENSEX,2026-10-08,True,41,82,72209.94,1.86,
2026-10-08 10:31:18.369117+05:30,SENSEX,2026-10-15,True,41,82,72208.85,1.82,
2026-10-08 10:31:20.201850+05:30,FINNIFTY,2026-10-27,True,41,82,24797.6,1.83,
2026-10-08 10:31:22.047921+05:30,MIDCPNIFTY,2026-10-27,True,41,82,13612.05,1.84,
2026-10-08 10:32:07.244618+05:30,NIFTY,2026-10-13,True,41,82,22452.25,2.26,
2026-10-08 10:32:08.976263+05:30,NIFTY,2026-10-19,True,41,82,22451.8,1.73,
2026-10-08 10:32:10.725214+05:30,NIFTY,2026-10-27,True,41,82,22452.05,1.74,
2026-10-08 10:32:12.466869+05:30,BANKNIFTY,2026-10-27,True,41,82,54898.55,1.74,
2026-10-08 10:32:14.202948+05:30,BANKNIFTY,2026-11-23,True,41,82,54886.15,1.73,
2026-10-08 10:32:15.944011+05:30,SENSEX,2026-10-08,True,41,82,72200.49,1.75,
2026-10-08 10:32:17.692133+05:30,SENSEX,2026-10-15,True,41,82,72202.88,1.74,
2026-10-08 10:32:19.421501+05:30,FINNIFTY,2026-10-27,True,41,82,24791.15,1.73,
2026-10-08 10:32:21.151353+05:30,MIDCPNIFTY,2026-10-27,True,41,82,13615.05,1.73,
2026-10-08 10:33:07.725994+05:30,NIFTY,2026-10-13,True,41,82,22438.75,2.74,
2026-10-08 10:33:09.440003+05:30,NIFTY,2026-10-19,True,41,82,22436.95,1.71,
2026-10-08 10:33:11.158904+05:30,NIFTY,2026-10-27,True,41,82,22437.55,1.72,
2026-10-08 10:33:12.891710+05:30,BANKNIFTY,2026-10-27,True,41,82,54845.8,1.73,
2026-10-08 10:33:15.667384+05:30,BANKNIFTY,2026-11-23,True,41,82,54842.85,2.77,
2026-10-08 10:33:17.393137+05:30,SENSEX,2026-10-08,True,41,82,72162.52,1.73,
2026-10-08 10:33:19.114964+05:30,SENSEX,2026-10-15,True,41,82,72165.04,1.72,
2026-10-08 10:33:20.885212+05:30,FINNIFTY,2026-10-27,True,41,82,24777.75,1.77,
2026-10-08 10:33:22.623955+05:30,MIDCPNIFTY,2026-10-27,True,41,82,13603.8,1.74,
2026-10-08 10:34:06.707156+05:30,NIFTY,2026-10-13,True,41,82,22444.0,1.72,
2026-10-08 10:34:08.456028+05:30,NIFTY,2026-10-19,True,41,82,22444.6,1.76,
2026-10-08 10:34:10.200230+05:30,NIFTY,2026-10-27,True,41,82,22443.65,1.73,
2026-10-08 10:34:11.935344+05:30,BANKNIFTY,2026-10-27,True,41,82,54863.55,1.73,
2026-10-08 10:34:13.701546+05:30,BANKNIFTY,2026-11-23,True,41,82,54864.05,1.77,
2026-10-08 10:34:15.442278+05:30,SENSEX,2026-10-08,True,41,82,72180.95,1.75,
2026-10-08 10:34:17.162682+05:30,SENSEX,2026-10-15,True,41,82,72181.94,1.71,
2026-10-08 10:34:18.894509+05:30,FINNIFTY,2026-10-27,True,41,82,24782.2,1.73,
2026-10-08 10:34:20.622303+05:30,MIDCPNIFTY,2026-10-27,True,41,82,13605.3,1.72,
2026-10-08 10:35:06.701576+05:30,NIFTY,2026-10-13,True,41,82,22451.05,1.72,
2026-10-08 10:35:08.439269+05:30,NIFTY,2026-10-19,True,41,82,22451.55,1.74,
2026-10-08 10:35:10.174233+05:30,NIFTY,2026-10-27,True,41,82,22450.7,1.73,
2026-10-08 10:35:11.909625+05:30,BANKNIFTY,2026-10-27,True,41,82,54882.1,1.73,
2026-10-08 10:35:13.674807+05:30,BANKNIFTY,2026-11-23,True,41,82,54884.2,1.77,
2026-10-08 10:35:15.433468+05:30,SENSEX,2026-10-08,True,41,82,72198.02,1.76,
2026-10-08 10:35:17.204877+05:30,SENSEX,2026-10-15,True,41,82,72196.8,1.76,
2026-10-08 10:35:18.935180+05:30,FINNIFTY,2026-10-27,True,41,82,24793.5,1.73,
2026-10-08 10:35:20.666696+05:30,MIDCPNIFTY,2026-10-27,True,41,82,13601.85,1.73,
2026-10-08 10:36:06.723944+05:30,NIFTY,2026-10-13,True,41,82,22452.2,1.74,
2026-10-08 10:36:08.453373+05:30,NIFTY,2026-10-19,True,41,82,22452.3,1.73,
2026-10-08 10:36:10.196095+05:30,NIFTY,2026-10-27,True,41,82,22454.55,1.74,
2026-10-08 10:36:11.943548+05:30,BANKNIFTY,2026-10-27,True,41,82,54880.25,1.75,
2026-10-08 10:36:13.717226+05:30,BANKNIFTY,2026-11-23,True,41,82,54880.95,1.77,
2026-10-08 10:36:15.462806+05:30,SENSEX,2026-10-08,True,41,82,72216.06,1.75,
2026-10-08 10:36:17.190751+05:30,SENSEX,2026-10-15,True,41,82,72216.73,1.72,
2026-10-08 10:36:18.930337+05:30,FINNIFTY,2026-10-27,True,41,82,24794.35,1.74,
2026-10-08 10:36:20.677549+05:30,MIDCPNIFTY,2026-10-27,True,41,82,13602.85,1.75,
2026-10-08 10:37:06.716096+05:30,NIFTY,2026-10-13,True,41,82,22446.85,1.73,
2026-10-08 10:37:08.451034+05:30,NIFTY,2026-10-19,True,41,82,22448.1,1.74,
2026-10-08 10:37:11.231615+05:30,NIFTY,2026-10-27,True,41,82,22446.95,2.78,
2026-10-08 10:37:12.974723+05:30,BANKNIFTY,2026-10-27,True,41,82,54856.9,1.74,
2026-10-08 10:37:14.753601+05:30,BANKNIFTY,2026-11-23,True,41,82,54852.4,1.78,
2026-10-08 10:37:16.491079+05:30,SENSEX,2026-10-08,True,41,82,72187.09,1.74,
2026-10-08 10:37:18.220614+05:30,SENSEX,2026-10-15,True,41,82,72188.46,1.72,
2026-10-08 10:37:19.956643+05:30,FINNIFTY,2026-10-27,True,41,82,24777.35,1.73,
2026-10-08 10:37:21.708014+05:30,MIDCPNIFTY,2026-10-27,True,41,82,13603.55,1.75,
2026-10-08 10:38:06.713571+05:30,NIFTY,2026-10-13,True,41,82,22441.6,1.73,
2026-10-08 10:38:08.455776+05:30,NIFTY,2026-10-19,True,41,82,22441.7,1.74,
2026-10-08 10:38:10.205503+05:30,NIFTY,2026-10-27,True,41,82,22441.05,1.75,
2026-10-08 10:38:11.961721+05:30,BANKNIFTY,2026-10-27,True,41,82,54845.0,1.75,
2026-10-08 10:38:13.735882+05:30,BANKNIFTY,2026-11-23,True,41,82,54843.95,1.77,
2026-10-08 10:38:15.490250+05:30,SENSEX,2026-10-08,True,41,82,72173.88,1.76,
2026-10-08 10:38:17.224172+05:30,SENSEX,2026-10-15,True,41,82,72177.0,1.73,
2026-10-08 10:38:18.991154+05:30,FINNIFTY,2026-10-27,True,41,82,24771.25,1.76,
2026-10-08 10:38:20.731846+05:30,MIDCPNIFTY,2026-10-27,True,41,82,13600.5,1.74,
2026-10-08 10:39:06.693645+05:30,NIFTY,2026-10-13,True,41,82,22436.5,1.71,
2026-10-08 10:39:08.763910+05:30,NIFTY,2026-10-19,True,41,82,22436.4,2.07,
2026-10-08 10:39:10.506751+05:30,NIFTY,2026-10-27,True,41,82,22436.2,1.74,
2026-10-08 10:39:12.253654+05:30,BANKNIFTY,2026-10-27,True,41,82,54828.0,1.74,
2026-10-08 10:39:14.007456+05:30,BANKNIFTY,2026-11-23,True,41,82,54825.45,1.75,
2026-10-08 10:39:15.736353+05:30,SENSEX,2026-10-08,True,41,82,72162.66,1.73,
2026-10-08 10:39:17.475517+05:30,SENSEX,2026-10-15,True,41,82,72157.6,1.73,
2026-10-08 10:39:19.205365+05:30,FINNIFTY,2026-10-27,True,41,82,24766.1,1.73,
2026-10-08 10:39:20.948524+05:30,MIDCPNIFTY,2026-10-27,True,41,82,13591.0,1.74,
2026-10-08 10:40:07.931032+05:30,NIFTY,2026-10-13,True,41,82,22426.2,2.95,
2026-10-08 10:40:09.659142+05:30,NIFTY,2026-10-19,True,41,82,22426.5,1.73,
2026-10-08 10:40:11.400574+05:30,NIFTY,2026-10-27,True,41,82,22430.2,1.74,
2026-10-08 10:40:13.136767+05:30,BANKNIFTY,2026-10-27,True,41,82,54832.5,1.73,
2026-10-08 10:40:14.896080+05:30,BANKNIFTY,2026-11-23,True,41,82,54830.15,1.76,
2026-10-08 10:40:17.640943+05:30,SENSEX,2026-10-08,True,41,82,72140.82,2.75,
2026-10-08 10:40:19.391268+05:30,SENSEX,2026-10-15,True,41,82,72140.85,1.74,
2026-10-08 10:40:21.132006+05:30,FINNIFTY,2026-10-27,True,41,82,24768.5,1.74,
2026-10-08 10:40:22.856307+05:30,MIDCPNIFTY,2026-10-27,True,41,82,13589.5,1.72,
2026-10-08 10:41:06.675012+05:30,NIFTY,2026-10-13,True,41,82,22424.25,1.69,
2026-10-08 10:41:08.426358+05:30,NIFTY,2026-10-19,True,41,82,22425.05,1.75,
2026-10-08 10:41:10.164598+05:30,NIFTY,2026-10-27,True,41,82,22425.8,1.74,
2026-10-08 10:41:11.896630+05:30,BANKNIFTY,2026-10-27,True,41,82,54841.1,1.73,
2026-10-08 10:41:13.647493+05:30,BANKNIFTY,2026-11-23,True,41,82,54843.9,1.75,
2026-10-08 10:41:15.386245+05:30,SENSEX,2026-10-08,True,41,82,72128.14,1.74,
2026-10-08 10:41:17.439969+05:30,SENSEX,2026-10-15,True,41,82,72130.86,2.05,
2026-10-08 10:41:19.203055+05:30,FINNIFTY,2026-10-27,True,41,82,24771.15,1.76,
2026-10-08 10:41:20.985520+05:30,MIDCPNIFTY,2026-10-27,True,41,82,13593.35,1.78,
2026-10-08 10:42:06.677686+05:30,NIFTY,2026-10-13,True,41,82,22434.35,1.7,
2026-10-08 10:42:08.406201+05:30,NIFTY,2026-10-19,True,41,82,22435.5,1.73,
2026-10-08 10:42:10.142610+05:30,NIFTY,2026-10-27,True,41,82,22435.2,1.73,
2026-10-08 10:42:11.882209+05:30,BANKNIFTY,2026-10-27,True,41,82,54868.6,1.74,
2026-10-08 10:42:13.615708+05:30,BANKNIFTY,2026-11-23,True,41,82,54866.15,1.73,
2026-10-08 10:42:15.350531+05:30,SENSEX,2026-10-08,True,41,82,72158.86,1.74,
2026-10-08 10:42:17.086710+05:30,SENSEX,2026-10-15,True,41,82,72158.93,1.73,
2026-10-08 10:42:18.827717+05:30,FINNIFTY,2026-10-27,True,41,82,24776.65,1.74,
2026-10-08 10:42:20.559796+05:30,MIDCPNIFTY,2026-10-27,True,41,82,13590.4,1.73,
2026-10-08 10:43:06.701703+05:30,NIFTY,2026-10-13,True,41,82,22438.4,1.72,
2026-10-08 10:43:08.435332+05:30,NIFTY,2026-10-19,True,41,82,22439.35,1.74,
2026-10-08 10:43:10.172771+05:30,NIFTY,2026-10-27,True,41,82,22439.8,1.73,
2026-10-08 10:43:11.914754+05:30,BANKNIFTY,2026-10-27,True,41,82,54866.85,1.74,
2026-10-08 10:43:13.675100+05:30,BANKNIFTY,2026-11-23,True,41,82,54862.6,1.76,
2026-10-08 10:43:15.425997+05:30,SENSEX,2026-10-08,True,41,82,72187.97,1.76,
2026-10-08 10:43:17.174208+05:30,SENSEX,2026-10-15,True,41,82,72183.75,1.74,
2026-10-08 10:43:18.887434+05:30,FINNIFTY,2026-10-27,True,41,82,24784.55,1.71,
2026-10-08 10:43:20.694522+05:30,MIDCPNIFTY,2026-10-27,True,41,82,13588.45,1.81,
2026-10-08 10:44:06.665984+05:30,NIFTY,2026-10-13,True,41,82,22445.1,1.68,
2026-10-08 10:44:08.414126+05:30,NIFTY,2026-10-19,True,41,82,22441.85,1.75,
2026-10-08 10:44:10.134338+05:30,NIFTY,2026-10-27,True,41,82,22441.35,1.72,
2026-10-08 10:44:11.864589+05:30,BANKNIFTY,2026-10-27,True,41,82,54853.5,1.73,
2026-10-08 10:44:13.606607+05:30,BANKNIFTY,2026-11-23,True,41,82,54853.95,1.74,
2026-10-08 10:44:15.335390+05:30,SENSEX,2026-10-08,True,41,82,72183.62,1.73,
2026-10-08 10:44:17.101726+05:30,SENSEX,2026-10-15,True,41,82,72180.32,1.76,
2026-10-08 10:44:18.857500+05:30,FINNIFTY,2026-10-27,True,41,82,24783.95,1.75,
2026-10-08 10:44:20.616482+05:30,MIDCPNIFTY,2026-10-27,True,41,82,13591.25,1.76,
2026-10-08 10:45:06.678184+05:30,NIFTY,2026-10-13,True,41,82,22434.3,1.7,
2026-10-08 10:45:08.423485+05:30,NIFTY,2026-10-19,True,41,82,22434.25,1.75,
2026-10-08 10:45:10.172943+05:30,NIFTY,2026-10-27,True,41,82,22433.25,1.75,
2026-10-08 10:45:11.925574+05:30,BANKNIFTY,2026-10-27,True,41,82,54842.65,1.75,
2026-10-08 10:45:13.693664+05:30,BANKNIFTY,2026-11-23,True,41,82,54841.1,1.77,
2026-10-08 10:45:15.431307+05:30,SENSEX,2026-10-08,True,41,82,72158.17,1.75,
2026-10-08 10:45:17.143190+05:30,SENSEX,2026-10-15,True,41,82,72158.29,1.7,
2026-10-08 10:45:18.887150+05:30,FINNIFTY,2026-10-27,True,41,82,24780.2,1.74,
2026-10-08 10:45:20.631678+05:30,MIDCPNIFTY,2026-10-27,True,41,82,13589.9,1.74,
2026-10-08 10:46:07.689259+05:30,NIFTY,2026-10-13,True,41,82,22440.75,2.71,
2026-10-08 10:46:09.408369+05:30,NIFTY,2026-10-19,True,41,82,22441.9,1.72,
2026-10-08 10:46:11.135581+05:30,NIFTY,2026-10-27,True,41,82,22441.3,1.73,
2026-10-08 10:46:12.944964+05:30,BANKNIFTY,2026-10-27,True,41,82,54872.65,1.81,
2026-10-08 10:46:14.882743+05:30,BANKNIFTY,2026-11-23,True,41,82,54871.6,1.94,
2026-10-08 10:46:16.604948+05:30,SENSEX,2026-10-08,True,41,82,72173.96,1.73,
2026-10-08 10:46:18.329892+05:30,SENSEX,2026-10-15,True,41,82,72173.89,1.72,
2026-10-08 10:46:20.060505+05:30,FINNIFTY,2026-10-27,True,41,82,24792.05,1.73,
2026-10-08 10:46:21.819171+05:30,MIDCPNIFTY,2026-10-27,True,41,82,13598.2,1.76,
2026-10-08 10:47:06.685326+05:30,NIFTY,2026-10-13,True,41,82,22453.75,1.7,
2026-10-08 10:47:08.417372+05:30,NIFTY,2026-10-19,True,41,82,22454.55,1.73,
2026-10-08 10:47:10.153961+05:30,NIFTY,2026-10-27,True,41,82,22454.5,1.74,
2026-10-08 10:47:11.883012+05:30,BANKNIFTY,2026-10-27,True,41,82,54908.3,1.73,
2026-10-08 10:47:13.644593+05:30,BANKNIFTY,2026-11-23,True,41,82,54907.7,1.76,
2026-10-08 10:47:15.387999+05:30,SENSEX,2026-10-08,True,41,82,72232.4,1.75,
2026-10-08 10:47:17.107714+05:30,SENSEX,2026-10-15,True,41,82,72227.87,1.71,
2026-10-08 10:47:18.837049+05:30,FINNIFTY,2026-10-27,True,41,82,24808.7,1.73,
2026-10-08 10:47:20.587127+05:30,MIDCPNIFTY,2026-10-27,True,41,82,13605.4,1.75,
2026-10-08 10:48:06.669061+05:30,NIFTY,2026-10-13,True,41,82,22458.35,1.69,
2026-10-08 10:48:08.422715+05:30,NIFTY,2026-10-19,True,41,82,22457.2,1.75,
2026-10-08 10:48:10.135408+05:30,NIFTY,2026-10-27,True,41,82,22457.95,1.71,
2026-10-08 10:48:12.089954+05:30,BANKNIFTY,2026-10-27,True,41,82,54898.4,1.95,
2026-10-08 10:48:13.850094+05:30,BANKNIFTY,2026-11-23,True,41,82,54897.45,1.76,
2026-10-08 10:48:15.589256+05:30,SENSEX,2026-10-08,True,41,82,72238.41,1.74,
2026-10-08 10:48:17.306173+05:30,SENSEX,2026-10-15,True,41,82,72236.08,1.71,
2026-10-08 10:48:19.027487+05:30,FINNIFTY,2026-10-27,True,41,82,24802.75,1.72,
2026-10-08 10:48:20.745596+05:30,MIDCPNIFTY,2026-10-27,True,41,82,13607.75,1.72,
2026-10-08 10:49:06.681810+05:30,NIFTY,2026-10-13,True,41,82,22451.65,1.7,
2026-10-08 10:49:08.412699+05:30,NIFTY,2026-10-19,True,41,82,22451.55,1.74,
2026-10-08 10:49:10.324422+05:30,NIFTY,2026-10-27,True,41,82,22452.25,1.9,
2026-10-08 10:49:12.066636+05:30,BANKNIFTY,2026-10-27,True,41,82,54873.35,1.74,
2026-10-08 10:49:13.816796+05:30,BANKNIFTY,2026-11-23,True,41,82,54872.0,1.75,
2026-10-08 10:49:15.536322+05:30,SENSEX,2026-10-08,True,41,82,72217.63,1.72,
2026-10-08 10:49:17.254001+05:30,SENSEX,2026-10-15,True,41,82,72218.55,1.71,
2026-10-08 10:49:18.980012+05:30,FINNIFTY,2026-10-27,True,41,82,24787.9,1.72,
2026-10-08 10:49:20.716773+05:30,MIDCPNIFTY,2026-10-27,True,41,82,13605.05,1.74,
2026-10-08 10:50:06.676784+05:30,NIFTY,2026-10-13,True,41,82,22456.8,1.69,
2026-10-08 10:50:08.406726+05:30,NIFTY,2026-10-19,True,41,82,22456.95,1.73,
2026-10-08 10:50:10.129103+05:30,NIFTY,2026-10-27,True,41,82,22457.65,1.72,
2026-10-08 10:50:11.877232+05:30,BANKNIFTY,2026-10-27,True,41,82,54880.8,1.75,
2026-10-08 10:50:13.609206+05:30,BANKNIFTY,2026-11-23,True,41,82,54883.05,1.73,
2026-10-08 10:50:15.405256+05:30,SENSEX,2026-10-08,True,41,82,72229.67,1.8,
2026-10-08 10:50:17.140018+05:30,SENSEX,2026-10-15,True,41,82,72228.47,1.73,
2026-10-08 10:50:18.891633+05:30,FINNIFTY,2026-10-27,True,41,82,24788.95,1.75,
2026-10-08 10:50:20.672267+05:30,MIDCPNIFTY,2026-10-27,True,41,82,13604.7,1.78,
2026-10-08 10:51:06.676026+05:30,NIFTY,2026-10-13,True,41,82,22455.75,1.69,
2026-10-08 10:51:08.413591+05:30,NIFTY,2026-10-19,True,41,82,22454.95,1.74,
2026-10-08 10:51:10.130854+05:30,NIFTY,2026-10-27,True,41,82,22454.5,1.72,
2026-10-08 10:51:11.883627+05:30,BANKNIFTY,2026-10-27,True,41,82,54892.95,1.75,
2026-10-08 10:51:13.624133+05:30,BANKNIFTY,2026-11-23,True,41,82,54892.8,1.74,
2026-10-08 10:51:15.347562+05:30,SENSEX,2026-10-08,True,41,82,72232.7,1.74,
2026-10-08 10:51:17.097674+05:30,SENSEX,2026-10-15,True,41,82,72232.14,1.74,
2026-10-08 10:51:18.828016+05:30,FINNIFTY,2026-10-27,True,41,81,24795.35,1.73,
2026-10-08 10:51:20.563621+05:30,MIDCPNIFTY,2026-10-27,True,41,82,13600.5,1.73,
2026-10-08 10:52:06.656731+05:30,NIFTY,2026-10-13,True,41,82,22452.6,1.67,
2026-10-08 10:52:08.381743+05:30,NIFTY,2026-10-19,True,41,82,22454.15,1.72,
2026-10-08 10:52:10.098570+05:30,NIFTY,2026-10-27,True,41,82,22454.0,1.71,
2026-10-08 10:52:13.080367+05:30,BANKNIFTY,2026-10-27,True,41,82,54900.7,2.98,
2026-10-08 10:52:15.840734+05:30,BANKNIFTY,2026-11-23,True,41,82,54890.0,2.76,
2026-10-08 10:52:17.550100+05:30,SENSEX,2026-10-08,True,41,82,72230.08,1.71,
2026-10-08 10:52:19.264022+05:30,SENSEX,2026-10-15,True,41,82,72229.1,1.71,
2026-10-08 10:52:20.969197+05:30,FINNIFTY,2026-10-27,True,41,81,24792.0,1.7,
2026-10-08 10:52:22.721660+05:30,MIDCPNIFTY,2026-10-27,True,41,82,13594.15,1.75,
2026-10-08 10:53:06.698288+05:30,NIFTY,2026-10-13,True,41,82,22451.1,1.72,
2026-10-08 10:53:08.438681+05:30,NIFTY,2026-10-19,True,41,82,22452.3,1.74,
2026-10-08 10:53:10.156309+05:30,NIFTY,2026-10-27,True,41,82,22453.0,1.71,
2026-10-08 10:53:12.131091+05:30,BANKNIFTY,2026-10-27,True,41,82,54896.9,1.97,
2026-10-08 10:53:13.883978+05:30,BANKNIFTY,2026-11-23,True,41,82,54898.7,1.75,
2026-10-08 10:53:15.610279+05:30,SENSEX,2026-10-08,True,41,82,72226.53,1.73,
2026-10-08 10:53:17.341743+05:30,SENSEX,2026-10-15,True,41,82,72230.0,1.73,
2026-10-08 10:53:19.082683+05:30,FINNIFTY,2026-10-27,True,41,81,24792.65,1.74,
2026-10-08 10:53:20.829950+05:30,MIDCPNIFTY,2026-10-27,True,41,82,13595.25,1.75,
2026-10-08 10:54:06.695116+05:30,NIFTY,2026-10-13,True,41,82,22447.6,1.71,
2026-10-08 10:54:08.475167+05:30,NIFTY,2026-10-19,True,41,82,22448.35,1.79,
2026-10-08 10:54:10.948319+05:30,NIFTY,2026-10-27,True,41,82,22447.65,2.46,
2026-10-08 10:54:12.804793+05:30,BANKNIFTY,2026-10-27,True,41,82,54878.45,1.85,
2026-10-08 10:54:14.655893+05:30,BANKNIFTY,2026-11-23,True,41,82,54870.2,1.85,
2026-10-08 10:54:16.506412+05:30,SENSEX,2026-10-08,True,41,82,72213.43,1.86,
2026-10-08 10:54:18.347167+05:30,SENSEX,2026-10-15,True,41,82,72213.96,1.84,
2026-10-08 10:54:20.189920+05:30,FINNIFTY,2026-10-27,True,41,81,24787.3,1.84,
2026-10-08 10:54:22.027776+05:30,MIDCPNIFTY,2026-10-27,True,41,82,13592.5,1.84,
2026-10-08 10:55:06.789257+05:30,NIFTY,2026-10-13,True,41,82,22447.75,1.81,
2026-10-08 10:55:08.642645+05:30,NIFTY,2026-10-19,True,41,82,22447.95,1.85,
2026-10-08 10:55:10.512150+05:30,NIFTY,2026-10-27,True,41,82,22448.45,1.87,
2026-10-08 10:55:12.380257+05:30,BANKNIFTY,2026-10-27,True,41,82,54888.25,1.87,
2026-10-08 10:55:14.306724+05:30,BANKNIFTY,2026-11-23,True,41,82,54883.35,1.92,
2026-10-08 10:55:16.159970+05:30,SENSEX,2026-10-08,True,41,82,72221.2,1.86,
2026-10-08 10:55:17.998927+05:30,SENSEX,2026-10-15,True,41,82,72214.72,1.83,
2026-10-08 10:55:19.832124+05:30,FINNIFTY,2026-10-27,True,41,81,24784.9,1.83,
2026-10-08 10:55:21.679213+05:30,MIDCPNIFTY,2026-10-27,True,41,82,13591.45,1.85,
2026-10-08 10:56:06.787510+05:30,NIFTY,2026-10-13,True,41,82,22433.65,1.81,
2026-10-08 10:56:08.839141+05:30,NIFTY,2026-10-19,True,41,82,22433.95,2.05,
2026-10-08 10:56:10.699107+05:30,NIFTY,2026-10-27,True,41,82,22433.55,1.86,
2026-10-08 10:56:12.572709+05:30,BANKNIFTY,2026-10-27,True,41,82,54851.6,1.87,
2026-10-08 10:56:14.438030+05:30,BANKNIFTY,2026-11-23,True,41,82,54852.2,1.86,
2026-10-08 10:56:16.283600+05:30,SENSEX,2026-10-08,True,41,82,72179.74,1.85,
2026-10-08 10:56:18.131493+05:30,SENSEX,2026-10-15,True,41,82,72178.0,1.84,
2026-10-08 10:56:19.978501+05:30,FINNIFTY,2026-10-27,True,41,81,24775.45,1.84,
2026-10-08 10:56:21.855420+05:30,MIDCPNIFTY,2026-10-27,True,41,82,13583.05,1.88,
2026-10-08 10:57:06.821302+05:30,NIFTY,2026-10-13,True,41,82,22435.4,1.84,
2026-10-08 10:57:08.677265+05:30,NIFTY,2026-10-19,True,41,82,22435.75,1.86,
2026-10-08 10:57:10.526196+05:30,NIFTY,2026-10-27,True,41,82,22436.4,1.84,
2026-10-08 10:57:12.395027+05:30,BANKNIFTY,2026-10-27,True,41,82,54862.35,1.87,
2026-10-08 10:57:14.257273+05:30,BANKNIFTY,2026-11-23,True,41,82,54862.8,1.86,
2026-10-08 10:57:16.113270+05:30,SENSEX,2026-10-08,True,41,82,72179.51,1.86,
2026-10-08 10:57:17.942315+05:30,SENSEX,2026-10-15,True,41,82,72174.81,1.82,
2026-10-08 10:57:19.798126+05:30,FINNIFTY,2026-10-27,True,41,82,24779.45,1.85,
2026-10-08 10:57:21.631101+05:30,MIDCPNIFTY,2026-10-27,True,41,82,13584.1,1.83,
2026-10-08 10:58:06.803768+05:30,NIFTY,2026-10-13,True,41,82,22432.85,1.82,
2026-10-08 10:58:08.864636+05:30,NIFTY,2026-10-19,True,41,82,22432.8,2.06,
2026-10-08 10:58:10.773297+05:30,NIFTY,2026-10-27,True,41,82,22433.1,1.91,
2026-10-08 10:58:12.622853+05:30,BANKNIFTY,2026-10-27,True,41,82,54863.3,1.85,
2026-10-08 10:58:14.470692+05:30,BANKNIFTY,2026-11-23,True,41,82,54863.75,1.85,
2026-10-08 10:58:16.306318+05:30,SENSEX,2026-10-08,True,41,82,72173.8,1.84,
2026-10-08 10:58:18.172454+05:30,SENSEX,2026-10-15,True,41,82,72171.66,1.86,
2026-10-08 10:58:20.022449+05:30,FINNIFTY,2026-10-27,True,41,82,24778.7,1.85,
2026-10-08 10:58:21.865752+05:30,MIDCPNIFTY,2026-10-27,True,41,82,13580.9,1.84,
2026-10-08 10:59:06.789825+05:30,NIFTY,2026-10-13,True,41,82,22437.9,1.81,
2026-10-08 10:59:08.634160+05:30,NIFTY,2026-10-19,True,41,82,22439.1,1.84,
2026-10-08 10:59:10.510937+05:30,NIFTY,2026-10-27,True,41,82,22439.1,1.89,
2026-10-08 10:59:12.360377+05:30,BANKNIFTY,2026-10-27,True,41,82,54893.65,1.83,
2026-10-08 10:59:14.230560+05:30,BANKNIFTY,2026-11-23,True,41,82,54896.6,1.87,
2026-10-08 10:59:16.076254+05:30,SENSEX,2026-10-08,True,41,82,72195.11,1.85,
2026-10-08 10:59:17.916295+05:30,SENSEX,2026-10-15,True,41,82,72192.32,1.83,
2026-10-08 10:59:19.760617+05:30,FINNIFTY,2026-10-27,True,41,82,24791.9,1.84,
2026-10-08 10:59:21.609735+05:30,MIDCPNIFTY,2026-10-27,True,41,82,13582.95,1.85,
2026-10-08 11:00:06.801934+05:30,NIFTY,2026-10-13,True,41,82,22432.1,1.82,
2026-10-08 11:00:08.971058+05:30,NIFTY,2026-10-19,True,41,82,22433.8,2.17,
2026-10-08 11:00:10.833324+05:30,NIFTY,2026-10-27,True,41,82,22431.65,1.86,
2026-10-08 11:00:12.723765+05:30,BANKNIFTY,2026-10-27,True,41,82,54881.25,1.89,
2026-10-08 11:00:14.589094+05:30,BANKNIFTY,2026-11-23,True,41,82,54881.15,1.86,
2026-10-08 11:00:16.437959+05:30,SENSEX,2026-10-08,True,41,82,72162.93,1.85,
2026-10-08 11:00:18.295817+05:30,SENSEX,2026-10-15,True,41,82,72164.63,1.85,
2026-10-08 11:00:20.181311+05:30,FINNIFTY,2026-10-27,True,41,82,24783.6,1.88,
2026-10-08 11:00:22.018433+05:30,MIDCPNIFTY,2026-10-27,True,41,82,13584.95,1.84,
2026-10-08 11:01:06.792413+05:30,NIFTY,2026-10-13,True,41,82,22424.45,1.81,
2026-10-08 11:01:08.637329+05:30,NIFTY,2026-10-19,True,41,82,22424.45,1.85,
2026-10-08 11:01:10.503988+05:30,NIFTY,2026-10-27,True,41,82,22424.1,1.86,
2026-10-08 11:01:12.381847+05:30,BANKNIFTY,2026-10-27,True,41,82,54869.1,1.88,
2026-10-08 11:01:14.243245+05:30,BANKNIFTY,2026-11-23,True,41,82,54870.3,1.86,
2026-10-08 11:01:16.094716+05:30,SENSEX,2026-10-08,True,41,82,72147.04,1.86,
2026-10-08 11:01:17.952102+05:30,SENSEX,2026-10-15,True,41,82,72142.06,1.85,
2026-10-08 11:01:19.816140+05:30,FINNIFTY,2026-10-27,True,41,82,24780.0,1.86,
2026-10-08 11:01:21.668700+05:30,MIDCPNIFTY,2026-10-27,True,41,82,13579.45,1.85,
2026-10-08 11:02:06.828808+05:30,NIFTY,2026-10-13,True,41,82,22430.65,1.85,
2026-10-08 11:02:08.676900+05:30,NIFTY,2026-10-19,True,41,82,22431.2,1.85,
2026-10-08 11:02:10.521282+05:30,NIFTY,2026-10-27,True,41,82,22430.55,1.84,
2026-10-08 11:02:12.367797+05:30,BANKNIFTY,2026-10-27,True,41,82,54881.95,1.84,
2026-10-08 11:02:14.211802+05:30,BANKNIFTY,2026-11-23,True,41,82,54880.25,1.84,
2026-10-08 11:02:16.044459+05:30,SENSEX,2026-10-08,True,41,82,72172.02,1.84,
2026-10-08 11:02:17.867082+05:30,SENSEX,2026-10-15,True,41,82,72167.42,1.82,
2026-10-08 11:02:19.696249+05:30,FINNIFTY,2026-10-27,True,41,82,24792.05,1.83,
2026-10-08 11:02:21.545311+05:30,MIDCPNIFTY,2026-10-27,True,41,82,13585.9,1.85,
2026-10-08 11:03:06.597581+05:30,NIFTY,2026-10-13,True,41,82,22435.3,1.61,
2026-10-08 11:03:09.282862+05:30,NIFTY,2026-10-19,True,41,82,22436.5,2.68,
2026-10-08 11:03:10.978765+05:30,NIFTY,2026-10-27,True,41,82,22437.0,1.69,
2026-10-08 11:03:12.671776+05:30,BANKNIFTY,2026-10-27,True,41,82,54906.05,1.69,
2026-10-08 11:03:14.345508+05:30,BANKNIFTY,2026-11-23,True,41,82,54906.35,1.67,
2026-10-08 11:03:16.005404+05:30,SENSEX,2026-10-08,True,41,82,72189.24,1.66,
2026-10-08 11:03:17.668479+05:30,SENSEX,2026-10-15,True,41,82,72187.21,1.66,
2026-10-08 11:03:19.348429+05:30,FINNIFTY,2026-10-27,True,41,82,24803.05,1.68,
2026-10-08 11:03:21.019773+05:30,MIDCPNIFTY,2026-10-27,True,41,82,13590.75,1.67,
2026-10-08 11:04:06.627982+05:30,NIFTY,2026-10-13,True,41,82,22443.35,1.65,
2026-10-08 11:04:08.301194+05:30,NIFTY,2026-10-19,True,41,82,22442.9,1.67,
2026-10-08 11:04:10.205146+05:30,NIFTY,2026-10-27,True,41,82,22442.3,1.9,
2026-10-08 11:04:11.899161+05:30,BANKNIFTY,2026-10-27,True,41,82,54916.7,1.69,
2026-10-08 11:04:13.585920+05:30,BANKNIFTY,2026-11-23,True,41,82,54920.05,1.68,
2026-10-08 11:04:15.240141+05:30,SENSEX,2026-10-08,True,41,82,72192.13,1.66,
2026-10-08 11:04:16.906095+05:30,SENSEX,2026-10-15,True,41,82,72193.46,1.66,
2026-10-08 11:04:18.577783+05:30,FINNIFTY,2026-10-27,True,41,82,24812.4,1.67,
2026-10-08 11:04:20.238658+05:30,MIDCPNIFTY,2026-10-27,True,41,82,13599.2,1.66,
2026-10-08 11:05:07.677337+05:30,NIFTY,2026-10-13,True,41,82,22446.4,2.7,
2026-10-08 11:05:09.384557+05:30,NIFTY,2026-10-19,True,41,82,22446.5,1.71,
2026-10-08 11:05:05.000185+05:30,NIFTY,2026-10-27,False,,,,0.64,"('Connection aborted.', RemoteDisconnected('Remote end closed connection without response'))"
2026-10-08 11:05:12.509181+05:30,BANKNIFTY,2026-10-27,True,41,82,54926.95,2.48,
2026-10-08 11:05:14.398433+05:30,BANKNIFTY,2026-11-23,True,41,82,54931.75,1.89,
2026-10-08 11:05:16.271316+05:30,SENSEX,2026-10-08,True,41,82,72200.34,1.88,
2026-10-08 11:05:18.152598+05:30,SENSEX,2026-10-15,True,41,82,72202.43,1.88,
2026-10-08 11:05:20.018140+05:30,FINNIFTY,2026-10-27,True,41,82,24813.25,1.86,
2026-10-08 11:05:21.882397+05:30,MIDCPNIFTY,2026-10-27,True,41,82,13597.0,1.86,
2026-10-08 11:06:07.387660+05:30,NIFTY,2026-10-13,True,41,82,22448.85,2.41,
2026-10-08 11:06:09.241185+05:30,NIFTY,2026-10-19,True,41,82,22450.7,1.85,
2026-10-08 11:06:12.128180+05:30,NIFTY,2026-10-27,True,41,82,22452.3,2.89,
2026-10-08 11:06:14.013775+05:30,BANKNIFTY,2026-10-27,True,41,82,54936.4,1.88,
2026-10-08 11:06:15.868372+05:30,BANKNIFTY,2026-11-23,True,41,82,54935.6,1.85,
2026-10-08 11:06:17.723975+05:30,SENSEX,2026-10-08,True,41,82,72225.3,1.86,
2026-10-08 11:06:19.592928+05:30,SENSEX,2026-10-15,True,41,82,72219.4,1.86,
2026-10-08 11:06:21.431003+05:30,FINNIFTY,2026-10-27,True,41,82,24816.45,1.83,
2026-10-08 11:06:23.262684+05:30,MIDCPNIFTY,2026-10-27,True,41,82,13604.8,1.83,
2026-10-08 11:07:06.818578+05:30,NIFTY,2026-10-13,True,41,82,22457.05,1.84,
2026-10-08 11:07:08.676310+05:30,NIFTY,2026-10-19,True,41,82,22457.7,1.86,
2026-10-08 11:07:10.523402+05:30,NIFTY,2026-10-27,True,41,82,22458.45,1.85,
2026-10-08 11:07:12.400340+05:30,BANKNIFTY,2026-10-27,True,41,82,54957.4,1.87,
2026-10-08 11:07:14.254320+05:30,BANKNIFTY,2026-11-23,True,41,82,54945.9,1.85,
2026-10-08 11:07:16.114940+05:30,SENSEX,2026-10-08,True,41,82,72240.03,1.87,
2026-10-08 11:07:17.957636+05:30,SENSEX,2026-10-15,True,41,82,72239.21,1.84,
2026-10-08 11:07:19.836791+05:30,FINNIFTY,2026-10-27,True,41,82,24823.2,1.88,
2026-10-08 11:07:21.684379+05:30,MIDCPNIFTY,2026-10-27,True,41,82,13603.3,1.85,
2026-10-08 11:08:07.225321+05:30,NIFTY,2026-10-13,True,41,82,22444.9,2.24,
2026-10-08 11:08:08.954760+05:30,NIFTY,2026-10-19,True,41,82,22446.0,1.73,
2026-10-08 11:08:10.687109+05:30,NIFTY,2026-10-27,True,41,82,22442.45,1.73,
2026-10-08 11:08:12.427955+05:30,BANKNIFTY,2026-10-27,True,41,82,54930.1,1.74,
2026-10-08 11:08:14.187885+05:30,BANKNIFTY,2026-11-23,True,41,82,54922.8,1.76,
2026-10-08 11:08:15.905440+05:30,SENSEX,2026-10-08,True,41,82,72207.3,1.72,
2026-10-08 11:08:17.638642+05:30,SENSEX,2026-10-15,True,41,82,72206.44,1.73,
2026-10-08 11:08:19.379612+05:30,FINNIFTY,2026-10-27,True,41,82,24811.45,1.74,
2026-10-08 11:08:21.131099+05:30,MIDCPNIFTY,2026-10-27,True,41,82,13601.75,1.75,
2026-10-08 11:09:06.689502+05:30,NIFTY,2026-10-13,True,41,82,22440.45,1.71,
2026-10-08 11:09:08.435156+05:30,NIFTY,2026-10-19,True,41,82,22444.1,1.75,
2026-10-08 11:09:10.177487+05:30,NIFTY,2026-10-27,True,41,82,22443.45,1.74,
2026-10-08 11:09:11.930617+05:30,BANKNIFTY,2026-10-27,True,41,82,54922.2,1.75,
2026-10-08 11:09:13.676789+05:30,BANKNIFTY,2026-11-23,True,41,82,54920.75,1.74,
2026-10-08 11:09:15.399932+05:30,SENSEX,2026-10-08,True,41,82,72197.46,1.73,
2026-10-08 11:09:17.164500+05:30,SENSEX,2026-10-15,True,41,82,72196.18,1.76,
2026-10-08 11:09:18.897439+05:30,FINNIFTY,2026-10-27,True,41,82,24807.05,1.73,
2026-10-08 11:09:20.640354+05:30,MIDCPNIFTY,2026-10-27,True,41,82,13597.9,1.74,
2026-10-08 11:10:07.704146+05:30,NIFTY,2026-10-13,True,41,82,22445.5,2.72,
2026-10-08 11:10:09.463550+05:30,NIFTY,2026-10-19,True,41,82,22445.85,1.76,
2026-10-08 11:10:11.200365+05:30,NIFTY,2026-10-27,True,41,82,22445.7,1.74,
2026-10-08 11:10:12.972684+05:30,BANKNIFTY,2026-10-27,True,41,82,54916.8,1.77,
2026-10-08 11:10:14.718766+05:30,BANKNIFTY,2026-11-23,True,41,82,54918.8,1.74,
2026-10-08 11:10:16.453023+05:30,SENSEX,2026-10-08,True,41,82,72205.53,1.74,
2026-10-08 11:10:18.205378+05:30,SENSEX,2026-10-15,True,41,82,72205.53,1.75,
2026-10-08 11:10:19.941416+05:30,FINNIFTY,2026-10-27,True,41,82,24805.9,1.73,
2026-10-08 11:10:21.694352+05:30,MIDCPNIFTY,2026-10-27,True,41,82,13599.25,1.75,
2026-10-08 11:11:07.732169+05:30,NIFTY,2026-10-13,True,41,82,22443.25,2.75,
2026-10-08 11:11:09.485296+05:30,NIFTY,2026-10-19,True,41,82,22443.5,1.75,
2026-10-08 11:11:11.253863+05:30,NIFTY,2026-10-27,True,41,82,22442.95,1.77,
2026-10-08 11:11:12.998954+05:30,BANKNIFTY,2026-10-27,True,41,82,54925.1,1.74,
2026-10-08 11:11:14.784695+05:30,BANKNIFTY,2026-11-23,True,41,82,54922.1,1.78,
2026-10-08 11:11:16.525695+05:30,SENSEX,2026-10-08,True,41,82,72203.14,1.75,
2026-10-08 11:11:18.265607+05:30,SENSEX,2026-10-15,True,41,82,72202.69,1.73,
2026-10-08 11:11:19.999566+05:30,FINNIFTY,2026-10-27,True,41,82,24802.7,1.73,
2026-10-08 11:11:21.743494+05:30,MIDCPNIFTY,2026-10-27,True,41,82,13599.6,1.74,
2026-10-08 11:12:07.390231+05:30,NIFTY,2026-10-13,True,41,82,22444.75,2.41,
2026-10-08 11:12:09.262839+05:30,NIFTY,2026-10-19,True,41,82,22444.9,1.87,
2026-10-08 11:12:11.133367+05:30,NIFTY,2026-10-27,True,41,82,22444.2,1.87,
2026-10-08 11:12:13.015340+05:30,BANKNIFTY,2026-10-27,True,41,82,54935.55,1.88,
2026-10-08 11:12:14.898903+05:30,BANKNIFTY,2026-11-23,True,41,82,54936.6,1.88,
2026-10-08 11:12:16.769576+05:30,SENSEX,2026-10-08,True,41,82,72210.01,1.87,
2026-10-08 11:12:18.639862+05:30,SENSEX,2026-10-15,True,41,82,72215.83,1.87,
2026-10-08 11:12:20.524650+05:30,FINNIFTY,2026-10-27,True,41,82,24812.6,1.88,
2026-10-08 11:12:22.385272+05:30,MIDCPNIFTY,2026-10-27,True,41,82,13602.7,1.86,
2026-10-08 11:13:06.805871+05:30,NIFTY,2026-10-13,True,41,82,22452.4,1.82,
2026-10-08 11:13:08.692777+05:30,NIFTY,2026-10-19,True,41,82,22453.4,1.89,
2026-10-08 11:13:10.562214+05:30,NIFTY,2026-10-27,True,41,82,22452.75,1.87,
2026-10-08 11:13:12.468179+05:30,BANKNIFTY,2026-10-27,True,41,82,54947.5,1.9,
2026-10-08 11:13:14.335894+05:30,BANKNIFTY,2026-11-23,True,41,82,54947.4,1.87,
2026-10-08 11:13:16.208873+05:30,SENSEX,2026-10-08,True,41,82,72229.49,1.88,
2026-10-08 11:13:18.581953+05:30,SENSEX,2026-10-15,True,41,82,72229.23,2.37,
2026-10-08 11:13:20.448649+05:30,FINNIFTY,2026-10-27,True,41,82,24819.35,1.86,
2026-10-08 11:13:22.314691+05:30,MIDCPNIFTY,2026-10-27,True,41,82,13608.85,1.87,
2026-10-08 11:14:06.794532+05:30,NIFTY,2026-10-13,True,41,82,22447.55,1.81,
2026-10-08 11:14:08.650594+05:30,NIFTY,2026-10-19,True,41,82,22447.75,1.86,
2026-10-08 11:14:10.515711+05:30,NIFTY,2026-10-27,True,41,82,22446.75,1.86,
2026-10-08 11:14:12.389780+05:30,BANKNIFTY,2026-10-27,True,41,82,54942.55,1.87,
2026-10-08 11:14:14.259705+05:30,BANKNIFTY,2026-11-23,True,41,82,54938.4,1.87,
2026-10-08 11:14:16.122984+05:30,SENSEX,2026-10-08,True,41,82,72203.23,1.87,
2026-10-08 11:14:19.004249+05:30,SENSEX,2026-10-15,True,41,82,72206.17,2.88,
2026-10-08 11:14:20.883318+05:30,FINNIFTY,2026-10-27,True,41,82,24816.65,1.88,
2026-10-08 11:14:22.739715+05:30,MIDCPNIFTY,2026-10-27,True,41,82,13605.6,1.86,
2026-10-08 11:15:06.809640+05:30,NIFTY,2026-10-13,True,41,82,22443.05,1.83,
2026-10-08 11:15:09.464638+05:30,NIFTY,2026-10-19,True,41,82,22446.75,2.66,
2026-10-08 11:15:11.331119+05:30,NIFTY,2026-10-27,True,41,82,22447.8,1.86,
2026-10-08 11:15:13.235383+05:30,BANKNIFTY,2026-10-27,True,41,82,54938.15,1.9,
2026-10-08 11:15:15.122862+05:30,BANKNIFTY,2026-11-23,True,41,82,54934.7,1.89,
2026-10-08 11:15:17.010767+05:30,SENSEX,2026-10-08,True,41,82,72220.97,1.89,
2026-10-08 11:15:18.883837+05:30,SENSEX,2026-10-15,True,41,82,72222.18,1.87,
2026-10-08 11:15:20.742537+05:30,FINNIFTY,2026-10-27,True,41,82,24823.85,1.86,
2026-10-08 11:15:22.599245+05:30,MIDCPNIFTY,2026-10-27,True,41,82,13606.3,1.86,
2026-10-08 11:16:06.807286+05:30,NIFTY,2026-10-13,True,41,82,22445.9,1.82,
2026-10-08 11:16:08.684877+05:30,NIFTY,2026-10-19,True,41,82,22447.35,1.88,
2026-10-08 11:16:10.555007+05:30,NIFTY,2026-10-27,True,41,82,22446.6,1.87,
2026-10-08 11:16:13.468733+05:30,BANKNIFTY,2026-10-27,True,41,82,54960.55,2.91,
2026-10-08 11:16:15.379378+05:30,BANKNIFTY,2026-11-23,True,41,82,54966.1,1.91,
2026-10-08 11:16:17.250934+05:30,SENSEX,2026-10-08,True,41,82,72225.02,1.88,
2026-10-08 11:16:19.186727+05:30,SENSEX,2026-10-15,True,41,82,72220.28,1.93,
2026-10-08 11:16:21.044466+05:30,FINNIFTY,2026-10-27,True,41,82,24839.4,1.85,
2026-10-08 11:16:22.908341+05:30,MIDCPNIFTY,2026-10-27,True,41,82,13608.7,1.86,
2026-10-08 11:17:06.830084+05:30,NIFTY,2026-10-13,True,41,82,22449.75,1.85,
2026-10-08 11:17:08.683900+05:30,NIFTY,2026-10-19,True,41,82,22450.0,1.85,
2026-10-08 11:17:10.597169+05:30,NIFTY,2026-10-27,True,41,82,22449.75,1.91,
2026-10-08 11:17:12.497343+05:30,BANKNIFTY,2026-10-27,True,41,82,54951.35,1.9,
2026-10-08 11:17:14.407072+05:30,BANKNIFTY,2026-11-23,True,41,82,54947.8,1.91,
2026-10-08 11:17:16.263131+05:30,SENSEX,2026-10-08,True,41,82,72212.73,1.86,
2026-10-08 11:17:18.133318+05:30,SENSEX,2026-10-15,True,41,82,72218.39,1.86,
2026-10-08 11:17:20.003278+05:30,FINNIFTY,2026-10-27,True,41,82,24835.4,1.87,
2026-10-08 11:17:21.887526+05:30,MIDCPNIFTY,2026-10-27,True,41,82,13607.05,1.88,
2026-10-08 11:18:06.803191+05:30,NIFTY,2026-10-13,True,41,82,22447.1,1.82,
2026-10-08 11:18:08.666266+05:30,NIFTY,2026-10-19,True,41,82,22447.6,1.86,
2026-10-08 11:18:10.548262+05:30,NIFTY,2026-10-27,True,41,82,22447.35,1.88,
2026-10-08 11:18:12.423223+05:30,BANKNIFTY,2026-10-27,True,41,82,54953.1,1.87,
2026-10-08 11:18:14.295730+05:30,BANKNIFTY,2026-11-23,True,41,82,54954.3,1.87,
2026-10-08 11:18:16.170930+05:30,SENSEX,2026-10-08,True,41,82,72211.48,1.88,
2026-10-08 11:18:18.033269+05:30,SENSEX,2026-10-15,True,41,82,72217.96,1.86,
2026-10-08 11:18:19.896593+05:30,FINNIFTY,2026-10-27,True,41,82,24836.5,1.86,
2026-10-08 11:18:21.759556+05:30,MIDCPNIFTY,2026-10-27,True,41,82,13610.55,1.86,
2026-10-08 11:19:06.819749+05:30,NIFTY,2026-10-13,True,41,82,22450.25,1.84,
2026-10-08 11:19:08.679337+05:30,NIFTY,2026-10-19,True,41,82,22450.15,1.86,
2026-10-08 11:19:10.546766+05:30,NIFTY,2026-10-27,True,41,82,22449.3,1.87,
2026-10-08 11:19:12.429812+05:30,BANKNIFTY,2026-10-27,True,41,82,54952.5,1.88,
2026-10-08 11:19:14.301289+05:30,BANKNIFTY,2026-11-23,True,41,82,54952.95,1.87,
2026-10-08 11:19:16.168663+05:30,SENSEX,2026-10-08,True,41,82,72207.54,1.87,
2026-10-08 11:19:18.030562+05:30,SENSEX,2026-10-15,True,41,82,72210.93,1.85,
2026-10-08 11:19:19.907398+05:30,FINNIFTY,2026-10-27,True,41,82,24832.6,1.87,
2026-10-08 11:19:21.780143+05:30,MIDCPNIFTY,2026-10-27,True,41,82,13616.2,1.87,
2026-10-08 11:20:07.153086+05:30,NIFTY,2026-10-13,True,41,82,22440.25,2.17,
2026-10-08 11:20:08.834797+05:30,NIFTY,2026-10-19,True,41,82,22440.55,1.68,
2026-10-08 11:20:10.505737+05:30,NIFTY,2026-10-27,True,41,82,22439.85,1.67,
2026-10-08 11:20:12.187239+05:30,BANKNIFTY,2026-10-27,True,41,82,54930.4,1.68,
2026-10-08 11:20:13.907952+05:30,BANKNIFTY,2026-11-23,True,41,82,54930.05,1.72,
2026-10-08 11:20:15.572234+05:30,SENSEX,2026-10-08,True,41,82,72186.59,1.67,
2026-10-08 11:20:17.243806+05:30,SENSEX,2026-10-15,True,41,82,72184.3,1.66,
2026-10-08 11:20:18.933947+05:30,FINNIFTY,2026-10-27,True,41,82,24810.85,1.69,
2026-10-08 11:20:20.609593+05:30,MIDCPNIFTY,2026-10-27,True,41,82,13606.15,1.67,
2026-10-08 11:21:06.659484+05:30,NIFTY,2026-10-13,True,41,82,22428.95,1.68,
2026-10-08 11:21:08.346829+05:30,NIFTY,2026-10-19,True,41,82,22427.95,1.69,
2026-10-08 11:21:10.571429+05:30,NIFTY,2026-10-27,True,41,82,22427.6,2.22,
2026-10-08 11:21:12.254013+05:30,BANKNIFTY,2026-10-27,True,41,82,54903.7,1.68,
2026-10-08 11:21:13.959230+05:30,BANKNIFTY,2026-11-23,True,41,82,54904.1,1.7,
2026-10-08 11:21:15.638209+05:30,SENSEX,2026-10-08,True,41,82,72170.97,1.68,
2026-10-08 11:21:17.317397+05:30,SENSEX,2026-10-15,True,41,82,72163.2,1.67,
2026-10-08 11:21:19.024762+05:30,FINNIFTY,2026-10-27,True,41,82,24801.1,1.7,
2026-10-08 11:21:20.723414+05:30,MIDCPNIFTY,2026-10-27,True,41,82,13599.5,1.7,
2026-10-08 11:22:06.639801+05:30,NIFTY,2026-10-13,True,41,82,22408.45,1.66,
2026-10-08 11:22:08.335131+05:30,NIFTY,2026-10-19,True,41,82,22408.45,1.7,
2026-10-08 11:22:10.016529+05:30,NIFTY,2026-10-27,True,41,82,22408.0,1.68,
2026-10-08 11:22:11.714335+05:30,BANKNIFTY,2026-10-27,True,41,82,54848.05,1.7,
2026-10-08 11:22:13.413521+05:30,BANKNIFTY,2026-11-23,True,41,82,54847.2,1.7,
2026-10-08 11:22:15.107456+05:30,SENSEX,2026-10-08,True,41,82,72111.44,1.7,
2026-10-08 11:22:16.813673+05:30,SENSEX,2026-10-15,True,41,82,72110.72,1.7,
2026-10-08 11:22:18.489558+05:30,FINNIFTY,2026-10-27,True,41,82,24780.2,1.67,
2026-10-08 11:22:20.208101+05:30,MIDCPNIFTY,2026-10-27,True,41,82,13580.45,1.72,
2026-10-08 11:23:06.660855+05:30,NIFTY,2026-10-13,True,41,82,22400.25,1.68,
2026-10-08 11:23:09.376811+05:30,NIFTY,2026-10-19,True,41,82,22401.65,2.72,
2026-10-08 11:23:11.089511+05:30,NIFTY,2026-10-27,True,41,82,22397.95,1.71,
2026-10-08 11:23:12.779231+05:30,BANKNIFTY,2026-10-27,True,41,82,54851.05,1.69,
2026-10-08 11:23:14.481186+05:30,BANKNIFTY,2026-11-23,True,41,82,54851.05,1.7,
2026-10-08 11:23:16.137993+05:30,SENSEX,2026-10-08,True,41,82,72053.0,1.66,
2026-10-08 11:23:17.803111+05:30,SENSEX,2026-10-15,True,41,82,72050.4,1.66,
2026-10-08 11:23:19.464847+05:30,FINNIFTY,2026-10-27,True,41,82,24767.75,1.66,
2026-10-08 11:23:21.146809+05:30,MIDCPNIFTY,2026-10-27,True,41,82,13574.5,1.68,
2026-10-08 11:24:06.640141+05:30,NIFTY,2026-10-13,True,41,82,22399.5,1.66,
2026-10-08 11:24:08.325232+05:30,NIFTY,2026-10-19,True,41,82,22400.55,1.69,
2026-10-08 11:24:10.022869+05:30,NIFTY,2026-10-27,True,41,82,22399.25,1.69,
2026-10-08 11:24:11.703940+05:30,BANKNIFTY,2026-10-27,True,41,82,54856.2,1.68,
2026-10-08 11:24:13.418175+05:30,BANKNIFTY,2026-11-23,True,41,82,54853.15,1.71,
2026-10-08 11:24:15.110707+05:30,SENSEX,2026-10-08,True,41,82,72055.59,1.7,
2026-10-08 11:24:16.788483+05:30,SENSEX,2026-10-15,True,41,82,72063.11,1.67,
2026-10-08 11:24:18.470460+05:30,FINNIFTY,2026-10-27,True,41,82,24771.35,1.68,
2026-10-08 11:24:20.163216+05:30,MIDCPNIFTY,2026-10-27,True,41,82,13564.65,1.69,
2026-10-08 11:25:06.654122+05:30,NIFTY,2026-10-13,True,41,82,22397.6,1.67,
2026-10-08 11:25:08.353698+05:30,NIFTY,2026-10-19,True,41,82,22394.4,1.7,
2026-10-08 11:25:10.046553+05:30,NIFTY,2026-10-27,True,41,82,22393.0,1.69,
2026-10-08 11:25:11.747231+05:30,BANKNIFTY,2026-10-27,True,41,82,54847.35,1.7,
2026-10-08 11:25:13.452035+05:30,BANKNIFTY,2026-11-23,True,41,82,54834.3,1.7,
2026-10-08 11:25:16.185447+05:30,SENSEX,2026-10-08,True,41,82,72028.19,2.74,
2026-10-08 11:25:17.850831+05:30,SENSEX,2026-10-15,True,41,82,72029.87,1.66,
2026-10-08 11:25:19.527401+05:30,FINNIFTY,2026-10-27,True,41,82,24762.1,1.67,
2026-10-08 11:25:21.219442+05:30,MIDCPNIFTY,2026-10-27,True,41,82,13558.5,1.69,
2026-10-08 11:26:06.645162+05:30,NIFTY,2026-10-13,True,41,82,22357.7,1.66,
2026-10-08 11:26:08.341219+05:30,NIFTY,2026-10-19,True,41,82,22358.1,1.7,
2026-10-08 11:26:10.045380+05:30,NIFTY,2026-10-27,True,41,82,22358.3,1.7,
2026-10-08 11:26:11.738858+05:30,BANKNIFTY,2026-10-27,True,41,82,54764.15,1.69,
2026-10-08 11:26:13.497686+05:30,BANKNIFTY,2026-11-23,True,41,82,54777.25,1.76,
2026-10-08 11:26:15.180363+05:30,SENSEX,2026-10-08,True,41,82,71968.54,1.69,
2026-10-08 11:26:17.008198+05:30,SENSEX,2026-10-15,True,41,82,71971.81,1.82,
2026-10-08 11:26:18.722722+05:30,FINNIFTY,2026-10-27,True,41,82,24746.2,1.71,
2026-10-08 11:26:20.433118+05:30,MIDCPNIFTY,2026-10-27,True,41,82,13549.55,1.71,
2026-10-08 11:27:06.670365+05:30,NIFTY,2026-10-13,True,41,82,22351.0,1.69,
2026-10-08 11:27:08.371984+05:30,NIFTY,2026-10-19,True,41,82,22352.6,1.7,
2026-10-08 11:27:10.068214+05:30,NIFTY,2026-10-27,True,41,82,22353.4,1.69,
2026-10-08 11:27:11.760016+05:30,BANKNIFTY,2026-10-27,True,41,82,54756.55,1.69,
2026-10-08 11:27:13.460260+05:30,BANKNIFTY,2026-11-23,True,41,82,54756.55,1.7,
2026-10-08 11:27:15.159420+05:30,SENSEX,2026-10-08,True,41,82,71928.32,1.71,
2026-10-08 11:27:16.820596+05:30,SENSEX,2026-10-15,True,41,82,71933.49,1.65,
2026-10-08 11:27:18.509848+05:30,FINNIFTY,2026-10-27,True,41,82,24730.85,1.69,
2026-10-08 11:27:20.196724+05:30,MIDCPNIFTY,2026-10-27,True,41,82,13535.25,1.68,
2026-10-08 11:28:06.678379+05:30,NIFTY,2026-10-13,True,41,82,22345.5,1.7,
2026-10-08 11:28:05.000163+05:30,NIFTY,2026-10-19,False,,,,1.01,"('Connection aborted.', RemoteDisconnected('Remote end closed connection without response'))"
2026-10-08 11:28:09.951650+05:30,NIFTY,2026-10-27,True,41,82,22344.3,2.26,
2026-10-08 11:28:11.684693+05:30,BANKNIFTY,2026-10-27,True,41,82,54742.7,1.73,
2026-10-08 11:28:13.422535+05:30,BANKNIFTY,2026-11-23,True,41,82,54744.0,1.74,
2026-10-08 11:28:15.171872+05:30,SENSEX,2026-10-08,True,41,82,71905.66,1.76,
2026-10-08 11:28:16.922803+05:30,SENSEX,2026-10-15,True,41,82,71906.18,1.74,
2026-10-08 11:28:18.698107+05:30,FINNIFTY,2026-10-27,True,41,82,24721.2,1.77,
2026-10-08 11:28:20.442564+05:30,MIDCPNIFTY,2026-10-27,True,41,82,13527.35,1.74,
2026-10-08 11:29:07.223771+05:30,NIFTY,2026-10-13,True,41,82,22331.5,2.24,
2026-10-08 11:29:09.004697+05:30,NIFTY,2026-10-19,True,41,82,22332.85,1.78,
2026-10-08 11:29:10.767680+05:30,NIFTY,2026-10-27,True,41,82,22334.35,1.76,
2026-10-08 11:29:12.526789+05:30,BANKNIFTY,2026-10-27,True,41,82,54744.35,1.76,
2026-10-08 11:29:14.276788+05:30,BANKNIFTY,2026-11-23,True,41,82,54742.6,1.75,
2026-10-08 11:29:16.027147+05:30,SENSEX,2026-10-08,True,41,82,71902.93,1.76,
2026-10-08 11:29:17.759734+05:30,SENSEX,2026-10-15,True,41,82,71912.18,1.72,
2026-10-08 11:29:19.486095+05:30,FINNIFTY,2026-10-27,True,41,81,24713.05,1.72,
2026-10-08 11:29:21.236072+05:30,MIDCPNIFTY,2026-10-27,True,41,82,13529.7,1.75,
2026-10-08 11:30:06.750248+05:30,NIFTY,2026-10-13,True,41,82,22336.75,1.77,
2026-10-08 11:30:08.509803+05:30,NIFTY,2026-10-19,True,41,82,22335.3,1.76,
2026-10-08 11:30:10.283626+05:30,NIFTY,2026-10-27,True,41,82,22335.1,1.77,
2026-10-08 11:30:12.047460+05:30,BANKNIFTY,2026-10-27,True,41,82,54736.5,1.76,
2026-10-08 11:30:13.805146+05:30,BANKNIFTY,2026-11-23,True,41,82,54735.75,1.76,
2026-10-08 11:30:15.545396+05:30,SENSEX,2026-10-08,True,41,82,71894.01,1.75,
2026-10-08 11:30:17.289187+05:30,SENSEX,2026-10-15,True,41,82,71893.85,1.74,
2026-10-08 11:30:19.070627+05:30,FINNIFTY,2026-10-27,True,41,82,24708.25,1.78,
2026-10-08 11:30:20.837338+05:30,MIDCPNIFTY,2026-10-27,True,41,82,13531.95,1.77,
2026-10-08 11:31:06.901093+05:30,NIFTY,2026-10-13,True,41,82,22354.0,1.92,
2026-10-08 11:31:08.661883+05:30,NIFTY,2026-10-19,True,41,82,22355.85,1.77,
2026-10-08 11:31:10.459305+05:30,NIFTY,2026-10-27,True,41,82,22357.35,1.79,
2026-10-08 11:31:12.231425+05:30,BANKNIFTY,2026-10-27,True,41,82,54776.95,1.77,
2026-10-08 11:31:14.028204+05:30,BANKNIFTY,2026-11-23,True,41,82,54774.05,1.79,
2026-10-08 11:31:15.787691+05:30,SENSEX,2026-10-08,True,41,82,71958.85,1.76,
2026-10-08 11:31:17.540544+05:30,SENSEX,2026-10-15,True,41,82,71959.37,1.75,
2026-10-08 11:31:19.308184+05:30,FINNIFTY,2026-10-27,True,41,82,24729.45,1.76,
2026-10-08 11:31:21.100582+05:30,MIDCPNIFTY,2026-10-27,True,41,82,13548.0,1.79,
2026-10-08 11:32:06.778923+05:30,NIFTY,2026-10-13,True,41,82,22367.7,1.8,
2026-10-08 11:32:08.552876+05:30,NIFTY,2026-10-19,True,41,82,22369.25,1.78,
2026-10-08 11:32:10.325241+05:30,NIFTY,2026-10-27,True,41,82,22368.65,1.77,
2026-10-08 11:32:12.138495+05:30,BANKNIFTY,2026-10-27,True,41,82,54824.6,1.81,
2026-10-08 11:32:13.903549+05:30,BANKNIFTY,2026-11-23,True,41,82,54833.45,1.76,
2026-10-08 11:32:15.655989+05:30,SENSEX,2026-10-08,True,41,82,71970.65,1.76,
2026-10-08 11:32:17.431411+05:30,SENSEX,2026-10-15,True,41,82,71977.21,1.77,
2026-10-08 11:32:19.181888+05:30,FINNIFTY,2026-10-27,True,41,82,24747.65,1.75,
2026-10-08 11:32:20.958003+05:30,MIDCPNIFTY,2026-10-27,True,41,82,13561.65,1.77,
2026-10-08 11:33:06.779146+05:30,NIFTY,2026-10-13,True,41,82,22362.5,1.8,
2026-10-08 11:33:08.584774+05:30,NIFTY,2026-10-19,True,41,82,22363.7,1.81,
2026-10-08 11:33:10.335761+05:30,NIFTY,2026-10-27,True,41,82,22363.1,1.75,
2026-10-08 11:33:12.099734+05:30,BANKNIFTY,2026-10-27,True,41,82,54783.8,1.76,
2026-10-08 11:33:13.852657+05:30,BANKNIFTY,2026-11-23,True,41,82,54785.9,1.75,
2026-10-08 11:33:15.597007+05:30,SENSEX,2026-10-08,True,41,82,71972.68,1.75,
2026-10-08 11:33:17.349685+05:30,SENSEX,2026-10-15,True,41,82,71976.79,1.75,
2026-10-08 11:33:19.099636+05:30,FINNIFTY,2026-10-27,True,41,82,24737.9,1.75,
2026-10-08 11:33:20.869622+05:30,MIDCPNIFTY,2026-10-27,True,41,82,13548.3,1.77,
2026-10-08 11:34:06.762536+05:30,NIFTY,2026-10-13,True,41,82,22363.85,1.78,
2026-10-08 11:34:08.509797+05:30,NIFTY,2026-10-19,True,41,82,22363.5,1.75,
2026-10-08 11:34:10.257875+05:30,NIFTY,2026-10-27,True,41,82,22364.35,1.75,
2026-10-08 11:34:12.043006+05:30,BANKNIFTY,2026-10-27,True,41,82,54799.95,1.78,
2026-10-08 11:34:13.814412+05:30,BANKNIFTY,2026-11-23,True,41,82,54799.35,1.77,
2026-10-08 11:34:15.574802+05:30,SENSEX,2026-10-08,True,41,82,71976.21,1.77,
2026-10-08 11:34:17.313783+05:30,SENSEX,2026-10-15,True,41,82,71976.97,1.73,
2026-10-08 11:34:19.072213+05:30,FINNIFTY,2026-10-27,True,41,82,24740.35,1.76,
2026-10-08 11:34:20.839822+05:30,MIDCPNIFTY,2026-10-27,True,41,82,13545.85,1.77,
2026-10-08 11:35:06.761393+05:30,NIFTY,2026-10-13,True,41,82,22361.2,1.78,
2026-10-08 11:35:08.485933+05:30,NIFTY,2026-10-19,True,41,82,22360.35,1.72,
2026-10-08 11:35:10.211766+05:30,NIFTY,2026-10-27,True,41,82,22359.95,1.72,
2026-10-08 11:35:11.937208+05:30,BANKNIFTY,2026-10-27,True,41,82,54783.5,1.72,
2026-10-08 11:35:13.699190+05:30,BANKNIFTY,2026-11-23,True,41,82,54783.3,1.76,
2026-10-08 11:35:15.415724+05:30,SENSEX,2026-10-08,True,41,82,71964.52,1.72,
2026-10-08 11:35:17.189079+05:30,SENSEX,2026-10-15,True,41,82,71964.4,1.77,
2026-10-08 11:35:18.925889+05:30,FINNIFTY,2026-10-27,True,41,82,24730.85,1.73,
2026-10-08 11:35:20.655231+05:30,MIDCPNIFTY,2026-10-27,True,41,82,13545.4,1.73,
2026-10-08 11:36:06.729823+05:30,NIFTY,2026-10-13,True,41,82,22353.9,1.75,
2026-10-08 11:36:08.468210+05:30,NIFTY,2026-10-19,True,41,82,22361.8,1.75,
2026-10-08 11:36:10.210745+05:30,NIFTY,2026-10-27,True,41,82,22364.75,1.73,
2026-10-08 11:36:11.939221+05:30,BANKNIFTY,2026-10-27,True,41,82,54801.25,1.73,
2026-10-08 11:36:13.675575+05:30,BANKNIFTY,2026-11-23,True,41,82,54804.7,1.74,
2026-10-08 11:36:15.404175+05:30,SENSEX,2026-10-08,True,41,82,71969.99,1.73,
2026-10-08 11:36:17.129133+05:30,SENSEX,2026-10-15,True,41,82,71975.63,1.72,
2026-10-08 11:36:18.847804+05:30,FINNIFTY,2026-10-27,True,41,82,24741.2,1.72,
2026-10-08 11:36:20.571502+05:30,MIDCPNIFTY,2026-10-27,True,41,82,13549.2,1.72,
2026-10-08 11:37:06.779066+05:30,NIFTY,2026-10-13,True,41,82,22371.95,1.8,
2026-10-08 11:37:08.522652+05:30,NIFTY,2026-10-19,True,41,82,22370.65,1.75,
2026-10-08 11:37:10.268203+05:30,NIFTY,2026-10-27,True,41,82,22370.35,1.74,
2026-10-08 11:37:12.004178+05:30,BANKNIFTY,2026-10-27,True,41,82,54818.8,1.73,
2026-10-08 11:37:13.747526+05:30,BANKNIFTY,2026-11-23,True,41,82,54818.6,1.74,
2026-10-08 11:37:15.474818+05:30,SENSEX,2026-10-08,True,41,82,71985.73,1.73,
2026-10-08 11:37:17.229123+05:30,SENSEX,2026-10-15,True,41,82,71980.77,1.75,
2026-10-08 11:37:18.980822+05:30,FINNIFTY,2026-10-27,True,41,82,24744.95,1.75,
2026-10-08 11:37:20.719775+05:30,MIDCPNIFTY,2026-10-27,True,41,82,13553.95,1.74,
2026-10-08 11:38:06.743790+05:30,NIFTY,2026-10-13,True,41,82,22365.8,1.76,
2026-10-08 11:38:08.480148+05:30,NIFTY,2026-10-19,True,41,82,22366.65,1.74,
2026-10-08 11:38:10.215238+05:30,NIFTY,2026-10-27,True,41,82,22366.5,1.73,
2026-10-08 11:38:11.974674+05:30,BANKNIFTY,2026-10-27,True,41,82,54815.1,1.76,
2026-10-08 11:38:13.712747+05:30,BANKNIFTY,2026-11-23,True,41,82,54814.85,1.74,
2026-10-08 11:38:15.454667+05:30,SENSEX,2026-10-08,True,41,82,71995.94,1.75,
2026-10-08 11:38:17.164036+05:30,SENSEX,2026-10-15,True,41,82,71996.03,1.7,
2026-10-08 11:38:18.919175+05:30,FINNIFTY,2026-10-27,True,41,82,24737.8,1.75,
2026-10-08 11:38:20.649635+05:30,MIDCPNIFTY,2026-10-27,True,41,82,13549.7,1.73,
2026-10-08 11:39:06.898107+05:30,NIFTY,2026-10-13,True,41,82,22352.2,1.92,
2026-10-08 11:39:08.634017+05:30,NIFTY,2026-10-19,True,41,82,22353.5,1.74,
2026-10-08 11:39:10.398826+05:30,NIFTY,2026-10-27,True,41,82,22352.65,1.76,
2026-10-08 11:39:12.149879+05:30,BANKNIFTY,2026-10-27,True,41,82,54786.75,1.75,
2026-10-08 11:39:13.916765+05:30,BANKNIFTY,2026-11-23,True,41,82,54786.95,1.77,
2026-10-08 11:39:15.656728+05:30,SENSEX,2026-10-08,True,41,82,71943.94,1.75,
2026-10-08 11:39:17.429237+05:30,SENSEX,2026-10-15,True,41,82,71942.12,1.77,
2026-10-08 11:39:19.164276+05:30,FINNIFTY,2026-10-27,True,41,82,24729.65,1.73,
2026-10-08 11:39:20.921846+05:30,MIDCPNIFTY,2026-10-27,True,41,82,13544.25,1.76,
2026-10-08 11:40:06.839126+05:30,NIFTY,2026-10-13,True,41,82,22357.1,1.86,
2026-10-08 11:40:08.801632+05:30,NIFTY,2026-10-19,True,41,82,22358.5,1.96,
2026-10-08 11:40:10.555972+05:30,NIFTY,2026-10-27,True,41,82,22358.3,1.75,
2026-10-08 11:40:12.323218+05:30,BANKNIFTY,2026-10-27,True,41,82,54820.3,1.76,
2026-10-08 11:40:14.090085+05:30,BANKNIFTY,2026-11-23,True,41,82,54819.3,1.77,
2026-10-08 11:40:15.843349+05:30,SENSEX,2026-10-08,True,41,82,71952.18,1.76,
2026-10-08 11:40:17.591509+05:30,SENSEX,2026-10-15,True,41,82,71959.2,1.74,
2026-10-08 11:40:19.342870+05:30,FINNIFTY,2026-10-27,True,41,82,24739.35,1.75,
2026-10-08 11:40:21.113302+05:30,MIDCPNIFTY,2026-10-27,True,41,82,13552.65,1.77,
2026-10-08 11:41:06.815105+05:30,NIFTY,2026-10-13,True,41,82,22360.25,1.83,
2026-10-08 11:41:08.569075+05:30,NIFTY,2026-10-19,True,41,82,22357.8,1.76,
2026-10-08 11:41:10.369460+05:30,NIFTY,2026-10-27,True,41,82,22358.05,1.8,
2026-10-08 11:41:12.151724+05:30,BANKNIFTY,2026-10-27,True,41,82,54820.7,1.78,
2026-10-08 11:41:13.911310+05:30,BANKNIFTY,2026-11-23,True,41,82,54819.9,1.76,
2026-10-08 11:41:15.661429+05:30,SENSEX,2026-10-08,True,41,82,71975.66,1.75,
2026-10-08 11:41:17.409493+05:30,SENSEX,2026-10-15,True,41,82,71974.94,1.74,
2026-10-08 11:41:19.169792+05:30,FINNIFTY,2026-10-27,True,41,82,24738.35,1.76,
2026-10-08 11:41:20.940966+05:30,MIDCPNIFTY,2026-10-27,True,41,82,13555.55,1.77,
2026-10-08 11:42:07.834860+05:30,NIFTY,2026-10-13,True,41,82,22362.8,2.85,
2026-10-08 11:42:09.602539+05:30,NIFTY,2026-10-19,True,41,82,22362.5,1.77,
2026-10-08 11:42:11.387558+05:30,NIFTY,2026-10-27,True,41,82,22363.0,1.78,
2026-10-08 11:42:13.147452+05:30,BANKNIFTY,2026-10-27,True,41,82,54825.7,1.76,
2026-10-08 11:42:14.890935+05:30,BANKNIFTY,2026-11-23,True,41,82,54826.5,1.74,
2026-10-08 11:42:16.646298+05:30,SENSEX,2026-10-08,True,41,82,71965.3,1.76,
2026-10-08 11:42:18.381881+05:30,SENSEX,2026-10-15,True,41,82,71964.0,1.73,
2026-10-08 11:42:20.152479+05:30,FINNIFTY,2026-10-27,True,41,82,24737.6,1.77,
2026-10-08 11:42:21.943212+05:30,MIDCPNIFTY,2026-10-27,True,41,82,13563.5,1.79,
2026-10-08 11:43:06.893877+05:30,NIFTY,2026-10-13,True,41,82,22364.3,1.91,
2026-10-08 11:43:08.649693+05:30,NIFTY,2026-10-19,True,41,82,22365.7,1.76,
2026-10-08 11:43:10.432836+05:30,NIFTY,2026-10-27,True,41,82,22364.35,1.78,
2026-10-08 11:43:12.250865+05:30,BANKNIFTY,2026-10-27,True,41,82,54819.05,1.82,
2026-10-08 11:43:14.061865+05:30,BANKNIFTY,2026-11-23,True,41,82,54819.6,1.81,
2026-10-08 11:43:15.825733+05:30,SENSEX,2026-10-08,True,41,82,71980.03,1.77,
2026-10-08 11:43:17.578382+05:30,SENSEX,2026-10-15,True,41,82,71979.66,1.75,
2026-10-08 11:43:19.355436+05:30,FINNIFTY,2026-10-27,True,41,82,24737.6,1.78,
2026-10-08 11:43:21.128921+05:30,MIDCPNIFTY,2026-10-27,True,41,82,13561.15,1.77,
2026-10-08 11:44:06.781949+05:30,NIFTY,2026-10-13,True,41,82,22368.0,1.8,
2026-10-08 11:44:08.511848+05:30,NIFTY,2026-10-19,True,41,82,22368.3,1.73,
2026-10-08 11:44:10.258798+05:30,NIFTY,2026-10-27,True,41,82,22368.9,1.75,
2026-10-08 11:44:12.003575+05:30,BANKNIFTY,2026-10-27,True,41,82,54822.55,1.74,
2026-10-08 11:44:13.759513+05:30,BANKNIFTY,2026-11-23,True,41,82,54823.0,1.75,
2026-10-08 11:44:15.490005+05:30,SENSEX,2026-10-08,True,41,82,71964.94,1.74,
2026-10-08 11:44:17.211371+05:30,SENSEX,2026-10-15,True,41,82,71963.49,1.71,
2026-10-08 11:44:18.942603+05:30,FINNIFTY,2026-10-27,True,41,82,24742.95,1.73,
2026-10-08 11:44:20.663839+05:30,MIDCPNIFTY,2026-10-27,True,41,82,13561.0,1.72,
2026-10-08 11:45:06.800301+05:30,NIFTY,2026-10-13,True,41,82,22372.4,1.82,
2026-10-08 11:45:08.491109+05:30,NIFTY,2026-10-19,True,41,82,22374.4,1.69,
2026-10-08 11:45:10.184609+05:30,NIFTY,2026-10-27,True,41,82,22374.0,1.69,
2026-10-08 11:45:11.883594+05:30,BANKNIFTY,2026-10-27,True,41,82,54846.6,1.7,
2026-10-08 11:45:13.592628+05:30,BANKNIFTY,2026-11-23,True,41,82,54846.8,1.71,
2026-10-08 11:45:15.299577+05:30,SENSEX,2026-10-08,True,41,82,71985.41,1.71,
2026-10-08 11:45:16.984685+05:30,SENSEX,2026-10-15,True,41,82,71989.19,1.68,
2026-10-08 11:45:18.682921+05:30,FINNIFTY,2026-10-27,True,41,82,24754.95,1.7,
2026-10-08 11:45:20.369202+05:30,MIDCPNIFTY,2026-10-27,True,41,82,13571.1,1.68,
2026-10-08 11:46:06.742034+05:30,NIFTY,2026-10-13,True,41,82,22368.95,1.76,
2026-10-08 11:46:08.410591+05:30,NIFTY,2026-10-19,True,41,82,22369.4,1.68,
2026-10-08 11:46:10.108734+05:30,NIFTY,2026-10-27,True,41,82,22370.05,1.68,
2026-10-08 11:46:11.843234+05:30,BANKNIFTY,2026-10-27,True,41,82,54841.6,1.73,
2026-10-08 11:46:13.838274+05:30,BANKNIFTY,2026-11-23,True,41,82,54841.9,1.99,
2026-10-08 11:46:15.525381+05:30,SENSEX,2026-10-08,True,41,82,72000.07,1.69,
2026-10-08 11:46:17.217624+05:30,SENSEX,2026-10-15,True,41,82,71998.38,1.69,
2026-10-08 11:46:18.902059+05:30,FINNIFTY,2026-10-27,True,41,82,24750.3,1.68,
2026-10-08 11:46:20.739348+05:30,MIDCPNIFTY,2026-10-27,True,41,82,13561.7,1.84,
2026-10-08 11:47:06.794014+05:30,NIFTY,2026-10-13,True,41,82,22378.05,1.81,
2026-10-08 11:47:08.512667+05:30,NIFTY,2026-10-19,True,41,82,22377.7,1.72,
2026-10-08 11:47:10.219436+05:30,NIFTY,2026-10-27,True,41,82,22376.65,1.71,
2026-10-08 11:47:11.944413+05:30,BANKNIFTY,2026-10-27,True,41,82,54868.9,1.72,
2026-10-08 11:47:14.734773+05:30,BANKNIFTY,2026-11-23,True,41,82,54863.95,2.79,
2026-10-08 11:47:16.449280+05:30,SENSEX,2026-10-08,True,41,82,71999.29,1.72,
2026-10-08 11:47:18.141079+05:30,SENSEX,2026-10-15,True,41,82,71994.78,1.69,
2026-10-08 11:47:20.663730+05:30,FINNIFTY,2026-10-27,True,41,82,24773.25,2.52,
2026-10-08 11:47:22.387059+05:30,MIDCPNIFTY,2026-10-27,True,41,82,13569.45,1.72,
2026-10-08 11:48:06.830872+05:30,NIFTY,2026-10-13,True,41,82,22372.75,1.85,
2026-10-08 11:48:08.550714+05:30,NIFTY,2026-10-19,True,41,82,22373.35,1.72,
2026-10-08 11:48:10.266775+05:30,NIFTY,2026-10-27,True,41,82,22373.25,1.71,
2026-10-08 11:48:12.016061+05:30,BANKNIFTY,2026-10-27,True,41,82,54859.65,1.75,
2026-10-08 11:48:13.754860+05:30,BANKNIFTY,2026-11-23,True,41,82,54848.6,1.74,
2026-10-08 11:48:15.465014+05:30,SENSEX,2026-10-08,True,41,82,71977.93,1.72,
2026-10-08 11:48:17.187433+05:30,SENSEX,2026-10-15,True,41,82,71978.78,1.72,
2026-10-08 11:48:18.912178+05:30,FINNIFTY,2026-10-27,True,41,82,24768.7,1.72,
2026-10-08 11:48:20.619245+05:30,MIDCPNIFTY,2026-10-27,True,41,82,13565.7,1.71,
2026-10-08 11:49:06.761933+05:30,NIFTY,2026-10-13,True,41,82,22371.75,1.78,
2026-10-08 11:49:08.497023+05:30,NIFTY,2026-10-19,True,41,82,22371.35,1.74,
2026-10-08 11:49:10.229587+05:30,NIFTY,2026-10-27,True,41,82,22372.2,1.73,
2026-10-08 11:49:12.338143+05:30,BANKNIFTY,2026-10-27,True,41,82,54845.2,2.11,
2026-10-08 11:49:14.075656+05:30,BANKNIFTY,2026-11-23,True,41,82,54849.85,1.74,
2026-10-08 11:49:15.799705+05:30,SENSEX,2026-10-08,True,41,82,71989.76,1.73,
2026-10-08 11:49:17.509086+05:30,SENSEX,2026-10-15,True,41,82,71991.45,1.7,
2026-10-08 11:49:19.230495+05:30,FINNIFTY,2026-10-27,True,41,82,24765.8,1.72,
2026-10-08 11:49:20.956307+05:30,MIDCPNIFTY,2026-10-27,True,41,82,13566.55,1.72,
2026-10-08 11:50:06.940411+05:30,NIFTY,2026-10-13,True,41,82,22372.55,1.96,
2026-10-08 11:50:08.806730+05:30,NIFTY,2026-10-19,True,41,82,22370.65,1.87,
2026-10-08 11:50:10.647833+05:30,NIFTY,2026-10-27,True,41,82,22372.55,1.84,
2026-10-08 11:50:12.804904+05:30,BANKNIFTY,2026-10-27,True,41,82,54854.55,2.15,
2026-10-08 11:50:16.408231+05:30,BANKNIFTY,2026-11-23,True,41,82,54857.0,3.6,
2026-10-08 11:50:18.242960+05:30,SENSEX,2026-10-08,True,41,82,71978.3,1.84,
2026-10-08 11:50:20.090500+05:30,SENSEX,2026-10-15,True,41,82,72001.7,1.84,
2026-10-08 11:50:21.935340+05:30,FINNIFTY,2026-10-27,True,41,82,24764.45,1.84,
2026-10-08 11:50:23.803507+05:30,MIDCPNIFTY,2026-10-27,True,41,82,13566.35,1.87,
2026-10-08 11:51:06.834151+05:30,NIFTY,2026-10-13,True,41,82,22373.6,1.85,
2026-10-08 11:51:08.677346+05:30,NIFTY,2026-10-19,True,41,82,22372.7,1.84,
2026-10-08 11:51:10.544570+05:30,NIFTY,2026-10-27,True,41,82,22373.3,1.87,
2026-10-08 11:51:12.406319+05:30,BANKNIFTY,2026-10-27,True,41,82,54859.6,1.86,
2026-10-08 11:51:14.258591+05:30,BANKNIFTY,2026-11-23,True,41,82,54862.25,1.85,
2026-10-08 11:51:16.115561+05:30,SENSEX,2026-10-08,True,41,82,71988.28,1.86,
2026-10-08 11:51:17.947307+05:30,SENSEX,2026-10-15,True,41,82,71993.6,1.83,
2026-10-08 11:51:19.776431+05:30,FINNIFTY,2026-10-27,True,41,82,24770.45,1.83,
2026-10-08 11:51:21.634658+05:30,MIDCPNIFTY,2026-10-27,True,41,82,13569.8,1.86,
2026-10-08 11:52:06.806595+05:30,NIFTY,2026-10-13,True,41,82,22379.1,1.82,
2026-10-08 11:52:08.638745+05:30,NIFTY,2026-10-19,True,41,82,22380.35,1.83,
2026-10-08 11:52:10.475376+05:30,NIFTY,2026-10-27,True,41,82,22380.65,1.84,
2026-10-08 11:52:12.318723+05:30,BANKNIFTY,2026-10-27,True,41,82,54877.2,1.84,
2026-10-08 11:52:14.218152+05:30,BANKNIFTY,2026-11-23,True,41,82,54876.25,1.9,
2026-10-08 11:52:16.050166+05:30,SENSEX,2026-10-08,True,41,82,72016.07,1.84,
2026-10-08 11:52:17.882167+05:30,SENSEX,2026-10-15,True,41,82,72016.26,1.83,
2026-10-08 11:52:19.722605+05:30,FINNIFTY,2026-10-27,True,41,81,24780.95,1.84,
2026-10-08 11:52:21.569266+05:30,MIDCPNIFTY,2026-10-27,True,41,82,13572.65,1.84,
2026-10-08 11:53:07.013137+05:30,NIFTY,2026-10-13,True,41,82,22375.1,2.03,
2026-10-08 11:53:08.845876+05:30,NIFTY,2026-10-19,True,41,82,22375.55,1.83,
2026-10-08 11:53:10.702579+05:30,NIFTY,2026-10-27,True,41,82,22375.85,1.86,
2026-10-08 11:53:12.587777+05:30,BANKNIFTY,2026-10-27,True,41,82,54867.55,1.88,
2026-10-08 11:53:14.444114+05:30,BANKNIFTY,2026-11-23,True,41,82,54868.2,1.85,
2026-10-08 11:53:16.275074+05:30,SENSEX,2026-10-08,True,41,82,72005.9,1.84,
2026-10-08 11:53:18.114133+05:30,SENSEX,2026-10-15,True,41,82,72005.08,1.83,
2026-10-08 11:53:19.972084+05:30,FINNIFTY,2026-10-27,True,41,81,24772.95,1.85,
2026-10-08 11:53:21.819788+05:30,MIDCPNIFTY,2026-10-27,True,41,82,13573.15,1.85,
2026-10-08 11:54:06.782571+05:30,NIFTY,2026-10-13,True,41,82,22374.35,1.8,
2026-10-08 11:54:08.617809+05:30,NIFTY,2026-10-19,True,41,82,22373.75,1.84,
2026-10-08 11:54:10.458254+05:30,NIFTY,2026-10-27,True,41,82,22374.65,1.84,
2026-10-08 11:54:12.316993+05:30,BANKNIFTY,2026-10-27,True,41,82,54872.15,1.86,
2026-10-08 11:54:14.178093+05:30,BANKNIFTY,2026-11-23,True,41,82,54873.15,1.86,
2026-10-08 11:54:16.039698+05:30,SENSEX,2026-10-08,True,41,82,72008.23,1.87,
2026-10-08 11:54:17.882626+05:30,SENSEX,2026-10-15,True,41,82,72005.63,1.84,
2026-10-08 11:54:19.701327+05:30,FINNIFTY,2026-10-27,True,41,81,24774.25,1.82,
2026-10-08 11:54:21.543064+05:30,MIDCPNIFTY,2026-10-27,True,41,82,13567.2,1.84,
2026-10-08 11:55:07.856569+05:30,NIFTY,2026-10-13,True,41,82,22372.05,2.87,
2026-10-08 11:55:09.912413+05:30,NIFTY,2026-10-19,True,41,82,22371.75,2.06,
2026-10-08 11:55:11.757356+05:30,NIFTY,2026-10-27,True,41,82,22372.3,1.84,
2026-10-08 11:55:13.666370+05:30,BANKNIFTY,2026-10-27,True,41,82,54874.15,1.91,
2026-10-08 11:55:15.526329+05:30,BANKNIFTY,2026-11-23,True,41,82,54874.75,1.86,
2026-10-08 11:55:17.378224+05:30,SENSEX,2026-10-08,True,41,82,71983.73,1.86,
2026-10-08 11:55:19.214206+05:30,SENSEX,2026-10-15,True,41,82,71984.96,1.83,
2026-10-08 11:55:21.077087+05:30,FINNIFTY,2026-10-27,True,41,82,24773.95,1.86,
2026-10-08 11:55:23.992313+05:30,MIDCPNIFTY,2026-10-27,True,41,82,13565.05,2.91,
2026-10-08 11:56:06.806929+05:30,NIFTY,2026-10-13,True,41,82,22370.7,1.82,
2026-10-08 11:56:08.652413+05:30,NIFTY,2026-10-19,True,41,82,22371.1,1.85,
2026-10-08 11:56:10.511694+05:30,NIFTY,2026-10-27,True,41,82,22370.25,1.86,
2026-10-08 11:56:12.376302+05:30,BANKNIFTY,2026-10-27,True,41,82,54878.45,1.86,
2026-10-08 11:56:14.250032+05:30,BANKNIFTY,2026-11-23,True,41,82,54877.9,1.87,
2026-10-08 11:56:16.094554+05:30,SENSEX,2026-10-08,True,41,82,72006.92,1.85,
2026-10-08 11:56:17.935030+05:30,SENSEX,2026-10-15,True,41,82,71980.27,1.84,
2026-10-08 11:56:19.778299+05:30,FINNIFTY,2026-10-27,True,41,82,24770.1,1.84,
2026-10-08 11:56:21.631108+05:30,MIDCPNIFTY,2026-10-27,True,41,82,13558.45,1.85,
2026-10-08 11:57:06.803456+05:30,NIFTY,2026-10-13,True,41,82,22368.25,1.82,
2026-10-08 11:57:08.651890+05:30,NIFTY,2026-10-19,True,41,82,22366.85,1.85,
2026-10-08 11:57:10.499284+05:30,NIFTY,2026-10-27,True,41,82,22369.75,1.85,
2026-10-08 11:57:12.375867+05:30,BANKNIFTY,2026-10-27,True,41,82,54890.7,1.87,
2026-10-08 11:57:14.235491+05:30,BANKNIFTY,2026-11-23,True,41,82,54889.9,1.86,
2026-10-08 11:57:16.127989+05:30,SENSEX,2026-10-08,True,41,82,71982.4,1.9,
2026-10-08 11:57:17.957944+05:30,SENSEX,2026-10-15,True,41,82,71989.88,1.82,
2026-10-08 11:57:19.804716+05:30,FINNIFTY,2026-10-27,True,41,81,24776.9,1.84,
2026-10-08 11:57:21.652717+05:30,MIDCPNIFTY,2026-10-27,True,41,82,13561.45,1.85,
2026-10-08 11:58:06.829143+05:30,NIFTY,2026-10-13,True,41,82,22367.85,1.85,
2026-10-08 11:58:08.702197+05:30,NIFTY,2026-10-19,True,41,82,22365.85,1.88,
2026-10-08 11:58:11.666170+05:30,NIFTY,2026-10-27,True,41,82,22365.4,2.96,
2026-10-08 11:58:13.535184+05:30,BANKNIFTY,2026-10-27,True,41,82,54872.7,1.87,
2026-10-08 11:58:15.399178+05:30,BANKNIFTY,2026-11-23,True,41,82,54872.05,1.86,
2026-10-08 11:58:18.294950+05:30,SENSEX,2026-10-08,True,41,82,71992.2,2.9,
2026-10-08 11:58:20.179352+05:30,SENSEX,2026-10-15,True,41,82,71961.94,1.88,
2026-10-08 11:58:22.026420+05:30,FINNIFTY,2026-10-27,True,41,82,24764.1,1.84,
2026-10-08 11:58:23.897243+05:30,MIDCPNIFTY,2026-10-27,True,41,82,13549.05,1.87,
2026-10-08 11:59:06.833213+05:30,NIFTY,2026-10-13,True,41,82,22358.4,1.85,
2026-10-08 11:59:08.700664+05:30,NIFTY,2026-10-19,True,41,82,22360.15,1.87,
2026-10-08 11:59:10.563288+05:30,NIFTY,2026-10-27,True,41,82,22359.8,1.86,
2026-10-08 11:59:12.421275+05:30,BANKNIFTY,2026-10-27,True,41,82,54864.65,1.86,
2026-10-08 11:59:14.295724+05:30,BANKNIFTY,2026-11-23,True,41,82,54861.35,1.87,
2026-10-08 11:59:17.150982+05:30,SENSEX,2026-10-08,True,41,82,71941.61,2.86,
2026-10-08 11:59:19.030988+05:30,SENSEX,2026-10-15,True,41,82,71936.51,1.87,
2026-10-08 11:59:20.901422+05:30,FINNIFTY,2026-10-27,True,41,82,24759.3,1.87,
2026-10-08 11:59:22.746431+05:30,MIDCPNIFTY,2026-10-27,True,41,82,13541.9,1.84,
2026-10-08 12:00:06.793313+05:30,NIFTY,2026-10-13,True,41,82,22352.65,1.81,
2026-10-08 12:00:08.647775+05:30,NIFTY,2026-10-19,True,41,82,22352.5,1.85,
2026-10-08 12:00:10.495673+05:30,NIFTY,2026-10-27,True,41,82,22352.8,1.85,
2026-10-08 12:00:12.354465+05:30,BANKNIFTY,2026-10-27,True,41,82,54838.95,1.86,
2026-10-08 12:00:14.231743+05:30,BANKNIFTY,2026-11-23,True,41,82,54842.3,1.88,
2026-10-08 12:00:16.092128+05:30,SENSEX,2026-10-08,True,41,82,71939.57,1.87,
2026-10-08 12:00:17.961694+05:30,SENSEX,2026-10-15,True,41,82,71920.88,1.86,
2026-10-08 12:00:19.805878+05:30,FINNIFTY,2026-10-27,True,41,82,24754.55,1.84,
2026-10-08 12:00:21.645657+05:30,MIDCPNIFTY,2026-10-27,True,41,82,13541.8,1.84,
2026-10-08 12:01:06.805571+05:30,NIFTY,2026-10-13,True,41,82,22341.35,1.82,
2026-10-08 12:01:08.662400+05:30,NIFTY,2026-10-19,True,41,82,22340.55,1.86,
2026-10-08 12:01:10.515771+05:30,NIFTY,2026-10-27,True,41,82,22341.15,1.85,
2026-10-08 12:01:12.380439+05:30,BANKNIFTY,2026-10-27,True,41,82,54797.2,1.86,
2026-10-08 12:01:14.232956+05:30,BANKNIFTY,2026-11-23,True,41,82,54799.5,1.85,
2026-10-08 12:01:16.092748+05:30,SENSEX,2026-10-08,True,41,82,71905.84,1.87,
2026-10-08 12:01:17.917924+05:30,SENSEX,2026-10-15,True,41,82,71905.31,1.82,
2026-10-08 12:01:19.784226+05:30,FINNIFTY,2026-10-27,True,41,82,24736.95,1.86,
2026-10-08 12:01:21.633768+05:30,MIDCPNIFTY,2026-10-27,True,41,82,13534.1,1.85,
2026-10-08 12:02:06.777591+05:30,NIFTY,2026-10-13,True,41,82,22362.7,1.79,
2026-10-08 12:02:08.623594+05:30,NIFTY,2026-10-19,True,41,82,22362.75,1.85,
2026-10-08 12:02:10.482384+05:30,NIFTY,2026-10-27,True,41,82,22359.25,1.86,
2026-10-08 12:02:12.338563+05:30,BANKNIFTY,2026-10-27,True,41,82,54860.5,1.85,
2026-10-08 12:02:14.199766+05:30,BANKNIFTY,2026-11-23,True,41,82,54863.05,1.86,
2026-10-08 12:02:16.055632+05:30,SENSEX,2026-10-08,True,41,82,71946.21,1.86,
2026-10-08 12:02:17.891213+05:30,SENSEX,2026-10-15,True,41,82,71944.64,1.83,
2026-10-08 12:02:19.745966+05:30,FINNIFTY,2026-10-27,True,41,82,24762.45,1.85,
2026-10-08 12:02:21.595071+05:30,MIDCPNIFTY,2026-10-27,True,41,82,13543.4,1.85,
2026-10-08 12:03:06.789404+05:30,NIFTY,2026-10-13,True,41,82,22354.8,1.81,
2026-10-08 12:03:08.627299+05:30,NIFTY,2026-10-19,True,41,82,22355.15,1.84,
2026-10-08 12:03:10.479875+05:30,NIFTY,2026-10-27,True,41,82,22354.75,1.85,
2026-10-08 12:03:12.322972+05:30,BANKNIFTY,2026-10-27,True,41,82,54856.75,1.84,
2026-10-08 12:03:14.178963+05:30,BANKNIFTY,2026-11-23,True,41,82,54860.7,1.85,
2026-10-08 12:03:16.007635+05:30,SENSEX,2026-10-08,True,41,82,71938.15,1.83,
2026-10-08 12:03:17.853870+05:30,SENSEX,2026-10-15,True,41,82,71937.01,1.84,
2026-10-08 12:03:19.705948+05:30,FINNIFTY,2026-10-27,True,41,82,24758.85,1.85,
2026-10-08 12:03:21.536519+05:30,MIDCPNIFTY,2026-10-27,True,41,82,13543.65,1.83,
2026-10-08 12:04:06.798655+05:30,NIFTY,2026-10-13,True,41,82,22354.05,1.82,
2026-10-08 12:04:08.642290+05:30,NIFTY,2026-10-19,True,41,82,22353.15,1.84,
2026-10-08 12:04:10.486802+05:30,NIFTY,2026-10-27,True,41,82,22354.0,1.84,
2026-10-08 12:04:12.326717+05:30,BANKNIFTY,2026-10-27,True,41,82,54860.6,1.84,
2026-10-08 12:04:14.207346+05:30,BANKNIFTY,2026-11-23,True,41,82,54855.85,1.88,
2026-10-08 12:04:16.046291+05:30,SENSEX,2026-10-08,True,41,82,71940.12,1.84,
2026-10-08 12:04:17.882144+05:30,SENSEX,2026-10-15,True,41,82,71938.33,1.83,
2026-10-08 12:04:19.728061+05:30,FINNIFTY,2026-10-27,True,41,82,24757.8,1.84,
2026-10-08 12:04:21.580274+05:30,MIDCPNIFTY,2026-10-27,True,41,82,13540.4,1.85,
2026-10-08 12:05:06.926516+05:30,NIFTY,2026-10-13,True,41,82,22354.95,1.94,
2026-10-08 12:05:08.770355+05:30,NIFTY,2026-10-19,True,41,82,22355.7,1.84,
2026-10-08 12:05:10.596803+05:30,NIFTY,2026-10-27,True,41,82,22353.55,1.83,
2026-10-08 12:05:12.441084+05:30,BANKNIFTY,2026-10-27,True,41,82,54848.1,1.84,
2026-10-08 12:05:14.276710+05:30,BANKNIFTY,2026-11-23,True,41,82,54844.25,1.83,
2026-10-08 12:05:16.102898+05:30,SENSEX,2026-10-08,True,41,82,71913.48,1.83,
2026-10-08 12:05:17.951867+05:30,SENSEX,2026-10-15,True,41,82,71911.47,1.84,
2026-10-08 12:05:19.829063+05:30,FINNIFTY,2026-10-27,True,41,82,24750.25,1.87,
2026-10-08 12:05:21.676309+05:30,MIDCPNIFTY,2026-10-27,True,41,82,13532.5,1.85,
2026-10-08 12:06:06.786076+05:30,NIFTY,2026-10-13,True,41,82,22345.15,1.8,
2026-10-08 12:06:08.621901+05:30,NIFTY,2026-10-19,True,41,82,22345.15,1.84,
2026-10-08 12:06:10.459614+05:30,NIFTY,2026-10-27,True,41,82,22344.25,1.84,
2026-10-08 12:06:12.303809+05:30,BANKNIFTY,2026-10-27,True,41,82,54831.6,1.84,
2026-10-08 12:06:14.147886+05:30,BANKNIFTY,2026-11-23,True,41,82,54831.7,1.84,
2026-10-08 12:06:15.973899+05:30,SENSEX,2026-10-08,True,41,82,71935.25,1.83,
2026-10-08 12:06:17.792932+05:30,SENSEX,2026-10-15,True,41,82,71931.86,1.81,
2026-10-08 12:06:19.637150+05:30,FINNIFTY,2026-10-27,True,41,82,24741.05,1.84,
2026-10-08 12:06:21.471965+05:30,MIDCPNIFTY,2026-10-27,True,41,82,13529.15,1.83,
2026-10-08 12:07:06.801214+05:30,NIFTY,2026-10-13,True,41,82,22343.45,1.82,
2026-10-08 12:07:08.653794+05:30,NIFTY,2026-10-19,True,41,82,22343.75,1.85,
2026-10-08 12:07:10.524258+05:30,NIFTY,2026-10-27,True,41,82,22344.35,1.87,
2026-10-08 12:07:12.373960+05:30,BANKNIFTY,2026-10-27,True,41,82,54814.55,1.85,
2026-10-08 12:07:14.241597+05:30,BANKNIFTY,2026-11-23,True,41,82,54810.9,1.87,
2026-10-08 12:07:16.145547+05:30,SENSEX,2026-10-08,True,41,82,71892.74,1.91,
2026-10-08 12:07:17.972487+05:30,SENSEX,2026-10-15,True,41,82,71900.42,1.82,
2026-10-08 12:07:19.817742+05:30,FINNIFTY,2026-10-27,True,41,82,24736.55,1.84,
2026-10-08 12:07:21.665884+05:30,MIDCPNIFTY,2026-10-27,True,41,82,13521.8,1.85,
2026-10-08 12:08:06.804061+05:30,NIFTY,2026-10-13,True,41,82,22352.7,1.82,
2026-10-08 12:08:08.626902+05:30,NIFTY,2026-10-19,True,41,82,22354.15,1.82,
2026-10-08 12:08:10.483774+05:30,NIFTY,2026-10-27,True,41,82,22353.75,1.86,
2026-10-08 12:08:12.329781+05:30,BANKNIFTY,2026-10-27,True,41,82,54851.0,1.84,
2026-10-08 12:08:14.189116+05:30,BANKNIFTY,2026-11-23,True,41,82,54851.2,1.86,
2026-10-08 12:08:16.131918+05:30,SENSEX,2026-10-08,True,41,82,71945.45,1.95,
2026-10-08 12:08:17.968857+05:30,SENSEX,2026-10-15,True,41,82,71941.66,1.83,
2026-10-08 12:08:19.827408+05:30,FINNIFTY,2026-10-27,True,41,82,24746.6,1.86,
2026-10-08 12:08:21.663799+05:30,MIDCPNIFTY,2026-10-27,True,41,82,13531.9,1.83,
2026-10-08 12:09:06.906570+05:30,NIFTY,2026-10-13,True,41,82,22352.7,1.92,
2026-10-08 12:09:08.953712+05:30,NIFTY,2026-10-19,True,41,82,22353.4,2.05,
2026-10-08 12:09:12.974028+05:30,NIFTY,2026-10-27,True,41,82,22357.6,4.02,
2026-10-08 12:09:14.915631+05:30,BANKNIFTY,2026-10-27,True,41,82,54833.45,1.94,
2026-10-08 12:09:16.900108+05:30,BANKNIFTY,2026-11-23,True,41,82,54836.1,1.98,
2026-10-08 12:09:18.927666+05:30,SENSEX,2026-10-08,True,41,82,71962.56,2.03,
2026-10-08 12:09:21.959746+05:30,SENSEX,2026-10-15,True,41,82,71963.93,3.03,
2026-10-08 12:09:23.982697+05:30,FINNIFTY,2026-10-27,True,41,82,24749.05,2.02,
2026-10-08 12:09:25.998984+05:30,MIDCPNIFTY,2026-10-27,True,41,82,13529.35,2.01,
2026-10-08 12:10:07.019096+05:30,NIFTY,2026-10-13,True,41,82,22352.2,2.04,
2026-10-08 12:10:09.027537+05:30,NIFTY,2026-10-19,True,41,82,22352.35,2.01,
2026-10-08 12:10:13.082983+05:30,NIFTY,2026-10-27,True,41,82,22354.4,4.05,
2026-10-08 12:10:15.353987+05:30,BANKNIFTY,2026-10-27,True,41,82,54828.85,2.27,
2026-10-08 12:10:17.325900+05:30,BANKNIFTY,2026-11-23,True,41,82,54827.95,1.97,
2026-10-08 12:10:19.338603+05:30,SENSEX,2026-10-08,True,41,82,71939.04,2.02,
2026-10-08 12:10:21.423174+05:30,SENSEX,2026-10-15,True,41,82,71939.74,2.08,
2026-10-08 12:10:23.498911+05:30,FINNIFTY,2026-10-27,True,41,82,24746.55,2.07,
2026-10-08 12:10:26.616536+05:30,MIDCPNIFTY,2026-10-27,True,41,82,13531.35,3.12,
2026-10-08 12:11:06.796815+05:30,NIFTY,2026-10-13,True,41,82,22353.6,1.81,
2026-10-08 12:11:08.623687+05:30,NIFTY,2026-10-19,True,41,82,22355.2,1.83,
2026-10-08 12:11:10.462008+05:30,NIFTY,2026-10-27,True,41,82,22354.1,1.84,
2026-10-08 12:11:12.319788+05:30,BANKNIFTY,2026-10-27,True,41,82,54836.75,1.86,
2026-10-08 12:11:14.163739+05:30,BANKNIFTY,2026-11-23,True,41,82,54837.15,1.84,
2026-10-08 12:11:17.001292+05:30,SENSEX,2026-10-08,True,41,82,71940.27,2.84,
2026-10-08 12:11:18.846686+05:30,SENSEX,2026-10-15,True,41,82,71938.69,1.84,
2026-10-08 12:11:20.671597+05:30,FINNIFTY,2026-10-27,True,41,82,24741.65,1.82,
2026-10-08 12:11:22.502827+05:30,MIDCPNIFTY,2026-10-27,True,41,82,13536.25,1.83,
2026-10-08 12:12:06.823619+05:30,NIFTY,2026-10-13,True,41,82,22354.35,1.84,
2026-10-08 12:12:08.673597+05:30,NIFTY,2026-10-19,True,41,82,22354.7,1.85,
2026-10-08 12:12:10.524795+05:30,NIFTY,2026-10-27,True,41,82,22355.7,1.85,
2026-10-08 12:12:12.387095+05:30,BANKNIFTY,2026-10-27,True,41,82,54853.15,1.86,
2026-10-08 12:12:14.278577+05:30,BANKNIFTY,2026-11-23,True,41,82,54854.1,1.89,
2026-10-08 12:12:16.107168+05:30,SENSEX,2026-10-08,True,41,82,71951.44,1.83,
2026-10-08 12:12:18.627491+05:30,SENSEX,2026-10-15,True,41,82,71952.89,2.51,
2026-10-08 12:12:20.472503+05:30,FINNIFTY,2026-10-27,True,41,82,24749.65,1.84,
2026-10-08 12:12:22.296873+05:30,MIDCPNIFTY,2026-10-27,True,41,82,13536.05,1.82,
2026-10-08 12:13:06.856886+05:30,NIFTY,2026-10-13,True,41,82,22354.45,1.87,
2026-10-08 12:13:08.688312+05:30,NIFTY,2026-10-19,True,41,82,22354.05,1.83,
2026-10-08 12:13:10.523524+05:30,NIFTY,2026-10-27,True,41,82,22353.85,1.83,
2026-10-08 12:13:12.382823+05:30,BANKNIFTY,2026-10-27,True,41,82,54852.05,1.86,
2026-10-08 12:13:14.242855+05:30,BANKNIFTY,2026-11-23,True,41,82,54850.7,1.86,
2026-10-08 12:13:16.073248+05:30,SENSEX,2026-10-08,True,41,82,71932.19,1.84,
2026-10-08 12:13:17.886457+05:30,SENSEX,2026-10-15,True,41,82,71930.13,1.8,
2026-10-08 12:13:19.699686+05:30,FINNIFTY,2026-10-27,True,41,82,24749.1,1.81,
2026-10-08 12:13:21.521447+05:30,MIDCPNIFTY,2026-10-27,True,41,82,13534.45,1.82,
2026-10-08 12:14:06.912868+05:30,NIFTY,2026-10-13,True,41,82,22358.25,1.93,
2026-10-08 12:14:08.732463+05:30,NIFTY,2026-10-19,True,41,82,22358.2,1.82,
2026-10-08 12:14:10.715268+05:30,NIFTY,2026-10-27,True,41,82,22357.6,1.98,
2026-10-08 12:14:12.554084+05:30,BANKNIFTY,2026-10-27,True,41,82,54857.3,1.84,
2026-10-08 12:14:14.411962+05:30,BANKNIFTY,2026-11-23,True,41,82,54855.45,1.86,
2026-10-08 12:14:16.235851+05:30,SENSEX,2026-10-08,True,41,82,71959.98,1.82,
2026-10-08 12:14:18.064772+05:30,SENSEX,2026-10-15,True,41,82,71959.07,1.82,
2026-10-08 12:14:19.885126+05:30,FINNIFTY,2026-10-27,True,41,82,24755.9,1.82,
2026-10-08 12:14:21.721166+05:30,MIDCPNIFTY,2026-10-27,True,41,82,13533.95,1.83,
2026-10-08 12:15:06.997447+05:30,NIFTY,2026-10-13,True,41,82,22346.1,2.02,
2026-10-08 12:15:08.836572+05:30,NIFTY,2026-10-19,True,41,82,22346.75,1.83,
2026-10-08 12:15:10.680130+05:30,NIFTY,2026-10-27,True,41,82,22348.1,1.84,
2026-10-08 12:15:12.574259+05:30,BANKNIFTY,2026-10-27,True,41,82,54831.9,1.89,
2026-10-08 12:15:14.436489+05:30,BANKNIFTY,2026-11-23,True,41,82,54831.8,1.86,
2026-10-08 12:15:16.268301+05:30,SENSEX,2026-10-08,True,41,82,71949.05,1.84,
2026-10-08 12:15:18.094883+05:30,SENSEX,2026-10-15,True,41,82,71947.15,1.82,
2026-10-08 12:15:19.946943+05:30,FINNIFTY,2026-10-27,True,41,82,24743.2,1.85,
2026-10-08 12:15:21.805464+05:30,MIDCPNIFTY,2026-10-27,True,41,82,13524.2,1.86,
2026-10-08 12:16:06.947491+05:30,NIFTY,2026-10-13,True,41,82,22341.05,1.96,
2026-10-08 12:16:08.783637+05:30,NIFTY,2026-10-19,True,41,82,22338.65,1.84,
2026-10-08 12:16:10.654017+05:30,NIFTY,2026-10-27,True,41,82,22338.55,1.87,
2026-10-08 12:16:12.502268+05:30,BANKNIFTY,2026-10-27,True,41,82,54803.35,1.85,
2026-10-08 12:16:14.402640+05:30,BANKNIFTY,2026-11-23,True,41,82,54798.4,1.9,
2026-10-08 12:16:16.262791+05:30,SENSEX,2026-10-08,True,41,82,71883.42,1.87,
2026-10-08 12:16:18.108471+05:30,SENSEX,2026-10-15,True,41,82,71884.5,1.84,
2026-10-08 12:16:19.942540+05:30,FINNIFTY,2026-10-27,True,41,82,24730.95,1.83,
2026-10-08 12:16:21.792927+05:30,MIDCPNIFTY,2026-10-27,True,41,82,13513.4,1.85,
2026-10-08 12:17:06.911642+05:30,NIFTY,2026-10-13,True,41,82,22341.45,1.93,
2026-10-08 12:17:08.748709+05:30,NIFTY,2026-10-19,True,41,82,22341.65,1.84,
2026-10-08 12:17:10.594095+05:30,NIFTY,2026-10-27,True,41,82,22341.3,1.84,
2026-10-08 12:17:12.495653+05:30,BANKNIFTY,2026-10-27,True,41,82,54811.8,1.9,
2026-10-08 12:17:14.340902+05:30,BANKNIFTY,2026-11-23,True,41,82,54810.4,1.84,
2026-10-08 12:17:16.215499+05:30,SENSEX,2026-10-08,True,41,82,71919.16,1.88,
2026-10-08 12:17:18.071538+05:30,SENSEX,2026-10-15,True,41,82,71916.47,1.85,
2026-10-08 12:17:19.949803+05:30,FINNIFTY,2026-10-27,True,41,82,24731.75,1.88,
2026-10-08 12:17:21.821184+05:30,MIDCPNIFTY,2026-10-27,True,41,82,13511.6,1.87,
2026-10-08 12:18:06.902025+05:30,NIFTY,2026-10-13,True,41,82,22321.5,1.92,
2026-10-08 12:18:08.761071+05:30,NIFTY,2026-10-19,True,41,82,22323.65,1.86,
2026-10-08 12:18:10.602223+05:30,NIFTY,2026-10-27,True,41,82,22325.6,1.84,
2026-10-08 12:18:12.479350+05:30,BANKNIFTY,2026-10-27,True,41,82,54766.7,1.87,
2026-10-08 12:18:14.312936+05:30,BANKNIFTY,2026-11-23,True,41,82,54768.65,1.83,
2026-10-08 12:18:16.157723+05:30,SENSEX,2026-10-08,True,41,82,71884.44,1.85,
2026-10-08 12:18:17.987809+05:30,SENSEX,2026-10-15,True,41,82,71894.31,1.82,
2026-10-08 12:18:19.859395+05:30,FINNIFTY,2026-10-27,True,41,82,24723.35,1.87,
2026-10-08 12:18:21.683699+05:30,MIDCPNIFTY,2026-10-27,True,41,82,13504.6,1.82,
2026-10-08 12:19:07.943579+05:30,NIFTY,2026-10-13,True,41,82,22327.85,2.96,
2026-10-08 12:19:09.787511+05:30,NIFTY,2026-10-19,True,41,82,22324.5,1.84,
2026-10-08 12:19:12.029152+05:30,NIFTY,2026-10-27,True,41,82,22323.2,2.24,
2026-10-08 12:19:13.898184+05:30,BANKNIFTY,2026-10-27,True,41,82,54778.25,1.87,
2026-10-08 12:19:15.752278+05:30,BANKNIFTY,2026-11-23,True,41,82,54782.95,1.85,
2026-10-08 12:19:17.577677+05:30,SENSEX,2026-10-08,True,41,82,71873.82,1.83,
2026-10-08 12:19:19.416213+05:30,SENSEX,2026-10-15,True,41,82,71875.62,1.83,
2026-10-08 12:19:21.268388+05:30,FINNIFTY,2026-10-27,True,41,82,24717.45,1.85,
2026-10-08 12:19:23.136951+05:30,MIDCPNIFTY,2026-10-27,True,41,82,13497.4,1.87,
2026-10-08 12:22:09.272485+05:30,NIFTY,2026-10-13,True,41,82,22340.0,1.66,
2026-10-08 12:22:11.474371+05:30,NIFTY,2026-10-19,True,41,82,22340.85,2.2,
2026-10-08 12:22:13.147188+05:30,NIFTY,2026-10-27,True,41,82,22340.4,1.67,
2026-10-08 12:22:15.114306+05:30,BANKNIFTY,2026-10-27,True,41,82,54814.45,1.67,
2026-10-08 12:22:16.751817+05:30,BANKNIFTY,2026-11-23,True,41,82,54811.45,1.64,
2026-10-08 12:22:18.679324+05:30,SENSEX,2026-10-08,True,41,82,71906.15,1.64,
2026-10-08 12:22:20.316079+05:30,SENSEX,2026-10-15,True,41,82,71907.46,1.63,
2026-10-08 12:22:22.236401+05:30,FINNIFTY,2026-10-27,True,41,82,24737.25,1.63,
2026-10-08 12:22:24.179461+05:30,MIDCPNIFTY,2026-10-27,True,41,82,13506.9,1.64,
2026-10-08 12:23:06.585710+05:30,NIFTY,2026-10-13,True,41,82,22322.1,1.61,
2026-10-08 12:23:08.218192+05:30,NIFTY,2026-10-19,True,41,82,22323.9,1.63,
2026-10-08 12:23:09.844994+05:30,NIFTY,2026-10-27,True,41,82,22323.5,1.63,
2026-10-08 12:23:11.464711+05:30,BANKNIFTY,2026-10-27,True,41,82,54769.65,1.62,
2026-10-08 12:23:13.138876+05:30,BANKNIFTY,2026-11-23,True,41,82,54769.2,1.67,
2026-10-08 12:23:14.761845+05:30,SENSEX,2026-10-08,True,41,82,71868.68,1.63,
2026-10-08 12:23:16.376423+05:30,SENSEX,2026-10-15,True,41,82,71867.86,1.61,
2026-10-08 12:23:18.025074+05:30,FINNIFTY,2026-10-27,True,41,82,24714.05,1.64,
2026-10-08 12:23:19.679815+05:30,MIDCPNIFTY,2026-10-27,True,41,82,13498.0,1.65,
2026-10-08 12:24:06.545781+05:30,NIFTY,2026-10-13,True,41,82,22317.7,1.56,
2026-10-08 12:24:08.189792+05:30,NIFTY,2026-10-19,True,41,82,22316.55,1.64,
2026-10-08 12:24:09.801713+05:30,NIFTY,2026-10-27,True,41,82,22316.8,1.61,
2026-10-08 12:24:11.453190+05:30,BANKNIFTY,2026-10-27,True,41,82,54746.45,1.65,
2026-10-08 12:24:13.124995+05:30,BANKNIFTY,2026-11-23,True,41,82,54747.85,1.67,
2026-10-08 12:24:14.724998+05:30,SENSEX,2026-10-08,True,41,82,71850.7,1.61,
2026-10-08 12:24:16.333642+05:30,SENSEX,2026-10-15,True,41,82,71822.33,1.6,
2026-10-08 12:24:17.956616+05:30,FINNIFTY,2026-10-27,True,41,82,24706.25,1.62,
2026-10-08 12:24:19.742910+05:30,MIDCPNIFTY,2026-10-27,True,41,82,13497.6,1.78,
2026-10-08 12:25:06.555317+05:30,NIFTY,2026-10-13,True,41,82,22311.0,1.57,
2026-10-08 12:25:08.161362+05:30,NIFTY,2026-10-19,True,41,82,22311.85,1.61,
2026-10-08 12:25:09.778148+05:30,NIFTY,2026-10-27,True,41,82,22311.5,1.61,
2026-10-08 12:25:11.409444+05:30,BANKNIFTY,2026-10-27,True,41,82,54747.35,1.63,
2026-10-08 12:25:13.033475+05:30,BANKNIFTY,2026-11-23,True,41,82,54745.5,1.62,
2026-10-08 12:25:14.651274+05:30,SENSEX,2026-10-08,True,41,82,71851.59,1.62,
2026-10-08 12:25:16.276421+05:30,SENSEX,2026-10-15,True,41,82,71836.73,1.62,
2026-10-08 12:25:17.886433+05:30,FINNIFTY,2026-10-27,True,41,82,24694.9,1.61,
2026-10-08 12:25:19.496842+05:30,MIDCPNIFTY,2026-10-27,True,41,82,13488.2,1.61,
2026-10-08 12:26:06.578057+05:30,NIFTY,2026-10-13,True,41,82,22313.55,1.6,
2026-10-08 12:26:08.186813+05:30,NIFTY,2026-10-19,True,41,82,22316.45,1.61,
2026-10-08 12:26:09.798202+05:30,NIFTY,2026-10-27,True,41,82,22314.6,1.61,
2026-10-08 12:26:11.426262+05:30,BANKNIFTY,2026-10-27,True,41,82,54769.15,1.63,
2026-10-08 12:26:13.075470+05:30,BANKNIFTY,2026-11-23,True,41,82,54770.25,1.65,
2026-10-08 12:26:14.696725+05:30,SENSEX,2026-10-08,True,41,82,71826.75,1.63,
2026-10-08 12:26:16.309862+05:30,SENSEX,2026-10-15,True,41,82,71827.91,1.61,
2026-10-08 12:26:17.918552+05:30,FINNIFTY,2026-10-27,True,41,82,24704.75,1.61,
2026-10-08 12:26:19.535425+05:30,MIDCPNIFTY,2026-10-27,True,41,82,13497.2,1.61,
2026-10-08 12:27:06.552514+05:30,NIFTY,2026-10-13,True,41,82,22326.5,1.57,
2026-10-08 12:27:08.150510+05:30,NIFTY,2026-10-19,True,41,82,22327.35,1.6,
2026-10-08 12:27:09.809196+05:30,NIFTY,2026-10-27,True,41,82,22327.75,1.66,
2026-10-08 12:27:11.458461+05:30,BANKNIFTY,2026-10-27,True,41,82,54803.75,1.65,
2026-10-08 12:27:13.081534+05:30,BANKNIFTY,2026-11-23,True,41,82,54802.1,1.62,
2026-10-08 12:27:14.685547+05:30,SENSEX,2026-10-08,True,41,82,71878.77,1.61,
2026-10-08 12:27:16.300637+05:30,SENSEX,2026-10-15,True,41,82,71876.58,1.61,
2026-10-08 12:27:17.935518+05:30,FINNIFTY,2026-10-27,True,41,82,24724.7,1.63,
2026-10-08 12:27:19.542456+05:30,MIDCPNIFTY,2026-10-27,True,41,82,13508.2,1.61,
2026-10-08 12:28:06.807101+05:30,NIFTY,2026-10-13,True,41,82,22326.75,1.83,
2026-10-08 12:28:08.480087+05:30,NIFTY,2026-10-19,True,41,82,22327.7,1.67,
2026-10-08 12:28:10.085650+05:30,NIFTY,2026-10-27,True,41,82,22327.6,1.6,
2026-10-08 12:28:11.714154+05:30,BANKNIFTY,2026-10-27,True,41,82,54795.8,1.63,
2026-10-08 12:28:13.356431+05:30,BANKNIFTY,2026-11-23,True,41,82,54792.4,1.64,
2026-10-08 12:28:16.023329+05:30,SENSEX,2026-10-08,True,41,82,71879.84,2.67,
2026-10-08 12:28:17.642670+05:30,SENSEX,2026-10-15,True,41,82,71876.87,1.61,
2026-10-08 12:28:19.240271+05:30,FINNIFTY,2026-10-27,True,41,82,24723.8,1.59,
2026-10-08 12:28:20.874685+05:30,MIDCPNIFTY,2026-10-27,True,41,82,13506.85,1.63,
2026-10-08 12:29:06.758502+05:30,NIFTY,2026-10-13,True,41,82,22324.2,1.78,
2026-10-08 12:29:08.358295+05:30,NIFTY,2026-10-19,True,41,82,22324.05,1.6,
2026-10-08 12:29:09.972578+05:30,NIFTY,2026-10-27,True,41,82,22323.35,1.61,
2026-10-08 12:29:11.586584+05:30,BANKNIFTY,2026-10-27,True,41,82,54780.7,1.61,
2026-10-08 12:29:13.205106+05:30,BANKNIFTY,2026-11-23,True,41,82,54782.9,1.62,
2026-10-08 12:29:14.797465+05:30,SENSEX,2026-10-08,True,41,82,71874.95,1.6,
2026-10-08 12:29:16.402210+05:30,SENSEX,2026-10-15,True,41,82,71872.11,1.6,
2026-10-08 12:29:18.019803+05:30,FINNIFTY,2026-10-27,True,41,82,24724.0,1.61,
2026-10-08 12:29:19.660372+05:30,MIDCPNIFTY,2026-10-27,True,41,82,13506.2,1.64,
2026-10-08 12:30:06.575199+05:30,NIFTY,2026-10-13,True,41,82,22316.6,1.6,
2026-10-08 12:30:08.221451+05:30,NIFTY,2026-10-19,True,41,82,22315.6,1.65,
2026-10-08 12:30:09.857401+05:30,NIFTY,2026-10-27,True,41,82,22315.0,1.63,
2026-10-08 12:30:11.472882+05:30,BANKNIFTY,2026-10-27,True,41,82,54738.25,1.61,
2026-10-08 12:30:13.109664+05:30,BANKNIFTY,2026-11-23,True,41,82,54737.25,1.64,
2026-10-08 12:30:14.727239+05:30,SENSEX,2026-10-08,True,41,82,71839.41,1.62,
2026-10-08 12:30:16.353949+05:30,SENSEX,2026-10-15,True,41,82,71837.51,1.62,
2026-10-08 12:30:17.954072+05:30,FINNIFTY,2026-10-27,True,41,82,24704.75,1.6,
2026-10-08 12:30:19.580248+05:30,MIDCPNIFTY,2026-10-27,True,41,82,13492.4,1.62,
2026-10-08 12:31:06.561853+05:30,NIFTY,2026-10-13,True,41,82,22299.1,1.58,
2026-10-08 12:31:08.187140+05:30,NIFTY,2026-10-19,True,41,82,22298.5,1.63,
2026-10-08 12:31:09.787876+05:30,NIFTY,2026-10-27,True,41,82,22297.85,1.6,
2026-10-08 12:31:11.417023+05:30,BANKNIFTY,2026-10-27,True,41,82,54704.35,1.63,
2026-10-08 12:31:13.110249+05:30,BANKNIFTY,2026-11-23,True,41,82,54706.0,1.69,
2026-10-08 12:31:14.723492+05:30,SENSEX,2026-10-08,True,41,82,71784.0,1.62,
2026-10-08 12:31:16.336515+05:30,SENSEX,2026-10-15,True,41,82,71781.49,1.6,
2026-10-08 12:31:18.008845+05:30,FINNIFTY,2026-10-27,True,41,82,24695.65,1.67,
2026-10-08 12:31:19.607443+05:30,MIDCPNIFTY,2026-10-27,True,41,81,13485.15,1.6,
2026-10-08 12:32:06.571324+05:30,NIFTY,2026-10-13,True,41,82,22300.85,1.59,
2026-10-08 12:32:08.206810+05:30,NIFTY,2026-10-19,True,41,82,22301.4,1.64,
2026-10-08 12:32:09.829015+05:30,NIFTY,2026-10-27,True,41,82,22300.45,1.62,
2026-10-08 12:32:11.538850+05:30,BANKNIFTY,2026-10-27,True,41,82,54731.65,1.71,
2026-10-08 12:32:13.221008+05:30,BANKNIFTY,2026-11-23,True,41,82,54733.9,1.68,
2026-10-08 12:32:14.848428+05:30,SENSEX,2026-10-08,True,41,82,71792.62,1.64,
2026-10-08 12:32:16.457412+05:30,SENSEX,2026-10-15,True,41,82,71787.24,1.6,
2026-10-08 12:32:18.090448+05:30,FINNIFTY,2026-10-27,True,41,82,24707.55,1.63,
2026-10-08 12:32:19.760151+05:30,MIDCPNIFTY,2026-10-27,True,41,81,13489.5,1.67,
2026-10-08 12:33:06.562125+05:30,NIFTY,2026-10-13,True,41,82,22298.9,1.58,
2026-10-08 12:33:08.173801+05:30,NIFTY,2026-10-19,True,41,82,22298.85,1.61,
2026-10-08 12:33:09.826370+05:30,NIFTY,2026-10-27,True,41,82,22298.95,1.65,
2026-10-08 12:33:11.531439+05:30,BANKNIFTY,2026-10-27,True,41,82,54731.9,1.7,
2026-10-08 12:33:13.165139+05:30,BANKNIFTY,2026-11-23,True,41,82,54729.3,1.63,
2026-10-08 12:33:14.836651+05:30,SENSEX,2026-10-08,True,41,82,71792.79,1.68,
2026-10-08 12:33:16.454184+05:30,SENSEX,2026-10-15,True,41,82,71790.31,1.61,
2026-10-08 12:33:18.069795+05:30,FINNIFTY,2026-10-27,True,41,82,24697.8,1.61,
2026-10-08 12:33:19.702677+05:30,MIDCPNIFTY,2026-10-27,True,41,81,13486.3,1.63,
2026-10-08 12:34:07.145103+05:30,NIFTY,2026-10-13,True,41,82,22285.05,2.16,
2026-10-08 12:34:08.763982+05:30,NIFTY,2026-10-19,True,41,82,22287.6,1.62,
2026-10-08 12:34:10.389218+05:30,NIFTY,2026-10-27,True,41,82,22289.15,1.62,
2026-10-08 12:34:12.053780+05:30,BANKNIFTY,2026-10-27,True,41,82,54729.35,1.66,
2026-10-08 12:34:13.684375+05:30,BANKNIFTY,2026-11-23,True,41,82,54734.9,1.64,
2026-10-08 12:34:15.312898+05:30,SENSEX,2026-10-08,True,41,82,71761.22,1.63,
2026-10-08 12:34:16.927260+05:30,SENSEX,2026-10-15,True,41,82,71765.61,1.61,
2026-10-08 12:34:18.556812+05:30,FINNIFTY,2026-10-27,True,41,82,24699.95,1.63,
2026-10-08 12:34:20.176116+05:30,MIDCPNIFTY,2026-10-27,True,41,82,13485.6,1.62,
2026-10-08 12:35:07.157928+05:30,NIFTY,2026-10-13,True,41,82,22296.85,2.18,
2026-10-08 12:35:08.775122+05:30,NIFTY,2026-10-19,True,41,82,22295.95,1.62,
2026-10-08 12:35:10.390155+05:30,NIFTY,2026-10-27,True,41,82,22295.05,1.61,
2026-10-08 12:35:12.022797+05:30,BANKNIFTY,2026-10-27,True,41,82,54740.7,1.63,
2026-10-08 12:35:13.644269+05:30,BANKNIFTY,2026-11-23,True,41,82,54741.35,1.62,
2026-10-08 12:35:15.281750+05:30,SENSEX,2026-10-08,True,41,82,71777.23,1.65,
2026-10-08 12:35:16.919675+05:30,SENSEX,2026-10-15,True,41,82,71783.98,1.63,
2026-10-08 12:35:18.527218+05:30,FINNIFTY,2026-10-27,True,41,82,24709.7,1.6,
2026-10-08 12:35:20.136799+05:30,MIDCPNIFTY,2026-10-27,True,41,82,13494.0,1.61,
2026-10-08 12:36:06.561758+05:30,NIFTY,2026-10-13,True,41,82,22302.25,1.58,
2026-10-08 12:36:08.174222+05:30,NIFTY,2026-10-19,True,41,82,22301.6,1.61,
2026-10-08 12:36:09.774664+05:30,NIFTY,2026-10-27,True,41,82,22301.9,1.6,
2026-10-08 12:36:11.401655+05:30,BANKNIFTY,2026-10-27,True,41,82,54756.6,1.62,
2026-10-08 12:36:13.033033+05:30,BANKNIFTY,2026-11-23,True,41,82,54761.8,1.63,
2026-10-08 12:36:14.643263+05:30,SENSEX,2026-10-08,True,41,82,71793.66,1.62,
2026-10-08 12:36:16.254853+05:30,SENSEX,2026-10-15,True,41,82,71793.66,1.6,
2026-10-08 12:36:17.871023+05:30,FINNIFTY,2026-10-27,True,41,82,24706.25,1.61,
2026-10-08 12:36:19.512128+05:30,MIDCPNIFTY,2026-10-27,True,41,82,13496.85,1.64,
2026-10-08 12:37:06.845090+05:30,NIFTY,2026-10-13,True,41,82,22290.45,1.87,
2026-10-08 12:37:08.462116+05:30,NIFTY,2026-10-19,True,41,82,22291.5,1.62,
2026-10-08 12:37:10.105384+05:30,NIFTY,2026-10-27,True,41,82,22291.85,1.64,
2026-10-08 12:37:11.746709+05:30,BANKNIFTY,2026-10-27,True,41,82,54746.95,1.64,
2026-10-08 12:37:13.368614+05:30,BANKNIFTY,2026-11-23,True,41,82,54751.6,1.62,
2026-10-08 12:37:14.982754+05:30,SENSEX,2026-10-08,True,41,82,71761.88,1.62,
2026-10-08 12:37:16.574366+05:30,SENSEX,2026-10-15,True,41,82,71761.67,1.58,
2026-10-08 12:37:18.172561+05:30,FINNIFTY,2026-10-27,True,41,82,24701.0,1.6,
2026-10-08 12:37:19.770268+05:30,MIDCPNIFTY,2026-10-27,True,41,82,13495.35,1.59,
2026-10-08 12:38:06.550821+05:30,NIFTY,2026-10-13,True,41,82,22291.7,1.57,
2026-10-08 12:38:08.150200+05:30,NIFTY,2026-10-19,True,41,82,22290.45,1.6,
2026-10-08 12:38:09.753025+05:30,NIFTY,2026-10-27,True,41,82,22290.1,1.6,
2026-10-08 12:38:11.381549+05:30,BANKNIFTY,2026-10-27,True,41,82,54753.3,1.63,
2026-10-08 12:38:12.975084+05:30,BANKNIFTY,2026-11-23,True,41,82,54749.8,1.59,
2026-10-08 12:38:14.589699+05:30,SENSEX,2026-10-08,True,41,82,71775.74,1.62,
2026-10-08 12:38:16.194016+05:30,SENSEX,2026-10-15,True,41,82,71776.06,1.6,
2026-10-08 12:38:17.792835+05:30,FINNIFTY,2026-10-27,True,41,82,24703.25,1.6,
2026-10-08 12:38:19.403705+05:30,MIDCPNIFTY,2026-10-27,True,41,82,13492.2,1.61,
2026-10-08 12:39:06.593352+05:30,NIFTY,2026-10-13,True,41,82,22279.1,1.61,
2026-10-08 12:39:08.190497+05:30,NIFTY,2026-10-19,True,41,82,22280.75,1.6,
2026-10-08 12:39:09.867795+05:30,NIFTY,2026-10-27,True,41,82,22280.35,1.68,
2026-10-08 12:39:11.513447+05:30,BANKNIFTY,2026-10-27,True,41,82,54721.65,1.64,
2026-10-08 12:39:13.167877+05:30,BANKNIFTY,2026-11-23,True,41,82,54729.75,1.65,
2026-10-08 12:39:14.771733+05:30,SENSEX,2026-10-08,True,41,82,71709.34,1.61,
2026-10-08 12:39:16.400594+05:30,SENSEX,2026-10-15,True,41,82,71710.19,1.62,
2026-10-08 12:39:18.027318+05:30,FINNIFTY,2026-10-27,True,41,82,24682.4,1.62,
2026-10-08 12:39:19.640932+05:30,MIDCPNIFTY,2026-10-27,True,41,82,13486.0,1.61,
2026-10-08 12:40:06.595011+05:30,NIFTY,2026-10-13,True,41,82,22280.7,1.62,
2026-10-08 12:40:08.198563+05:30,NIFTY,2026-10-19,True,41,82,22280.3,1.6,
2026-10-08 12:40:09.792443+05:30,NIFTY,2026-10-27,True,41,82,22281.65,1.59,
2026-10-08 12:40:11.407998+05:30,BANKNIFTY,2026-10-27,True,41,82,54736.95,1.61,
2026-10-08 12:40:13.028922+05:30,BANKNIFTY,2026-11-23,True,41,82,54742.5,1.62,
2026-10-08 12:40:14.640789+05:30,SENSEX,2026-10-08,True,41,82,71720.72,1.62,
2026-10-08 12:40:16.255777+05:30,SENSEX,2026-10-15,True,41,82,71722.65,1.67,
2026-10-08 12:40:17.905217+05:30,FINNIFTY,2026-10-27,True,41,82,24696.5,1.58,
2026-10-08 12:40:19.562674+05:30,MIDCPNIFTY,2026-10-27,True,41,82,13494.7,1.65,
2026-10-08 12:41:06.559544+05:30,NIFTY,2026-10-13,True,41,82,22285.75,1.58,
2026-10-08 12:41:08.173981+05:30,NIFTY,2026-10-19,True,41,82,22285.25,1.62,
2026-10-08 12:41:09.783038+05:30,NIFTY,2026-10-27,True,41,82,22285.1,1.6,
2026-10-08 12:41:11.403839+05:30,BANKNIFTY,2026-10-27,True,41,82,54742.4,1.62,
2026-10-08 12:41:13.036784+05:30,BANKNIFTY,2026-11-23,True,41,82,54742.35,1.63,
2026-10-08 12:41:14.843556+05:30,SENSEX,2026-10-08,True,41,82,71737.0,1.81,
2026-10-08 12:41:16.435967+05:30,SENSEX,2026-10-15,True,41,82,71738.14,1.58,
2026-10-08 12:41:18.027374+05:30,FINNIFTY,2026-10-27,True,41,82,24687.85,1.59,
2026-10-08 12:41:19.640425+05:30,MIDCPNIFTY,2026-10-27,True,41,82,13493.85,1.61,
2026-10-08 12:42:06.570329+05:30,NIFTY,2026-10-13,True,41,82,22291.9,1.59,
2026-10-08 12:42:08.156861+05:30,NIFTY,2026-10-19,True,41,82,22290.7,1.59,
2026-10-08 12:42:09.749850+05:30,NIFTY,2026-10-27,True,41,82,22290.7,1.59,
2026-10-08 12:42:11.357467+05:30,BANKNIFTY,2026-10-27,True,41,82,54756.7,1.61,
2026-10-08 12:42:13.005918+05:30,BANKNIFTY,2026-11-23,True,41,82,54759.1,1.65,
2026-10-08 12:42:14.605978+05:30,SENSEX,2026-10-08,True,41,82,71750.91,1.61,
2026-10-08 12:42:16.231779+05:30,SENSEX,2026-10-15,True,41,82,71749.28,1.62,
2026-10-08 12:42:17.827231+05:30,FINNIFTY,2026-10-27,True,41,82,24693.7,1.59,
2026-10-08 12:42:19.452878+05:30,MIDCPNIFTY,2026-10-27,True,41,82,13500.75,1.63,
2026-10-08 12:43:06.555384+05:30,NIFTY,2026-10-13,True,41,82,22291.05,1.58,
2026-10-08 12:43:08.185455+05:30,NIFTY,2026-10-19,True,41,82,22290.4,1.63,
2026-10-08 12:43:09.782852+05:30,NIFTY,2026-10-27,True,41,82,22289.2,1.6,
2026-10-08 12:43:11.403113+05:30,BANKNIFTY,2026-10-27,True,41,82,54759.05,1.62,
2026-10-08 12:43:13.026270+05:30,BANKNIFTY,2026-11-23,True,41,82,54764.5,1.62,
2026-10-08 12:43:14.628322+05:30,SENSEX,2026-10-08,True,41,82,71748.37,1.61,
2026-10-08 12:43:16.233923+05:30,SENSEX,2026-10-15,True,41,82,71749.47,1.6,
2026-10-08 12:43:17.834073+05:30,FINNIFTY,2026-10-27,True,41,82,24699.65,1.6,
2026-10-08 12:43:19.498080+05:30,MIDCPNIFTY,2026-10-27,True,41,82,13500.75,1.66,
2026-10-08 12:44:06.570100+05:30,NIFTY,2026-10-13,True,41,82,22297.85,1.59,
2026-10-08 12:44:08.707052+05:30,NIFTY,2026-10-19,True,41,82,22297.75,2.14,
2026-10-08 12:44:10.318204+05:30,NIFTY,2026-10-27,True,41,82,22297.35,1.61,
2026-10-08 12:44:11.941939+05:30,BANKNIFTY,2026-10-27,True,41,82,54779.9,1.62,
2026-10-08 12:44:13.541134+05:30,BANKNIFTY,2026-11-23,True,41,82,54782.5,1.6,
2026-10-08 12:44:15.122850+05:30,SENSEX,2026-10-08,True,41,82,71769.87,1.59,
2026-10-08 12:44:16.768937+05:30,SENSEX,2026-10-15,True,41,82,71767.07,1.64,
2026-10-08 12:44:18.363563+05:30,FINNIFTY,2026-10-27,True,41,82,24709.1,1.59,
2026-10-08 12:44:19.948976+05:30,MIDCPNIFTY,2026-10-27,True,41,82,13506.0,1.59,
2026-10-08 12:45:06.530837+05:30,NIFTY,2026-10-13,True,41,82,22292.95,1.55,
2026-10-08 12:45:08.108944+05:30,NIFTY,2026-10-19,True,41,82,22291.8,1.58,
2026-10-08 12:45:09.696515+05:30,NIFTY,2026-10-27,True,41,82,22292.2,1.59,
2026-10-08 12:45:11.305061+05:30,BANKNIFTY,2026-10-27,True,41,82,54755.45,1.6,
2026-10-08 12:45:12.902141+05:30,BANKNIFTY,2026-11-23,True,41,82,54758.7,1.6,
2026-10-08 12:45:14.484776+05:30,SENSEX,2026-10-08,True,41,82,71766.13,1.59,
2026-10-08 12:45:16.076097+05:30,SENSEX,2026-10-15,True,41,82,71763.59,1.58,
2026-10-08 12:45:17.737287+05:30,FINNIFTY,2026-10-27,True,41,82,24703.15,1.66,
2026-10-08 12:45:19.329888+05:30,MIDCPNIFTY,2026-10-27,True,41,82,13488.25,1.59,
2026-10-08 12:46:06.556530+05:30,NIFTY,2026-10-13,True,41,82,22292.35,1.58,
2026-10-08 12:46:08.151565+05:30,NIFTY,2026-10-19,True,41,82,22292.55,1.59,
2026-10-08 12:46:09.751824+05:30,NIFTY,2026-10-27,True,41,82,22292.6,1.6,
2026-10-08 12:46:11.357900+05:30,BANKNIFTY,2026-10-27,True,41,82,54766.75,1.61,
2026-10-08 12:46:13.002541+05:30,BANKNIFTY,2026-11-23,True,41,82,54767.05,1.64,
2026-10-08 12:46:14.567315+05:30,SENSEX,2026-10-08,True,41,82,71765.3,1.57,
2026-10-08 12:46:16.139725+05:30,SENSEX,2026-10-15,True,41,82,71764.55,1.56,
2026-10-08 12:46:17.716209+05:30,FINNIFTY,2026-10-27,True,41,82,24709.95,1.57,
2026-10-08 12:46:19.307501+05:30,MIDCPNIFTY,2026-10-27,True,41,82,13489.0,1.63,
2026-10-08 12:47:06.533032+05:30,NIFTY,2026-10-13,True,41,82,22305.8,1.55,
2026-10-08 12:47:08.112726+05:30,NIFTY,2026-10-19,True,41,82,22306.3,1.58,
2026-10-08 12:47:09.709509+05:30,NIFTY,2026-10-27,True,41,82,22304.95,1.59,
2026-10-08 12:47:11.300510+05:30,BANKNIFTY,2026-10-27,True,41,82,54801.2,1.59,
2026-10-08 12:47:12.932466+05:30,BANKNIFTY,2026-11-23,True,41,82,54802.25,1.63,
2026-10-08 12:47:14.522565+05:30,SENSEX,2026-10-08,True,41,82,71803.85,1.6,
2026-10-08 12:47:16.099364+05:30,SENSEX,2026-10-15,True,41,82,71800.92,1.57,
2026-10-08 12:47:17.675521+05:30,FINNIFTY,2026-10-27,True,41,82,24720.95,1.57,
2026-10-08 12:47:19.248399+05:30,MIDCPNIFTY,2026-10-27,True,41,82,13490.4,1.57,
2026-10-08 12:48:06.549340+05:30,NIFTY,2026-10-13,True,41,82,22291.35,1.57,
2026-10-08 12:48:08.151431+05:30,NIFTY,2026-10-19,True,41,82,22293.3,1.6,
2026-10-08 12:48:09.739471+05:30,NIFTY,2026-10-27,True,41,82,22293.1,1.59,
2026-10-08 12:48:11.334444+05:30,BANKNIFTY,2026-10-27,True,41,82,54752.1,1.59,
2026-10-08 12:48:12.964967+05:30,BANKNIFTY,2026-11-23,True,41,82,54751.45,1.63,
2026-10-08 12:48:14.540701+05:30,SENSEX,2026-10-08,True,41,82,71773.85,1.58,
2026-10-08 12:48:16.663357+05:30,SENSEX,2026-10-15,True,41,82,71773.32,2.11,
2026-10-08 12:48:18.262843+05:30,FINNIFTY,2026-10-27,True,41,82,24705.1,1.6,
2026-10-08 12:48:19.860145+05:30,MIDCPNIFTY,2026-10-27,True,41,82,13488.3,1.6,
2026-10-08 12:49:06.526501+05:30,NIFTY,2026-10-13,True,41,82,22292.4,1.55,
2026-10-08 12:49:08.143681+05:30,NIFTY,2026-10-19,True,41,82,22292.05,1.62,
2026-10-08 12:49:10.183874+05:30,NIFTY,2026-10-27,True,41,82,22291.05,2.04,
2026-10-08 12:49:11.801979+05:30,BANKNIFTY,2026-10-27,True,41,82,54743.7,1.62,
2026-10-08 12:49:13.403531+05:30,BANKNIFTY,2026-11-23,True,41,82,54742.25,1.6,
2026-10-08 12:49:14.983743+05:30,SENSEX,2026-10-08,True,41,82,71753.02,1.59,
2026-10-08 12:49:16.627901+05:30,SENSEX,2026-10-15,True,41,82,71752.03,1.64,
2026-10-08 12:49:18.231222+05:30,FINNIFTY,2026-10-27,True,41,82,24700.85,1.6,
2026-10-08 12:49:19.814541+05:30,MIDCPNIFTY,2026-10-27,True,41,82,13483.15,1.58,
2026-10-08 12:50:06.530687+05:30,NIFTY,2026-10-13,True,41,82,22288.6,1.55,
2026-10-08 12:50:08.131757+05:30,NIFTY,2026-10-19,True,41,82,22291.55,1.6,
2026-10-08 12:50:09.718994+05:30,NIFTY,2026-10-27,True,41,82,22291.0,1.59,
2026-10-08 12:50:11.395232+05:30,BANKNIFTY,2026-10-27,True,41,82,54753.2,1.68,
2026-10-08 12:50:13.004305+05:30,BANKNIFTY,2026-11-23,True,41,82,54748.25,1.6,
2026-10-08 12:50:14.591929+05:30,SENSEX,2026-10-08,True,41,82,71760.98,1.6,
2026-10-08 12:50:16.164532+05:30,SENSEX,2026-10-15,True,41,82,71760.64,1.56,
2026-10-08 12:50:17.741877+05:30,FINNIFTY,2026-10-27,True,41,82,24702.7,1.57,
2026-10-08 12:50:19.317554+05:30,MIDCPNIFTY,2026-10-27,True,41,82,13482.6,1.57,
2026-10-08 12:51:06.536156+05:30,NIFTY,2026-10-13,True,41,82,22284.0,1.56,
2026-10-08 12:51:08.144707+05:30,NIFTY,2026-10-19,True,41,82,22284.65,1.61,
2026-10-08 12:51:09.721785+05:30,NIFTY,2026-10-27,True,41,82,22285.25,1.57,
2026-10-08 12:51:11.345940+05:30,BANKNIFTY,2026-10-27,True,41,82,54735.2,1.62,
2026-10-08 12:51:12.971886+05:30,BANKNIFTY,2026-11-23,True,41,82,54738.45,1.62,
2026-10-08 12:51:14.577725+05:30,SENSEX,2026-10-08,True,41,82,71740.91,1.62,
2026-10-08 12:51:16.171504+05:30,SENSEX,2026-10-15,True,41,82,71740.31,1.58,
2026-10-08 12:51:17.741616+05:30,FINNIFTY,2026-10-27,True,41,82,24697.5,1.57,
2026-10-08 12:51:19.331581+05:30,MIDCPNIFTY,2026-10-27,True,41,82,13477.85,1.59,
2026-10-08 12:52:06.548239+05:30,NIFTY,2026-10-13,True,41,82,22285.2,1.57,
2026-10-08 12:52:08.125237+05:30,NIFTY,2026-10-19,True,41,82,22285.45,1.58,
2026-10-08 12:52:09.710691+05:30,NIFTY,2026-10-27,True,41,82,22285.2,1.58,
2026-10-08 12:52:11.319917+05:30,BANKNIFTY,2026-10-27,True,41,82,54749.2,1.61,
2026-10-08 12:52:12.973566+05:30,BANKNIFTY,2026-11-23,True,41,82,54750.35,1.65,
2026-10-08 12:52:14.543537+05:30,SENSEX,2026-10-08,True,41,82,71735.75,1.58,
2026-10-08 12:52:16.139876+05:30,SENSEX,2026-10-15,True,41,82,71735.21,1.59,
2026-10-08 12:52:17.722560+05:30,FINNIFTY,2026-10-27,True,41,82,24700.1,1.58,
2026-10-08 12:52:19.306148+05:30,MIDCPNIFTY,2026-10-27,True,41,82,13483.05,1.58,
2026-10-08 12:53:07.806718+05:30,NIFTY,2026-10-13,True,41,82,22282.45,2.83,
2026-10-08 12:53:09.622984+05:30,NIFTY,2026-10-19,True,41,82,22282.65,1.81,
2026-10-08 12:53:12.445727+05:30,NIFTY,2026-10-27,True,41,82,22282.45,2.82,
2026-10-08 12:53:14.669719+05:30,BANKNIFTY,2026-10-27,True,41,82,54741.8,2.22,
2026-10-08 12:53:17.443024+05:30,BANKNIFTY,2026-11-23,True,41,82,54741.95,2.77,
2026-10-08 12:53:19.164333+05:30,SENSEX,2026-10-08,True,41,82,71728.77,1.73,
2026-10-08 12:53:20.832702+05:30,SENSEX,2026-10-15,True,41,82,71725.47,1.66,
2026-10-08 12:53:22.905379+05:30,FINNIFTY,2026-10-27,True,41,82,24703.75,2.07,
2026-10-08 12:53:32.235224+05:30,MIDCPNIFTY,2026-10-27,True,41,82,13487.65,9.33,
2026-10-08 12:54:06.539894+05:30,NIFTY,2026-10-13,True,41,82,22288.2,1.56,
2026-10-08 12:54:08.130226+05:30,NIFTY,2026-10-19,True,41,82,22288.1,1.59,
2026-10-08 12:54:09.703475+05:30,NIFTY,2026-10-27,True,41,82,22287.95,1.57,
2026-10-08 12:54:11.295005+05:30,BANKNIFTY,2026-10-27,True,41,82,54753.75,1.59,
2026-10-08 12:54:12.911338+05:30,BANKNIFTY,2026-11-23,True,41,82,54755.8,1.61,
2026-10-08 12:54:14.497075+05:30,SENSEX,2026-10-08,True,41,82,71739.87,1.59,
2026-10-08 12:54:16.074003+05:30,SENSEX,2026-10-15,True,41,82,71742.2,1.57,
2026-10-08 12:54:17.667656+05:30,FINNIFTY,2026-10-27,True,41,82,24705.3,1.59,
2026-10-08 12:54:19.267081+05:30,MIDCPNIFTY,2026-10-27,True,41,82,13489.55,1.6,
2026-10-08 12:55:06.562501+05:30,NIFTY,2026-10-13,True,41,82,22286.4,1.58,
2026-10-08 12:55:08.164651+05:30,NIFTY,2026-10-19,True,41,82,22287.3,1.6,
2026-10-08 12:55:09.775962+05:30,NIFTY,2026-10-27,True,41,82,22288.55,1.61,
2026-10-08 12:55:11.353907+05:30,BANKNIFTY,2026-10-27,True,41,82,54745.0,1.58,
2026-10-08 12:55:12.972070+05:30,BANKNIFTY,2026-11-23,True,41,82,54741.6,1.62,
2026-10-08 12:55:14.562436+05:30,SENSEX,2026-10-08,True,41,82,71741.77,1.6,
2026-10-08 12:55:16.147576+05:30,SENSEX,2026-10-15,True,41,82,71748.58,1.58,
2026-10-08 12:55:17.751374+05:30,FINNIFTY,2026-10-27,True,41,82,24701.4,1.6,
2026-10-08 12:55:19.331533+05:30,MIDCPNIFTY,2026-10-27,True,41,82,13485.05,1.58,
2026-10-08 12:56:06.541544+05:30,NIFTY,2026-10-13,True,41,82,22277.5,1.56,
2026-10-08 12:56:08.225145+05:30,NIFTY,2026-10-19,True,41,82,22277.35,1.68,
2026-10-08 12:56:09.832771+05:30,NIFTY,2026-10-27,True,41,82,22277.5,1.61,
2026-10-08 12:56:11.426717+05:30,BANKNIFTY,2026-10-27,True,41,82,54714.5,1.59,
2026-10-08 12:56:13.034473+05:30,BANKNIFTY,2026-11-23,True,41,82,54718.65,1.61,
2026-10-08 12:56:14.647660+05:30,SENSEX,2026-10-08,True,41,82,71707.01,1.62,
2026-10-08 12:56:16.235750+05:30,SENSEX,2026-10-15,True,41,82,71704.04,1.58,
2026-10-08 12:56:17.825090+05:30,FINNIFTY,2026-10-27,True,41,82,24686.0,1.58,
2026-10-08 12:56:19.434586+05:30,MIDCPNIFTY,2026-10-27,True,41,82,13473.7,1.61,
2026-10-08 12:57:06.540429+05:30,NIFTY,2026-10-13,True,41,82,22259.6,1.56,
2026-10-08 12:57:08.145768+05:30,NIFTY,2026-10-19,True,41,82,22262.1,1.6,
2026-10-08 12:57:09.762217+05:30,NIFTY,2026-10-27,True,41,82,22261.95,1.61,
2026-10-08 12:57:11.399816+05:30,BANKNIFTY,2026-10-27,True,41,82,54678.85,1.63,
2026-10-08 12:57:13.044402+05:30,BANKNIFTY,2026-11-23,True,41,82,54679.55,1.64,
2026-10-08 12:57:14.623219+05:30,SENSEX,2026-10-08,True,41,82,71653.1,1.58,
2026-10-08 12:57:16.232576+05:30,SENSEX,2026-10-15,True,41,82,71655.83,1.6,
2026-10-08 12:57:17.839013+05:30,FINNIFTY,2026-10-27,True,41,82,24678.5,1.6,
2026-10-08 12:57:19.435509+05:30,MIDCPNIFTY,2026-10-27,True,41,82,13464.0,1.59,
2026-10-08 12:58:06.877878+05:30,NIFTY,2026-10-13,True,41,82,22261.2,1.9,
2026-10-08 12:58:08.461760+05:30,NIFTY,2026-10-19,True,41,82,22261.1,1.58,
2026-10-08 12:58:10.071809+05:30,NIFTY,2026-10-27,True,41,82,22259.9,1.61,
2026-10-08 12:58:11.655934+05:30,BANKNIFTY,2026-10-27,True,41,82,54664.75,1.58,
2026-10-08 12:58:13.249634+05:30,BANKNIFTY,2026-11-23,True,41,82,54664.4,1.59,
2026-10-08 12:58:14.824093+05:30,SENSEX,2026-10-08,True,41,82,71653.8,1.58,
2026-10-08 12:58:16.400679+05:30,SENSEX,2026-10-15,True,41,82,71653.3,1.57,
2026-10-08 12:58:18.017758+05:30,FINNIFTY,2026-10-27,True,41,82,24671.05,1.61,
2026-10-08 12:58:19.605995+05:30,MIDCPNIFTY,2026-10-27,True,41,82,13460.3,1.59,
2026-10-08 12:59:06.520059+05:30,NIFTY,2026-10-13,True,41,82,22264.65,1.54,
2026-10-08 12:59:08.099641+05:30,NIFTY,2026-10-19,True,41,82,22265.05,1.58,
2026-10-08 12:59:09.682659+05:30,NIFTY,2026-10-27,True,41,82,22266.45,1.58,
2026-10-08 12:59:11.273998+05:30,BANKNIFTY,2026-10-27,True,41,82,54685.75,1.59,
2026-10-08 12:59:12.875990+05:30,BANKNIFTY,2026-11-23,True,41,82,54690.65,1.6,
2026-10-08 12:59:14.448140+05:30,SENSEX,2026-10-08,True,41,82,71662.75,1.58,
2026-10-08 12:59:16.030662+05:30,SENSEX,2026-10-15,True,41,82,71655.99,1.58,
2026-10-08 12:59:17.629364+05:30,FINNIFTY,2026-10-27,True,41,82,24677.45,1.6,
2026-10-08 12:59:19.237405+05:30,MIDCPNIFTY,2026-10-27,True,41,82,13468.05,1.61,
2026-10-08 13:00:06.531624+05:30,NIFTY,2026-10-13,True,41,82,22270.35,1.55,
2026-10-08 13:00:08.112330+05:30,NIFTY,2026-10-19,True,41,82,22269.7,1.58,
2026-10-08 13:00:09.720207+05:30,NIFTY,2026-10-27,True,41,82,22270.35,1.6,
2026-10-08 13:00:11.334138+05:30,BANKNIFTY,2026-10-27,True,41,82,54697.95,1.61,
2026-10-08 13:00:12.963639+05:30,BANKNIFTY,2026-11-23,True,41,82,54699.3,1.63,
2026-10-08 13:00:14.574011+05:30,SENSEX,2026-10-08,True,41,82,71673.21,1.62,
2026-10-08 13:00:16.181733+05:30,SENSEX,2026-10-15,True,41,82,71670.56,1.6,
2026-10-08 13:00:17.780273+05:30,FINNIFTY,2026-10-27,True,41,82,24681.1,1.6,
2026-10-08 13:00:19.368696+05:30,MIDCPNIFTY,2026-10-27,True,41,82,13471.9,1.59,
2026-10-08 13:01:06.531351+05:30,NIFTY,2026-10-13,True,41,82,22262.25,1.55,
2026-10-08 13:01:08.108720+05:30,NIFTY,2026-10-19,True,41,82,22262.1,1.58,
2026-10-08 13:01:09.682328+05:30,NIFTY,2026-10-27,True,41,82,22264.9,1.57,
2026-10-08 13:01:11.278854+05:30,BANKNIFTY,2026-10-27,True,41,82,54684.4,1.59,
2026-10-08 13:01:12.869559+05:30,BANKNIFTY,2026-11-23,True,41,82,54687.45,1.59,
2026-10-08 13:01:14.451819+05:30,SENSEX,2026-10-08,True,41,82,71663.74,1.59,
2026-10-08 13:01:16.016669+05:30,SENSEX,2026-10-15,True,41,82,71664.3,1.56,
2026-10-08 13:01:17.626645+05:30,FINNIFTY,2026-10-27,True,41,82,24682.55,1.61,
2026-10-08 13:01:19.617459+05:30,MIDCPNIFTY,2026-10-27,True,41,82,13476.45,1.98,
2026-10-08 13:02:06.555451+05:30,NIFTY,2026-10-13,True,41,82,22275.8,1.58,
2026-10-08 13:02:08.135411+05:30,NIFTY,2026-10-19,True,41,82,22276.75,1.58,
2026-10-08 13:02:09.719362+05:30,NIFTY,2026-10-27,True,41,82,22276.65,1.58,
2026-10-08 13:02:11.323457+05:30,BANKNIFTY,2026-10-27,True,41,82,54705.7,1.6,
2026-10-08 13:02:12.931911+05:30,BANKNIFTY,2026-11-23,True,41,82,54707.7,1.61,
2026-10-08 13:02:14.778542+05:30,SENSEX,2026-10-08,True,41,82,71698.64,1.85,
2026-10-08 13:02:16.368898+05:30,SENSEX,2026-10-15,True,41,82,71700.56,1.58,
2026-10-08 13:02:17.961497+05:30,FINNIFTY,2026-10-27,True,41,82,24694.2,1.59,
2026-10-08 13:02:19.590220+05:30,MIDCPNIFTY,2026-10-27,True,41,82,13488.25,1.63,
2026-10-08 13:03:07.826839+05:30,NIFTY,2026-10-13,True,41,82,22276.2,2.85,
2026-10-08 13:03:09.612422+05:30,NIFTY,2026-10-19,True,41,82,22276.45,1.78,
2026-10-08 13:03:12.836882+05:30,NIFTY,2026-10-27,True,41,82,22275.8,3.22,
2026-10-08 13:03:16.779192+05:30,BANKNIFTY,2026-10-27,True,41,82,54711.8,3.94,
2026-10-08 13:03:18.583249+05:30,BANKNIFTY,2026-11-23,True,41,82,54717.1,1.8,
2026-10-08 13:03:22.502084+05:30,SENSEX,2026-10-08,True,41,82,71704.04,3.92,
2026-10-08 13:03:24.296083+05:30,SENSEX,2026-10-15,True,41,82,71702.75,1.79,
2026-10-08 13:03:27.346657+05:30,FINNIFTY,2026-10-27,True,41,82,24694.05,3.05,
2026-10-08 13:03:31.620485+05:30,MIDCPNIFTY,2026-10-27,True,41,82,13486.45,4.27,
2026-10-08 13:04:06.786347+05:30,NIFTY,2026-10-13,True,41,82,22281.85,1.81,
2026-10-08 13:04:08.460501+05:30,NIFTY,2026-10-19,True,41,82,22279.25,1.67,
2026-10-08 13:04:10.185542+05:30,NIFTY,2026-10-27,True,41,82,22281.4,1.72,
2026-10-08 13:04:11.930936+05:30,BANKNIFTY,2026-10-27,True,41,82,54725.85,1.74,
2026-10-08 13:04:13.580851+05:30,BANKNIFTY,2026-11-23,True,41,82,54726.55,1.65,
2026-10-08 13:04:17.413249+05:30,SENSEX,2026-10-08,True,41,82,71714.64,3.84,
2026-10-08 13:04:21.330106+05:30,SENSEX,2026-10-15,True,41,82,71716.04,3.91,
2026-10-08 13:04:05.000175+05:30,FINNIFTY,2026-10-27,False,,,,15.1,"HTTPSConnectionPool(host='mis.kotaksecurities.com', port=443): Read timed out. (read timeout=10.0)"
2026-10-08 13:04:40.996770+05:30,MIDCPNIFTY,2026-10-27,True,41,82,13500.05,4.56,
2026-10-08 13:05:06.586067+05:30,NIFTY,2026-10-13,True,41,82,22292.25,1.61,
2026-10-08 13:05:08.220749+05:30,NIFTY,2026-10-19,True,41,82,22291.95,1.63,
2026-10-08 13:05:09.841456+05:30,NIFTY,2026-10-27,True,41,82,22293.8,1.62,
2026-10-08 13:05:11.472298+05:30,BANKNIFTY,2026-10-27,True,41,82,54752.15,1.63,
2026-10-08 13:05:13.144344+05:30,BANKNIFTY,2026-11-23,True,41,82,54741.2,1.67,
2026-10-08 13:05:14.802198+05:30,SENSEX,2026-10-08,True,41,82,71742.22,1.66,
2026-10-08 13:05:16.432362+05:30,SENSEX,2026-10-15,True,41,82,71741.78,1.62,
2026-10-08 13:05:18.088024+05:30,FINNIFTY,2026-10-27,True,41,82,24712.4,1.65,
2026-10-08 13:05:19.717725+05:30,MIDCPNIFTY,2026-10-27,True,41,82,13497.9,1.63,
2026-10-08 13:06:08.938987+05:30,NIFTY,2026-10-13,True,41,82,22282.05,3.96,
2026-10-08 13:06:13.887933+05:30,NIFTY,2026-10-19,True,41,82,22281.15,4.95,
2026-10-08 13:06:20.162249+05:30,NIFTY,2026-10-27,True,41,82,22277.1,6.27,
2026-10-08 13:06:21.796188+05:30,BANKNIFTY,2026-10-27,True,41,82,54713.6,1.63,
2026-10-08 13:06:23.409695+05:30,BANKNIFTY,2026-11-23,True,41,82,54713.55,1.61,
2026-10-08 13:06:25.028208+05:30,SENSEX,2026-10-08,True,41,82,71715.32,1.63,
2026-10-08 13:06:26.644216+05:30,SENSEX,2026-10-15,True,41,82,71716.25,1.61,
2026-10-08 13:06:28.252249+05:30,FINNIFTY,2026-10-27,True,41,82,24699.25,1.61,
2026-10-08 13:06:29.868209+05:30,MIDCPNIFTY,2026-10-27,True,41,82,13482.55,1.61,
2026-10-08 13:07:06.580038+05:30,NIFTY,2026-10-13,True,41,82,22281.35,1.6,
2026-10-08 13:07:09.224760+05:30,NIFTY,2026-10-19,True,41,82,22279.45,2.64,
2026-10-08 13:07:10.940023+05:30,NIFTY,2026-10-27,True,41,82,22279.0,1.71,
2026-10-08 13:07:12.764872+05:30,BANKNIFTY,2026-10-27,True,41,82,54704.35,1.82,
2026-10-08 13:07:14.404865+05:30,BANKNIFTY,2026-11-23,True,41,82,54701.8,1.64,
2026-10-08 13:07:16.027498+05:30,SENSEX,2026-10-08,True,41,82,71707.96,1.63,
2026-10-08 13:07:18.758208+05:30,SENSEX,2026-10-15,True,41,82,71707.78,2.72,
2026-10-08 13:07:20.378142+05:30,FINNIFTY,2026-10-27,True,41,82,24696.15,1.62,
2026-10-08 13:07:21.989024+05:30,MIDCPNIFTY,2026-10-27,True,41,82,13481.65,1.61,
2026-10-08 13:08:06.544959+05:30,NIFTY,2026-10-13,True,41,82,22276.4,1.57,
2026-10-08 13:08:08.182323+05:30,NIFTY,2026-10-19,True,41,82,22276.6,1.64,
2026-10-08 13:08:09.790404+05:30,NIFTY,2026-10-27,True,41,82,22276.6,1.61,
2026-10-08 13:08:11.515049+05:30,BANKNIFTY,2026-10-27,True,41,82,54709.65,1.72,
2026-10-08 13:08:13.146190+05:30,BANKNIFTY,2026-11-23,True,41,82,54711.3,1.63,
2026-10-08 13:08:14.755196+05:30,SENSEX,2026-10-08,True,41,82,71698.55,1.62,
2026-10-08 13:08:16.349108+05:30,SENSEX,2026-10-15,True,41,82,71696.2,1.58,
2026-10-08 13:08:17.954300+05:30,FINNIFTY,2026-10-27,True,41,82,24699.5,1.6,
2026-10-08 13:08:19.549849+05:30,MIDCPNIFTY,2026-10-27,True,41,82,13482.2,1.59,
2026-10-08 13:09:06.566176+05:30,NIFTY,2026-10-13,True,41,82,22285.2,1.59,
2026-10-08 13:09:08.734097+05:30,NIFTY,2026-10-19,True,41,82,22285.6,2.17,
2026-10-08 13:09:10.341954+05:30,NIFTY,2026-10-27,True,41,82,22283.9,1.61,
2026-10-08 13:09:11.934537+05:30,BANKNIFTY,2026-10-27,True,41,82,54732.4,1.59,
2026-10-08 13:09:13.543964+05:30,BANKNIFTY,2026-11-23,True,41,82,54730.05,1.61,
2026-10-08 13:09:15.152908+05:30,SENSEX,2026-10-08,True,41,82,71726.79,1.62,
2026-10-08 13:09:16.785518+05:30,SENSEX,2026-10-15,True,41,82,71723.49,1.63,
2026-10-08 13:09:18.397466+05:30,FINNIFTY,2026-10-27,True,41,82,24705.9,1.61,
2026-10-08 13:09:20.041627+05:30,MIDCPNIFTY,2026-10-27,True,41,82,13484.35,1.64,
2026-10-08 13:10:06.560526+05:30,NIFTY,2026-10-13,True,41,82,22280.8,1.58,
2026-10-08 13:10:08.176812+05:30,NIFTY,2026-10-19,True,41,82,22281.25,1.61,
2026-10-08 13:10:09.767876+05:30,NIFTY,2026-10-27,True,41,82,22280.75,1.59,
2026-10-08 13:10:11.451914+05:30,BANKNIFTY,2026-10-27,True,41,82,54721.05,1.68,
2026-10-08 13:10:13.074257+05:30,BANKNIFTY,2026-11-23,True,41,82,54721.0,1.62,
2026-10-08 13:10:14.682183+05:30,SENSEX,2026-10-08,True,41,82,71708.16,1.62,
2026-10-08 13:10:16.292159+05:30,SENSEX,2026-10-15,True,41,82,71710.77,1.6,
2026-10-08 13:10:17.904664+05:30,FINNIFTY,2026-10-27,True,41,82,24704.05,1.61,
2026-10-08 13:10:20.530410+05:30,MIDCPNIFTY,2026-10-27,True,41,82,13480.5,2.62,
2026-10-08 13:11:06.559320+05:30,NIFTY,2026-10-13,True,41,82,22279.85,1.58,
2026-10-08 13:11:08.186261+05:30,NIFTY,2026-10-19,True,41,82,22279.9,1.63,
2026-10-08 13:11:09.796750+05:30,NIFTY,2026-10-27,True,41,82,22280.7,1.61,
2026-10-08 13:11:11.461515+05:30,BANKNIFTY,2026-10-27,True,41,82,54724.5,1.66,
2026-10-08 13:11:13.183184+05:30,BANKNIFTY,2026-11-23,True,41,82,54726.6,1.72,
2026-10-08 13:11:14.818633+05:30,SENSEX,2026-10-08,True,41,82,71717.28,1.64,
2026-10-08 13:11:16.462793+05:30,SENSEX,2026-10-15,True,41,82,71722.4,1.64,
2026-10-08 13:11:18.106736+05:30,FINNIFTY,2026-10-27,True,41,82,24707.2,1.64,
2026-10-08 13:11:19.719499+05:30,MIDCPNIFTY,2026-10-27,True,41,82,13483.9,1.62,
2026-10-08 13:12:06.550767+05:30,NIFTY,2026-10-13,True,41,82,22271.75,1.57,
2026-10-08 13:12:08.151163+05:30,NIFTY,2026-10-19,True,41,82,22272.35,1.6,
2026-10-08 13:12:09.765800+05:30,NIFTY,2026-10-27,True,41,82,22271.35,1.61,
2026-10-08 13:12:11.516143+05:30,BANKNIFTY,2026-10-27,True,41,82,54694.5,1.75,
2026-10-08 13:12:13.118049+05:30,BANKNIFTY,2026-11-23,True,41,82,54695.9,1.6,
2026-10-08 13:12:14.749965+05:30,SENSEX,2026-10-08,True,41,82,71701.46,1.64,
2026-10-08 13:12:16.346149+05:30,SENSEX,2026-10-15,True,41,82,71699.25,1.59,
2026-10-08 13:12:17.948100+05:30,FINNIFTY,2026-10-27,True,41,82,24689.45,1.6,
2026-10-08 13:12:19.557213+05:30,MIDCPNIFTY,2026-10-27,True,41,82,13472.3,1.61,
2026-10-08 13:13:06.553365+05:30,NIFTY,2026-10-13,True,41,82,22271.45,1.57,
2026-10-08 13:13:08.160205+05:30,NIFTY,2026-10-19,True,41,82,22272.65,1.61,
2026-10-08 13:13:09.791353+05:30,NIFTY,2026-10-27,True,41,82,22272.8,1.63,
2026-10-08 13:13:11.516581+05:30,BANKNIFTY,2026-10-27,True,41,82,54699.25,1.72,
2026-10-08 13:13:13.177232+05:30,BANKNIFTY,2026-11-23,True,41,82,54700.65,1.66,
2026-10-08 13:13:14.790832+05:30,SENSEX,2026-10-08,True,41,82,71691.32,1.62,
2026-10-08 13:13:16.423272+05:30,SENSEX,2026-10-15,True,41,82,71692.5,1.62,
2026-10-08 13:13:18.044580+05:30,FINNIFTY,2026-10-27,True,41,82,24693.0,1.62,
2026-10-08 13:13:19.642022+05:30,MIDCPNIFTY,2026-10-27,True,41,82,13472.7,1.59,
2026-10-08 13:14:06.541257+05:30,NIFTY,2026-10-13,True,41,82,22272.5,1.56,
2026-10-08 13:14:08.141311+05:30,NIFTY,2026-10-19,True,41,82,22273.25,1.6,
2026-10-08 13:14:09.737015+05:30,NIFTY,2026-10-27,True,41,82,22273.1,1.59,
2026-10-08 13:14:11.428350+05:30,BANKNIFTY,2026-10-27,True,41,82,54702.4,1.69,
2026-10-08 13:14:13.049083+05:30,BANKNIFTY,2026-11-23,True,41,82,54698.5,1.62,
2026-10-08 13:14:14.635339+05:30,SENSEX,2026-10-08,True,41,82,71696.1,1.59,
2026-10-08 13:14:16.218939+05:30,SENSEX,2026-10-15,True,41,82,71695.29,1.58,
2026-10-08 13:14:18.834890+05:30,FINNIFTY,2026-10-27,True,41,82,24692.3,2.61,
2026-10-08 13:14:20.776530+05:30,MIDCPNIFTY,2026-10-27,True,41,82,13469.25,1.94,
2026-10-08 13:15:06.553673+05:30,NIFTY,2026-10-13,True,41,82,22274.65,1.57,
2026-10-08 13:15:08.204064+05:30,NIFTY,2026-10-19,True,41,82,22274.3,1.65,
2026-10-08 13:15:09.848433+05:30,NIFTY,2026-10-27,True,41,82,22272.5,1.64,
2026-10-08 13:15:11.474885+05:30,BANKNIFTY,2026-10-27,True,41,82,54693.8,1.62,
2026-10-08 13:15:13.121019+05:30,BANKNIFTY,2026-11-23,True,41,82,54695.75,1.64,
2026-10-08 13:15:14.729114+05:30,SENSEX,2026-10-08,True,41,82,71690.3,1.61,
2026-10-08 13:15:16.339568+05:30,SENSEX,2026-10-15,True,41,82,71690.0,1.6,
2026-10-08 13:15:17.941147+05:30,FINNIFTY,2026-10-27,True,41,82,24685.85,1.6,
2026-10-08 13:15:19.549282+05:30,MIDCPNIFTY,2026-10-27,True,41,82,13464.75,1.61,
2026-10-08 13:16:06.555261+05:30,NIFTY,2026-10-13,True,41,82,22260.7,1.58,
2026-10-08 13:16:08.159853+05:30,NIFTY,2026-10-19,True,41,82,22261.2,1.6,
2026-10-08 13:16:05.000177+05:30,NIFTY,2026-10-27,False,,,,0.91,"('Connection aborted.', RemoteDisconnected('Remote end closed connection without response'))"
2026-10-08 13:16:11.349174+05:30,BANKNIFTY,2026-10-27,True,41,82,54671.05,2.27,
2026-10-08 13:16:13.104740+05:30,BANKNIFTY,2026-11-23,True,41,82,54675.15,1.75,
2026-10-08 13:16:14.770527+05:30,SENSEX,2026-10-08,True,41,82,71657.48,1.68,
2026-10-08 13:16:16.393426+05:30,SENSEX,2026-10-15,True,41,82,71656.12,1.61,
2026-10-08 13:16:05.000177+05:30,FINNIFTY,2026-10-27,False,,,,1.52,"('Connection aborted.', RemoteDisconnected('Remote end closed connection without response'))"
2026-10-08 13:16:19.994127+05:30,MIDCPNIFTY,2026-10-27,True,41,82,13455.3,2.07,
2026-10-08 13:17:06.552662+05:30,NIFTY,2026-10-13,True,41,82,22264.25,1.57,
2026-10-08 13:17:08.201180+05:30,NIFTY,2026-10-19,True,41,82,22265.35,1.65,
2026-10-08 13:17:09.818194+05:30,NIFTY,2026-10-27,True,41,82,22266.2,1.62,
2026-10-08 13:17:11.462750+05:30,BANKNIFTY,2026-10-27,True,41,82,54683.15,1.64,
2026-10-08 13:17:13.109804+05:30,BANKNIFTY,2026-11-23,True,41,82,54686.75,1.65,
2026-10-08 13:17:14.759581+05:30,SENSEX,2026-10-08,True,41,82,71665.74,1.65,
2026-10-08 13:17:16.442497+05:30,SENSEX,2026-10-15,True,41,82,71667.13,1.68,
2026-10-08 13:17:18.070676+05:30,FINNIFTY,2026-10-27,True,41,82,24677.2,1.63,
2026-10-08 13:17:19.698733+05:30,MIDCPNIFTY,2026-10-27,True,41,82,13464.6,1.63,
2026-10-08 13:18:06.563295+05:30,NIFTY,2026-10-13,True,41,82,22254.2,1.58,
2026-10-08 13:18:08.243373+05:30,NIFTY,2026-10-19,True,41,82,22254.75,1.68,
2026-10-08 13:18:09.859488+05:30,NIFTY,2026-10-27,True,41,82,22252.35,1.61,
2026-10-08 13:18:11.491523+05:30,BANKNIFTY,2026-10-27,True,41,82,54647.35,1.63,
2026-10-08 13:18:13.139515+05:30,BANKNIFTY,2026-11-23,True,41,82,54647.25,1.65,
2026-10-08 13:18:14.794970+05:30,SENSEX,2026-10-08,True,41,82,71628.85,1.67,
2026-10-08 13:18:16.418703+05:30,SENSEX,2026-10-15,True,41,82,71629.83,1.61,
2026-10-08 13:18:18.032916+05:30,FINNIFTY,2026-10-27,True,41,82,24658.25,1.61,
2026-10-08 13:18:19.630762+05:30,MIDCPNIFTY,2026-10-27,True,41,82,13452.5,1.6,
2026-10-08 13:19:06.554279+05:30,NIFTY,2026-10-13,True,41,82,22248.3,1.57,
2026-10-08 13:19:08.188396+05:30,NIFTY,2026-10-19,True,41,82,22250.0,1.63,
2026-10-08 13:19:09.800188+05:30,NIFTY,2026-10-27,True,41,82,22250.3,1.61,
2026-10-08 13:19:11.417379+05:30,BANKNIFTY,2026-10-27,True,41,82,54641.5,1.61,
2026-10-08 13:19:13.046425+05:30,BANKNIFTY,2026-11-23,True,41,82,54639.45,1.63,
2026-10-08 13:19:14.676667+05:30,SENSEX,2026-10-08,True,41,82,71618.2,1.64,
2026-10-08 13:19:16.273151+05:30,SENSEX,2026-10-15,True,41,82,71621.66,1.59,
2026-10-08 13:19:17.903303+05:30,FINNIFTY,2026-10-27,True,41,82,24656.95,1.63,
2026-10-08 13:19:19.514324+05:30,MIDCPNIFTY,2026-10-27,True,41,82,13453.1,1.61,
2026-10-08 13:20:06.571061+05:30,NIFTY,2026-10-13,True,41,82,22244.9,1.59,
2026-10-08 13:20:08.193820+05:30,NIFTY,2026-10-19,True,41,82,22246.3,1.62,
2026-10-08 13:20:09.806398+05:30,NIFTY,2026-10-27,True,41,82,22245.15,1.61,
2026-10-08 13:20:11.431013+05:30,BANKNIFTY,2026-10-27,True,41,82,54626.4,1.62,
2026-10-08 13:20:13.078328+05:30,BANKNIFTY,2026-11-23,True,41,82,54627.85,1.65,
2026-10-08 13:20:14.671015+05:30,SENSEX,2026-10-08,True,41,82,71602.5,1.6,
2026-10-08 13:20:16.320702+05:30,SENSEX,2026-10-15,True,41,82,71604.35,1.64,
2026-10-08 13:20:17.943921+05:30,FINNIFTY,2026-10-27,True,41,82,24654.95,1.62,
2026-10-08 13:20:19.568693+05:30,MIDCPNIFTY,2026-10-27,True,41,82,13446.7,1.62,
2026-10-08 13:21:06.554951+05:30,NIFTY,2026-10-13,True,41,82,22234.0,1.57,
2026-10-08 13:21:08.152306+05:30,NIFTY,2026-10-19,True,41,82,22239.5,1.6,
2026-10-08 13:21:09.756389+05:30,NIFTY,2026-10-27,True,41,82,22238.55,1.6,
2026-10-08 13:21:11.651249+05:30,BANKNIFTY,2026-10-27,True,41,82,54600.8,1.89,
2026-10-08 13:21:14.337901+05:30,BANKNIFTY,2026-11-23,True,41,82,54605.45,2.69,
2026-10-08 13:21:15.939532+05:30,SENSEX,2026-10-08,True,41,82,71580.52,1.61,
2026-10-08 13:21:17.538482+05:30,SENSEX,2026-10-15,True,41,82,71579.15,1.59,
2026-10-08 13:21:19.167123+05:30,FINNIFTY,2026-10-27,True,41,82,24642.75,1.63,
2026-10-08 13:21:20.782200+05:30,MIDCPNIFTY,2026-10-27,True,41,82,13442.5,1.61,
2026-10-08 13:22:07.565386+05:30,NIFTY,2026-10-13,True,41,82,22247.8,2.59,
2026-10-08 13:22:09.170411+05:30,NIFTY,2026-10-19,True,41,82,22247.95,1.6,
2026-10-08 13:22:10.778490+05:30,NIFTY,2026-10-27,True,41,82,22249.3,1.61,
2026-10-08 13:22:12.736316+05:30,BANKNIFTY,2026-10-27,True,41,82,54627.75,1.95,
2026-10-08 13:22:14.378202+05:30,BANKNIFTY,2026-11-23,True,41,82,54631.65,1.64,
2026-10-08 13:22:15.979411+05:30,SENSEX,2026-10-08,True,41,82,71609.47,1.61,
2026-10-08 13:22:17.593467+05:30,SENSEX,2026-10-15,True,41,82,71612.63,1.61,
2026-10-08 13:22:19.418037+05:30,FINNIFTY,2026-10-27,True,41,82,24658.65,1.82,
2026-10-08 13:22:21.040169+05:30,MIDCPNIFTY,2026-10-27,True,41,82,13457.7,1.62,
2026-10-08 13:23:06.546336+05:30,NIFTY,2026-10-13,True,41,82,22267.75,1.57,
2026-10-08 13:23:08.155628+05:30,NIFTY,2026-10-19,True,41,82,22269.0,1.61,
2026-10-08 13:23:09.753772+05:30,NIFTY,2026-10-27,True,41,82,22268.9,1.6,
2026-10-08 13:23:11.358555+05:30,BANKNIFTY,2026-10-27,True,41,82,54673.55,1.6,
2026-10-08 13:23:12.972031+05:30,BANKNIFTY,2026-11-23,True,41,82,54667.6,1.61,
2026-10-08 13:23:14.578398+05:30,SENSEX,2026-10-08,True,41,82,71663.56,1.61,
2026-10-08 13:23:17.203729+05:30,SENSEX,2026-10-15,True,41,82,71667.97,2.62,
2026-10-08 13:23:05.000188+05:30,FINNIFTY,2026-10-27,False,,,,0.84,"('Connection aborted.', RemoteDisconnected('Remote end closed connection without response'))"
2026-10-08 13:23:20.202262+05:30,MIDCPNIFTY,2026-10-27,True,41,82,13470.6,2.15,
2026-10-08 13:24:06.816901+05:30,NIFTY,2026-10-13,True,41,82,22264.8,1.84,
2026-10-08 13:24:08.428051+05:30,NIFTY,2026-10-19,True,41,82,22265.55,1.61,
2026-10-08 13:24:10.049931+05:30,NIFTY,2026-10-27,True,41,82,22267.2,1.62,
2026-10-08 13:24:11.670187+05:30,BANKNIFTY,2026-10-27,True,41,82,54683.6,1.62,
2026-10-08 13:24:13.289447+05:30,BANKNIFTY,2026-11-23,True,41,82,54686.45,1.62,
2026-10-08 13:24:14.915157+05:30,SENSEX,2026-10-08,True,41,82,71672.52,1.63,
2026-10-08 13:24:16.527582+05:30,SENSEX,2026-10-15,True,41,82,71672.81,1.6,
2026-10-08 13:24:18.165367+05:30,FINNIFTY,2026-10-27,True,41,82,24675.85,1.63,
2026-10-08 13:24:19.794456+05:30,MIDCPNIFTY,2026-10-27,True,41,82,13467.3,1.63,
2026-10-08 13:25:06.600641+05:30,NIFTY,2026-10-13,True,41,82,22265.45,1.62,
2026-10-08 13:25:08.219544+05:30,NIFTY,2026-10-19,True,41,82,22267.1,1.62,
2026-10-08 13:25:09.856416+05:30,NIFTY,2026-10-27,True,41,82,22266.0,1.63,
2026-10-08 13:25:11.493781+05:30,BANKNIFTY,2026-10-27,True,41,82,54674.0,1.63,
2026-10-08 13:25:13.194758+05:30,BANKNIFTY,2026-11-23,True,41,82,54676.55,1.7,
2026-10-08 13:25:14.821052+05:30,SENSEX,2026-10-08,True,41,82,71671.86,1.63,
2026-10-08 13:25:16.462827+05:30,SENSEX,2026-10-15,True,41,82,71675.76,1.63,
2026-10-08 13:25:18.066954+05:30,FINNIFTY,2026-10-27,True,41,82,24673.55,1.6,
2026-10-08 13:25:19.696164+05:30,MIDCPNIFTY,2026-10-27,True,41,82,13469.45,1.63,
2026-10-08 13:26:06.596766+05:30,NIFTY,2026-10-13,True,41,82,22260.15,1.62,
2026-10-08 13:26:08.217038+05:30,NIFTY,2026-10-19,True,41,82,22261.15,1.62,
2026-10-08 13:26:09.838842+05:30,NIFTY,2026-10-27,True,41,82,22260.1,1.62,
2026-10-08 13:26:11.476048+05:30,BANKNIFTY,2026-10-27,True,41,82,54662.2,1.63,
2026-10-08 13:26:13.134293+05:30,BANKNIFTY,2026-11-23,True,41,82,54658.75,1.66,
2026-10-08 13:26:14.788622+05:30,SENSEX,2026-10-08,True,41,82,71654.0,1.66,
2026-10-08 13:26:16.443268+05:30,SENSEX,2026-10-15,True,41,82,71655.01,1.65,
2026-10-08 13:26:18.069175+05:30,FINNIFTY,2026-10-27,True,41,82,24669.45,1.62,
2026-10-08 13:26:19.689402+05:30,MIDCPNIFTY,2026-10-27,True,41,82,13469.05,1.62,
2026-10-08 13:27:06.597523+05:30,NIFTY,2026-10-13,True,41,82,22249.5,1.62,
2026-10-08 13:27:08.239262+05:30,NIFTY,2026-10-19,True,41,82,22250.5,1.64,
2026-10-08 13:27:09.887722+05:30,NIFTY,2026-10-27,True,41,82,22251.55,1.65,
2026-10-08 13:27:11.545399+05:30,BANKNIFTY,2026-10-27,True,41,82,54640.1,1.66,
2026-10-08 13:27:13.193811+05:30,BANKNIFTY,2026-11-23,True,41,82,54644.65,1.65,
2026-10-08 13:27:14.818131+05:30,SENSEX,2026-10-08,True,41,82,71631.52,1.64,
2026-10-08 13:27:16.478720+05:30,SENSEX,2026-10-15,True,41,82,71630.73,1.65,
2026-10-08 13:27:18.127573+05:30,FINNIFTY,2026-10-27,True,41,81,24656.15,1.65,
2026-10-08 13:27:19.751338+05:30,MIDCPNIFTY,2026-10-27,True,41,82,13463.75,1.62,
2026-10-08 13:28:07.071359+05:30,NIFTY,2026-10-13,True,41,82,22243.3,2.09,
2026-10-08 13:28:08.673514+05:30,NIFTY,2026-10-19,True,41,82,22242.25,1.6,
2026-10-08 13:28:10.287259+05:30,NIFTY,2026-10-27,True,41,82,22242.3,1.61,
2026-10-08 13:28:11.903450+05:30,BANKNIFTY,2026-10-27,True,41,82,54601.25,1.61,
2026-10-08 13:28:13.523054+05:30,BANKNIFTY,2026-11-23,True,41,82,54598.1,1.62,
2026-10-08 13:28:15.132828+05:30,SENSEX,2026-10-08,True,41,82,71599.53,1.61,
2026-10-08 13:28:16.742756+05:30,SENSEX,2026-10-15,True,41,82,71600.03,1.6,
2026-10-08 13:28:18.489589+05:30,FINNIFTY,2026-10-27,True,41,81,24641.2,1.74,
2026-10-08 13:28:20.116322+05:30,MIDCPNIFTY,2026-10-27,True,41,82,13457.5,1.62,
2026-10-08 13:29:06.585977+05:30,NIFTY,2026-10-13,True,41,82,22240.0,1.61,
2026-10-08 13:29:08.180321+05:30,NIFTY,2026-10-19,True,41,82,22241.65,1.59,
2026-10-08 13:29:09.825974+05:30,NIFTY,2026-10-27,True,41,82,22239.35,1.64,
2026-10-08 13:29:11.461707+05:30,BANKNIFTY,2026-10-27,True,41,82,54609.6,1.64,
2026-10-08 13:29:13.074696+05:30,BANKNIFTY,2026-11-23,True,41,82,54606.05,1.61,
2026-10-08 13:29:14.682731+05:30,SENSEX,2026-10-08,True,41,82,71595.13,1.61,
2026-10-08 13:29:16.283894+05:30,SENSEX,2026-10-15,True,41,82,71597.08,1.59,
2026-10-08 13:29:17.883043+05:30,FINNIFTY,2026-10-27,True,41,82,24638.8,1.6,
2026-10-08 13:29:19.493959+05:30,MIDCPNIFTY,2026-10-27,True,41,82,13454.85,1.61,
2026-10-08 13:30:06.576210+05:30,NIFTY,2026-10-13,True,41,82,22235.45,1.6,
2026-10-08 13:30:08.193874+05:30,NIFTY,2026-10-19,True,41,82,22235.5,1.62,
2026-10-08 13:30:09.818749+05:30,NIFTY,2026-10-27,True,41,82,22234.3,1.62,
2026-10-08 13:30:11.436973+05:30,BANKNIFTY,2026-10-27,True,41,82,54603.35,1.62,
2026-10-08 13:30:13.060801+05:30,BANKNIFTY,2026-11-23,True,41,82,54600.55,1.62,
2026-10-08 13:30:14.661840+05:30,SENSEX,2026-10-08,True,41,82,71568.63,1.61,
2026-10-08 13:30:19.125130+05:30,SENSEX,2026-10-15,True,41,82,71567.2,4.46,
2026-10-08 13:30:20.739292+05:30,FINNIFTY,2026-10-27,True,41,82,24634.4,1.61,
2026-10-08 13:30:22.357438+05:30,MIDCPNIFTY,2026-10-27,True,41,82,13452.2,1.62,
2026-10-08 13:31:06.548939+05:30,NIFTY,2026-10-13,True,41,82,22230.45,1.57,
2026-10-08 13:31:08.156512+05:30,NIFTY,2026-10-19,True,41,82,22233.5,1.61,
2026-10-08 13:31:09.785708+05:30,NIFTY,2026-10-27,True,41,82,22235.25,1.63,
2026-10-08 13:31:11.469927+05:30,BANKNIFTY,2026-10-27,True,41,82,54589.8,1.68,
2026-10-08 13:31:13.122854+05:30,BANKNIFTY,2026-11-23,True,41,82,54592.8,1.65,
2026-10-08 13:31:14.735549+05:30,SENSEX,2026-10-08,True,41,82,71568.04,1.62,
2026-10-08 13:31:16.338471+05:30,SENSEX,2026-10-15,True,41,82,71564.2,1.6,
2026-10-08 13:31:17.955315+05:30,FINNIFTY,2026-10-27,True,41,82,24635.3,1.61,
2026-10-08 13:31:19.558132+05:30,MIDCPNIFTY,2026-10-27,True,41,82,13457.4,1.6,
2026-10-08 13:32:06.551688+05:30,NIFTY,2026-10-13,True,41,82,22246.25,1.57,
2026-10-08 13:32:08.170830+05:30,NIFTY,2026-10-19,True,41,82,22246.55,1.62,
2026-10-08 13:32:09.803877+05:30,NIFTY,2026-10-27,True,41,82,22244.1,1.63,
2026-10-08 13:32:11.426887+05:30,BANKNIFTY,2026-10-27,True,41,82,54619.45,1.62,
2026-10-08 13:32:13.040646+05:30,BANKNIFTY,2026-11-23,True,41,82,54617.7,1.62,
2026-10-08 13:32:14.801939+05:30,SENSEX,2026-10-08,True,41,82,71599.99,1.76,
2026-10-08 13:32:16.404466+05:30,SENSEX,2026-10-15,True,41,82,71599.13,1.6,
2026-10-08 13:32:18.003302+05:30,FINNIFTY,2026-10-27,True,41,82,24642.75,1.6,
2026-10-08 13:32:19.620388+05:30,MIDCPNIFTY,2026-10-27,True,41,82,13462.7,1.61,
2026-10-08 13:33:06.661916+05:30,NIFTY,2026-10-13,True,41,82,22246.0,1.68,
2026-10-08 13:33:08.295426+05:30,NIFTY,2026-10-19,True,41,82,22250.05,1.63,
2026-10-08 13:33:09.935796+05:30,NIFTY,2026-10-27,True,41,82,22250.65,1.64,
2026-10-08 13:33:11.558484+05:30,BANKNIFTY,2026-10-27,True,41,82,54627.75,1.61,
2026-10-08 13:33:13.215071+05:30,BANKNIFTY,2026-11-23,True,41,82,54630.45,1.65,
2026-10-08 13:33:14.912065+05:30,SENSEX,2026-10-08,True,41,82,71611.08,1.7,
2026-10-08 13:33:16.512829+05:30,SENSEX,2026-10-15,True,41,82,71611.1,1.59,
2026-10-08 13:33:18.120016+05:30,FINNIFTY,2026-10-27,True,41,82,24650.2,1.6,
2026-10-08 13:33:19.728278+05:30,MIDCPNIFTY,2026-10-27,True,41,82,13465.35,1.61,
2026-10-08 13:34:06.738044+05:30,NIFTY,2026-10-13,True,41,82,22257.55,1.76,
2026-10-08 13:34:09.374534+05:30,NIFTY,2026-10-19,True,41,82,22258.3,2.64,
2026-10-08 13:34:10.987214+05:30,NIFTY,2026-10-27,True,41,82,22257.65,1.61,
2026-10-08 13:34:12.630247+05:30,BANKNIFTY,2026-10-27,True,41,82,54641.85,1.64,
2026-10-08 13:34:14.248221+05:30,BANKNIFTY,2026-11-23,True,41,82,54644.6,1.62,
2026-10-08 13:34:15.854474+05:30,SENSEX,2026-10-08,True,41,82,71636.51,1.61,
2026-10-08 13:34:17.453745+05:30,SENSEX,2026-10-15,True,41,82,71636.09,1.59,
2026-10-08 13:34:19.062673+05:30,FINNIFTY,2026-10-27,True,41,82,24663.55,1.61,
2026-10-08 13:34:20.674570+05:30,MIDCPNIFTY,2026-10-27,True,41,82,13477.75,1.61,
2026-10-08 13:35:06.582779+05:30,NIFTY,2026-10-13,True,41,82,22278.3,1.6,
2026-10-08 13:35:08.194008+05:30,NIFTY,2026-10-19,True,41,82,22280.3,1.61,
2026-10-08 13:35:09.811382+05:30,NIFTY,2026-10-27,True,41,82,22281.0,1.62,
2026-10-08 13:35:11.453242+05:30,BANKNIFTY,2026-10-27,True,41,82,54676.95,1.64,
2026-10-08 13:35:13.084020+05:30,BANKNIFTY,2026-11-23,True,41,82,54680.85,1.63,
2026-10-08 13:35:14.753414+05:30,SENSEX,2026-10-08,True,41,82,71697.57,1.68,
2026-10-08 13:35:16.361984+05:30,SENSEX,2026-10-15,True,41,82,71699.87,1.6,
2026-10-08 13:35:18.495632+05:30,FINNIFTY,2026-10-27,True,41,82,24682.5,2.13,
2026-10-08 13:35:20.133581+05:30,MIDCPNIFTY,2026-10-27,True,41,82,13495.85,1.64,
2026-10-08 13:36:06.607360+05:30,NIFTY,2026-10-13,True,41,82,22268.05,1.63,
2026-10-08 13:36:08.249072+05:30,NIFTY,2026-10-19,True,41,82,22268.2,1.64,
2026-10-08 13:36:09.883664+05:30,NIFTY,2026-10-27,True,41,82,22267.55,1.63,
2026-10-08 13:36:11.534363+05:30,BANKNIFTY,2026-10-27,True,41,82,54652.05,1.65,
2026-10-08 13:36:13.150849+05:30,BANKNIFTY,2026-11-23,True,41,82,54649.4,1.62,
2026-10-08 13:36:14.757335+05:30,SENSEX,2026-10-08,True,41,82,71670.53,1.62,
2026-10-08 13:36:16.405726+05:30,SENSEX,2026-10-15,True,41,82,71670.64,1.64,
2026-10-08 13:36:18.030704+05:30,FINNIFTY,2026-10-27,True,41,82,24670.1,1.62,
2026-10-08 13:36:19.657796+05:30,MIDCPNIFTY,2026-10-27,True,41,82,13487.2,1.63,
2026-10-08 13:37:06.557085+05:30,NIFTY,2026-10-13,True,41,82,22265.45,1.58,
2026-10-08 13:37:08.150695+05:30,NIFTY,2026-10-19,True,41,82,22267.15,1.6,
2026-10-08 13:37:09.754298+05:30,NIFTY,2026-10-27,True,41,82,22266.9,1.6,
2026-10-08 13:37:11.367275+05:30,BANKNIFTY,2026-10-27,True,41,82,54651.65,1.61,
2026-10-08 13:37:12.992085+05:30,BANKNIFTY,2026-11-23,True,41,82,54656.55,1.62,
2026-10-08 13:37:14.588451+05:30,SENSEX,2026-10-08,True,41,82,71645.56,1.6,
2026-10-08 13:37:16.181337+05:30,SENSEX,2026-10-15,True,41,82,71646.04,1.58,
2026-10-08 13:37:17.792735+05:30,FINNIFTY,2026-10-27,True,41,82,24671.55,1.61,
2026-10-08 13:37:19.389518+05:30,MIDCPNIFTY,2026-10-27,True,41,82,13488.4,1.59,
2026-10-08 13:38:06.566567+05:30,NIFTY,2026-10-13,True,41,82,22285.0,1.59,
2026-10-08 13:38:08.221227+05:30,NIFTY,2026-10-19,True,41,82,22285.45,1.65,
2026-10-08 13:38:09.839159+05:30,NIFTY,2026-10-27,True,41,82,22285.2,1.62,
2026-10-08 13:38:11.451089+05:30,BANKNIFTY,2026-10-27,True,41,82,54708.85,1.61,
2026-10-08 13:38:13.060711+05:30,BANKNIFTY,2026-11-23,True,41,82,54711.3,1.61,
2026-10-08 13:38:14.656038+05:30,SENSEX,2026-10-08,True,41,82,71725.36,1.6,
2026-10-08 13:38:16.264554+05:30,SENSEX,2026-10-15,True,41,82,71723.25,1.6,
2026-10-08 13:38:17.865183+05:30,FINNIFTY,2026-10-27,True,41,82,24693.8,1.6,
2026-10-08 13:38:19.472190+05:30,MIDCPNIFTY,2026-10-27,True,41,82,13503.15,1.61,
2026-10-08 13:39:06.539039+05:30,NIFTY,2026-10-13,True,41,82,22281.75,1.56,
2026-10-08 13:39:08.157516+05:30,NIFTY,2026-10-19,True,41,82,22281.75,1.62,
2026-10-08 13:39:09.798282+05:30,NIFTY,2026-10-27,True,41,82,22280.2,1.64,
2026-10-08 13:39:11.474196+05:30,BANKNIFTY,2026-10-27,True,41,82,54687.5,1.67,
2026-10-08 13:39:13.117128+05:30,BANKNIFTY,2026-11-23,True,41,82,54693.25,1.64,
2026-10-08 13:39:14.716730+05:30,SENSEX,2026-10-08,True,41,82,71705.71,1.61,
2026-10-08 13:39:16.358591+05:30,SENSEX,2026-10-15,True,41,82,71707.34,1.63,
2026-10-08 13:39:17.967535+05:30,FINNIFTY,2026-10-27,True,41,82,24689.65,1.61,
2026-10-08 13:39:19.574175+05:30,MIDCPNIFTY,2026-10-27,True,41,82,13503.15,1.6,
2026-10-08 13:40:06.553444+05:30,NIFTY,2026-10-13,True,41,82,22282.85,1.57,
2026-10-08 13:40:08.171479+05:30,NIFTY,2026-10-19,True,41,82,22283.55,1.62,
2026-10-08 13:40:09.985452+05:30,NIFTY,2026-10-27,True,41,82,22282.25,1.81,
2026-10-08 13:40:11.602148+05:30,BANKNIFTY,2026-10-27,True,41,82,54694.6,1.61,
2026-10-08 13:40:13.219165+05:30,BANKNIFTY,2026-11-23,True,41,82,54694.0,1.62,
2026-10-08 13:40:14.835413+05:30,SENSEX,2026-10-08,True,41,82,71710.05,1.62,
2026-10-08 13:40:16.463071+05:30,SENSEX,2026-10-15,True,41,82,71706.96,1.62,
2026-10-08 13:40:18.077067+05:30,FINNIFTY,2026-10-27,True,41,82,24682.5,1.61,
2026-10-08 13:40:19.738344+05:30,MIDCPNIFTY,2026-10-27,True,41,82,13493.45,1.66,
2026-10-08 13:41:06.569901+05:30,NIFTY,2026-10-13,True,41,82,22265.2,1.59,
2026-10-08 13:41:08.176872+05:30,NIFTY,2026-10-19,True,41,82,22266.0,1.61,
2026-10-08 13:41:09.788413+05:30,NIFTY,2026-10-27,True,41,82,22264.7,1.61,
2026-10-08 13:41:11.415903+05:30,BANKNIFTY,2026-10-27,True,41,82,54642.55,1.63,
2026-10-08 13:41:13.049668+05:30,BANKNIFTY,2026-11-23,True,41,82,54642.45,1.63,
2026-10-08 13:41:14.666312+05:30,SENSEX,2026-10-08,True,41,82,71677.55,1.62,
2026-10-08 13:41:16.262944+05:30,SENSEX,2026-10-15,True,41,82,71683.12,1.59,
2026-10-08 13:41:17.875138+05:30,FINNIFTY,2026-10-27,True,41,82,24666.85,1.61,
2026-10-08 13:41:19.467446+05:30,MIDCPNIFTY,2026-10-27,True,41,82,13482.35,1.59,
2026-10-08 13:42:06.544731+05:30,NIFTY,2026-10-13,True,41,82,22270.1,1.57,
2026-10-08 13:42:08.142282+05:30,NIFTY,2026-10-19,True,41,82,22269.95,1.6,
2026-10-08 13:42:09.754725+05:30,NIFTY,2026-10-27,True,41,82,22268.75,1.61,
2026-10-08 13:42:11.367505+05:30,BANKNIFTY,2026-10-27,True,41,82,54649.55,1.61,
2026-10-08 13:42:13.011058+05:30,BANKNIFTY,2026-11-23,True,41,82,54648.75,1.64,
2026-10-08 13:42:14.602570+05:30,SENSEX,2026-10-08,True,41,82,71676.22,1.6,
2026-10-08 13:42:16.187799+05:30,SENSEX,2026-10-15,True,41,82,71674.77,1.58,
2026-10-08 13:42:17.782528+05:30,FINNIFTY,2026-10-27,True,41,82,24665.75,1.59,
2026-10-08 13:42:19.383902+05:30,MIDCPNIFTY,2026-10-27,True,41,82,13479.8,1.6,
2026-10-08 13:43:07.140878+05:30,NIFTY,2026-10-13,True,41,82,22255.35,2.16,
2026-10-08 13:43:08.741991+05:30,NIFTY,2026-10-19,True,41,82,22253.1,1.6,
2026-10-08 13:43:10.340110+05:30,NIFTY,2026-10-27,True,41,82,22255.5,1.6,
2026-10-08 13:43:11.938639+05:30,BANKNIFTY,2026-10-27,True,41,82,54598.7,1.6,
2026-10-08 13:43:13.552729+05:30,BANKNIFTY,2026-11-23,True,41,82,54603.35,1.61,
2026-10-08 13:43:15.158792+05:30,SENSEX,2026-10-08,True,41,82,71612.56,1.61,
2026-10-08 13:43:16.759228+05:30,SENSEX,2026-10-15,True,41,82,71612.82,1.59,
2026-10-08 13:43:18.370157+05:30,FINNIFTY,2026-10-27,True,41,82,24650.5,1.61,
2026-10-08 13:43:19.986066+05:30,MIDCPNIFTY,2026-10-27,True,41,82,13469.95,1.61,
2026-10-08 13:44:06.589268+05:30,NIFTY,2026-10-13,True,41,82,22250.35,1.61,
2026-10-08 13:44:08.214408+05:30,NIFTY,2026-10-19,True,41,82,22250.1,1.62,
2026-10-08 13:44:09.838820+05:30,NIFTY,2026-10-27,True,41,82,22250.3,1.62,
2026-10-08 13:44:11.444613+05:30,BANKNIFTY,2026-10-27,True,41,82,54592.4,1.6,
2026-10-08 13:44:14.116328+05:30,BANKNIFTY,2026-11-23,True,41,82,54595.95,2.67,
2026-10-08 13:44:15.704155+05:30,SENSEX,2026-10-08,True,41,82,71619.53,1.59,
2026-10-08 13:44:17.322657+05:30,SENSEX,2026-10-15,True,41,82,71616.56,1.61,
2026-10-08 13:44:18.918299+05:30,FINNIFTY,2026-10-27,True,41,82,24645.2,1.59,
2026-10-08 13:44:20.516663+05:30,MIDCPNIFTY,2026-10-27,True,41,82,13463.0,1.6,
2026-10-08 13:45:06.554525+05:30,NIFTY,2026-10-13,True,41,82,22253.15,1.57,
2026-10-08 13:45:08.175640+05:30,NIFTY,2026-10-19,True,41,82,22252.5,1.62,
2026-10-08 13:45:09.809191+05:30,NIFTY,2026-10-27,True,41,82,22251.1,1.63,
2026-10-08 13:45:11.400209+05:30,BANKNIFTY,2026-10-27,True,41,82,54591.35,1.59,
2026-10-08 13:45:13.059998+05:30,BANKNIFTY,2026-11-23,True,41,82,54588.6,1.66,
2026-10-08 13:45:14.669445+05:30,SENSEX,2026-10-08,True,41,82,71613.96,1.62,
2026-10-08 13:45:16.282195+05:30,SENSEX,2026-10-15,True,41,82,71614.81,1.6,
2026-10-08 13:45:17.879498+05:30,FINNIFTY,2026-10-27,True,41,82,24640.3,1.59,
2026-10-08 13:45:19.483789+05:30,MIDCPNIFTY,2026-10-27,True,41,82,13458.15,1.6,
2026-10-08 13:46:06.568517+05:30,NIFTY,2026-10-13,True,41,82,22241.7,1.59,
2026-10-08 13:46:08.204751+05:30,NIFTY,2026-10-19,True,41,82,22241.05,1.64,
2026-10-08 13:46:09.826974+05:30,NIFTY,2026-10-27,True,41,82,22240.95,1.62,
2026-10-08 13:46:11.486592+05:30,BANKNIFTY,2026-10-27,True,41,82,54551.2,1.66,
2026-10-08 13:46:13.139539+05:30,BANKNIFTY,2026-11-23,True,41,82,54550.75,1.65,
2026-10-08 13:46:14.742269+05:30,SENSEX,2026-10-08,True,41,82,71579.57,1.61,
2026-10-08 13:46:16.367940+05:30,SENSEX,2026-10-15,True,41,82,71576.35,1.62,
2026-10-08 13:46:19.042534+05:30,FINNIFTY,2026-10-27,True,41,82,24630.2,2.67,
2026-10-08 13:46:20.654168+05:30,MIDCPNIFTY,2026-10-27,True,41,82,13451.95,1.61,
2026-10-08 13:47:06.562583+05:30,NIFTY,2026-10-13,True,41,82,22238.15,1.58,
2026-10-08 13:47:08.165645+05:30,NIFTY,2026-10-19,True,41,82,22239.0,1.6,
2026-10-08 13:47:10.822510+05:30,NIFTY,2026-10-27,True,41,82,22239.0,2.66,
2026-10-08 13:47:12.461733+05:30,BANKNIFTY,2026-10-27,True,41,82,54549.95,1.64,
2026-10-08 13:47:14.089195+05:30,BANKNIFTY,2026-11-23,True,41,82,54542.9,1.63,
2026-10-08 13:47:15.694920+05:30,SENSEX,2026-10-08,True,41,82,71569.68,1.61,
2026-10-08 13:47:17.308301+05:30,SENSEX,2026-10-15,True,41,82,71569.46,1.61,
2026-10-08 13:47:18.911972+05:30,FINNIFTY,2026-10-27,True,41,81,24621.65,1.6,
2026-10-08 13:47:20.515504+05:30,MIDCPNIFTY,2026-10-27,True,41,82,13446.9,1.6,
2026-10-08 13:48:06.546593+05:30,NIFTY,2026-10-13,True,41,82,22236.65,1.57,
2026-10-08 13:48:08.154749+05:30,NIFTY,2026-10-19,True,41,82,22236.35,1.61,
2026-10-08 13:48:09.754940+05:30,NIFTY,2026-10-27,True,41,82,22236.2,1.6,
2026-10-08 13:48:11.370580+05:30,BANKNIFTY,2026-10-27,True,41,82,54542.0,1.61,
2026-10-08 13:48:13.011427+05:30,BANKNIFTY,2026-11-23,True,41,82,54544.8,1.64,
2026-10-08 13:48:14.615435+05:30,SENSEX,2026-10-08,True,41,82,71561.32,1.61,
2026-10-08 13:48:16.218524+05:30,SENSEX,2026-10-15,True,41,82,71559.36,1.6,
2026-10-08 13:48:17.819037+05:30,FINNIFTY,2026-10-27,True,41,82,24625.4,1.6,
2026-10-08 13:48:19.741535+05:30,MIDCPNIFTY,2026-10-27,True,41,82,13455.85,1.92,
2026-10-08 13:49:06.540267+05:30,NIFTY,2026-10-13,True,41,82,22244.0,1.56,
2026-10-08 13:49:08.155488+05:30,NIFTY,2026-10-19,True,41,82,22244.05,1.61,
2026-10-08 13:49:09.761058+05:30,NIFTY,2026-10-27,True,41,82,22243.85,1.61,
2026-10-08 13:49:11.367849+05:30,BANKNIFTY,2026-10-27,True,41,82,54567.35,1.6,
2026-10-08 13:49:12.977180+05:30,BANKNIFTY,2026-11-23,True,41,82,54569.05,1.61,
2026-10-08 13:49:14.581236+05:30,SENSEX,2026-10-08,True,41,82,71588.59,1.61,
2026-10-08 13:49:16.169421+05:30,SENSEX,2026-10-15,True,41,82,71587.47,1.58,
2026-10-08 13:49:17.766010+05:30,FINNIFTY,2026-10-27,True,41,82,24628.25,1.59,
2026-10-08 13:49:19.376123+05:30,MIDCPNIFTY,2026-10-27,True,41,82,13455.9,1.61,
2026-10-08 13:50:06.593268+05:30,NIFTY,2026-10-13,True,41,82,22240.05,1.61,
2026-10-08 13:50:08.190800+05:30,NIFTY,2026-10-19,True,41,82,22241.7,1.6,
2026-10-08 13:50:10.487490+05:30,NIFTY,2026-10-27,True,41,82,22239.95,2.3,
2026-10-08 13:50:12.209808+05:30,BANKNIFTY,2026-10-27,True,41,82,54547.3,1.72,
2026-10-08 13:50:13.841482+05:30,BANKNIFTY,2026-11-23,True,41,82,54549.2,1.63,
2026-10-08 13:50:15.466229+05:30,SENSEX,2026-10-08,True,41,82,71577.08,1.63,
2026-10-08 13:50:17.148777+05:30,SENSEX,2026-10-15,True,41,82,71580.07,1.67,
2026-10-08 13:50:18.807963+05:30,FINNIFTY,2026-10-27,True,41,81,24624.5,1.66,
2026-10-08 13:50:20.457439+05:30,MIDCPNIFTY,2026-10-27,True,41,82,13453.3,1.65,
2026-10-08 13:51:06.805517+05:30,NIFTY,2026-10-13,True,41,82,22241.45,1.82,
2026-10-08 13:51:08.448178+05:30,NIFTY,2026-10-19,True,41,82,22238.85,1.65,
2026-10-08 13:51:10.085106+05:30,NIFTY,2026-10-27,True,41,82,22239.5,1.63,
2026-10-08 13:51:11.756016+05:30,BANKNIFTY,2026-10-27,True,41,82,54557.5,1.67,
2026-10-08 13:51:13.417156+05:30,BANKNIFTY,2026-11-23,True,41,82,54555.1,1.66,
2026-10-08 13:51:15.085903+05:30,SENSEX,2026-10-08,True,41,82,71574.8,1.67,
2026-10-08 13:51:16.737651+05:30,SENSEX,2026-10-15,True,41,82,71572.31,1.64,
2026-10-08 13:51:18.379559+05:30,FINNIFTY,2026-10-27,True,41,81,24622.6,1.64,
2026-10-08 13:51:20.031222+05:30,MIDCPNIFTY,2026-10-27,True,41,82,13451.1,1.65,
2026-10-08 13:52:06.574622+05:30,NIFTY,2026-10-13,True,41,82,22235.9,1.59,
2026-10-08 13:52:08.228614+05:30,NIFTY,2026-10-19,True,41,82,22234.75,1.65,
2026-10-08 13:52:09.853329+05:30,NIFTY,2026-10-27,True,41,82,22234.55,1.62,
2026-10-08 13:52:11.500620+05:30,BANKNIFTY,2026-10-27,True,41,82,54553.6,1.64,
2026-10-08 13:52:13.167982+05:30,BANKNIFTY,2026-11-23,True,41,82,54555.0,1.67,
2026-10-08 13:52:14.807625+05:30,SENSEX,2026-10-08,True,41,82,71556.73,1.64,
2026-10-08 13:52:16.437003+05:30,SENSEX,2026-10-15,True,41,82,71552.47,1.62,
2026-10-08 13:52:18.079093+05:30,FINNIFTY,2026-10-27,True,41,81,24622.7,1.64,
2026-10-08 13:52:19.710380+05:30,MIDCPNIFTY,2026-10-27,True,41,82,13450.8,1.63,
2026-10-08 13:53:06.585998+05:30,NIFTY,2026-10-13,True,41,82,22236.75,1.61,
2026-10-08 13:53:08.237701+05:30,NIFTY,2026-10-19,True,41,82,22236.9,1.65,
2026-10-08 13:53:10.915248+05:30,NIFTY,2026-10-27,True,41,82,22238.2,2.68,
2026-10-08 13:53:12.579504+05:30,BANKNIFTY,2026-10-27,True,41,82,54557.25,1.66,
2026-10-08 13:53:14.232391+05:30,BANKNIFTY,2026-11-23,True,41,82,54563.5,1.65,
2026-10-08 13:53:15.866785+05:30,SENSEX,2026-10-08,True,41,82,71572.91,1.64,
2026-10-08 13:53:17.507162+05:30,SENSEX,2026-10-15,True,41,82,71574.37,1.63,
2026-10-08 13:53:19.159058+05:30,FINNIFTY,2026-10-27,True,41,82,24629.1,1.65,
2026-10-08 13:53:20.803890+05:30,MIDCPNIFTY,2026-10-27,True,41,82,13460.4,1.64,
2026-10-08 13:54:06.589900+05:30,NIFTY,2026-10-13,True,41,82,22240.7,1.61,
2026-10-08 13:54:08.227287+05:30,NIFTY,2026-10-19,True,41,82,22241.7,1.64,
2026-10-08 13:54:09.879728+05:30,NIFTY,2026-10-27,True,41,82,22241.3,1.65,
2026-10-08 13:54:11.545224+05:30,BANKNIFTY,2026-10-27,True,41,82,54569.15,1.66,
2026-10-08 13:54:13.225177+05:30,BANKNIFTY,2026-11-23,True,41,82,54572.15,1.68,
2026-10-08 13:54:14.884550+05:30,SENSEX,2026-10-08,True,41,82,71592.47,1.67,
2026-10-08 13:54:16.546394+05:30,SENSEX,2026-10-15,True,41,82,71595.94,1.65,
2026-10-08 13:54:18.175702+05:30,FINNIFTY,2026-10-27,True,41,82,24631.45,1.63,
2026-10-08 13:54:19.822772+05:30,MIDCPNIFTY,2026-10-27,True,41,82,13458.75,1.64,
2026-10-08 13:55:06.598352+05:30,NIFTY,2026-10-13,True,41,82,22236.85,1.62,
2026-10-08 13:55:08.255500+05:30,NIFTY,2026-10-19,True,41,82,22237.95,1.66,
2026-10-08 13:55:09.898916+05:30,NIFTY,2026-10-27,True,41,82,22237.45,1.65,
2026-10-08 13:55:11.551002+05:30,BANKNIFTY,2026-10-27,True,41,82,54564.0,1.64,
2026-10-08 13:55:13.248828+05:30,BANKNIFTY,2026-11-23,True,41,82,54561.0,1.7,
2026-10-08 13:55:14.928492+05:30,SENSEX,2026-10-08,True,41,82,71559.92,1.68,
2026-10-08 13:55:16.566647+05:30,SENSEX,2026-10-15,True,41,82,71560.97,1.63,
2026-10-08 13:55:18.208487+05:30,FINNIFTY,2026-10-27,True,41,82,24625.85,1.64,
2026-10-08 13:55:19.875693+05:30,MIDCPNIFTY,2026-10-27,True,41,82,13456.65,1.67,
2026-10-08 13:56:06.762917+05:30,NIFTY,2026-10-13,True,41,82,22240.85,1.78,
2026-10-08 13:56:08.420909+05:30,NIFTY,2026-10-19,True,41,82,22241.6,1.66,
2026-10-08 13:56:10.083120+05:30,NIFTY,2026-10-27,True,41,82,22239.7,1.66,
2026-10-08 13:56:11.737569+05:30,BANKNIFTY,2026-10-27,True,41,82,54562.7,1.65,
2026-10-08 13:56:13.463797+05:30,BANKNIFTY,2026-11-23,True,41,82,54559.55,1.72,
2026-10-08 13:56:15.092379+05:30,SENSEX,2026-10-08,True,41,82,71581.5,1.63,
2026-10-08 13:56:16.740547+05:30,SENSEX,2026-10-15,True,41,82,71581.5,1.64,
2026-10-08 13:56:18.397290+05:30,FINNIFTY,2026-10-27,True,41,82,24625.9,1.65,
2026-10-08 13:56:20.044245+05:30,MIDCPNIFTY,2026-10-27,True,41,82,13459.45,1.65,
2026-10-08 13:57:06.604355+05:30,NIFTY,2026-10-13,True,41,82,22243.3,1.62,
2026-10-08 13:57:08.267469+05:30,NIFTY,2026-10-19,True,41,82,22242.9,1.66,
2026-10-08 13:57:09.878795+05:30,NIFTY,2026-10-27,True,41,82,22243.15,1.61,
2026-10-08 13:57:11.510002+05:30,BANKNIFTY,2026-10-27,True,41,82,54559.5,1.63,
2026-10-08 13:57:13.156002+05:30,BANKNIFTY,2026-11-23,True,41,80,54557.05,1.64,
2026-10-08 13:57:14.783310+05:30,SENSEX,2026-10-08,True,41,82,71582.87,1.63,
2026-10-08 13:57:16.422692+05:30,SENSEX,2026-10-15,True,41,82,71583.11,1.63,
2026-10-08 13:57:18.071468+05:30,FINNIFTY,2026-10-27,True,41,82,24628.55,1.65,
2026-10-08 13:57:19.720895+05:30,MIDCPNIFTY,2026-10-27,True,41,82,13464.45,1.65,
2026-10-08 13:58:06.569765+05:30,NIFTY,2026-10-13,True,41,82,22243.1,1.59,
2026-10-08 13:58:08.229001+05:30,NIFTY,2026-10-19,True,41,82,22242.75,1.66,
2026-10-08 13:58:09.852098+05:30,NIFTY,2026-10-27,True,41,82,22240.1,1.62,
2026-10-08 13:58:11.509508+05:30,BANKNIFTY,2026-10-27,True,41,82,54558.35,1.66,
2026-10-08 13:58:13.153586+05:30,BANKNIFTY,2026-11-23,True,41,82,54555.9,1.64,
2026-10-08 13:58:14.792397+05:30,SENSEX,2026-10-08,True,41,82,71574.11,1.64,
2026-10-08 13:58:16.398761+05:30,SENSEX,2026-10-15,True,41,82,71572.96,1.6,
2026-10-08 13:58:05.000163+05:30,FINNIFTY,2026-10-27,False,,,,1.46,"('Connection aborted.', RemoteDisconnected('Remote end closed connection without response'))"
2026-10-08 13:58:19.941678+05:30,MIDCPNIFTY,2026-10-27,True,41,82,13458.6,2.08,
2026-10-08 13:59:06.553343+05:30,NIFTY,2026-10-13,True,41,82,22235.6,1.57,
2026-10-08 13:59:08.297894+05:30,NIFTY,2026-10-19,True,41,82,22236.45,1.74,
2026-10-08 13:59:09.911630+05:30,NIFTY,2026-10-27,True,41,82,22234.45,1.61,
2026-10-08 13:59:11.526525+05:30,BANKNIFTY,2026-10-27,True,41,82,54527.4,1.61,
2026-10-08 13:59:13.192454+05:30,BANKNIFTY,2026-11-23,True,41,82,54520.2,1.66,
2026-10-08 13:59:14.786259+05:30,SENSEX,2026-10-08,True,41,82,71557.32,1.61,
2026-10-08 13:59:16.382615+05:30,SENSEX,2026-10-15,True,41,82,71557.56,1.58,
2026-10-08 13:59:19.008541+05:30,FINNIFTY,2026-10-27,True,41,81,24611.3,2.62,
2026-10-08 13:59:20.638244+05:30,MIDCPNIFTY,2026-10-27,True,41,82,13448.95,1.63,
2026-10-08 14:00:06.565111+05:30,NIFTY,2026-10-13,True,41,82,22241.85,1.58,
2026-10-08 14:00:08.249440+05:30,NIFTY,2026-10-19,True,41,82,22241.9,1.68,
2026-10-08 14:00:09.874041+05:30,NIFTY,2026-10-27,True,41,82,22242.15,1.62,
2026-10-08 14:00:11.478194+05:30,BANKNIFTY,2026-10-27,True,41,82,54546.5,1.6,
2026-10-08 14:00:13.085046+05:30,BANKNIFTY,2026-11-23,True,41,82,54543.35,1.61,
2026-10-08 14:00:14.668573+05:30,SENSEX,2026-10-08,True,41,82,71576.66,1.59,
2026-10-08 14:00:16.262944+05:30,SENSEX,2026-10-15,True,41,82,71569.88,1.59,
2026-10-08 14:00:17.859776+05:30,FINNIFTY,2026-10-27,True,41,82,24616.05,1.59,
2026-10-08 14:00:19.469950+05:30,MIDCPNIFTY,2026-10-27,True,41,82,13456.35,1.61,
2026-10-08 14:01:06.535739+05:30,NIFTY,2026-10-13,True,41,82,22221.5,1.55,
2026-10-08 14:01:08.252078+05:30,NIFTY,2026-10-19,True,41,82,22220.55,1.72,
2026-10-08 14:01:09.841317+05:30,NIFTY,2026-10-27,True,41,82,22220.8,1.59,
2026-10-08 14:01:11.460185+05:30,BANKNIFTY,2026-10-27,True,41,82,54488.15,1.62,
2026-10-08 14:01:13.069785+05:30,BANKNIFTY,2026-11-23,True,41,81,54491.35,1.61,
2026-10-08 14:01:15.716342+05:30,SENSEX,2026-10-08,True,41,82,71524.79,2.65,
2026-10-08 14:01:17.859086+05:30,SENSEX,2026-10-15,True,41,82,71520.88,2.13,
2026-10-08 14:01:19.752525+05:30,FINNIFTY,2026-10-27,True,41,80,24598.0,1.89,
2026-10-08 14:01:21.377712+05:30,MIDCPNIFTY,2026-10-27,True,41,82,13446.65,1.62,
2026-10-08 14:02:06.528899+05:30,NIFTY,2026-10-13,True,41,82,22227.15,1.55,
2026-10-08 14:02:08.114427+05:30,NIFTY,2026-10-19,True,41,82,22226.85,1.59,
2026-10-08 14:02:09.702359+05:30,NIFTY,2026-10-27,True,41,82,22226.45,1.59,
2026-10-08 14:02:11.329167+05:30,BANKNIFTY,2026-10-27,True,41,82,54487.5,1.62,
2026-10-08 14:02:12.929057+05:30,BANKNIFTY,2026-11-23,True,41,82,54484.2,1.6,
2026-10-08 14:02:14.523765+05:30,SENSEX,2026-10-08,True,41,82,71533.02,1.6,
2026-10-08 14:02:16.117633+05:30,SENSEX,2026-10-15,True,41,82,71532.51,1.58,
2026-10-08 14:02:17.706832+05:30,FINNIFTY,2026-10-27,True,41,81,24597.95,1.59,
2026-10-08 14:02:19.300462+05:30,MIDCPNIFTY,2026-10-27,True,41,82,13445.8,1.59,
2026-10-08 14:03:06.529327+05:30,NIFTY,2026-10-13,True,41,82,22228.3,1.55,
2026-10-08 14:03:08.204384+05:30,NIFTY,2026-10-19,True,41,82,22228.3,1.67,
2026-10-08 14:03:09.823759+05:30,NIFTY,2026-10-27,True,41,82,22225.6,1.62,
2026-10-08 14:03:11.421050+05:30,BANKNIFTY,2026-10-27,True,41,82,54482.3,1.59,
2026-10-08 14:03:13.035999+05:30,BANKNIFTY,2026-11-23,True,41,82,54482.55,1.61,
2026-10-08 14:03:14.639097+05:30,SENSEX,2026-10-08,True,41,82,71536.42,1.61,
2026-10-08 14:03:16.249770+05:30,SENSEX,2026-10-15,True,41,82,71536.37,1.6,
2026-10-08 14:03:17.846322+05:30,FINNIFTY,2026-10-27,True,41,81,24594.6,1.59,
2026-10-08 14:03:19.446291+05:30,MIDCPNIFTY,2026-10-27,True,41,82,13440.15,1.6,
2026-10-08 14:04:06.558705+05:30,NIFTY,2026-10-13,True,41,82,22227.7,1.58,
2026-10-08 14:04:08.211176+05:30,NIFTY,2026-10-19,True,41,82,22226.5,1.65,
2026-10-08 14:04:09.839964+05:30,NIFTY,2026-10-27,True,41,82,22226.95,1.63,
2026-10-08 14:04:11.460998+05:30,BANKNIFTY,2026-10-27,True,41,82,54490.8,1.62,
2026-10-08 14:04:13.073977+05:30,BANKNIFTY,2026-11-23,True,41,82,54489.65,1.61,
2026-10-08 14:04:14.687581+05:30,SENSEX,2026-10-08,True,41,82,71539.1,1.62,
2026-10-08 14:04:16.285781+05:30,SENSEX,2026-10-15,True,41,82,71538.51,1.59,
2026-10-08 14:04:17.893019+05:30,FINNIFTY,2026-10-27,True,41,81,24599.85,1.61,
2026-10-08 14:04:19.499691+05:30,MIDCPNIFTY,2026-10-27,True,41,82,13441.45,1.6,
2026-10-08 14:05:06.568427+05:30,NIFTY,2026-10-13,True,41,82,22212.7,1.59,
2026-10-08 14:05:08.201138+05:30,NIFTY,2026-10-19,True,41,82,22211.1,1.63,
2026-10-08 14:05:09.810137+05:30,NIFTY,2026-10-27,True,41,82,22211.2,1.61,
2026-10-08 14:05:11.450540+05:30,BANKNIFTY,2026-10-27,True,41,82,54438.35,1.64,
2026-10-08 14:05:13.060786+05:30,BANKNIFTY,2026-11-23,True,41,82,54437.3,1.61,
2026-10-08 14:05:14.659519+05:30,SENSEX,2026-10-08,True,41,82,71488.59,1.61,
2026-10-08 14:05:16.265634+05:30,SENSEX,2026-10-15,True,41,82,71487.89,1.59,
2026-10-08 14:05:17.863222+05:30,FINNIFTY,2026-10-27,True,41,81,24583.45,1.6,
2026-10-08 14:05:19.451881+05:30,MIDCPNIFTY,2026-10-27,True,41,82,13431.7,1.59,
2026-10-08 14:06:06.530051+05:30,NIFTY,2026-10-13,True,41,82,22224.55,1.55,
2026-10-08 14:06:08.203114+05:30,NIFTY,2026-10-19,True,41,82,22225.1,1.67,
2026-10-08 14:06:09.807674+05:30,NIFTY,2026-10-27,True,41,82,22224.8,1.6,
2026-10-08 14:06:11.424271+05:30,BANKNIFTY,2026-10-27,True,41,82,54466.25,1.61,
2026-10-08 14:06:13.041429+05:30,BANKNIFTY,2026-11-23,True,41,82,54467.75,1.62,
2026-10-08 14:06:14.644105+05:30,SENSEX,2026-10-08,True,41,82,71535.76,1.61,
2026-10-08 14:06:16.248195+05:30,SENSEX,2026-10-15,True,41,82,71540.9,1.59,
2026-10-08 14:06:17.841900+05:30,FINNIFTY,2026-10-27,True,41,81,24599.0,1.59,
2026-10-08 14:06:19.456795+05:30,MIDCPNIFTY,2026-10-27,True,41,82,13438.75,1.61,
2026-10-08 14:07:06.549557+05:30,NIFTY,2026-10-13,True,41,82,22222.35,1.57,
2026-10-08 14:07:08.239206+05:30,NIFTY,2026-10-19,True,41,82,22222.6,1.69,
2026-10-08 14:07:09.886696+05:30,NIFTY,2026-10-27,True,41,82,22221.05,1.65,
2026-10-08 14:07:11.502207+05:30,BANKNIFTY,2026-10-27,True,41,82,54453.7,1.61,
2026-10-08 14:07:13.122499+05:30,BANKNIFTY,2026-11-23,True,41,82,54451.35,1.62,
2026-10-08 14:07:14.725405+05:30,SENSEX,2026-10-08,True,41,82,71525.16,1.61,
2026-10-08 14:07:16.316292+05:30,SENSEX,2026-10-15,True,41,82,71524.86,1.58,
2026-10-08 14:07:17.924356+05:30,FINNIFTY,2026-10-27,True,41,81,24595.55,1.61,
2026-10-08 14:07:19.513960+05:30,MIDCPNIFTY,2026-10-27,True,41,82,13438.65,1.59,
2026-10-08 14:08:06.548309+05:30,NIFTY,2026-10-13,True,41,82,22223.05,1.57,
2026-10-08 14:08:08.220950+05:30,NIFTY,2026-10-19,True,41,82,22222.5,1.67,
2026-10-08 14:08:09.846318+05:30,NIFTY,2026-10-27,True,41,82,22222.45,1.62,
2026-10-08 14:08:11.493564+05:30,BANKNIFTY,2026-10-27,True,41,82,54449.9,1.64,
2026-10-08 14:08:13.111216+05:30,BANKNIFTY,2026-11-23,True,41,82,54449.0,1.62,
2026-10-08 14:08:15.710018+05:30,SENSEX,2026-10-08,True,41,82,71527.72,2.61,
2026-10-08 14:08:17.335735+05:30,SENSEX,2026-10-15,True,41,82,71524.74,1.62,
2026-10-08 14:08:18.973568+05:30,FINNIFTY,2026-10-27,True,41,81,24594.4,1.64,
2026-10-08 14:08:20.596837+05:30,MIDCPNIFTY,2026-10-27,True,41,82,13434.1,1.62,
2026-10-08 14:09:07.094577+05:30,NIFTY,2026-10-13,True,41,82,22217.85,2.11,
2026-10-08 14:09:08.736332+05:30,NIFTY,2026-10-19,True,41,82,22216.7,1.64,
2026-10-08 14:09:10.377151+05:30,NIFTY,2026-10-27,True,41,82,22217.9,1.64,
2026-10-08 14:09:12.023260+05:30,BANKNIFTY,2026-10-27,True,41,82,54440.0,1.64,
2026-10-08 14:09:13.648803+05:30,BANKNIFTY,2026-11-23,True,41,82,54439.6,1.62,
2026-10-08 14:09:15.256475+05:30,SENSEX,2026-10-08,True,41,82,71506.73,1.61,
2026-10-08 14:09:17.087283+05:30,SENSEX,2026-10-15,True,41,82,71507.21,1.82,
2026-10-08 14:09:18.688429+05:30,FINNIFTY,2026-10-27,True,41,81,24594.55,1.6,
2026-10-08 14:09:20.300255+05:30,MIDCPNIFTY,2026-10-27,True,41,82,13430.15,1.61,
2026-10-08 14:10:06.564333+05:30,NIFTY,2026-10-13,True,41,82,22210.95,1.58,
2026-10-08 14:10:08.241027+05:30,NIFTY,2026-10-19,True,41,82,22209.9,1.68,
2026-10-08 14:10:09.882362+05:30,NIFTY,2026-10-27,True,41,82,22208.0,1.64,
2026-10-08 14:10:11.525012+05:30,BANKNIFTY,2026-10-27,True,41,82,54407.95,1.64,
2026-10-08 14:10:13.168448+05:30,BANKNIFTY,2026-11-23,True,41,82,54402.35,1.64,
2026-10-08 14:10:14.778037+05:30,SENSEX,2026-10-08,True,41,82,71483.8,1.62,
2026-10-08 14:10:16.391055+05:30,SENSEX,2026-10-15,True,41,82,71482.12,1.6,
2026-10-08 14:10:17.992738+05:30,FINNIFTY,2026-10-27,True,41,81,24576.85,1.6,
2026-10-08 14:10:19.619675+05:30,MIDCPNIFTY,2026-10-27,True,41,82,13416.35,1.62,
2026-10-08 14:11:06.554228+05:30,NIFTY,2026-10-13,True,41,82,22208.35,1.57,
2026-10-08 14:11:08.248361+05:30,NIFTY,2026-10-19,True,41,82,22208.4,1.7,
2026-10-08 14:11:09.843651+05:30,NIFTY,2026-10-27,True,41,82,22209.2,1.59,
2026-10-08 14:11:11.553566+05:30,BANKNIFTY,2026-10-27,True,41,82,54414.25,1.71,
2026-10-08 14:11:13.209820+05:30,BANKNIFTY,2026-11-23,True,41,82,54417.35,1.65,
2026-10-08 14:11:14.836005+05:30,SENSEX,2026-10-08,True,41,82,71480.27,1.63,
2026-10-08 14:11:16.442108+05:30,SENSEX,2026-10-15,True,41,82,71485.98,1.6,
2026-10-08 14:11:19.050193+05:30,FINNIFTY,2026-10-27,True,41,81,24586.25,2.61,
2026-10-08 14:11:20.654845+05:30,MIDCPNIFTY,2026-10-27,True,41,82,13420.2,1.6,
2026-10-08 14:12:06.549223+05:30,NIFTY,2026-10-13,True,41,82,22208.35,1.57,
2026-10-08 14:12:08.545583+05:30,NIFTY,2026-10-19,True,41,82,22209.5,2.0,
2026-10-08 14:12:10.171464+05:30,NIFTY,2026-10-27,True,41,82,22208.2,1.62,
2026-10-08 14:12:11.802454+05:30,BANKNIFTY,2026-10-27,True,41,82,54396.05,1.63,
2026-10-08 14:12:13.416206+05:30,BANKNIFTY,2026-11-23,True,41,82,54399.7,1.61,
2026-10-08 14:12:15.030461+05:30,SENSEX,2026-10-08,True,41,82,71491.4,1.63,
2026-10-08 14:12:17.408535+05:30,SENSEX,2026-10-15,True,41,82,71489.52,2.37,
2026-10-08 14:12:20.057172+05:30,FINNIFTY,2026-10-27,True,41,81,24576.55,2.64,
2026-10-08 14:12:21.653056+05:30,MIDCPNIFTY,2026-10-27,True,41,82,13419.5,1.59,
2026-10-08 14:13:06.536580+05:30,NIFTY,2026-10-13,True,41,82,22213.8,1.55,
2026-10-08 14:13:08.255986+05:30,NIFTY,2026-10-19,True,41,82,22213.8,1.72,
2026-10-08 14:13:09.854524+05:30,NIFTY,2026-10-27,True,41,82,22213.3,1.6,
2026-10-08 14:13:11.456721+05:30,BANKNIFTY,2026-10-27,True,41,82,54404.15,1.6,
2026-10-08 14:13:13.059969+05:30,BANKNIFTY,2026-11-23,True,41,82,54402.0,1.6,
2026-10-08 14:13:14.667470+05:30,SENSEX,2026-10-08,True,41,82,71486.56,1.61,
2026-10-08 14:13:16.246740+05:30,SENSEX,2026-10-15,True,41,82,71486.42,1.57,
2026-10-08 14:13:17.837197+05:30,FINNIFTY,2026-10-27,True,41,81,24579.3,1.59,
2026-10-08 14:13:19.435576+05:30,MIDCPNIFTY,2026-10-27,True,41,82,13423.65,1.6,
2026-10-08 14:14:06.553195+05:30,NIFTY,2026-10-13,True,41,82,22228.4,1.57,
2026-10-08 14:14:08.214269+05:30,NIFTY,2026-10-19,True,41,82,22227.65,1.66,
2026-10-08 14:14:09.810940+05:30,NIFTY,2026-10-27,True,41,82,22227.0,1.6,
2026-10-08 14:14:11.413351+05:30,BANKNIFTY,2026-10-27,True,41,82,54448.8,1.6,
2026-10-08 14:14:13.028952+05:30,BANKNIFTY,2026-11-23,True,41,82,54451.3,1.61,
2026-10-08 14:14:14.650572+05:30,SENSEX,2026-10-08,True,41,82,71531.92,1.63,
2026-10-08 14:14:16.253848+05:30,SENSEX,2026-10-15,True,41,82,71532.77,1.6,
2026-10-08 14:14:18.479109+05:30,FINNIFTY,2026-10-27,True,41,81,24600.45,2.22,
2026-10-08 14:14:20.080653+05:30,MIDCPNIFTY,2026-10-27,True,41,82,13431.25,1.6,
2026-10-08 14:15:07.559685+05:30,NIFTY,2026-10-13,True,41,82,22234.4,2.58,
2026-10-08 14:15:09.226241+05:30,NIFTY,2026-10-19,True,41,82,22233.8,1.67,
2026-10-08 14:15:10.826650+05:30,NIFTY,2026-10-27,True,41,82,22233.25,1.6,
2026-10-08 14:15:12.437859+05:30,BANKNIFTY,2026-10-27,True,41,82,54455.4,1.61,
2026-10-08 14:15:14.041552+05:30,BANKNIFTY,2026-11-23,True,41,82,54454.25,1.6,
2026-10-08 14:15:15.643114+05:30,SENSEX,2026-10-08,True,41,82,71564.08,1.61,
2026-10-08 14:15:17.261223+05:30,SENSEX,2026-10-15,True,41,82,71563.73,1.61,
2026-10-08 14:15:18.897052+05:30,FINNIFTY,2026-10-27,True,41,81,24598.9,1.63,
2026-10-08 14:15:20.513074+05:30,MIDCPNIFTY,2026-10-27,True,41,82,13432.5,1.61,
2026-10-08 14:16:06.552043+05:30,NIFTY,2026-10-13,True,41,82,22238.55,1.57,
2026-10-08 14:16:08.248942+05:30,NIFTY,2026-10-19,True,41,82,22238.1,1.7,
2026-10-08 14:16:09.855875+05:30,NIFTY,2026-10-27,True,41,82,22235.6,1.61,
2026-10-08 14:16:11.457045+05:30,BANKNIFTY,2026-10-27,True,41,82,54457.7,1.6,
2026-10-08 14:16:13.087134+05:30,BANKNIFTY,2026-11-23,True,41,82,54463.6,1.63,
2026-10-08 14:16:14.670817+05:30,SENSEX,2026-10-08,True,41,82,71569.11,1.59,
2026-10-08 14:16:16.268496+05:30,SENSEX,2026-10-15,True,41,82,71573.78,1.59,
2026-10-08 14:16:17.861920+05:30,FINNIFTY,2026-10-27,True,41,81,24610.25,1.59,
2026-10-08 14:16:19.460957+05:30,MIDCPNIFTY,2026-10-27,True,41,82,13437.7,1.6,
2026-10-08 14:17:06.541762+05:30,NIFTY,2026-10-13,True,41,82,22231.2,1.56,
2026-10-08 14:17:08.227712+05:30,NIFTY,2026-10-19,True,41,82,22230.5,1.69,
2026-10-08 14:17:09.834380+05:30,NIFTY,2026-10-27,True,41,82,22230.4,1.61,
2026-10-08 14:17:11.462720+05:30,BANKNIFTY,2026-10-27,True,41,82,54442.7,1.66,
2026-10-08 14:17:13.098683+05:30,BANKNIFTY,2026-11-23,True,41,82,54442.45,1.63,
2026-10-08 14:17:14.704974+05:30,SENSEX,2026-10-08,True,41,82,71541.8,1.59,
2026-10-08 14:17:16.341505+05:30,SENSEX,2026-10-15,True,41,82,71539.83,1.62,
2026-10-08 14:17:17.957895+05:30,FINNIFTY,2026-10-27,True,41,81,24596.65,1.61,
2026-10-08 14:17:19.577273+05:30,MIDCPNIFTY,2026-10-27,True,41,82,13432.9,1.62,
2026-10-08 14:18:06.560436+05:30,NIFTY,2026-10-13,True,41,82,22226.2,1.58,
2026-10-08 14:18:08.242118+05:30,NIFTY,2026-10-19,True,41,82,22225.75,1.68,
2026-10-08 14:18:09.854370+05:30,NIFTY,2026-10-27,True,41,82,22225.95,1.61,
2026-10-08 14:18:11.474546+05:30,BANKNIFTY,2026-10-27,True,41,82,54435.45,1.62,
2026-10-08 14:18:13.088876+05:30,BANKNIFTY,2026-11-23,True,41,82,54433.35,1.61,
2026-10-08 14:18:14.686862+05:30,SENSEX,2026-10-08,True,41,82,71520.22,1.61,
2026-10-08 14:18:16.279830+05:30,SENSEX,2026-10-15,True,41,82,71519.78,1.58,
2026-10-08 14:18:17.898751+05:30,FINNIFTY,2026-10-27,True,41,81,24591.25,1.62,
2026-10-08 14:18:19.510510+05:30,MIDCPNIFTY,2026-10-27,True,41,82,13423.5,1.61,
2026-10-08 14:19:06.543027+05:30,NIFTY,2026-10-13,True,41,82,22217.35,1.56,
2026-10-08 14:19:08.531988+05:30,NIFTY,2026-10-19,True,41,82,22216.75,1.99,
2026-10-08 14:19:10.142257+05:30,NIFTY,2026-10-27,True,41,82,22217.05,1.61,
2026-10-08 14:19:11.760173+05:30,BANKNIFTY,2026-10-27,True,41,82,54410.35,1.62,
2026-10-08 14:19:13.400385+05:30,BANKNIFTY,2026-11-23,True,41,82,54410.9,1.64,
2026-10-08 14:19:15.019470+05:30,SENSEX,2026-10-08,True,41,82,71505.14,1.63,
2026-10-08 14:19:16.640369+05:30,SENSEX,2026-10-15,True,41,82,71494.51,1.61,
2026-10-08 14:19:18.279789+05:30,FINNIFTY,2026-10-27,True,41,81,24580.75,1.64,
2026-10-08 14:19:19.921940+05:30,MIDCPNIFTY,2026-10-27,True,41,82,13416.3,1.64,
2026-10-08 14:20:06.550031+05:30,NIFTY,2026-10-13,True,41,82,22212.1,1.57,
2026-10-08 14:20:08.248464+05:30,NIFTY,2026-10-19,True,41,82,22213.7,1.7,
2026-10-08 14:20:09.858664+05:30,NIFTY,2026-10-27,True,41,82,22215.5,1.61,
2026-10-08 14:20:11.515544+05:30,BANKNIFTY,2026-10-27,True,41,82,54421.9,1.65,
2026-10-08 14:20:13.122699+05:30,BANKNIFTY,2026-11-23,True,41,82,54425.05,1.61,
2026-10-08 14:20:14.724885+05:30,SENSEX,2026-10-08,True,41,82,71496.79,1.61,
2026-10-08 14:20:16.312495+05:30,SENSEX,2026-10-15,True,41,82,71498.04,1.58,
2026-10-08 14:20:17.979471+05:30,FINNIFTY,2026-10-27,True,41,81,24589.4,1.66,
2026-10-08 14:20:19.596067+05:30,MIDCPNIFTY,2026-10-27,True,41,82,13418.85,1.61,
2026-10-08 14:21:06.576493+05:30,NIFTY,2026-10-13,True,41,82,22206.05,1.6,
2026-10-08 14:21:08.799436+05:30,NIFTY,2026-10-19,True,41,82,22206.35,2.22,
2026-10-08 14:21:10.456525+05:30,NIFTY,2026-10-27,True,41,82,22204.4,1.66,
2026-10-08 14:21:12.125677+05:30,BANKNIFTY,2026-10-27,True,41,82,54420.7,1.67,
2026-10-08 14:21:13.750008+05:30,BANKNIFTY,2026-11-23,True,41,82,54411.0,1.62,
2026-10-08 14:21:15.396232+05:30,SENSEX,2026-10-08,True,41,82,71454.22,1.65,
2026-10-08 14:21:17.137222+05:30,SENSEX,2026-10-15,True,41,82,71452.45,1.73,
2026-10-08 14:21:18.779013+05:30,FINNIFTY,2026-10-27,True,41,81,24582.6,1.64,
2026-10-08 14:21:20.433698+05:30,MIDCPNIFTY,2026-10-27,True,41,82,13409.0,1.65,
2026-10-08 14:22:06.880846+05:30,NIFTY,2026-10-13,True,41,82,22193.3,1.9,
2026-10-08 14:22:08.513387+05:30,NIFTY,2026-10-19,True,41,82,22191.15,1.64,
2026-10-08 14:22:10.136348+05:30,NIFTY,2026-10-27,True,41,82,22190.3,1.62,
2026-10-08 14:22:11.756664+05:30,BANKNIFTY,2026-10-27,True,41,82,54386.75,1.62,
2026-10-08 14:22:13.408741+05:30,BANKNIFTY,2026-11-23,True,41,82,54388.6,1.65,
2026-10-08 14:22:15.037829+05:30,SENSEX,2026-10-08,True,41,82,71420.4,1.63,
2026-10-08 14:22:16.796030+05:30,SENSEX,2026-10-15,True,41,82,71421.7,1.75,
2026-10-08 14:22:18.431821+05:30,FINNIFTY,2026-10-27,True,41,80,24574.9,1.63,
2026-10-08 14:22:20.072579+05:30,MIDCPNIFTY,2026-10-27,True,41,82,13405.7,1.64,
2026-10-08 14:23:07.429763+05:30,NIFTY,2026-10-13,True,41,82,22208.35,2.45,
2026-10-08 14:23:09.292403+05:30,NIFTY,2026-10-19,True,41,82,22208.8,1.87,
2026-10-08 14:23:11.158552+05:30,NIFTY,2026-10-27,True,41,82,22208.85,1.85,
2026-10-08 14:23:13.042186+05:30,BANKNIFTY,2026-10-27,True,41,82,54438.25,1.88,
2026-10-08 14:23:14.914090+05:30,BANKNIFTY,2026-11-23,True,41,82,54441.0,1.87,
2026-10-08 14:23:16.768424+05:30,SENSEX,2026-10-08,True,41,82,71462.25,1.86,
2026-10-08 14:23:18.639865+05:30,SENSEX,2026-10-15,True,41,82,71466.07,1.86,
2026-10-08 14:23:20.502100+05:30,FINNIFTY,2026-10-27,True,41,81,24590.25,1.86,
2026-10-08 14:23:22.372212+05:30,MIDCPNIFTY,2026-10-27,True,41,82,13416.5,1.87,
2026-10-08 14:24:06.810148+05:30,NIFTY,2026-10-13,True,41,82,22208.5,1.83,
2026-10-08 14:24:08.670211+05:30,NIFTY,2026-10-19,True,41,82,22208.0,1.86,
2026-10-08 14:24:10.541361+05:30,NIFTY,2026-10-27,True,41,82,22209.7,1.87,
2026-10-08 14:24:12.427375+05:30,BANKNIFTY,2026-10-27,True,41,82,54434.25,1.88,
2026-10-08 14:24:14.352092+05:30,BANKNIFTY,2026-11-23,True,41,82,54433.4,1.92,
2026-10-08 14:24:16.201083+05:30,SENSEX,2026-10-08,True,41,82,71469.67,1.85,
2026-10-08 14:24:18.082675+05:30,SENSEX,2026-10-15,True,41,82,71474.89,1.87,
2026-10-08 14:24:19.959896+05:30,FINNIFTY,2026-10-27,True,41,81,24591.3,1.87,
2026-10-08 14:24:21.856798+05:30,MIDCPNIFTY,2026-10-27,True,41,82,13418.45,1.89,
2026-10-08 14:25:06.822613+05:30,NIFTY,2026-10-13,True,41,82,22209.35,1.84,
2026-10-08 14:25:08.683896+05:30,NIFTY,2026-10-19,True,41,82,22208.8,1.86,
2026-10-08 14:25:10.558915+05:30,NIFTY,2026-10-27,True,41,82,22209.4,1.87,
2026-10-08 14:25:12.508052+05:30,BANKNIFTY,2026-10-27,True,41,82,54431.1,1.95,
2026-10-08 14:25:14.428356+05:30,BANKNIFTY,2026-11-23,True,41,82,54432.45,1.92,
2026-10-08 14:25:16.330448+05:30,SENSEX,2026-10-08,True,41,82,71477.72,1.91,
2026-10-08 14:25:18.252504+05:30,SENSEX,2026-10-15,True,41,82,71461.77,1.91,
2026-10-08 14:25:20.213520+05:30,FINNIFTY,2026-10-27,True,41,81,24591.8,1.96,
2026-10-08 14:25:22.113800+05:30,MIDCPNIFTY,2026-10-27,True,41,82,13413.45,1.9,
2026-10-08 14:26:06.803362+05:30,NIFTY,2026-10-13,True,41,82,22209.65,1.82,
2026-10-08 14:26:09.962674+05:30,NIFTY,2026-10-19,True,41,82,22209.6,3.19,
2026-10-08 14:26:11.842693+05:30,NIFTY,2026-10-27,True,41,82,22208.25,1.85,
2026-10-08 14:26:13.733233+05:30,BANKNIFTY,2026-10-27,True,41,82,54428.35,1.89,
2026-10-08 14:26:05.000172+05:30,BANKNIFTY,2026-11-23,False,,,,0.08,"('Connection aborted.', RemoteDisconnected('Remote end closed connection without response'))"
2026-10-08 14:26:15.908749+05:30,SENSEX,2026-10-08,True,41,82,71464.01,2.1,
2026-10-08 14:26:17.523533+05:30,SENSEX,2026-10-15,True,41,82,71463.94,1.61,
2026-10-08 14:26:19.140089+05:30,FINNIFTY,2026-10-27,True,41,81,24586.7,1.61,
2026-10-08 14:26:20.805372+05:30,MIDCPNIFTY,2026-10-27,True,41,82,13410.75,1.66,
2026-10-08 14:27:07.080507+05:30,NIFTY,2026-10-13,True,41,82,22201.55,2.1,
2026-10-08 14:27:08.679722+05:30,NIFTY,2026-10-19,True,41,82,22201.95,1.6,
2026-10-08 14:27:10.295744+05:30,NIFTY,2026-10-27,True,41,82,22202.35,1.62,
2026-10-08 14:27:11.919592+05:30,BANKNIFTY,2026-10-27,True,41,82,54442.5,1.62,
2026-10-08 14:27:13.538177+05:30,BANKNIFTY,2026-11-23,True,41,82,54442.8,1.62,
2026-10-08 14:27:15.156299+05:30,SENSEX,2026-10-08,True,41,82,71451.99,1.62,
2026-10-08 14:27:17.793895+05:30,SENSEX,2026-10-15,True,41,82,71452.08,2.63,
2026-10-08 14:27:19.407826+05:30,FINNIFTY,2026-10-27,True,41,81,24590.05,1.61,
2026-10-08 14:27:21.056230+05:30,MIDCPNIFTY,2026-10-27,True,41,82,13407.7,1.65,
2026-10-08 14:28:06.589142+05:30,NIFTY,2026-10-13,True,41,82,22197.75,1.61,
2026-10-08 14:28:08.217372+05:30,NIFTY,2026-10-19,True,41,82,22198.75,1.63,
2026-10-08 14:28:09.861243+05:30,NIFTY,2026-10-27,True,41,82,22199.3,1.64,
2026-10-08 14:28:11.524105+05:30,BANKNIFTY,2026-10-27,True,41,82,54431.4,1.66,
2026-10-08 14:28:13.153526+05:30,BANKNIFTY,2026-11-23,True,41,82,54431.35,1.63,
2026-10-08 14:28:14.807925+05:30,SENSEX,2026-10-08,True,41,82,71439.01,1.66,
2026-10-08 14:28:16.421669+05:30,SENSEX,2026-10-15,True,41,82,71436.33,1.61,
2026-10-08 14:28:18.067530+05:30,FINNIFTY,2026-10-27,True,41,81,24591.2,1.64,
2026-10-08 14:28:19.691081+05:30,MIDCPNIFTY,2026-10-27,True,41,82,13403.05,1.62,
2026-10-08 14:29:06.608802+05:30,NIFTY,2026-10-13,True,41,82,22209.4,1.63,
2026-10-08 14:29:08.232255+05:30,NIFTY,2026-10-19,True,41,82,22210.1,1.62,
2026-10-08 14:29:09.846144+05:30,NIFTY,2026-10-27,True,41,82,22210.2,1.61,
2026-10-08 14:29:12.529409+05:30,BANKNIFTY,2026-10-27,True,41,82,54462.6,2.68,
2026-10-08 14:29:14.168575+05:30,BANKNIFTY,2026-11-23,True,41,81,54454.55,1.64,
2026-10-08 14:29:15.785666+05:30,SENSEX,2026-10-08,True,41,82,71468.8,1.62,
2026-10-08 14:29:17.394032+05:30,SENSEX,2026-10-15,True,41,82,71469.62,1.6,
2026-10-08 14:29:19.009557+05:30,FINNIFTY,2026-10-27,True,41,81,24597.75,1.65,
2026-10-08 14:29:20.631709+05:30,MIDCPNIFTY,2026-10-27,True,41,82,13407.65,1.58,
2026-10-08 14:30:06.616823+05:30,NIFTY,2026-10-13,True,41,82,22217.4,1.64,
2026-10-08 14:30:08.243517+05:30,NIFTY,2026-10-19,True,41,82,22216.8,1.63,
2026-10-08 14:30:09.863311+05:30,NIFTY,2026-10-27,True,41,82,22216.2,1.62,
2026-10-08 14:30:11.509560+05:30,BANKNIFTY,2026-10-27,True,41,82,54465.65,1.64,
2026-10-08 14:30:13.139318+05:30,BANKNIFTY,2026-11-23,True,41,81,54467.9,1.63,
2026-10-08 14:30:14.750751+05:30,SENSEX,2026-10-08,True,41,82,71481.83,1.62,
2026-10-08 14:30:16.375025+05:30,SENSEX,2026-10-15,True,41,82,71485.03,1.61,
2026-10-08 14:30:17.993289+05:30,FINNIFTY,2026-10-27,True,41,81,24599.8,1.62,
2026-10-08 14:30:19.638987+05:30,MIDCPNIFTY,2026-10-27,True,41,82,13412.85,1.64,
2026-10-08 14:31:06.553817+05:30,NIFTY,2026-10-13,True,41,82,22225.4,1.57,
2026-10-08 14:31:08.262690+05:30,NIFTY,2026-10-19,True,41,82,22223.25,1.71,
2026-10-08 14:31:09.877705+05:30,NIFTY,2026-10-27,True,41,82,22222.15,1.61,
2026-10-08 14:31:11.536332+05:30,BANKNIFTY,2026-10-27,True,41,82,54501.35,1.66,
2026-10-08 14:31:13.169249+05:30,BANKNIFTY,2026-11-23,True,41,82,54511.8,1.63,
2026-10-08 14:31:14.788901+05:30,SENSEX,2026-10-08,True,41,82,71529.74,1.63,
2026-10-08 14:31:16.442662+05:30,SENSEX,2026-10-15,True,41,82,71545.28,1.64,
2026-10-08 14:31:18.065099+05:30,FINNIFTY,2026-10-27,True,41,82,24626.4,1.62,
2026-10-08 14:31:19.688780+05:30,MIDCPNIFTY,2026-10-27,True,41,82,13429.5,1.62,
2026-10-08 14:32:06.609256+05:30,NIFTY,2026-10-13,True,41,82,22236.75,1.63,
2026-10-08 14:32:08.224249+05:30,NIFTY,2026-10-19,True,41,82,22235.1,1.61,
2026-10-08 14:32:09.845094+05:30,NIFTY,2026-10-27,True,41,82,22235.95,1.62,
2026-10-08 14:32:11.492550+05:30,BANKNIFTY,2026-10-27,True,41,82,54526.9,1.64,
2026-10-08 14:32:13.133553+05:30,BANKNIFTY,2026-11-23,True,41,82,54527.25,1.64,
2026-10-08 14:32:14.727074+05:30,SENSEX,2026-10-08,True,41,82,71566.1,1.6,
2026-10-08 14:32:16.353767+05:30,SENSEX,2026-10-15,True,41,82,71569.05,1.62,
2026-10-08 14:32:17.962512+05:30,FINNIFTY,2026-10-27,True,41,82,24635.15,1.61,
2026-10-08 14:32:19.568187+05:30,MIDCPNIFTY,2026-10-27,True,41,82,13433.95,1.6,
2026-10-08 14:33:06.562359+05:30,NIFTY,2026-10-13,True,41,82,22240.05,1.58,
2026-10-08 14:33:08.178281+05:30,NIFTY,2026-10-19,True,41,82,22241.05,1.61,
2026-10-08 14:33:09.839330+05:30,NIFTY,2026-10-27,True,41,82,22238.45,1.66,
2026-10-08 14:33:11.562741+05:30,BANKNIFTY,2026-10-27,True,41,82,54533.9,1.72,
2026-10-08 14:33:13.190097+05:30,BANKNIFTY,2026-11-23,True,41,82,54536.9,1.63,
2026-10-08 14:33:14.812789+05:30,SENSEX,2026-10-08,True,41,82,71581.71,1.63,
2026-10-08 14:33:16.424423+05:30,SENSEX,2026-10-15,True,41,82,71581.49,1.6,
2026-10-08 14:33:18.104096+05:30,FINNIFTY,2026-10-27,True,41,82,24637.5,1.68,
2026-10-08 14:33:19.748954+05:30,MIDCPNIFTY,2026-10-27,True,41,82,13435.6,1.64,
2026-10-08 14:34:07.571016+05:30,NIFTY,2026-10-13,True,41,82,22236.6,2.59,
2026-10-08 14:34:09.218401+05:30,NIFTY,2026-10-19,True,41,82,22239.55,1.65,
2026-10-08 14:34:10.889257+05:30,NIFTY,2026-10-27,True,41,82,22239.25,1.67,
2026-10-08 14:34:12.511242+05:30,BANKNIFTY,2026-10-27,True,41,82,54533.05,1.62,
2026-10-08 14:34:14.144738+05:30,BANKNIFTY,2026-11-23,True,41,82,54527.05,1.63,
2026-10-08 14:34:15.760299+05:30,SENSEX,2026-10-08,True,41,82,71574.19,1.62,
2026-10-08 14:34:17.382462+05:30,SENSEX,2026-10-15,True,41,82,71576.62,1.61,
2026-10-08 14:34:19.018957+05:30,FINNIFTY,2026-10-27,True,41,82,24633.2,1.63,
2026-10-08 14:34:20.643435+05:30,MIDCPNIFTY,2026-10-27,True,41,82,13434.55,1.62,
2026-10-08 14:35:06.600463+05:30,NIFTY,2026-10-13,True,41,82,22238.75,1.62,
2026-10-08 14:35:08.303620+05:30,NIFTY,2026-10-19,True,41,82,22238.6,1.7,
2026-10-08 14:35:09.949298+05:30,NIFTY,2026-10-27,True,41,82,22239.8,1.65,
2026-10-08 14:35:11.580311+05:30,BANKNIFTY,2026-10-27,True,41,82,54522.2,1.63,
2026-10-08 14:35:13.212617+05:30,BANKNIFTY,2026-11-23,True,41,82,54521.8,1.63,
2026-10-08 14:35:14.827553+05:30,SENSEX,2026-10-08,True,41,82,71570.56,1.62,
2026-10-08 14:35:16.452068+05:30,SENSEX,2026-10-15,True,41,82,71568.11,1.62,
2026-10-08 14:35:18.100752+05:30,FINNIFTY,2026-10-27,True,41,82,24628.95,1.65,
2026-10-08 14:35:19.738629+05:30,MIDCPNIFTY,2026-10-27,True,41,82,13435.75,1.64,
2026-10-08 14:36:06.563722+05:30,NIFTY,2026-10-13,True,41,82,22243.7,1.58,
2026-10-08 14:36:08.180407+05:30,NIFTY,2026-10-19,True,41,82,22242.5,1.62,
2026-10-08 14:36:09.789013+05:30,NIFTY,2026-10-27,True,41,82,22243.2,1.61,
2026-10-08 14:36:11.406421+05:30,BANKNIFTY,2026-10-27,True,41,82,54530.25,1.62,
2026-10-08 14:36:13.104900+05:30,BANKNIFTY,2026-11-23,True,41,82,54533.3,1.7,
2026-10-08 14:36:14.714229+05:30,SENSEX,2026-10-08,True,41,82,71573.85,1.62,
2026-10-08 14:36:16.362934+05:30,SENSEX,2026-10-15,True,41,82,71564.79,1.64,
2026-10-08 14:36:17.985433+05:30,FINNIFTY,2026-10-27,True,41,82,24627.2,1.62,
2026-10-08 14:36:19.603735+05:30,MIDCPNIFTY,2026-10-27,True,41,82,13431.5,1.62,
2026-10-08 14:37:06.546560+05:30,NIFTY,2026-10-13,True,41,82,22234.5,1.57,
2026-10-08 14:37:08.150917+05:30,NIFTY,2026-10-19,True,41,82,22236.25,1.6,
2026-10-08 14:37:09.761375+05:30,NIFTY,2026-10-27,True,41,82,22237.05,1.61,
2026-10-08 14:37:11.403286+05:30,BANKNIFTY,2026-10-27,True,41,82,54534.55,1.64,
2026-10-08 14:37:13.029338+05:30,BANKNIFTY,2026-11-23,True,41,82,54534.85,1.62,
2026-10-08 14:37:14.650537+05:30,SENSEX,2026-10-08,True,41,82,71570.89,1.63,
2026-10-08 14:37:16.244416+05:30,SENSEX,2026-10-15,True,41,82,71572.37,1.58,
2026-10-08 14:37:17.889329+05:30,FINNIFTY,2026-10-27,True,41,82,24632.15,1.64,
2026-10-08 14:37:19.501676+05:30,MIDCPNIFTY,2026-10-27,True,41,82,13429.65,1.61,
2026-10-08 14:38:06.612106+05:30,NIFTY,2026-10-13,True,41,82,22240.05,1.63,
2026-10-08 14:38:08.227021+05:30,NIFTY,2026-10-19,True,41,82,22241.15,1.61,
2026-10-08 14:38:09.825129+05:30,NIFTY,2026-10-27,True,41,82,22240.5,1.6,
2026-10-08 14:38:11.452824+05:30,BANKNIFTY,2026-10-27,True,41,82,54543.75,1.63,
2026-10-08 14:38:13.194982+05:30,BANKNIFTY,2026-11-23,True,41,82,54540.4,1.74,
2026-10-08 14:38:14.822757+05:30,SENSEX,2026-10-08,True,41,82,71562.87,1.64,
2026-10-08 14:38:16.423722+05:30,SENSEX,2026-10-15,True,41,82,71558.55,1.59,
2026-10-08 14:38:18.046851+05:30,FINNIFTY,2026-10-27,True,41,82,24632.8,1.62,
2026-10-08 14:38:19.670996+05:30,MIDCPNIFTY,2026-10-27,True,41,82,13431.3,1.62,
2026-10-08 14:39:06.562716+05:30,NIFTY,2026-10-13,True,41,82,22254.15,1.58,
2026-10-08 14:39:08.199724+05:30,NIFTY,2026-10-19,True,41,82,22252.5,1.64,
2026-10-08 14:39:09.810792+05:30,NIFTY,2026-10-27,True,41,82,22252.8,1.61,
2026-10-08 14:39:11.445438+05:30,BANKNIFTY,2026-10-27,True,41,82,54579.15,1.64,
2026-10-08 14:39:13.293093+05:30,BANKNIFTY,2026-11-23,True,41,82,54575.6,1.84,
2026-10-08 14:39:14.907892+05:30,SENSEX,2026-10-08,True,41,82,71593.45,1.62,
2026-10-08 14:39:17.541458+05:30,SENSEX,2026-10-15,True,41,82,71593.81,2.62,
2026-10-08 14:39:19.147770+05:30,FINNIFTY,2026-10-27,True,41,82,24648.7,1.6,
2026-10-08 14:39:20.777311+05:30,MIDCPNIFTY,2026-10-27,True,41,82,13439.6,1.63,
2026-10-08 14:40:06.566265+05:30,NIFTY,2026-10-13,True,41,82,22250.8,1.59,
2026-10-08 14:40:08.190387+05:30,NIFTY,2026-10-19,True,41,82,22250.4,1.62,
2026-10-08 14:40:09.797722+05:30,NIFTY,2026-10-27,True,41,82,22250.6,1.61,
2026-10-08 14:40:11.801840+05:30,BANKNIFTY,2026-10-27,True,41,82,54577.2,2.0,
2026-10-08 14:40:13.438550+05:30,BANKNIFTY,2026-11-23,True,41,82,54577.35,1.64,
2026-10-08 14:40:16.470132+05:30,SENSEX,2026-10-08,True,41,82,71591.35,3.04,
2026-10-08 14:40:18.133040+05:30,SENSEX,2026-10-15,True,41,82,71591.36,1.65,
2026-10-08 14:40:19.776389+05:30,FINNIFTY,2026-10-27,True,41,82,24646.2,1.64,
2026-10-08 14:40:21.434981+05:30,MIDCPNIFTY,2026-10-27,True,41,82,13434.35,1.66,
2026-10-08 14:41:06.575301+05:30,NIFTY,2026-10-13,True,41,82,22248.6,1.59,
2026-10-08 14:41:08.183394+05:30,NIFTY,2026-10-19,True,41,82,22248.85,1.61,
2026-10-08 14:41:09.904201+05:30,NIFTY,2026-10-27,True,41,82,22248.6,1.72,
2026-10-08 14:41:11.529121+05:30,BANKNIFTY,2026-10-27,True,41,82,54574.4,1.62,
2026-10-08 14:41:13.166989+05:30,BANKNIFTY,2026-11-23,True,41,82,54573.6,1.64,
2026-10-08 14:41:14.763536+05:30,SENSEX,2026-10-08,True,41,82,71595.28,1.6,
2026-10-08 14:41:16.409098+05:30,SENSEX,2026-10-15,True,41,82,71594.71,1.64,
2026-10-08 14:41:18.057002+05:30,FINNIFTY,2026-10-27,True,41,82,24645.05,1.65,
2026-10-08 14:41:19.671931+05:30,MIDCPNIFTY,2026-10-27,True,41,82,13435.7,1.61,
2026-10-08 14:42:06.562088+05:30,NIFTY,2026-10-13,True,41,82,22249.1,1.58,
2026-10-08 14:42:08.164232+05:30,NIFTY,2026-10-19,True,41,82,22248.6,1.6,
2026-10-08 14:42:09.769900+05:30,NIFTY,2026-10-27,True,41,82,22248.4,1.6,
2026-10-08 14:42:11.422024+05:30,BANKNIFTY,2026-10-27,True,41,82,54566.35,1.65,
2026-10-08 14:42:13.050747+05:30,BANKNIFTY,2026-11-23,True,41,82,54566.1,1.63,
2026-10-08 14:42:14.659518+05:30,SENSEX,2026-10-08,True,41,82,71591.19,1.62,
2026-10-08 14:42:16.267699+05:30,SENSEX,2026-10-15,True,41,82,71588.95,1.6,
2026-10-08 14:42:17.898249+05:30,FINNIFTY,2026-10-27,True,41,82,24638.55,1.63,
2026-10-08 14:42:19.495641+05:30,MIDCPNIFTY,2026-10-27,True,41,82,13426.85,1.6,
2026-10-08 14:43:06.542319+05:30,NIFTY,2026-10-13,True,41,82,22241.2,1.56,
2026-10-08 14:43:08.147437+05:30,NIFTY,2026-10-19,True,41,82,22240.1,1.6,
2026-10-08 14:43:09.758382+05:30,NIFTY,2026-10-27,True,41,82,22239.5,1.61,
2026-10-08 14:43:11.368899+05:30,BANKNIFTY,2026-10-27,True,41,82,54545.6,1.61,
2026-10-08 14:43:13.017923+05:30,BANKNIFTY,2026-11-23,True,41,82,54545.1,1.65,
2026-10-08 14:43:14.622466+05:30,SENSEX,2026-10-08,True,41,82,71562.0,1.61,
2026-10-08 14:43:16.227421+05:30,SENSEX,2026-10-15,True,41,82,71560.96,1.6,
2026-10-08 14:43:17.823337+05:30,FINNIFTY,2026-10-27,True,41,82,24637.65,1.59,
2026-10-08 14:43:19.439663+05:30,MIDCPNIFTY,2026-10-27,True,41,82,13422.75,1.61,
2026-10-08 14:44:06.585817+05:30,NIFTY,2026-10-13,True,41,82,22240.55,1.61,
2026-10-08 14:44:08.204184+05:30,NIFTY,2026-10-19,True,41,82,22239.85,1.62,
2026-10-08 14:44:09.814931+05:30,NIFTY,2026-10-27,True,41,82,22238.9,1.61,
2026-10-08 14:44:11.434477+05:30,BANKNIFTY,2026-10-27,True,41,82,54538.65,1.62,
2026-10-08 14:44:13.057799+05:30,BANKNIFTY,2026-11-23,True,41,80,54531.4,1.62,
2026-10-08 14:44:14.668030+05:30,SENSEX,2026-10-08,True,41,82,71556.96,1.62,
2026-10-08 14:44:16.270183+05:30,SENSEX,2026-10-15,True,41,82,71552.95,1.59,
2026-10-08 14:44:17.884860+05:30,FINNIFTY,2026-10-27,True,41,82,24634.5,1.61,
2026-10-08 14:44:19.506804+05:30,MIDCPNIFTY,2026-10-27,True,41,82,13414.95,1.62,
2026-10-08 14:45:06.668214+05:30,NIFTY,2026-10-13,True,41,82,22230.8,1.69,
2026-10-08 14:45:08.312420+05:30,NIFTY,2026-10-19,True,41,82,22230.45,1.64,
2026-10-08 14:45:09.940534+05:30,NIFTY,2026-10-27,True,41,82,22230.3,1.63,
2026-10-08 14:45:11.551241+05:30,BANKNIFTY,2026-10-27,True,41,82,54521.6,1.61,
2026-10-08 14:45:13.194197+05:30,BANKNIFTY,2026-11-23,True,41,82,54520.35,1.64,
2026-10-08 14:45:14.806437+05:30,SENSEX,2026-10-08,True,41,82,71540.86,1.62,
2026-10-08 14:45:16.449703+05:30,SENSEX,2026-10-15,True,41,82,71533.56,1.64,
2026-10-08 14:45:18.073210+05:30,FINNIFTY,2026-10-27,True,41,82,24628.6,1.62,
2026-10-08 14:45:20.155201+05:30,MIDCPNIFTY,2026-10-27,True,41,82,13412.85,2.08,
2026-10-08 14:46:06.583123+05:30,NIFTY,2026-10-13,True,41,82,22223.9,1.6,
2026-10-08 14:46:08.226048+05:30,NIFTY,2026-10-19,True,41,82,22224.55,1.65,
2026-10-08 14:46:09.846823+05:30,NIFTY,2026-10-27,True,41,82,22223.1,1.62,
2026-10-08 14:46:11.480781+05:30,BANKNIFTY,2026-10-27,True,41,82,54506.65,1.63,
2026-10-08 14:46:13.122250+05:30,BANKNIFTY,2026-11-23,True,41,82,54510.55,1.65,
2026-10-08 14:46:14.730561+05:30,SENSEX,2026-10-08,True,41,82,71522.57,1.61,
2026-10-08 14:46:16.360839+05:30,SENSEX,2026-10-15,True,41,82,71522.52,1.62,
2026-10-08 14:46:18.045715+05:30,FINNIFTY,2026-10-27,True,41,82,24628.65,1.68,
2026-10-08 14:46:19.664539+05:30,MIDCPNIFTY,2026-10-27,True,41,82,13406.9,1.62,
2026-10-08 14:47:06.556804+05:30,NIFTY,2026-10-13,True,41,82,22224.55,1.58,
2026-10-08 14:47:08.171827+05:30,NIFTY,2026-10-19,True,41,82,22225.3,1.61,
2026-10-08 14:47:09.791330+05:30,NIFTY,2026-10-27,True,41,82,22225.35,1.62,
2026-10-08 14:47:11.415769+05:30,BANKNIFTY,2026-10-27,True,41,82,54516.3,1.62,
2026-10-08 14:47:13.032183+05:30,BANKNIFTY,2026-11-23,True,41,82,54514.2,1.61,
2026-10-08 14:47:14.645247+05:30,SENSEX,2026-10-08,True,41,82,71515.48,1.62,
2026-10-08 14:47:16.267803+05:30,SENSEX,2026-10-15,True,41,82,71519.39,1.61,
2026-10-08 14:47:17.931982+05:30,FINNIFTY,2026-10-27,True,41,82,24629.7,1.66,
2026-10-08 14:47:19.591171+05:30,MIDCPNIFTY,2026-10-27,True,41,82,13408.05,1.66,
2026-10-08 14:48:06.630003+05:30,NIFTY,2026-10-13,True,41,82,22228.1,1.65,
2026-10-08 14:48:08.250951+05:30,NIFTY,2026-10-19,True,41,82,22228.35,1.62,
2026-10-08 14:48:09.894543+05:30,NIFTY,2026-10-27,True,41,82,22226.85,1.64,
2026-10-08 14:48:11.503584+05:30,BANKNIFTY,2026-10-27,True,41,82,54514.85,1.61,
2026-10-08 14:48:13.130400+05:30,BANKNIFTY,2026-11-23,True,41,82,54517.35,1.63,
2026-10-08 14:48:14.739098+05:30,SENSEX,2026-10-08,True,41,82,71525.22,1.62,
2026-10-08 14:48:16.333195+05:30,SENSEX,2026-10-15,True,41,82,71525.44,1.59,
2026-10-08 14:48:17.945377+05:30,FINNIFTY,2026-10-27,True,41,82,24629.95,1.61,
2026-10-08 14:48:19.580493+05:30,MIDCPNIFTY,2026-10-27,True,41,82,13405.95,1.63,
2026-10-08 14:49:06.572109+05:30,NIFTY,2026-10-13,True,41,82,22216.3,1.59,
2026-10-08 14:49:08.210690+05:30,NIFTY,2026-10-19,True,41,82,22214.6,1.64,
2026-10-08 14:49:10.415248+05:30,NIFTY,2026-10-27,True,41,82,22215.25,2.2,
2026-10-08 14:49:12.033223+05:30,BANKNIFTY,2026-10-27,True,41,82,54496.25,1.62,
2026-10-08 14:49:13.649174+05:30,BANKNIFTY,2026-11-23,True,41,82,54493.8,1.61,
2026-10-08 14:49:15.286764+05:30,SENSEX,2026-10-08,True,41,82,71493.9,1.65,
2026-10-08 14:49:16.912485+05:30,SENSEX,2026-10-15,True,41,82,71496.01,1.62,
2026-10-08 14:49:18.547421+05:30,FINNIFTY,2026-10-27,True,41,82,24615.95,1.63,
2026-10-08 14:49:21.205380+05:30,MIDCPNIFTY,2026-10-27,True,41,82,13394.9,2.66,
2026-10-08 14:50:06.553975+05:30,NIFTY,2026-10-13,True,41,82,22214.45,1.57,
2026-10-08 14:50:08.157362+05:30,NIFTY,2026-10-19,True,41,82,22215.1,1.6,
2026-10-08 14:50:09.766282+05:30,NIFTY,2026-10-27,True,41,82,22217.0,1.61,
2026-10-08 14:50:11.414285+05:30,BANKNIFTY,2026-10-27,True,41,82,54504.2,1.65,
2026-10-08 14:50:13.035091+05:30,BANKNIFTY,2026-11-23,True,41,82,54507.95,1.62,
2026-10-08 14:50:14.628854+05:30,SENSEX,2026-10-08,True,41,82,71492.95,1.6,
2026-10-08 14:50:16.227200+05:30,SENSEX,2026-10-15,True,41,82,71496.74,1.59,
2026-10-08 14:50:17.896916+05:30,FINNIFTY,2026-10-27,True,41,82,24625.8,1.67,
2026-10-08 14:50:19.494163+05:30,MIDCPNIFTY,2026-10-27,True,41,82,13400.2,1.6,
2026-10-08 14:51:06.564314+05:30,NIFTY,2026-10-13,True,41,82,22223.75,1.58,
2026-10-08 14:51:08.177997+05:30,NIFTY,2026-10-19,True,41,82,22224.2,1.61,
2026-10-08 14:51:09.788620+05:30,NIFTY,2026-10-27,True,41,82,22224.4,1.61,
2026-10-08 14:51:11.416084+05:30,BANKNIFTY,2026-10-27,True,41,82,54519.25,1.62,
2026-10-08 14:51:13.042569+05:30,BANKNIFTY,2026-11-23,True,41,82,54520.05,1.62,
2026-10-08 14:51:14.818168+05:30,SENSEX,2026-10-08,True,41,82,71516.01,1.78,
2026-10-08 14:51:16.487967+05:30,SENSEX,2026-10-15,True,41,82,71519.76,1.66,
2026-10-08 14:51:18.130293+05:30,FINNIFTY,2026-10-27,True,41,82,24637.45,1.64,
2026-10-08 14:51:19.768092+05:30,MIDCPNIFTY,2026-10-27,True,41,82,13409.4,1.64,
2026-10-08 14:52:06.603104+05:30,NIFTY,2026-10-13,True,41,82,22234.05,1.62,
2026-10-08 14:52:08.250241+05:30,NIFTY,2026-10-19,True,41,82,22234.7,1.65,
2026-10-08 14:52:09.880154+05:30,NIFTY,2026-10-27,True,41,82,22234.3,1.63,
2026-10-08 14:52:11.528354+05:30,BANKNIFTY,2026-10-27,True,41,82,54540.0,1.65,
2026-10-08 14:52:13.195085+05:30,BANKNIFTY,2026-11-23,True,41,82,54538.8,1.67,
2026-10-08 14:52:14.819353+05:30,SENSEX,2026-10-08,True,41,82,71544.44,1.63,
2026-10-08 14:52:16.502998+05:30,SENSEX,2026-10-15,True,41,82,71543.34,1.67,
2026-10-08 14:52:18.183774+05:30,FINNIFTY,2026-10-27,True,41,82,24641.0,1.68,
2026-10-08 14:52:19.833086+05:30,MIDCPNIFTY,2026-10-27,True,41,82,13413.2,1.65,
2026-10-08 14:53:06.557347+05:30,NIFTY,2026-10-13,True,41,82,22225.7,1.58,
2026-10-08 14:53:08.150357+05:30,NIFTY,2026-10-19,True,41,82,22226.7,1.59,
2026-10-08 14:53:09.765540+05:30,NIFTY,2026-10-27,True,41,82,22227.3,1.62,
2026-10-08 14:53:11.399613+05:30,BANKNIFTY,2026-10-27,True,41,82,54517.05,1.62,
2026-10-08 14:53:13.065093+05:30,BANKNIFTY,2026-11-23,True,41,82,54522.75,1.66,
2026-10-08 14:53:14.709180+05:30,SENSEX,2026-10-08,True,41,82,71528.6,1.65,
2026-10-08 14:53:16.317254+05:30,SENSEX,2026-10-15,True,41,82,71528.29,1.6,
2026-10-08 14:53:17.987955+05:30,FINNIFTY,2026-10-27,True,41,82,24636.05,1.67,
2026-10-08 14:53:19.584265+05:30,MIDCPNIFTY,2026-10-27,True,41,82,13409.6,1.59,
2026-10-08 14:54:06.754293+05:30,NIFTY,2026-10-13,True,41,82,22226.15,1.77,
2026-10-08 14:54:08.348467+05:30,NIFTY,2026-10-19,True,41,82,22226.4,1.59,
2026-10-08 14:54:09.971737+05:30,NIFTY,2026-10-27,True,41,82,22226.4,1.62,
2026-10-08 14:54:11.584878+05:30,BANKNIFTY,2026-10-27,True,41,82,54515.15,1.61,
2026-10-08 14:54:13.231481+05:30,BANKNIFTY,2026-11-23,True,41,82,54513.5,1.64,
2026-10-08 14:54:14.838901+05:30,SENSEX,2026-10-08,True,41,82,71526.26,1.62,
2026-10-08 14:54:16.445348+05:30,SENSEX,2026-10-15,True,41,82,71525.49,1.6,
2026-10-08 14:54:18.071783+05:30,FINNIFTY,2026-10-27,True,41,82,24636.15,1.62,
2026-10-08 14:54:19.677711+05:30,MIDCPNIFTY,2026-10-27,True,41,82,13406.8,1.6,
2026-10-08 14:55:06.579200+05:30,NIFTY,2026-10-13,True,41,82,22221.75,1.6,
2026-10-08 14:55:08.190648+05:30,NIFTY,2026-10-19,True,41,82,22220.35,1.61,
2026-10-08 14:55:09.810538+05:30,NIFTY,2026-10-27,True,41,82,22220.85,1.62,
2026-10-08 14:55:11.447300+05:30,BANKNIFTY,2026-10-27,True,41,82,54500.7,1.63,
2026-10-08 14:55:13.125261+05:30,BANKNIFTY,2026-11-23,True,41,82,54499.05,1.68,
2026-10-08 14:55:14.724532+05:30,SENSEX,2026-10-08,True,41,82,71497.58,1.61,
2026-10-08 14:55:16.348644+05:30,SENSEX,2026-10-15,True,41,82,71497.98,1.62,
2026-10-08 14:55:17.961791+05:30,FINNIFTY,2026-10-27,True,41,81,24625.5,1.61,
2026-10-08 14:55:19.566971+05:30,MIDCPNIFTY,2026-10-27,True,41,82,13401.25,1.6,
2026-10-08 14:56:06.529052+05:30,NIFTY,2026-10-13,True,41,82,22210.8,1.55,
2026-10-08 14:56:08.125030+05:30,NIFTY,2026-10-19,True,41,82,22210.7,1.6,
2026-10-08 14:56:09.717360+05:30,NIFTY,2026-10-27,True,41,82,22210.25,1.59,
2026-10-08 14:56:11.385678+05:30,BANKNIFTY,2026-10-27,True,41,82,54472.7,1.66,
2026-10-08 14:56:13.007139+05:30,BANKNIFTY,2026-11-23,True,41,82,54468.7,1.62,
2026-10-08 14:56:14.599930+05:30,SENSEX,2026-10-08,True,41,82,71459.85,1.6,
2026-10-08 14:56:16.212292+05:30,SENSEX,2026-10-15,True,41,82,71461.1,1.6,
2026-10-08 14:56:17.817787+05:30,FINNIFTY,2026-10-27,True,41,82,24616.55,1.6,
2026-10-08 14:56:20.445272+05:30,MIDCPNIFTY,2026-10-27,True,41,82,13395.65,2.63,
2026-10-08 14:57:06.542070+05:30,NIFTY,2026-10-13,True,41,82,22214.25,1.56,
2026-10-08 14:57:08.133849+05:30,NIFTY,2026-10-19,True,41,82,22216.0,1.59,
2026-10-08 14:57:09.747203+05:30,NIFTY,2026-10-27,True,41,82,22216.75,1.61,
2026-10-08 14:57:11.389221+05:30,BANKNIFTY,2026-10-27,True,41,82,54498.85,1.64,
2026-10-08 14:57:13.033940+05:30,BANKNIFTY,2026-11-23,True,41,82,54494.7,1.64,
2026-10-08 14:57:14.626613+05:30,SENSEX,2026-10-08,True,41,82,71498.27,1.6,
2026-10-08 14:57:16.241715+05:30,SENSEX,2026-10-15,True,41,82,71492.19,1.61,
2026-10-08 14:57:17.843645+05:30,FINNIFTY,2026-10-27,True,41,82,24621.55,1.6,
2026-10-08 14:57:19.430757+05:30,MIDCPNIFTY,2026-10-27,True,41,82,13399.05,1.58,
2026-10-08 14:58:06.583365+05:30,NIFTY,2026-10-13,True,41,82,22205.5,1.6,
2026-10-08 14:58:08.219001+05:30,NIFTY,2026-10-19,True,41,82,22205.15,1.64,
2026-10-08 14:58:09.828101+05:30,NIFTY,2026-10-27,True,41,82,22206.25,1.61,
2026-10-08 14:58:11.798731+05:30,BANKNIFTY,2026-10-27,True,41,82,54478.75,1.97,
2026-10-08 14:58:13.422247+05:30,BANKNIFTY,2026-11-23,True,41,82,54479.15,1.62,
2026-10-08 14:58:15.033673+05:30,SENSEX,2026-10-08,True,41,82,71469.47,1.62,
2026-10-08 14:58:16.655674+05:30,SENSEX,2026-10-15,True,41,82,71471.92,1.61,
2026-10-08 14:58:18.277715+05:30,FINNIFTY,2026-10-27,True,41,82,24620.15,1.62,
2026-10-08 14:58:19.919054+05:30,MIDCPNIFTY,2026-10-27,True,41,82,13391.6,1.64,
2026-10-08 14:59:06.548664+05:30,NIFTY,2026-10-13,True,41,82,22202.1,1.57,
2026-10-08 14:59:08.145132+05:30,NIFTY,2026-10-19,True,41,82,22205.25,1.6,
2026-10-08 14:59:09.750448+05:30,NIFTY,2026-10-27,True,41,82,22207.2,1.6,
2026-10-08 14:59:11.392408+05:30,BANKNIFTY,2026-10-27,True,41,82,54472.25,1.64,
2026-10-08 14:59:13.033911+05:30,BANKNIFTY,2026-11-23,True,41,82,54473.9,1.64,
2026-10-08 14:59:14.639982+05:30,SENSEX,2026-10-08,True,41,82,71459.35,1.61,
2026-10-08 14:59:16.243324+05:30,SENSEX,2026-10-15,True,41,82,71456.16,1.59,
2026-10-08 14:59:17.842649+05:30,FINNIFTY,2026-10-27,True,41,82,24615.65,1.6,
2026-10-08 14:59:19.499121+05:30,MIDCPNIFTY,2026-10-27,True,41,82,13393.4,1.65,
2026-10-08 15:00:06.553016+05:30,NIFTY,2026-10-13,True,41,82,22204.95,1.57,
2026-10-08 15:00:08.149581+05:30,NIFTY,2026-10-19,True,41,82,22205.6,1.6,
2026-10-08 15:00:09.768035+05:30,NIFTY,2026-10-27,True,41,82,22208.15,1.62,
2026-10-08 15:00:11.407509+05:30,BANKNIFTY,2026-10-27,True,41,82,54495.25,1.64,
2026-10-08 15:00:13.037461+05:30,BANKNIFTY,2026-11-23,True,41,82,54495.45,1.63,
2026-10-08 15:00:14.653470+05:30,SENSEX,2026-10-08,True,41,82,71492.8,1.62,
2026-10-08 15:00:16.315814+05:30,SENSEX,2026-10-15,True,41,82,71492.95,1.65,
2026-10-08 15:00:17.937114+05:30,FINNIFTY,2026-10-27,True,41,82,24632.9,1.62,
2026-10-08 15:00:19.542704+05:30,MIDCPNIFTY,2026-10-27,True,41,82,13393.7,1.6,
2026-10-08 15:01:06.558725+05:30,NIFTY,2026-10-13,True,41,82,22211.9,1.58,
2026-10-08 15:01:08.155350+05:30,NIFTY,2026-10-19,True,41,82,22208.55,1.6,
2026-10-08 15:01:09.741349+05:30,NIFTY,2026-10-27,True,41,82,22210.9,1.58,
2026-10-08 15:01:11.450251+05:30,BANKNIFTY,2026-10-27,True,41,82,54490.05,1.71,
2026-10-08 15:01:13.095178+05:30,BANKNIFTY,2026-11-23,True,41,82,54489.55,1.64,
2026-10-08 15:01:14.698198+05:30,SENSEX,2026-10-08,True,41,82,71450.37,1.61,
2026-10-08 15:01:16.305037+05:30,SENSEX,2026-10-15,True,41,82,71452.99,1.6,
2026-10-08 15:01:17.903895+05:30,FINNIFTY,2026-10-27,True,41,82,24630.1,1.6,
2026-10-08 15:01:19.517374+05:30,MIDCPNIFTY,2026-10-27,True,41,82,13395.5,1.61,
2026-10-08 15:02:06.549866+05:30,NIFTY,2026-10-13,True,41,82,22206.7,1.57,
2026-10-08 15:02:08.180967+05:30,NIFTY,2026-10-19,True,41,82,22206.05,1.63,
2026-10-08 15:02:09.776969+05:30,NIFTY,2026-10-27,True,41,82,22206.3,1.6,
2026-10-08 15:02:12.422634+05:30,BANKNIFTY,2026-10-27,True,41,82,54480.75,2.64,
2026-10-08 15:02:14.091211+05:30,BANKNIFTY,2026-11-23,True,41,82,54482.4,1.67,
2026-10-08 15:02:15.681785+05:30,SENSEX,2026-10-08,True,41,82,71455.03,1.6,
2026-10-08 15:02:17.288048+05:30,SENSEX,2026-10-15,True,41,82,71449.05,1.6,
2026-10-08 15:02:19.931724+05:30,FINNIFTY,2026-10-27,True,41,82,24627.05,2.64,
2026-10-08 15:02:21.563590+05:30,MIDCPNIFTY,2026-10-27,True,41,82,13393.7,1.63,
2026-10-08 15:03:06.552359+05:30,NIFTY,2026-10-13,True,41,82,22208.55,1.57,
2026-10-08 15:03:08.192341+05:30,NIFTY,2026-10-19,True,41,82,22207.2,1.64,
2026-10-08 15:03:09.786853+05:30,NIFTY,2026-10-27,True,41,82,22207.15,1.59,
2026-10-08 15:03:11.419931+05:30,BANKNIFTY,2026-10-27,True,41,82,54492.05,1.63,
2026-10-08 15:03:13.029964+05:30,BANKNIFTY,2026-11-23,True,41,82,54490.45,1.61,
2026-10-08 15:03:14.629059+05:30,SENSEX,2026-10-08,True,41,82,71435.41,1.6,
2026-10-08 15:03:16.241097+05:30,SENSEX,2026-10-15,True,41,82,71438.01,1.61,
2026-10-08 15:03:17.834188+05:30,FINNIFTY,2026-10-27,True,41,82,24625.7,1.59,
2026-10-08 15:03:19.878828+05:30,MIDCPNIFTY,2026-10-27,True,41,82,13390.05,2.04,
2026-10-08 15:04:06.578479+05:30,NIFTY,2026-10-13,True,41,82,22202.65,1.6,
2026-10-08 15:04:08.187797+05:30,NIFTY,2026-10-19,True,41,82,22201.6,1.61,
2026-10-08 15:04:09.845775+05:30,NIFTY,2026-10-27,True,41,82,22201.0,1.66,
2026-10-08 15:04:11.472010+05:30,BANKNIFTY,2026-10-27,True,41,82,54472.05,1.62,
2026-10-08 15:04:13.094621+05:30,BANKNIFTY,2026-11-23,True,41,82,54465.3,1.62,
2026-10-08 15:04:14.703395+05:30,SENSEX,2026-10-08,True,41,82,71441.32,1.62,
2026-10-08 15:04:16.303556+05:30,SENSEX,2026-10-15,True,41,82,71429.01,1.59,
2026-10-08 15:04:17.913432+05:30,FINNIFTY,2026-10-27,True,41,82,24618.45,1.61,
2026-10-08 15:04:19.521013+05:30,MIDCPNIFTY,2026-10-27,True,41,82,13386.8,1.61,
2026-10-08 15:05:06.564383+05:30,NIFTY,2026-10-13,True,41,82,22192.95,1.58,
2026-10-08 15:05:08.170692+05:30,NIFTY,2026-10-19,True,41,82,22193.95,1.61,
2026-10-08 15:05:10.794156+05:30,NIFTY,2026-10-27,True,41,82,22193.25,2.62,
2026-10-08 15:05:12.415113+05:30,BANKNIFTY,2026-10-27,True,41,82,54452.6,1.62,
2026-10-08 15:05:14.029751+05:30,BANKNIFTY,2026-11-23,True,41,82,54450.6,1.61,
2026-10-08 15:05:15.661981+05:30,SENSEX,2026-10-08,True,41,82,71397.45,1.64,
2026-10-08 15:05:17.252176+05:30,SENSEX,2026-10-15,True,41,82,71402.26,1.58,
2026-10-08 15:05:18.856319+05:30,FINNIFTY,2026-10-27,True,41,82,24608.2,1.6,
2026-10-08 15:05:20.478946+05:30,MIDCPNIFTY,2026-10-27,True,41,82,13381.75,1.62,
2026-10-08 15:06:06.553270+05:30,NIFTY,2026-10-13,True,41,82,22185.85,1.57,
2026-10-08 15:06:08.168892+05:30,NIFTY,2026-10-19,True,41,82,22187.4,1.62,
2026-10-08 15:06:09.766837+05:30,NIFTY,2026-10-27,True,41,82,22186.65,1.59,
2026-10-08 15:06:11.401484+05:30,BANKNIFTY,2026-10-27,True,41,82,54436.05,1.63,
2026-10-08 15:06:13.009243+05:30,BANKNIFTY,2026-11-23,True,41,82,54431.8,1.61,
2026-10-08 15:06:14.614734+05:30,SENSEX,2026-10-08,True,41,82,71368.11,1.61,
2026-10-08 15:06:16.231193+05:30,SENSEX,2026-10-15,True,41,82,71354.01,1.61,
2026-10-08 15:06:17.865881+05:30,FINNIFTY,2026-10-27,True,41,82,24600.75,1.63,
2026-10-08 15:06:19.479787+05:30,MIDCPNIFTY,2026-10-27,True,41,82,13376.9,1.61,
2026-10-08 15:07:06.566866+05:30,NIFTY,2026-10-13,True,41,82,22193.45,1.59,
2026-10-08 15:07:08.162204+05:30,NIFTY,2026-10-19,True,41,82,22193.7,1.59,
2026-10-08 15:07:09.758341+05:30,NIFTY,2026-10-27,True,41,82,22192.15,1.6,
2026-10-08 15:07:11.438353+05:30,BANKNIFTY,2026-10-27,True,41,82,54427.7,1.68,
2026-10-08 15:07:13.074728+05:30,BANKNIFTY,2026-11-23,True,41,82,54426.95,1.63,
2026-10-08 15:07:14.678629+05:30,SENSEX,2026-10-08,True,41,82,71405.4,1.61,
2026-10-08 15:07:16.278497+05:30,SENSEX,2026-10-15,True,41,82,71389.11,1.59,
2026-10-08 15:07:17.879163+05:30,FINNIFTY,2026-10-27,True,41,82,24604.55,1.6,
2026-10-08 15:07:19.482359+05:30,MIDCPNIFTY,2026-10-27,True,41,82,13386.7,1.6,
2026-10-08 15:08:06.561253+05:30,NIFTY,2026-10-13,True,41,82,22190.65,1.58,
2026-10-08 15:08:08.155862+05:30,NIFTY,2026-10-19,True,41,82,22191.0,1.59,
2026-10-08 15:08:09.761068+05:30,NIFTY,2026-10-27,True,41,82,22192.4,1.6,
2026-10-08 15:08:11.420179+05:30,BANKNIFTY,2026-10-27,True,41,82,54456.2,1.66,
2026-10-08 15:08:13.073793+05:30,BANKNIFTY,2026-11-23,True,41,82,54464.7,1.65,
2026-10-08 15:08:14.683777+05:30,SENSEX,2026-10-08,True,41,82,71404.83,1.61,
2026-10-08 15:08:16.281111+05:30,SENSEX,2026-10-15,True,41,82,71407.13,1.59,
2026-10-08 15:08:17.886624+05:30,FINNIFTY,2026-10-27,True,41,82,24606.0,1.6,
2026-10-08 15:08:19.493717+05:30,MIDCPNIFTY,2026-10-27,True,41,82,13391.55,1.61,
2026-10-08 15:09:06.562156+05:30,NIFTY,2026-10-13,True,41,82,22187.15,1.58,
2026-10-08 15:09:08.172793+05:30,NIFTY,2026-10-19,True,41,82,22182.7,1.61,
2026-10-08 15:09:09.768123+05:30,NIFTY,2026-10-27,True,41,82,22186.1,1.6,
2026-10-08 15:09:11.418063+05:30,BANKNIFTY,2026-10-27,True,41,82,54443.85,1.65,
2026-10-08 15:09:14.096988+05:30,BANKNIFTY,2026-11-23,True,41,82,54437.45,2.68,
2026-10-08 15:09:15.738927+05:30,SENSEX,2026-10-08,True,41,82,71362.15,1.65,
2026-10-08 15:09:17.353345+05:30,SENSEX,2026-10-15,True,41,82,71368.31,1.61,
2026-10-08 15:09:18.959467+05:30,FINNIFTY,2026-10-27,True,41,82,24599.0,1.6,
2026-10-08 15:09:21.147550+05:30,MIDCPNIFTY,2026-10-27,True,41,82,13388.3,2.19,
2026-10-08 15:10:06.581565+05:30,NIFTY,2026-10-13,True,41,82,22188.65,1.6,
2026-10-08 15:10:08.168777+05:30,NIFTY,2026-10-19,True,41,82,22187.9,1.59,
2026-10-08 15:10:09.782755+05:30,NIFTY,2026-10-27,True,41,82,22188.25,1.61,
2026-10-08 15:10:12.446169+05:30,BANKNIFTY,2026-10-27,True,41,82,54436.9,2.66,
2026-10-08 15:10:14.078232+05:30,BANKNIFTY,2026-11-23,True,41,82,54434.8,1.63,
2026-10-08 15:10:15.671417+05:30,SENSEX,2026-10-08,True,41,82,71369.32,1.6,
2026-10-08 15:10:17.280106+05:30,SENSEX,2026-10-15,True,41,82,71369.06,1.6,
2026-10-08 15:10:18.901554+05:30,FINNIFTY,2026-10-27,True,41,82,24603.35,1.62,
2026-10-08 15:10:20.528454+05:30,MIDCPNIFTY,2026-10-27,True,41,82,13388.4,1.63,
2026-10-08 15:11:06.558097+05:30,NIFTY,2026-10-13,True,41,82,22196.7,1.58,
2026-10-08 15:11:08.179744+05:30,NIFTY,2026-10-19,True,41,82,22196.3,1.62,
2026-10-08 15:11:09.796451+05:30,NIFTY,2026-10-27,True,41,82,22198.1,1.62,
2026-10-08 15:11:11.417934+05:30,BANKNIFTY,2026-10-27,True,41,82,54446.6,1.62,
2026-10-08 15:11:13.585446+05:30,BANKNIFTY,2026-11-23,True,41,82,54447.05,2.17,
2026-10-08 15:11:15.223324+05:30,SENSEX,2026-10-08,True,41,82,71391.38,1.64,
2026-10-08 15:11:16.858185+05:30,SENSEX,2026-10-15,True,41,82,71391.46,1.63,
2026-10-08 15:11:18.526643+05:30,FINNIFTY,2026-10-27,True,41,82,24601.3,1.67,
2026-10-08 15:11:20.152800+05:30,MIDCPNIFTY,2026-10-27,True,41,82,13391.15,1.62,
2026-10-08 15:12:07.111906+05:30,NIFTY,2026-10-13,True,41,82,22194.4,2.13,
2026-10-08 15:12:08.749908+05:30,NIFTY,2026-10-19,True,41,82,22194.95,1.64,
2026-10-08 15:12:10.384898+05:30,NIFTY,2026-10-27,True,41,82,22192.0,1.64,
2026-10-08 15:12:12.024305+05:30,BANKNIFTY,2026-10-27,True,41,82,54435.85,1.63,
2026-10-08 15:12:13.665976+05:30,BANKNIFTY,2026-11-23,True,41,82,54435.8,1.64,
2026-10-08 15:12:15.278372+05:30,SENSEX,2026-10-08,True,41,82,71379.1,1.62,
2026-10-08 15:12:16.904352+05:30,SENSEX,2026-10-15,True,41,82,71384.98,1.62,
2026-10-08 15:12:18.536051+05:30,FINNIFTY,2026-10-27,True,41,82,24599.85,1.63,
2026-10-08 15:12:20.192449+05:30,MIDCPNIFTY,2026-10-27,True,41,82,13389.25,1.66,
2026-10-08 15:13:07.569162+05:30,NIFTY,2026-10-13,True,41,82,22202.2,2.59,
2026-10-08 15:13:09.189051+05:30,NIFTY,2026-10-19,True,41,82,22204.9,1.62,
2026-10-08 15:13:10.801161+05:30,NIFTY,2026-10-27,True,41,82,22205.3,1.61,
2026-10-08 15:13:12.462971+05:30,BANKNIFTY,2026-10-27,True,41,82,54454.6,1.66,
2026-10-08 15:13:14.103053+05:30,BANKNIFTY,2026-11-23,True,41,82,54454.45,1.64,
2026-10-08 15:13:15.724206+05:30,SENSEX,2026-10-08,True,41,82,71436.97,1.63,
2026-10-08 15:13:17.363545+05:30,SENSEX,2026-10-15,True,41,82,71444.4,1.63,
2026-10-08 15:13:18.989571+05:30,FINNIFTY,2026-10-27,True,41,82,24606.9,1.62,
2026-10-08 15:13:20.639662+05:30,MIDCPNIFTY,2026-10-27,True,41,82,13392.8,1.65,
2026-10-08 15:14:06.583700+05:30,NIFTY,2026-10-13,True,41,82,22206.9,1.6,
2026-10-08 15:14:08.244826+05:30,NIFTY,2026-10-19,True,41,82,22204.05,1.66,
2026-10-08 15:14:09.859951+05:30,NIFTY,2026-10-27,True,41,82,22204.4,1.63,
2026-10-08 15:14:11.484484+05:30,BANKNIFTY,2026-10-27,True,41,82,54445.3,1.61,
2026-10-08 15:14:13.114039+05:30,BANKNIFTY,2026-11-23,True,41,82,54440.0,1.63,
2026-10-08 15:14:15.019753+05:30,SENSEX,2026-10-08,True,41,82,71453.18,1.92,
2026-10-08 15:14:16.646950+05:30,SENSEX,2026-10-15,True,41,82,71445.81,1.61,
2026-10-08 15:14:18.284271+05:30,FINNIFTY,2026-10-27,True,41,82,24610.0,1.64,
2026-10-08 15:14:19.964644+05:30,MIDCPNIFTY,2026-10-27,True,41,82,13388.8,1.68,
2026-10-08 15:15:06.579168+05:30,NIFTY,2026-10-13,True,41,82,22216.0,1.6,
2026-10-08 15:15:08.214038+05:30,NIFTY,2026-10-19,True,41,82,22216.0,1.63,
2026-10-08 15:15:09.830338+05:30,NIFTY,2026-10-27,True,41,82,22216.0,1.62,
2026-10-08 15:15:11.465640+05:30,BANKNIFTY,2026-10-27,True,41,82,54482.3,1.63,
2026-10-08 15:15:13.114380+05:30,BANKNIFTY,2026-11-23,True,41,82,54482.3,1.65,
2026-10-08 15:15:14.836751+05:30,SENSEX,2026-10-08,True,41,82,71461.62,1.73,
2026-10-08 15:15:16.460787+05:30,SENSEX,2026-10-15,True,41,82,71461.62,1.62,
2026-10-08 15:15:18.142985+05:30,FINNIFTY,2026-10-27,True,41,82,24613.5,1.68,
2026-10-08 15:15:19.794836+05:30,MIDCPNIFTY,2026-10-27,True,41,82,13392.7,1.65,
2026-10-08 15:16:06.591392+05:30,NIFTY,2026-10-13,True,41,82,22216.0,1.61,
2026-10-08 15:16:08.223520+05:30,NIFTY,2026-10-19,True,41,82,22216.0,1.63,
2026-10-08 15:16:09.868471+05:30,NIFTY,2026-10-27,True,41,82,22216.0,1.64,
2026-10-08 15:16:11.525359+05:30,BANKNIFTY,2026-10-27,True,41,82,54482.3,1.65,
2026-10-08 15:16:13.178967+05:30,BANKNIFTY,2026-11-23,True,41,82,54482.3,1.65,
2026-10-08 15:16:14.789682+05:30,SENSEX,2026-10-08,True,41,82,71461.62,1.62,
2026-10-08 15:16:16.765529+05:30,SENSEX,2026-10-15,True,41,82,71461.62,1.97,
2026-10-08 15:16:18.385708+05:30,FINNIFTY,2026-10-27,True,41,82,24613.5,1.62,
2026-10-08 15:16:20.021150+05:30,MIDCPNIFTY,2026-10-27,True,41,82,13392.7,1.63,
2026-10-08 15:17:06.934766+05:30,NIFTY,2026-10-13,True,41,82,22216.0,1.95,
2026-10-08 15:17:08.563093+05:30,NIFTY,2026-10-19,True,41,82,22216.0,1.63,
2026-10-08 15:17:10.199128+05:30,NIFTY,2026-10-27,True,41,82,22216.0,1.64,
2026-10-08 15:17:11.838810+05:30,BANKNIFTY,2026-10-27,True,41,82,54482.3,1.64,
2026-10-08 15:17:13.489070+05:30,BANKNIFTY,2026-11-23,True,41,82,54482.3,1.65,
2026-10-08 15:17:15.125319+05:30,SENSEX,2026-10-08,True,41,82,71461.62,1.64,
2026-10-08 15:17:16.744275+05:30,SENSEX,2026-10-15,True,41,82,71461.62,1.61,
2026-10-08 15:17:18.386492+05:30,FINNIFTY,2026-10-27,True,41,82,24613.5,1.64,
2026-10-08 15:17:20.017568+05:30,MIDCPNIFTY,2026-10-27,True,41,82,13392.7,1.63,
2026-10-08 15:18:06.599270+05:30,NIFTY,2026-10-13,True,41,82,22216.0,1.62,
2026-10-08 15:18:08.228488+05:30,NIFTY,2026-10-19,True,41,82,22216.0,1.63,
2026-10-08 15:18:09.852636+05:30,NIFTY,2026-10-27,True,41,82,22216.0,1.62,
2026-10-08 15:18:11.471390+05:30,BANKNIFTY,2026-10-27,True,41,82,54482.3,1.62,
2026-10-08 15:18:13.147777+05:30,BANKNIFTY,2026-11-23,True,41,82,54482.3,1.67,
2026-10-08 15:18:14.767548+05:30,SENSEX,2026-10-08,True,41,82,71461.62,1.63,
2026-10-08 15:18:16.396039+05:30,SENSEX,2026-10-15,True,41,82,71461.62,1.62,
2026-10-08 15:18:18.075101+05:30,FINNIFTY,2026-10-27,True,41,82,24613.5,1.68,
2026-10-08 15:18:19.694744+05:30,MIDCPNIFTY,2026-10-27,True,41,82,13392.7,1.62,
2026-10-08 15:19:06.574300+05:30,NIFTY,2026-10-13,True,41,82,22216.0,1.59,
2026-10-08 15:19:08.212096+05:30,NIFTY,2026-10-19,True,41,82,22216.0,1.64,
2026-10-08 15:19:09.855806+05:30,NIFTY,2026-10-27,True,41,82,22216.0,1.64,
2026-10-08 15:19:11.493403+05:30,BANKNIFTY,2026-10-27,True,41,82,54482.3,1.64,
2026-10-08 15:19:13.167293+05:30,BANKNIFTY,2026-11-23,True,41,82,54482.3,1.67,
2026-10-08 15:19:14.805893+05:30,SENSEX,2026-10-08,True,41,82,71461.62,1.64,
2026-10-08 15:19:16.421943+05:30,SENSEX,2026-10-15,True,41,82,71461.62,1.61,
2026-10-08 15:19:18.038491+05:30,FINNIFTY,2026-10-27,True,41,82,24613.5,1.61,
2026-10-08 15:19:19.667259+05:30,MIDCPNIFTY,2026-10-27,True,41,82,13392.7,1.63,
2026-10-08 15:20:06.657355+05:30,NIFTY,2026-10-13,True,41,82,22216.0,1.68,
2026-10-08 15:20:08.283873+05:30,NIFTY,2026-10-19,True,41,82,22216.0,1.63,
2026-10-08 15:20:09.916269+05:30,NIFTY,2026-10-27,True,41,82,22216.0,1.63,
2026-10-08 15:20:11.570152+05:30,BANKNIFTY,2026-10-27,True,41,82,54482.3,1.65,
2026-10-08 15:20:13.236157+05:30,BANKNIFTY,2026-11-23,True,41,82,54482.3,1.66,
2026-10-08 15:20:14.859357+05:30,SENSEX,2026-10-08,True,41,82,71461.62,1.63,
2026-10-08 15:20:16.478043+05:30,SENSEX,2026-10-15,True,41,82,71461.62,1.61,
2026-10-08 15:20:18.107106+05:30,FINNIFTY,2026-10-27,True,41,82,24613.5,1.63,
2026-10-08 15:20:19.731277+05:30,MIDCPNIFTY,2026-10-27,True,41,82,13392.7,1.62,
2026-10-08 15:21:06.565933+05:30,NIFTY,2026-10-13,True,41,82,22216.0,1.58,
2026-10-08 15:21:08.195827+05:30,NIFTY,2026-10-19,True,41,82,22216.0,1.63,
2026-10-08 15:21:09.808745+05:30,NIFTY,2026-10-27,True,41,82,22216.0,1.61,
2026-10-08 15:21:11.446186+05:30,BANKNIFTY,2026-10-27,True,41,82,54482.3,1.64,
2026-10-08 15:21:13.083654+05:30,BANKNIFTY,2026-11-23,True,41,82,54482.3,1.64,
2026-10-08 15:21:14.689866+05:30,SENSEX,2026-10-08,True,41,82,71461.62,1.61,
2026-10-08 15:21:16.303487+05:30,SENSEX,2026-10-15,True,41,82,71461.62,1.61,
2026-10-08 15:21:17.919381+05:30,FINNIFTY,2026-10-27,True,41,82,24613.5,1.61,
2026-10-08 15:21:19.550573+05:30,MIDCPNIFTY,2026-10-27,True,41,82,13392.7,1.63,
2026-10-08 15:22:06.599660+05:30,NIFTY,2026-10-13,True,41,82,22216.0,1.62,
2026-10-08 15:22:08.237119+05:30,NIFTY,2026-10-19,True,41,82,22216.0,1.64,
2026-10-08 15:22:09.874092+05:30,NIFTY,2026-10-27,True,41,82,22216.0,1.64,
2026-10-08 15:22:11.544822+05:30,BANKNIFTY,2026-10-27,True,41,82,54482.3,1.67,
2026-10-08 15:22:13.175063+05:30,BANKNIFTY,2026-11-23,True,41,82,54482.3,1.63,
2026-10-08 15:22:14.788070+05:30,SENSEX,2026-10-08,True,41,82,71461.62,1.61,
2026-10-08 15:22:16.431203+05:30,SENSEX,2026-10-15,True,41,82,71461.62,1.64,
2026-10-08 15:22:18.061299+05:30,FINNIFTY,2026-10-27,True,41,82,24613.5,1.63,
2026-10-08 15:22:19.701139+05:30,MIDCPNIFTY,2026-10-27,True,41,82,13392.7,1.64,
2026-10-08 15:23:06.570069+05:30,NIFTY,2026-10-13,True,41,82,22216.0,1.59,
2026-10-08 15:23:08.182052+05:30,NIFTY,2026-10-19,True,41,82,22216.0,1.61,
2026-10-08 15:23:09.786544+05:30,NIFTY,2026-10-27,True,41,82,22216.0,1.6,
2026-10-08 15:23:11.428965+05:30,BANKNIFTY,2026-10-27,True,41,82,54482.3,1.64,
2026-10-08 15:23:13.060233+05:30,BANKNIFTY,2026-11-23,True,41,82,54482.3,1.63,
2026-10-08 15:23:14.694957+05:30,SENSEX,2026-10-08,True,41,82,71461.62,1.64,
2026-10-08 15:23:16.281022+05:30,SENSEX,2026-10-15,True,41,82,71461.62,1.58,
2026-10-08 15:23:17.891150+05:30,FINNIFTY,2026-10-27,True,41,82,24613.5,1.61,
2026-10-08 15:23:19.510531+05:30,MIDCPNIFTY,2026-10-27,True,41,82,13392.7,1.62,
2026-10-08 15:24:06.579026+05:30,NIFTY,2026-10-13,True,41,82,22216.0,1.6,
2026-10-08 15:24:08.204985+05:30,NIFTY,2026-10-19,True,41,82,22216.0,1.63,
2026-10-08 15:24:09.811414+05:30,NIFTY,2026-10-27,True,41,82,22216.0,1.6,
2026-10-08 15:24:11.447247+05:30,BANKNIFTY,2026-10-27,True,41,82,54482.3,1.63,
2026-10-08 15:24:13.104014+05:30,BANKNIFTY,2026-11-23,True,41,82,54482.3,1.66,
2026-10-08 15:24:14.759978+05:30,SENSEX,2026-10-08,True,41,81,71461.62,1.66,
2026-10-08 15:24:16.399791+05:30,SENSEX,2026-10-15,True,41,82,71461.62,1.63,
2026-10-08 15:24:18.018712+05:30,FINNIFTY,2026-10-27,True,41,82,24613.5,1.62,
2026-10-08 15:24:19.656251+05:30,MIDCPNIFTY,2026-10-27,True,41,82,13392.7,1.64,
2026-10-08 15:25:06.597200+05:30,NIFTY,2026-10-13,True,41,82,22216.0,1.62,
2026-10-08 15:25:08.271338+05:30,NIFTY,2026-10-19,True,41,82,22216.0,1.67,
2026-10-08 15:25:09.885982+05:30,NIFTY,2026-10-27,True,41,82,22216.0,1.61,
2026-10-08 15:25:11.536924+05:30,BANKNIFTY,2026-10-27,True,41,82,54482.3,1.65,
2026-10-08 15:25:13.213237+05:30,BANKNIFTY,2026-11-23,True,41,82,54482.3,1.67,
2026-10-08 15:25:14.827277+05:30,SENSEX,2026-10-08,True,41,82,71461.62,1.62,
2026-10-08 15:25:16.460570+05:30,SENSEX,2026-10-15,True,41,82,71461.62,1.63,
2026-10-08 15:25:18.101250+05:30,FINNIFTY,2026-10-27,True,41,82,24613.5,1.64,
2026-10-08 15:25:19.725729+05:30,MIDCPNIFTY,2026-10-27,True,41,82,13392.7,1.62,
2026-10-08 15:26:06.562880+05:30,NIFTY,2026-10-13,True,41,82,22216.0,1.58,
2026-10-08 15:26:08.190384+05:30,NIFTY,2026-10-19,True,41,82,22216.0,1.63,
2026-10-08 15:26:09.819219+05:30,NIFTY,2026-10-27,True,41,82,22216.0,1.63,
2026-10-08 15:26:11.456365+05:30,BANKNIFTY,2026-10-27,True,41,82,54482.3,1.63,
2026-10-08 15:26:13.098758+05:30,BANKNIFTY,2026-11-23,True,41,81,54482.3,1.64,
2026-10-08 15:26:14.713393+05:30,SENSEX,2026-10-08,True,41,81,71461.62,1.62,
2026-10-08 15:26:16.348005+05:30,SENSEX,2026-10-15,True,41,82,71461.62,1.63,
2026-10-08 15:26:17.980508+05:30,FINNIFTY,2026-10-27,True,41,82,24613.5,1.63,
2026-10-08 15:26:19.590495+05:30,MIDCPNIFTY,2026-10-27,True,41,82,13392.7,1.61,
2026-10-08 15:27:06.574689+05:30,NIFTY,2026-10-13,True,41,82,22216.0,1.59,
2026-10-08 15:27:08.199126+05:30,NIFTY,2026-10-19,True,41,82,22216.0,1.62,
2026-10-08 15:27:09.822438+05:30,NIFTY,2026-10-27,True,41,82,22216.0,1.62,
2026-10-08 15:27:11.460356+05:30,BANKNIFTY,2026-10-27,True,41,82,54482.3,1.64,
2026-10-08 15:27:13.102376+05:30,BANKNIFTY,2026-11-23,True,41,82,54482.3,1.64,
2026-10-08 15:27:14.734796+05:30,SENSEX,2026-10-08,True,41,82,71461.62,1.63,
2026-10-08 15:27:16.383486+05:30,SENSEX,2026-10-15,True,41,82,71461.62,1.65,
2026-10-08 15:27:18.022966+05:30,FINNIFTY,2026-10-27,True,41,82,24613.5,1.64,
2026-10-08 15:27:19.681867+05:30,MIDCPNIFTY,2026-10-27,True,41,82,13392.7,1.66,
2026-10-08 15:28:06.576907+05:30,NIFTY,2026-10-13,True,41,82,22216.0,1.6,
2026-10-08 15:28:08.216149+05:30,NIFTY,2026-10-19,True,41,82,22216.0,1.64,
2026-10-08 15:28:09.871933+05:30,NIFTY,2026-10-27,True,41,82,22216.0,1.65,
2026-10-08 15:28:11.523703+05:30,BANKNIFTY,2026-10-27,True,41,82,54482.3,1.65,
2026-10-08 15:28:13.192808+05:30,BANKNIFTY,2026-11-23,True,41,82,54482.3,1.67,
2026-10-08 15:28:14.817742+05:30,SENSEX,2026-10-08,True,41,77,71461.62,1.62,
2026-10-08 15:28:16.435266+05:30,SENSEX,2026-10-15,True,41,82,71461.62,1.62,
2026-10-08 15:28:19.095240+05:30,FINNIFTY,2026-10-27,True,41,82,24613.5,2.66,
2026-10-08 15:28:20.724947+05:30,MIDCPNIFTY,2026-10-27,True,41,82,13392.7,1.63,
2026-10-08 15:29:06.583130+05:30,NIFTY,2026-10-13,True,41,82,22231.8,1.6,
2026-10-08 15:29:08.230101+05:30,NIFTY,2026-10-19,True,41,82,22231.8,1.65,
2026-10-08 15:29:09.905955+05:30,NIFTY,2026-10-27,True,41,82,22231.8,1.67,
2026-10-08 15:29:11.549183+05:30,BANKNIFTY,2026-10-27,True,41,82,54515.05,1.64,
2026-10-08 15:29:13.708864+05:30,BANKNIFTY,2026-11-23,True,41,82,54515.05,2.16,
2026-10-08 15:29:15.337818+05:30,SENSEX,2026-10-08,True,41,77,71461.62,1.63,
2026-10-08 15:29:16.965830+05:30,SENSEX,2026-10-15,True,41,82,71461.62,1.63,
2026-10-08 15:29:18.574492+05:30,FINNIFTY,2026-10-27,True,41,82,24640.45,1.61,
2026-10-08 15:29:20.308717+05:30,MIDCPNIFTY,2026-10-27,True,41,82,13386.75,1.73,
